2026-02-21T02:40:00.001Z [svc-search-1] health check ok
2026-02-21T02:40:00.001Z [svc-notify-1] warning: slow query took 1409ms
2026-02-21T02:40:00.003Z [svc-search-0] warning: slow query took 277ms
2026-02-21T02:40:00.004Z [svc-notify-1] processed batch of 438 items
2026-02-21T02:40:00.004Z [svc-notify-1] retrying connection to redis (attempt 3/3)
2026-02-21T02:40:00.006Z [svc-notify-0] retrying connection to postgres (attempt 1/3)
2026-02-21T02:40:00.007Z [svc-cache-0] retrying connection to vault (attempt 2/3)
2026-02-21T02:40:00.008Z [svc-billing-1] processed batch of 222 items
2026-02-21T02:40:00.009Z [svc-notify-2] retrying connection to kafka (attempt 3/3)
2026-02-21T02:40:00.010Z [svc-gateway-1] retrying connection to kafka (attempt 3/3)
2026-02-21T02:40:00.011Z [svc-notify-1] closed idle connection after 37s
2026-02-21T02:40:00.012Z [svc-cache-0] retrying connection to vault (attempt 2/3)
2026-02-21T02:40:00.012Z [svc-cache-2] processed batch of 261 items
2026-02-21T02:40:00.013Z [svc-billing-3] warning: slow query took 2054ms
2026-02-21T02:40:00.013Z [svc-billing-4] health check ok
2026-02-21T02:40:00.013Z [svc-media-4] retrying connection to s3 (attempt 3/3)
2026-02-21T02:40:00.014Z [svc-auth-1] connected to upstream in 64ms
2026-02-21T02:40:00.015Z [svc-queue-3] processed batch of 202 items
2026-02-21T02:40:00.019Z [svc-search-3] warning: slow query took 2052ms
2026-02-21T02:40:00.020Z [svc-media-2] retrying connection to redis (attempt 1/3)
2026-02-21T02:40:00.022Z [pytest-xdist] gw2 test_queue.py::test_list_quota PASSED in 220ms trace=e280516d-0f65-ecc5-c753-117e68a40039
2026-02-21T02:40:00.022Z [svc-auth-0] gc pause 103ms, heap 165MB
2026-02-21T02:40:00.025Z [svc-billing-1] retrying connection to kafka (attempt 2/3)
2026-02-21T02:40:00.025Z [svc-search-1] processed batch of 122 items
2026-02-21T02:40:00.029Z [svc-search-2] retrying connection to kafka (attempt 1/3)
2026-02-21T02:40:00.031Z [svc-notify-0] retrying connection to postgres (attempt 1/3)
2026-02-21T02:40:00.036Z [svc-queue-3] retrying connection to kafka (attempt 3/3)
2026-02-21T02:40:00.039Z [svc-db-0] closed idle connection after 166s
2026-02-21T02:40:00.039Z [svc-gateway-4] retrying connection to vault (attempt 3/3)
2026-02-21T02:40:00.039Z [svc-media-4] retrying connection to s3 (attempt 2/3)
2026-02-21T02:40:00.039Z [svc-queue-2] retrying connection to redis (attempt 1/3)
2026-02-21T02:40:00.040Z [svc-cache-2] retrying connection to redis (attempt 1/3)
2026-02-21T02:40:00.040Z [svc-db-1] closed idle connection after 114s
2026-02-21T02:40:00.040Z [svc-queue-3] processed batch of 178 items
2026-02-21T02:40:00.043Z [pytest-xdist] gw5 test_orders.py::test_create_index PASSED in 20ms trace=360065de-eaab-6f8b-4787-783c22312812
2026-02-21T02:40:00.043Z [svc-auth-3] warning: slow query took 1053ms
2026-02-21T02:40:00.043Z [svc-notify-4] warning: slow query took 1072ms
2026-02-21T02:40:00.045Z [svc-auth-0] processed batch of 176 items
2026-02-21T02:40:00.045Z [svc-auth-0] closed idle connection after 234s
2026-02-21T02:40:00.045Z [svc-notify-2] retrying connection to kafka (attempt 2/3)
2026-02-21T02:40:00.045Z [svc-media-3] retrying connection to kafka (attempt 1/3)
2026-02-21T02:40:00.049Z [svc-queue-1] retrying connection to postgres (attempt 3/3)
2026-02-21T02:40:00.050Z [svc-db-0] retrying connection to kafka (attempt 2/3)
2026-02-21T02:40:00.051Z [svc-cache-1] closed idle connection after 326s
2026-02-21T02:40:00.052Z [svc-queue-0] health check ok
2026-02-21T02:40:00.053Z [pytest-xdist] gw5 test_orders.py::test_render_token PASSED in 85ms trace=9febf05e-971f-bb34-5598-8b7e674abb07
2026-02-21T02:40:00.054Z [svc-auth-4] processed batch of 17 items
2026-02-21T02:40:00.054Z [svc-gateway-2] warning: slow query took 389ms
2026-02-21T02:40:00.055Z [svc-billing-1] gc pause 84ms, heap 641MB
2026-02-21T02:40:00.055Z [svc-sched-0] gc pause 21ms, heap 545MB
2026-02-21T02:40:00.056Z [svc-sched-0] retrying connection to vault (attempt 1/3)
2026-02-21T02:40:00.056Z [svc-sched-2] retrying connection to redis (attempt 2/3)
2026-02-21T02:40:00.058Z [pytest-xdist] gw4 test_export.py::test_reconcile_shipment PASSED in 242ms trace=4e3b4a91-e794-cf21-19ca-504d4ec433c5
2026-02-21T02:40:00.060Z [svc-db-4] connected to upstream in 22ms
2026-02-21T02:40:00.060Z [svc-queue-1] closed idle connection after 236s
2026-02-21T02:40:00.060Z [svc-queue-2] warning: slow query took 1538ms
2026-02-21T02:40:00.060Z [svc-sched-1] processed batch of 296 items
2026-02-21T02:40:00.062Z [svc-gateway-3] connected to upstream in 17ms
2026-02-21T02:40:00.062Z [svc-queue-1] connected to upstream in 83ms
2026-02-21T02:40:00.063Z [svc-search-1] health check ok
2026-02-21T02:40:00.063Z [svc-gateway-4] cache hit rate 88%
2026-02-21T02:40:00.063Z [svc-queue-3] processed batch of 202 items
2026-02-21T02:40:00.066Z [svc-db-1] health check ok
2026-02-21T02:40:00.067Z [svc-queue-3] retrying connection to kafka (attempt 1/3)
2026-02-21T02:40:00.068Z [pytest-xdist] gw1 test_users.py::test_notify_shipment PASSED in 144ms trace=f46789d3-133f-3a8a-276e-0719ee67db95
2026-02-21T02:40:00.069Z [svc-billing-1] warning: slow query took 1207ms
2026-02-21T02:40:00.071Z [svc-notify-3] warning: slow query took 257ms
2026-02-21T02:40:00.075Z [pytest-xdist] gw0 test_billing.py::test_expire_coupon PASSED in 118ms trace=46c459be-c771-6b9f-a165-77702cc1ce11
2026-02-21T02:40:00.075Z [svc-queue-4] retrying connection to s3 (attempt 2/3)
2026-02-21T02:40:00.076Z [svc-gateway-0] connected to upstream in 10ms
2026-02-21T02:40:00.077Z [svc-search-0] cache hit rate 95%
2026-02-21T02:40:00.079Z [svc-cache-3] gc pause 77ms, heap 977MB
2026-02-21T02:40:00.079Z [svc-queue-1] connected to upstream in 51ms
2026-02-21T02:40:00.082Z [svc-billing-2] processed batch of 496 items
2026-02-21T02:40:00.084Z [svc-search-1] connected to upstream in 24ms
2026-02-21T02:40:00.085Z [svc-gateway-4] connected to upstream in 77ms
2026-02-21T02:40:00.086Z [svc-db-3] processed batch of 458 items
2026-02-21T02:40:00.089Z [svc-auth-3] connected to upstream in 29ms
2026-02-21T02:40:00.089Z [svc-notify-2] processed batch of 335 items
2026-02-21T02:40:00.089Z [svc-media-1] warning: slow query took 1235ms
2026-02-21T02:40:00.090Z [pytest-xdist] gw4 test_auth.py::test_render_coupon PASSED in 92ms trace=83774d41-5601-21bf-069d-a6aae8b20f84
2026-02-21T02:40:00.092Z [svc-queue-4] cache hit rate 88%
2026-02-21T02:40:00.092Z [svc-sched-2] gc pause 76ms, heap 673MB
2026-02-21T02:40:00.093Z [svc-cache-1] gc pause 38ms, heap 189MB
2026-02-21T02:40:00.094Z [svc-cache-2] gc pause 43ms, heap 994MB
2026-02-21T02:40:00.094Z [svc-gateway-3] processed batch of 104 items
2026-02-21T02:40:00.094Z [svc-queue-4] health check ok
2026-02-21T02:40:00.094Z [svc-queue-4] gc pause 112ms, heap 903MB
2026-02-21T02:40:00.097Z [svc-notify-2] connected to upstream in 56ms
2026-02-21T02:40:00.098Z [svc-billing-2] connected to upstream in 48ms
2026-02-21T02:40:00.099Z [svc-gateway-4] health check ok
2026-02-21T02:40:00.100Z [svc-cache-4] cache hit rate 95%
2026-02-21T02:40:00.102Z [pytest-xdist] gw0 test_payments.py::test_update_subscription PASSED in 126ms trace=61f3fd47-709d-e9be-35ae-ccc4f5c96912
2026-02-21T02:40:00.102Z [svc-auth-3] warning: slow query took 1158ms
2026-02-21T02:40:00.103Z [svc-search-4] health check ok
2026-02-21T02:40:00.103Z [svc-notify-0] health check ok
2026-02-21T02:40:00.103Z [svc-queue-4] retrying connection to s3 (attempt 1/3)
2026-02-21T02:40:00.105Z [svc-notify-4] cache hit rate 90%
2026-02-21T02:40:00.106Z [svc-gateway-0] retrying connection to redis (attempt 2/3)
2026-02-21T02:40:00.107Z [pytest-xdist] gw4 test_billing.py::test_validate_region PASSED in 203ms trace=9d44958b-db08-72e4-27be-2b671f74d8de
2026-02-21T02:40:00.108Z [svc-db-1] health check ok
2026-02-21T02:40:00.113Z [svc-gateway-1] cache hit rate 92%
2026-02-21T02:40:00.114Z [svc-db-1] retrying connection to s3 (attempt 3/3)
2026-02-21T02:40:00.114Z [svc-media-0] connected to upstream in 34ms
2026-02-21T02:40:00.115Z [svc-auth-1] processed batch of 456 items
2026-02-21T02:40:00.118Z [pytest-xdist] gw5 test_billing.py::test_list_template PASSED in 226ms trace=7a0906a5-3094-c03e-160a-64ae6edba2b0
2026-02-21T02:40:00.118Z [svc-db-2] connected to upstream in 8ms
2026-02-21T02:40:00.119Z [svc-sched-2] health check ok
2026-02-21T02:40:00.120Z [svc-queue-4] warning: slow query took 448ms
2026-02-21T02:40:00.122Z [pytest-xdist] gw3 test_webhooks.py::test_update_region PASSED in 91ms trace=e21daa13-29ca-a78f-6b4c-e23b0d1e3913
2026-02-21T02:40:00.124Z [svc-auth-2] health check ok
2026-02-21T02:40:00.127Z [svc-sched-1] health check ok
2026-02-21T02:40:00.129Z [svc-search-3] gc pause 94ms, heap 329MB
2026-02-21T02:40:00.130Z [svc-sched-1] processed batch of 404 items
2026-02-21T02:40:00.134Z [pytest-xdist] gw3 test_billing.py::test_create_coupon PASSED in 14ms trace=1a5c29b8-1b1f-aa02-be48-a131b5365b33
2026-02-21T02:40:00.135Z [svc-cache-3] warning: slow query took 586ms
2026-02-21T02:40:00.135Z [svc-cache-4] connected to upstream in 36ms
2026-02-21T02:40:00.135Z [svc-billing-3] retrying connection to elasticsearch (attempt 3/3)
2026-02-21T02:40:00.135Z [svc-gateway-2] retrying connection to s3 (attempt 3/3)
2026-02-21T02:40:00.135Z [svc-sched-2] warning: slow query took 577ms
2026-02-21T02:40:00.136Z [svc-db-0] warning: slow query took 555ms
2026-02-21T02:40:00.138Z [svc-db-1] gc pause 40ms, heap 391MB
2026-02-21T02:40:00.138Z [svc-media-4] cache hit rate 90%
2026-02-21T02:40:00.141Z [svc-notify-1] closed idle connection after 174s
2026-02-21T02:40:00.141Z [svc-media-3] health check ok
2026-02-21T02:40:00.143Z [svc-cache-1] cache hit rate 95%
2026-02-21T02:40:00.146Z [svc-media-2] health check ok
2026-02-21T02:40:00.151Z [svc-notify-3] health check ok
2026-02-21T02:40:00.151Z [svc-sched-4] gc pause 107ms, heap 774MB
2026-02-21T02:40:00.153Z [svc-cache-4] cache hit rate 88%
2026-02-21T02:40:00.154Z [svc-auth-0] warning: slow query took 1146ms
2026-02-21T02:40:00.156Z [pytest-xdist] gw3 test_export.py::test_parse_index PASSED in 172ms trace=39a22038-824a-5caf-ecd7-22e890f4a85a
2026-02-21T02:40:00.156Z [svc-gateway-1] health check ok
2026-02-21T02:40:00.157Z [svc-auth-1] retrying connection to vault (attempt 2/3)
2026-02-21T02:40:00.158Z [svc-notify-4] retrying connection to elasticsearch (attempt 1/3)
2026-02-21T02:40:00.158Z [svc-media-0] gc pause 9ms, heap 593MB
2026-02-21T02:40:00.159Z [svc-auth-3] closed idle connection after 263s
2026-02-21T02:40:00.163Z [svc-gateway-3] processed batch of 144 items
2026-02-21T02:40:00.164Z [svc-sched-0] closed idle connection after 124s
2026-02-21T02:40:00.167Z [svc-db-3] cache hit rate 90%
2026-02-21T02:40:00.168Z [svc-db-3] processed batch of 121 items
2026-02-21T02:40:00.172Z [svc-auth-1] cache hit rate 90%
2026-02-21T02:40:00.172Z [svc-search-4] gc pause 73ms, heap 821MB
2026-02-21T02:40:00.173Z [svc-notify-2] cache hit rate 88%
2026-02-21T02:40:00.173Z [svc-sched-4] cache hit rate 85%
2026-02-21T02:40:00.174Z [svc-cache-4] retrying connection to s3 (attempt 1/3)
2026-02-21T02:40:00.176Z [svc-billing-0] warning: slow query took 868ms
2026-02-21T02:40:00.176Z [svc-billing-2] cache hit rate 90%
2026-02-21T02:40:00.176Z [svc-billing-4] health check ok
2026-02-21T02:40:00.178Z [pytest-xdist] gw5 test_queue.py::test_notify_subscription PASSED in 97ms trace=4c7333eb-0fdd-8a74-e8c9-6eaf23647e1c
2026-02-21T02:40:00.179Z [svc-db-0] gc pause 12ms, heap 108MB
2026-02-21T02:40:00.180Z [svc-cache-2] health check ok
2026-02-21T02:40:00.181Z [svc-auth-2] gc pause 60ms, heap 564MB
2026-02-21T02:40:00.181Z [svc-sched-4] retrying connection to s3 (attempt 3/3)
2026-02-21T02:40:00.182Z [svc-gateway-1] processed batch of 201 items
2026-02-21T02:40:00.187Z [svc-db-3] gc pause 39ms, heap 254MB
2026-02-21T02:40:00.187Z [svc-billing-2] retrying connection to s3 (attempt 1/3)
2026-02-21T02:40:00.188Z [svc-sched-2] health check ok
2026-02-21T02:40:00.190Z [pytest-xdist] gw3 test_billing.py::test_sync_invoice PASSED in 107ms trace=89ac3c01-4a01-f084-8842-9fa6d4bbb90e
2026-02-21T02:40:00.191Z [svc-billing-3] connected to upstream in 79ms
2026-02-21T02:40:00.193Z [pytest-xdist] gw4 test_payments.py::test_render_coupon PASSED in 16ms trace=991d4528-9601-4a18-ec65-d0a20fb8e619
2026-02-21T02:40:00.195Z [svc-cache-1] warning: slow query took 961ms
2026-02-21T02:40:00.195Z [svc-cache-2] cache hit rate 88%
2026-02-21T02:40:00.195Z [svc-db-0] processed batch of 180 items
2026-02-21T02:40:00.196Z [svc-db-2] retrying connection to elasticsearch (attempt 2/3)
2026-02-21T02:40:00.196Z [svc-billing-4] closed idle connection after 280s
2026-02-21T02:40:00.197Z [svc-sched-3] cache hit rate 95%
2026-02-21T02:40:00.198Z [svc-auth-3] health check ok
2026-02-21T02:40:00.198Z [svc-notify-2] health check ok
2026-02-21T02:40:00.200Z [svc-auth-4] retrying connection to kafka (attempt 2/3)
2026-02-21T02:40:00.201Z [svc-search-0] cache hit rate 92%
2026-02-21T02:40:00.203Z [svc-media-1] connected to upstream in 71ms
2026-02-21T02:40:00.204Z [svc-db-0] processed batch of 252 items
2026-02-21T02:40:00.205Z [svc-cache-2] retrying connection to redis (attempt 2/3)
2026-02-21T02:40:00.207Z [svc-sched-0] connected to upstream in 26ms
2026-02-21T02:40:00.207Z [svc-sched-0] cache hit rate 95%
2026-02-21T02:40:00.208Z [svc-queue-4] gc pause 27ms, heap 234MB
2026-02-21T02:40:00.210Z [svc-search-2] connected to upstream in 64ms
2026-02-21T02:40:00.210Z [svc-search-3] connected to upstream in 58ms
2026-02-21T02:40:00.210Z [svc-media-3] closed idle connection after 46s
2026-02-21T02:40:00.211Z [svc-gateway-1] connected to upstream in 81ms
2026-02-21T02:40:00.213Z [pytest-xdist] gw2 test_queue.py::test_notify_attachment PASSED in 195ms trace=034ef399-2037-bd64-3089-08ccff64158d
2026-02-21T02:40:00.213Z [svc-auth-0] connected to upstream in 62ms
2026-02-21T02:40:00.216Z [svc-cache-1] closed idle connection after 107s
2026-02-21T02:40:00.216Z [svc-notify-0] closed idle connection after 315s
2026-02-21T02:40:00.218Z [svc-db-1] cache hit rate 92%
2026-02-21T02:40:00.219Z [svc-auth-0] warning: slow query took 846ms
2026-02-21T02:40:00.219Z [svc-search-3] gc pause 71ms, heap 120MB
2026-02-21T02:40:00.220Z [pytest-xdist] gw1 test_sched.py::test_validate_refund PASSED in 120ms trace=55636f4a-999f-a6d7-62e1-c68bb712a25f
2026-02-21T02:40:00.221Z [svc-queue-1] gc pause 37ms, heap 597MB
2026-02-21T02:40:00.222Z [svc-auth-3] connected to upstream in 8ms
2026-02-21T02:40:00.223Z [svc-auth-1] retrying connection to vault (attempt 1/3)
2026-02-21T02:40:00.223Z [svc-gateway-4] retrying connection to vault (attempt 1/3)
2026-02-21T02:40:00.226Z [svc-search-4] retrying connection to elasticsearch (attempt 1/3)
2026-02-21T02:40:00.227Z [svc-notify-2] retrying connection to kafka (attempt 1/3)
2026-02-21T02:40:00.228Z [pytest-xdist] gw3 test_billing.py::test_create_region PASSED in 126ms trace=872bacd7-f907-2dbd-2c37-15a1bafc7d6b
2026-02-21T02:40:00.230Z [svc-cache-3] processed batch of 207 items
2026-02-21T02:40:00.231Z [pytest-xdist] gw4 test_auth.py::test_validate_shipment PASSED in 83ms trace=db3eaefc-7ef3-e4e3-c13d-190d61d0144e
2026-02-21T02:40:00.231Z [svc-auth-4] cache hit rate 95%
2026-02-21T02:40:00.232Z [svc-billing-2] gc pause 56ms, heap 298MB
2026-02-21T02:40:00.235Z [svc-billing-3] retrying connection to elasticsearch (attempt 2/3)
2026-02-21T02:40:00.237Z [svc-auth-3] gc pause 9ms, heap 112MB
2026-02-21T02:40:00.237Z [svc-sched-0] retrying connection to vault (attempt 2/3)
2026-02-21T02:40:00.239Z [svc-media-2] retrying connection to redis (attempt 1/3)
2026-02-21T02:40:00.241Z [svc-notify-2] gc pause 110ms, heap 800MB
2026-02-21T02:40:00.241Z [svc-queue-2] retrying connection to redis (attempt 2/3)
2026-02-21T02:40:00.242Z [svc-billing-4] health check ok
2026-02-21T02:40:00.242Z [svc-search-0] gc pause 61ms, heap 474MB
2026-02-21T02:40:00.242Z [svc-media-1] gc pause 93ms, heap 892MB
2026-02-21T02:40:00.245Z [svc-cache-0] retrying connection to vault (attempt 2/3)
2026-02-21T02:40:00.248Z [pytest-xdist] gw2 test_queue.py::test_update_subscription PASSED in 46ms trace=ae75897d-d1ff-2dca-df39-2c77be4b2e55
2026-02-21T02:40:00.249Z [svc-search-1] health check ok
2026-02-21T02:40:00.249Z [svc-sched-4] retrying connection to s3 (attempt 1/3)
2026-02-21T02:40:00.250Z [svc-cache-0] closed idle connection after 222s
2026-02-21T02:40:00.251Z [svc-gateway-4] gc pause 48ms, heap 199MB
2026-02-21T02:40:00.251Z [svc-sched-3] health check ok
2026-02-21T02:40:00.253Z [pytest-xdist] gw5 test_gateway.py::test_list_coupon PASSED in 248ms trace=3d8a137f-9aa9-69a8-d8fd-3cd7a4b56e61
2026-02-21T02:40:00.253Z [svc-sched-3] retrying connection to kafka (attempt 1/3)
2026-02-21T02:40:00.254Z [svc-media-4] gc pause 99ms, heap 187MB
2026-02-21T02:40:00.255Z [svc-db-4] retrying connection to postgres (attempt 3/3)
2026-02-21T02:40:00.255Z [svc-media-3] retrying connection to kafka (attempt 2/3)
2026-02-21T02:40:00.256Z [svc-auth-2] closed idle connection after 107s
2026-02-21T02:40:00.256Z [svc-notify-3] gc pause 5ms, heap 845MB
2026-02-21T02:40:00.256Z [svc-gateway-0] gc pause 113ms, heap 875MB
2026-02-21T02:40:00.257Z [svc-sched-4] retrying connection to s3 (attempt 1/3)
2026-02-21T02:40:00.259Z [svc-db-0] connected to upstream in 50ms
2026-02-21T02:40:00.259Z [svc-db-3] gc pause 14ms, heap 615MB
2026-02-21T02:40:00.259Z [svc-search-2] warning: slow query took 861ms
2026-02-21T02:40:00.259Z [svc-sched-2] retrying connection to redis (attempt 1/3)
2026-02-21T02:40:00.261Z [svc-gateway-4] processed batch of 117 items
2026-02-21T02:40:00.262Z [svc-cache-0] closed idle connection after 310s
2026-02-21T02:40:00.263Z [svc-media-2] processed batch of 228 items
2026-02-21T02:40:00.264Z [svc-media-1] cache hit rate 95%
2026-02-21T02:40:00.264Z [svc-sched-1] connected to upstream in 29ms
2026-02-21T02:40:00.266Z [svc-search-3] closed idle connection after 288s
2026-02-21T02:40:00.266Z [svc-gateway-3] health check ok
2026-02-21T02:40:00.266Z [svc-media-3] retrying connection to kafka (attempt 2/3)
2026-02-21T02:40:00.267Z [svc-sched-1] retrying connection to postgres (attempt 1/3)
2026-02-21T02:40:00.267Z [svc-sched-1] retrying connection to postgres (attempt 3/3)
2026-02-21T02:40:00.268Z [pytest-xdist] gw3 test_billing.py::test_reconcile_subscription PASSED in 250ms trace=1a953afa-dd18-a48b-460c-a0996791247e
2026-02-21T02:40:00.269Z [svc-billing-2] connected to upstream in 74ms
2026-02-21T02:40:00.270Z [svc-notify-2] connected to upstream in 47ms
2026-02-21T02:40:00.270Z [svc-queue-2] connected to upstream in 60ms
2026-02-21T02:40:00.271Z [svc-db-1] cache hit rate 88%
2026-02-21T02:40:00.271Z [svc-gateway-4] closed idle connection after 176s
2026-02-21T02:40:00.277Z [svc-cache-1] retrying connection to postgres (attempt 3/3)
2026-02-21T02:40:00.277Z [svc-search-0] cache hit rate 92%
2026-02-21T02:40:00.278Z [svc-queue-3] warning: slow query took 1342ms
2026-02-21T02:40:00.279Z [svc-cache-0] gc pause 59ms, heap 490MB
2026-02-21T02:40:00.279Z [svc-search-4] warning: slow query took 1452ms
2026-02-21T02:40:00.283Z [svc-db-2] gc pause 56ms, heap 739MB
2026-02-21T02:40:00.285Z [pytest-xdist] gw2 test_orders.py::test_cache_refund PASSED in 155ms trace=80389ccd-2eda-a61a-40bc-25fbfa204bc0
2026-02-21T02:40:00.287Z [svc-media-2] cache hit rate 85%
2026-02-21T02:40:00.287Z [svc-queue-2] cache hit rate 85%
2026-02-21T02:40:00.287Z [svc-sched-3] cache hit rate 90%
2026-02-21T02:40:00.290Z [svc-db-2] health check ok
2026-02-21T02:40:00.291Z [svc-db-3] connected to upstream in 8ms
2026-02-21T02:40:00.291Z [svc-search-4] connected to upstream in 23ms
2026-02-21T02:40:00.292Z [svc-auth-2] retrying connection to postgres (attempt 3/3)
2026-02-21T02:40:00.294Z [svc-cache-2] closed idle connection after 141s
2026-02-21T02:40:00.295Z [svc-db-0] closed idle connection after 97s
2026-02-21T02:40:00.295Z [svc-notify-4] health check ok
2026-02-21T02:40:00.298Z [pytest-xdist] gw5 test_export.py::test_validate_region PASSED in 167ms trace=3b5c96ba-b6ac-c46f-c0bf-f87003a21f33
2026-02-21T02:40:00.299Z [svc-cache-0] cache hit rate 95%
2026-02-21T02:40:00.301Z [svc-billing-3] processed batch of 359 items
2026-02-21T02:40:00.301Z [svc-queue-2] closed idle connection after 317s
2026-02-21T02:40:00.302Z [svc-search-0] warning: slow query took 1520ms
2026-02-21T02:40:00.304Z [svc-billing-2] closed idle connection after 231s
2026-02-21T02:40:00.304Z [svc-notify-1] connected to upstream in 19ms
2026-02-21T02:40:00.307Z [pytest-xdist] gw1 test_gateway.py::test_parse_token PASSED in 188ms trace=2e9ce6ea-3af4-7a4c-f4f6-c346ed38acf8
2026-02-21T02:40:00.310Z [svc-gateway-2] processed batch of 121 items
2026-02-21T02:40:00.310Z [svc-gateway-3] retrying connection to elasticsearch (attempt 1/3)
2026-02-21T02:40:00.311Z [svc-sched-2] warning: slow query took 838ms
2026-02-21T02:40:00.313Z [svc-auth-4] retrying connection to kafka (attempt 1/3)
2026-02-21T02:40:00.315Z [svc-queue-4] gc pause 93ms, heap 183MB
2026-02-21T02:40:00.317Z [svc-notify-4] closed idle connection after 52s
2026-02-21T02:40:00.319Z [pytest-xdist] gw1 test_import.py::test_cache_quota PASSED in 36ms trace=5c4349d8-971d-e7ee-e584-c4533d8a9470
2026-02-21T02:40:00.321Z [svc-auth-4] retrying connection to kafka (attempt 1/3)
2026-02-21T02:40:00.322Z [svc-billing-3] processed batch of 269 items
2026-02-21T02:40:00.325Z [svc-cache-4] closed idle connection after 280s
2026-02-21T02:40:00.325Z [svc-db-3] retrying connection to vault (attempt 1/3)
2026-02-21T02:40:00.326Z [svc-search-4] connected to upstream in 57ms
2026-02-21T02:40:00.327Z [svc-media-2] gc pause 80ms, heap 812MB
2026-02-21T02:40:00.327Z [svc-sched-3] closed idle connection after 210s
2026-02-21T02:40:00.328Z [svc-db-4] processed batch of 500 items
2026-02-21T02:40:00.328Z [svc-billing-0] closed idle connection after 191s
2026-02-21T02:40:00.330Z [pytest-xdist] gw4 test_billing.py::test_update_subscription PASSED in 230ms trace=22ea13e7-6be9-276a-2ad9-3563f87e83af
2026-02-21T02:40:00.330Z [svc-gateway-3] connected to upstream in 29ms
2026-02-21T02:40:00.333Z [svc-gateway-3] warning: slow query took 202ms
2026-02-21T02:40:00.334Z [svc-notify-3] retrying connection to s3 (attempt 1/3)
2026-02-21T02:40:00.336Z [svc-auth-4] gc pause 15ms, heap 703MB
2026-02-21T02:40:00.336Z [svc-sched-1] retrying connection to postgres (attempt 1/3)
2026-02-21T02:40:00.337Z [pytest-xdist] gw1 test_reports.py::test_list_template PASSED in 218ms trace=c2a6a5d8-6134-f4e8-f7f3-503566340961
2026-02-21T02:40:00.338Z [svc-auth-0] processed batch of 74 items
2026-02-21T02:40:00.339Z [svc-search-4] cache hit rate 90%
2026-02-21T02:40:00.340Z [svc-auth-3] health check ok
2026-02-21T02:40:00.342Z [svc-queue-4] health check ok
2026-02-21T02:40:00.344Z [svc-billing-3] closed idle connection after 243s
2026-02-21T02:40:00.344Z [svc-notify-2] warning: slow query took 644ms
2026-02-21T02:40:00.345Z [svc-search-2] connected to upstream in 80ms
2026-02-21T02:40:00.345Z [svc-gateway-0] retrying connection to redis (attempt 1/3)
2026-02-21T02:40:00.346Z [svc-media-0] retrying connection to vault (attempt 2/3)
2026-02-21T02:40:00.346Z [svc-media-2] processed batch of 405 items
2026-02-21T02:40:00.346Z [svc-sched-3] closed idle connection after 175s
2026-02-21T02:40:00.347Z [svc-billing-3] retrying connection to elasticsearch (attempt 2/3)
2026-02-21T02:40:00.348Z [svc-billing-4] closed idle connection after 61s
2026-02-21T02:40:00.350Z [svc-db-2] closed idle connection after 275s
2026-02-21T02:40:00.351Z [svc-cache-0] closed idle connection after 271s
2026-02-21T02:40:00.352Z [svc-auth-4] closed idle connection after 246s
2026-02-21T02:40:00.352Z [svc-notify-1] retrying connection to redis (attempt 2/3)
2026-02-21T02:40:00.353Z [svc-media-3] warning: slow query took 522ms
2026-02-21T02:40:00.354Z [svc-search-2] health check ok
2026-02-21T02:40:00.356Z [svc-auth-0] gc pause 74ms, heap 756MB
2026-02-21T02:40:00.356Z [svc-cache-1] warning: slow query took 1125ms
2026-02-21T02:40:00.356Z [svc-queue-0] warning: slow query took 706ms
2026-02-21T02:40:00.358Z [pytest-xdist] gw0 test_users.py::test_validate_index PASSED in 143ms trace=6866925f-0417-50d0-58fa-974b3a6198f8
2026-02-21T02:40:00.358Z [svc-notify-4] retrying connection to elasticsearch (attempt 1/3)
2026-02-21T02:40:00.359Z [svc-sched-3] retrying connection to kafka (attempt 2/3)
2026-02-21T02:40:00.360Z [svc-search-0] cache hit rate 90%
2026-02-21T02:40:00.360Z [svc-notify-4] warning: slow query took 1020ms
2026-02-21T02:40:00.360Z [svc-gateway-3] closed idle connection after 110s
2026-02-21T02:40:00.361Z [svc-billing-1] connected to upstream in 26ms
2026-02-21T02:40:00.362Z [svc-search-1] closed idle connection after 196s
2026-02-21T02:40:00.362Z [svc-queue-1] cache hit rate 95%
2026-02-21T02:40:00.364Z [svc-notify-4] health check ok
2026-02-21T02:40:00.365Z [pytest-xdist] gw3 test_export.py::test_notify_session PASSED in 143ms trace=74982ef3-f00c-af23-ca0f-81dd2219fcde
2026-02-21T02:40:00.365Z [svc-gateway-0] processed batch of 224 items
2026-02-21T02:40:00.366Z [svc-queue-2] processed batch of 496 items
2026-02-21T02:40:00.366Z [svc-queue-3] processed batch of 150 items
2026-02-21T02:40:00.369Z [svc-cache-2] closed idle connection after 154s
2026-02-21T02:40:00.369Z [svc-sched-3] closed idle connection after 277s
2026-02-21T02:40:00.370Z [pytest-xdist] gw0 test_notify.py::test_create_coupon PASSED in 32ms trace=9af09c07-700f-7005-7632-3b5d24d5096d
2026-02-21T02:40:00.371Z [svc-db-3] connected to upstream in 31ms
2026-02-21T02:40:00.373Z [pytest-xdist] gw5 test_notify.py::test_sync_region PASSED in 7ms trace=7608125c-b8ce-d49c-2296-535294e4fc86
2026-02-21T02:40:00.374Z [svc-auth-2] health check ok
2026-02-21T02:40:00.374Z [svc-search-1] gc pause 108ms, heap 209MB
2026-02-21T02:40:00.374Z [svc-sched-1] cache hit rate 85%
2026-02-21T02:40:00.375Z [svc-auth-1] health check ok
2026-02-21T02:40:00.375Z [svc-billing-4] cache hit rate 95%
2026-02-21T02:40:00.375Z [svc-search-4] cache hit rate 85%
2026-02-21T02:40:00.377Z [svc-queue-1] retrying connection to postgres (attempt 1/3)
2026-02-21T02:40:00.383Z [svc-search-3] retrying connection to s3 (attempt 1/3)
2026-02-21T02:40:00.390Z [svc-notify-0] gc pause 57ms, heap 665MB
2026-02-21T02:40:00.391Z [svc-gateway-1] processed batch of 98 items
2026-02-21T02:40:00.392Z [svc-billing-4] gc pause 69ms, heap 883MB
2026-02-21T02:40:00.393Z [pytest-xdist] gw1 test_media.py::test_list_index PASSED in 149ms trace=87cb29e8-207b-da69-2a2a-fc4b098ad113
2026-02-21T02:40:00.393Z [svc-db-2] processed batch of 37 items
2026-02-21T02:40:00.394Z [svc-media-2] warning: slow query took 1583ms
2026-02-21T02:40:00.395Z [svc-billing-4] closed idle connection after 328s
2026-02-21T02:40:00.396Z [svc-gateway-1] warning: slow query took 719ms
2026-02-21T02:40:00.398Z [svc-cache-1] retrying connection to postgres (attempt 3/3)
2026-02-21T02:40:00.400Z [svc-cache-0] gc pause 69ms, heap 291MB
2026-02-21T02:40:00.400Z [svc-billing-2] warning: slow query took 1574ms
2026-02-21T02:40:00.400Z [svc-gateway-0] warning: slow query took 1698ms
2026-02-21T02:40:00.404Z [svc-db-1] gc pause 111ms, heap 365MB
2026-02-21T02:40:00.405Z [pytest-xdist] gw4 test_gateway.py::test_notify_shipment PASSED in 248ms trace=ae4a3653-acb1-38cb-173b-bcf363fcf462
2026-02-21T02:40:00.405Z [svc-media-0] health check ok
2026-02-21T02:40:00.407Z [svc-auth-2] closed idle connection after 244s
2026-02-21T02:40:00.409Z [svc-cache-2] health check ok
2026-02-21T02:40:00.410Z [svc-sched-0] retrying connection to vault (attempt 1/3)
2026-02-21T02:40:00.411Z [pytest-xdist] gw3 test_search.py::test_retry_quota PASSED in 125ms trace=8efff40c-a345-726a-b5f8-eee2f7144325
2026-02-21T02:40:00.411Z [svc-media-4] retrying connection to s3 (attempt 1/3)
2026-02-21T02:40:00.413Z [svc-auth-1] cache hit rate 92%
2026-02-21T02:40:00.416Z [svc-notify-1] connected to upstream in 77ms
2026-02-21T02:40:00.417Z [svc-auth-2] gc pause 23ms, heap 344MB
2026-02-21T02:40:00.417Z [svc-sched-1] connected to upstream in 11ms
2026-02-21T02:40:00.418Z [svc-media-0] retrying connection to vault (attempt 2/3)
2026-02-21T02:40:00.418Z [svc-queue-1] processed batch of 234 items
2026-02-21T02:40:00.419Z [svc-notify-3] warning: slow query took 2130ms
2026-02-21T02:40:00.420Z [svc-queue-4] retrying connection to s3 (attempt 3/3)
2026-02-21T02:40:00.421Z [svc-queue-2] retrying connection to redis (attempt 1/3)
2026-02-21T02:40:00.422Z [svc-queue-0] retrying connection to vault (attempt 1/3)
2026-02-21T02:40:00.426Z [svc-search-1] retrying connection to redis (attempt 2/3)
2026-02-21T02:40:00.427Z [svc-cache-1] retrying connection to postgres (attempt 2/3)
2026-02-21T02:40:00.428Z [svc-gateway-4] cache hit rate 92%
2026-02-21T02:40:00.429Z [svc-auth-2] cache hit rate 85%
2026-02-21T02:40:00.430Z [pytest-xdist] gw4 test_notify.py::test_create_refund PASSED in 234ms trace=eaa885d1-96b5-59c9-0950-262b5c329678
2026-02-21T02:40:00.431Z [svc-cache-1] retrying connection to postgres (attempt 2/3)
2026-02-21T02:40:00.432Z [svc-cache-2] retrying connection to redis (attempt 1/3)
2026-02-21T02:40:00.432Z [svc-db-1] warning: slow query took 2036ms
2026-02-21T02:40:00.433Z [svc-sched-3] gc pause 123ms, heap 398MB
2026-02-21T02:40:00.434Z [svc-cache-2] cache hit rate 85%
2026-02-21T02:40:00.436Z [svc-gateway-2] retrying connection to s3 (attempt 1/3)
2026-02-21T02:40:00.438Z [svc-db-2] health check ok
2026-02-21T02:40:00.438Z [svc-queue-1] retrying connection to postgres (attempt 2/3)
2026-02-21T02:40:00.440Z [svc-auth-0] gc pause 121ms, heap 562MB
2026-02-21T02:40:00.440Z [svc-cache-0] retrying connection to vault (attempt 3/3)
2026-02-21T02:40:00.440Z [svc-db-0] retrying connection to kafka (attempt 1/3)
2026-02-21T02:40:00.441Z [svc-sched-4] health check ok
2026-02-21T02:40:00.443Z [svc-billing-4] connected to upstream in 84ms
2026-02-21T02:40:00.444Z [pytest-xdist] gw3 test_sched.py::test_expire_template PASSED in 223ms trace=7aa5d92e-dd77-5bba-25cc-ac255e09b373
2026-02-21T02:40:00.444Z [svc-auth-2] retrying connection to postgres (attempt 3/3)
2026-02-21T02:40:00.447Z [svc-auth-2] processed batch of 273 items
2026-02-21T02:40:00.447Z [svc-billing-1] closed idle connection after 286s
2026-02-21T02:40:00.449Z [svc-queue-2] connected to upstream in 31ms
2026-02-21T02:40:00.451Z [svc-notify-2] gc pause 122ms, heap 228MB
2026-02-21T02:40:00.451Z [svc-sched-1] health check ok
2026-02-21T02:40:00.452Z [svc-notify-2] retrying connection to kafka (attempt 2/3)
2026-02-21T02:40:00.453Z [svc-billing-2] gc pause 69ms, heap 104MB
2026-02-21T02:40:00.453Z [svc-notify-3] gc pause 40ms, heap 814MB
2026-02-21T02:40:00.453Z [svc-sched-2] closed idle connection after 204s
2026-02-21T02:40:00.454Z [svc-gateway-4] connected to upstream in 34ms
2026-02-21T02:40:00.454Z [svc-sched-1] cache hit rate 92%
2026-02-21T02:40:00.454Z [svc-sched-4] health check ok
2026-02-21T02:40:00.455Z [svc-queue-3] health check ok
2026-02-21T02:40:00.457Z [svc-search-0] health check ok
2026-02-21T02:40:00.459Z [svc-gateway-2] closed idle connection after 140s
2026-02-21T02:40:00.459Z [svc-queue-0] processed batch of 492 items
2026-02-21T02:40:00.460Z [svc-billing-2] processed batch of 133 items
2026-02-21T02:40:00.461Z [svc-db-4] retrying connection to postgres (attempt 3/3)
2026-02-21T02:40:00.461Z [svc-gateway-2] warning: slow query took 715ms
2026-02-21T02:40:00.462Z [pytest-xdist] gw0 test_media.py::test_notify_subscription PASSED in 201ms trace=c8b9a9d0-6d90-c2b9-02e5-a82e1ad5d62b
2026-02-21T02:40:00.462Z [svc-search-0] warning: slow query took 1972ms
2026-02-21T02:40:00.464Z [svc-media-4] warning: slow query took 2008ms
2026-02-21T02:40:00.466Z [svc-billing-4] closed idle connection after 61s
2026-02-21T02:40:00.466Z [svc-gateway-1] gc pause 96ms, heap 610MB
2026-02-21T02:40:00.470Z [svc-sched-2] retrying connection to redis (attempt 1/3)
2026-02-21T02:40:00.473Z [svc-db-1] cache hit rate 90%
2026-02-21T02:40:00.474Z [svc-sched-3] cache hit rate 90%
2026-02-21T02:40:00.475Z [pytest-xdist] gw1 test_search.py::test_render_shipment PASSED in 167ms trace=4bb3b0da-e785-e690-7f56-6ef4e9368f5d
2026-02-21T02:40:00.476Z [svc-billing-3] retrying connection to elasticsearch (attempt 2/3)
2026-02-21T02:40:00.477Z [svc-auth-0] connected to upstream in 49ms
2026-02-21T02:40:00.478Z [svc-db-0] health check ok
2026-02-21T02:40:00.479Z [svc-billing-1] retrying connection to kafka (attempt 2/3)
2026-02-21T02:40:00.481Z [pytest-xdist] gw3 test_export.py::test_expire_token PASSED in 216ms trace=0b42016c-daa9-03e1-ca45-0027ab3eed1a
2026-02-21T02:40:00.481Z [svc-billing-2] health check ok
2026-02-21T02:40:00.482Z [svc-search-1] retrying connection to redis (attempt 1/3)
2026-02-21T02:40:00.483Z [svc-search-4] warning: slow query took 639ms
2026-02-21T02:40:00.484Z [svc-gateway-1] closed idle connection after 271s
2026-02-21T02:40:00.484Z [svc-gateway-4] cache hit rate 92%
2026-02-21T02:40:00.485Z [pytest-xdist] gw1 test_webhooks.py::test_retry_session PASSED in 90ms trace=5b90f8ff-0094-3303-ed5e-b118a0d3e2ea
2026-02-21T02:40:00.487Z [svc-search-4] retrying connection to elasticsearch (attempt 3/3)
2026-02-21T02:40:00.488Z [svc-gateway-1] health check ok
2026-02-21T02:40:00.492Z [svc-billing-3] connected to upstream in 57ms
2026-02-21T02:40:00.493Z [pytest-xdist] gw5 test_sched.py::test_cache_subscription PASSED in 103ms trace=e54af6c4-2c56-bc0d-1db6-428fe7903caa
2026-02-21T02:40:00.500Z [svc-gateway-3] retrying connection to elasticsearch (attempt 1/3)
2026-02-21T02:40:00.501Z [svc-media-2] cache hit rate 92%
2026-02-21T02:40:00.503Z [svc-sched-0] closed idle connection after 188s
2026-02-21T02:40:00.503Z [svc-sched-3] retrying connection to kafka (attempt 2/3)
2026-02-21T02:40:00.504Z [svc-sched-4] closed idle connection after 329s
2026-02-21T02:40:00.506Z [svc-notify-2] health check ok
2026-02-21T02:40:00.506Z [svc-gateway-4] processed batch of 418 items
2026-02-21T02:40:00.509Z [svc-queue-0] cache hit rate 90%
2026-02-21T02:40:00.512Z [pytest-xdist] gw4 test_export.py::test_paginate_user PASSED in 67ms trace=a2cddfc4-ef4e-cdff-2a24-932778f1d997
2026-02-21T02:40:00.512Z [svc-db-2] retrying connection to elasticsearch (attempt 2/3)
2026-02-21T02:40:00.515Z [svc-queue-4] health check ok
2026-02-21T02:40:00.516Z [svc-db-3] cache hit rate 85%
2026-02-21T02:40:00.517Z [svc-auth-4] health check ok
2026-02-21T02:40:00.518Z [svc-search-4] warning: slow query took 969ms
2026-02-21T02:40:00.518Z [svc-gateway-0] connected to upstream in 77ms
2026-02-21T02:40:00.519Z [svc-notify-3] closed idle connection after 225s
2026-02-21T02:40:00.520Z [svc-notify-0] cache hit rate 85%
2026-02-21T02:40:00.521Z [svc-queue-2] warning: slow query took 1747ms
2026-02-21T02:40:00.523Z [svc-cache-1] connected to upstream in 24ms
2026-02-21T02:40:00.523Z [svc-sched-1] closed idle connection after 126s
2026-02-21T02:40:00.524Z [svc-media-4] gc pause 6ms, heap 214MB
2026-02-21T02:40:00.528Z [svc-notify-1] gc pause 103ms, heap 392MB
2026-02-21T02:40:00.529Z [svc-billing-2] retrying connection to s3 (attempt 1/3)
2026-02-21T02:40:00.529Z [svc-search-0] processed batch of 316 items
2026-02-21T02:40:00.529Z [svc-sched-0] retrying connection to vault (attempt 1/3)
2026-02-21T02:40:00.530Z [pytest-xdist] gw1 test_users.py::test_delete_quota PASSED in 61ms trace=35a75dc0-2597-749f-30a4-92106b8f614b
2026-02-21T02:40:00.533Z [svc-db-2] processed batch of 431 items
2026-02-21T02:40:00.535Z [svc-media-4] health check ok
2026-02-21T02:40:00.536Z [pytest-xdist] gw4 test_import.py::test_parse_webhook PASSED in 126ms trace=63f022f8-e270-97d9-d5b0-36bd144b000f
2026-02-21T02:40:00.536Z [svc-sched-2] gc pause 80ms, heap 611MB
2026-02-21T02:40:00.537Z [svc-auth-3] connected to upstream in 32ms
2026-02-21T02:40:00.538Z [svc-media-3] gc pause 78ms, heap 940MB
2026-02-21T02:40:00.539Z [svc-search-0] health check ok
2026-02-21T02:40:00.539Z [svc-search-2] cache hit rate 95%
2026-02-21T02:40:00.539Z [svc-media-0] warning: slow query took 1403ms
2026-02-21T02:40:00.542Z [svc-auth-4] health check ok
2026-02-21T02:40:00.545Z [svc-search-0] health check ok
2026-02-21T02:40:00.545Z [svc-media-1] closed idle connection after 222s
2026-02-21T02:40:00.545Z [svc-queue-4] processed batch of 458 items
2026-02-21T02:40:00.546Z [svc-search-4] gc pause 121ms, heap 613MB
2026-02-21T02:40:00.546Z [svc-sched-0] processed batch of 42 items
2026-02-21T02:40:00.547Z [svc-db-1] processed batch of 374 items
2026-02-21T02:40:00.547Z [svc-billing-2] cache hit rate 85%
2026-02-21T02:40:00.551Z [svc-search-2] warning: slow query took 1886ms
2026-02-21T02:40:00.553Z [svc-auth-1] retrying connection to vault (attempt 3/3)
2026-02-21T02:40:00.553Z [svc-media-0] connected to upstream in 7ms
2026-02-21T02:40:00.553Z [svc-queue-3] health check ok
2026-02-21T02:40:00.554Z [svc-queue-0] health check ok
2026-02-21T02:40:00.555Z [pytest-xdist] gw1 test_queue.py::test_validate_region PASSED in 107ms trace=f03f151d-94fb-8524-38b6-351f87725edd
2026-02-21T02:40:00.555Z [svc-queue-2] retrying connection to redis (attempt 1/3)
2026-02-21T02:40:00.557Z [svc-queue-2] retrying connection to redis (attempt 1/3)
2026-02-21T02:40:00.558Z [svc-media-4] retrying connection to s3 (attempt 3/3)
2026-02-21T02:40:00.558Z [svc-queue-4] retrying connection to s3 (attempt 1/3)
2026-02-21T02:40:00.559Z [svc-search-1] cache hit rate 95%
2026-02-21T02:40:00.559Z [svc-sched-1] warning: slow query took 1772ms
2026-02-21T02:40:00.560Z [svc-auth-0] health check ok
2026-02-21T02:40:00.566Z [svc-db-4] warning: slow query took 538ms
2026-02-21T02:40:00.566Z [svc-billing-4] connected to upstream in 40ms
2026-02-21T02:40:00.568Z [svc-cache-1] processed batch of 108 items
2026-02-21T02:40:00.569Z [pytest-xdist] gw0 test_search.py::test_render_token PASSED in 74ms trace=1356b874-3132-fad9-0c8e-4056914317ea
2026-02-21T02:40:00.569Z [svc-db-2] connected to upstream in 7ms
2026-02-21T02:40:00.569Z [svc-notify-3] closed idle connection after 198s
2026-02-21T02:40:00.569Z [svc-media-1] retrying connection to postgres (attempt 3/3)
2026-02-21T02:40:00.571Z [svc-cache-2] retrying connection to redis (attempt 3/3)
2026-02-21T02:40:00.573Z [pytest-xdist] gw5 test_auth.py::test_render_user PASSED in 109ms trace=4de6b726-4852-e3c4-44d6-decc87613312
2026-02-21T02:40:00.573Z [svc-media-1] connected to upstream in 16ms
2026-02-21T02:40:00.576Z [svc-notify-4] closed idle connection after 267s
2026-02-21T02:40:00.577Z [svc-cache-3] cache hit rate 85%
2026-02-21T02:40:00.577Z [svc-sched-0] retrying connection to vault (attempt 2/3)
2026-02-21T02:40:00.579Z [svc-auth-3] warning: slow query took 2030ms
2026-02-21T02:40:00.579Z [svc-notify-2] warning: slow query took 1106ms
2026-02-21T02:40:00.579Z [svc-notify-4] health check ok
2026-02-21T02:40:00.582Z [svc-sched-3] processed batch of 287 items
2026-02-21T02:40:00.583Z [svc-auth-0] retrying connection to elasticsearch (attempt 1/3)
2026-02-21T02:40:00.583Z [svc-queue-1] cache hit rate 85%
2026-02-21T02:40:00.584Z [svc-gateway-3] gc pause 43ms, heap 108MB
2026-02-21T02:40:00.585Z [svc-billing-2] gc pause 64ms, heap 510MB
2026-02-21T02:40:00.585Z [svc-gateway-4] connected to upstream in 21ms
2026-02-21T02:40:00.585Z [svc-queue-2] warning: slow query took 1713ms
2026-02-21T02:40:00.586Z [svc-auth-4] cache hit rate 92%
2026-02-21T02:40:00.586Z [svc-gateway-2] cache hit rate 85%
2026-02-21T02:40:00.588Z [svc-queue-2] health check ok
2026-02-21T02:40:00.592Z [svc-gateway-3] connected to upstream in 78ms
2026-02-21T02:40:00.594Z [svc-cache-1] processed batch of 201 items
2026-02-21T02:40:00.595Z [pytest-xdist] gw4 test_reports.py::test_retry_token PASSED in 157ms trace=5cea27fd-6346-61c2-7bd3-b976c4be9ee5
2026-02-21T02:40:00.596Z [svc-gateway-1] processed batch of 339 items
2026-02-21T02:40:00.596Z [svc-queue-2] retrying connection to redis (attempt 3/3)
2026-02-21T02:40:00.599Z [svc-queue-0] retrying connection to vault (attempt 3/3)
2026-02-21T02:40:00.600Z [svc-notify-0] cache hit rate 92%
2026-02-21T02:40:00.600Z [svc-sched-0] retrying connection to vault (attempt 1/3)
2026-02-21T02:40:00.603Z [svc-notify-3] cache hit rate 85%
2026-02-21T02:40:00.604Z [svc-billing-0] retrying connection to redis (attempt 1/3)
2026-02-21T02:40:00.604Z [svc-search-3] closed idle connection after 191s
2026-02-21T02:40:00.605Z [svc-gateway-2] connected to upstream in 80ms
2026-02-21T02:40:00.609Z [pytest-xdist] gw5 test_reports.py::test_update_token PASSED in 127ms trace=ef9320d3-465d-7a57-5a79-098710e4b980
2026-02-21T02:40:00.610Z [svc-media-1] gc pause 64ms, heap 467MB
2026-02-21T02:40:00.611Z [svc-media-2] health check ok
2026-02-21T02:40:00.612Z [svc-auth-4] gc pause 91ms, heap 410MB
2026-02-21T02:40:00.612Z [svc-billing-0] warning: slow query took 1187ms
2026-02-21T02:40:00.612Z [svc-billing-4] closed idle connection after 123s
2026-02-21T02:40:00.613Z [svc-db-1] cache hit rate 88%
2026-02-21T02:40:00.613Z [svc-media-1] health check ok
2026-02-21T02:40:00.615Z [svc-media-0] closed idle connection after 316s
2026-02-21T02:40:00.615Z [svc-sched-0] gc pause 122ms, heap 143MB
2026-02-21T02:40:00.617Z [svc-media-2] closed idle connection after 262s
2026-02-21T02:40:00.617Z [svc-queue-3] processed batch of 190 items
2026-02-21T02:40:00.618Z [svc-auth-3] closed idle connection after 68s
2026-02-21T02:40:00.618Z [svc-notify-3] closed idle connection after 253s
2026-02-21T02:40:00.619Z [svc-cache-4] closed idle connection after 174s
2026-02-21T02:40:00.619Z [svc-queue-2] health check ok
2026-02-21T02:40:00.620Z [svc-db-3] connected to upstream in 77ms
2026-02-21T02:40:00.620Z [svc-search-0] health check ok
2026-02-21T02:40:00.620Z [svc-gateway-0] gc pause 57ms, heap 665MB
2026-02-21T02:40:00.621Z [svc-db-0] processed batch of 336 items
2026-02-21T02:40:00.621Z [svc-sched-0] health check ok
2026-02-21T02:40:00.622Z [svc-media-1] warning: slow query took 1506ms
2026-02-21T02:40:00.623Z [svc-notify-2] health check ok
2026-02-21T02:40:00.625Z [svc-cache-1] warning: slow query took 1538ms
2026-02-21T02:40:00.625Z [svc-sched-2] processed batch of 465 items
2026-02-21T02:40:00.628Z [pytest-xdist] gw3 test_search.py::test_expire_index PASSED in 139ms trace=87c885bc-f1c1-4796-e0aa-beddc5bd4ec4
2026-02-21T02:40:00.632Z [svc-queue-3] gc pause 31ms, heap 589MB
2026-02-21T02:40:00.634Z [svc-db-0] health check ok
2026-02-21T02:40:00.634Z [svc-gateway-4] health check ok
2026-02-21T02:40:00.638Z [svc-sched-4] retrying connection to s3 (attempt 1/3)
2026-02-21T02:40:00.639Z [pytest-xdist] gw2 test_users.py::test_render_subscription PASSED in 205ms trace=b6316906-f7f6-8632-cd48-d223d3b23df3
2026-02-21T02:40:00.639Z [svc-auth-0] health check ok
2026-02-21T02:40:00.640Z [svc-auth-1] processed batch of 210 items
2026-02-21T02:40:00.640Z [svc-search-4] retrying connection to elasticsearch (attempt 1/3)
2026-02-21T02:40:00.641Z [svc-auth-4] connected to upstream in 75ms
2026-02-21T02:40:00.641Z [svc-search-2] warning: slow query took 2177ms
2026-02-21T02:40:00.641Z [svc-gateway-0] retrying connection to redis (attempt 2/3)
2026-02-21T02:40:00.641Z [svc-gateway-4] connected to upstream in 80ms
2026-02-21T02:40:00.643Z [svc-db-1] warning: slow query took 566ms
2026-02-21T02:40:00.643Z [svc-sched-1] cache hit rate 92%
2026-02-21T02:40:00.646Z [pytest-xdist] gw4 test_import.py::test_paginate_webhook PASSED in 84ms trace=676f97f5-c1c7-a5b0-292e-40d822204af5
2026-02-21T02:40:00.649Z [svc-db-0] health check ok
2026-02-21T02:40:00.650Z [pytest-xdist] gw1 test_notify.py::test_list_refund PASSED in 143ms trace=51d820a7-f9e4-1687-1232-0c12cd843375
2026-02-21T02:40:00.650Z [svc-queue-0] retrying connection to vault (attempt 1/3)
2026-02-21T02:40:00.653Z [pytest-xdist] gw4 test_users.py::test_delete_user PASSED in 218ms trace=a254344a-a7e0-d597-5e0b-1e47fb1ca0ca
2026-02-21T02:40:00.653Z [svc-notify-0] health check ok
2026-02-21T02:40:00.654Z [svc-auth-2] gc pause 94ms, heap 477MB
2026-02-21T02:40:00.655Z [svc-db-2] gc pause 6ms, heap 958MB
2026-02-21T02:40:00.656Z [svc-auth-0] health check ok
2026-02-21T02:40:00.658Z [pytest-xdist] gw2 test_export.py::test_expire_coupon PASSED in 103ms trace=9e93d9e5-de11-9b04-7a95-203804ed88e1
2026-02-21T02:40:00.658Z [svc-billing-0] connected to upstream in 15ms
2026-02-21T02:40:00.661Z [svc-cache-4] cache hit rate 85%
2026-02-21T02:40:00.661Z [svc-billing-2] processed batch of 337 items
2026-02-21T02:40:00.661Z [svc-gateway-2] processed batch of 53 items
2026-02-21T02:40:00.662Z [svc-billing-0] retrying connection to redis (attempt 1/3)
2026-02-21T02:40:00.664Z [svc-billing-1] connected to upstream in 30ms
2026-02-21T02:40:00.665Z [svc-queue-0] cache hit rate 85%
2026-02-21T02:40:00.666Z [svc-media-3] gc pause 66ms, heap 449MB
2026-02-21T02:40:00.666Z [svc-media-4] gc pause 47ms, heap 304MB
2026-02-21T02:40:00.667Z [svc-auth-2] health check ok
2026-02-21T02:40:00.667Z [svc-sched-1] closed idle connection after 271s
2026-02-21T02:40:00.670Z [svc-billing-4] processed batch of 191 items
2026-02-21T02:40:00.670Z [svc-gateway-1] processed batch of 195 items
2026-02-21T02:40:00.671Z [svc-gateway-4] cache hit rate 85%
2026-02-21T02:40:00.672Z [svc-search-3] health check ok
2026-02-21T02:40:00.673Z [pytest-xdist] gw3 test_users.py::test_parse_refund PASSED in 163ms trace=afad589e-e6db-2506-e349-d4d1211039b5
2026-02-21T02:40:00.674Z [svc-media-2] warning: slow query took 1109ms
2026-02-21T02:40:00.674Z [svc-queue-1] retrying connection to postgres (attempt 1/3)
2026-02-21T02:40:00.677Z [svc-cache-1] cache hit rate 90%
2026-02-21T02:40:00.677Z [svc-search-2] health check ok
2026-02-21T02:40:00.677Z [svc-gateway-1] connected to upstream in 16ms
2026-02-21T02:40:00.677Z [svc-gateway-3] cache hit rate 90%
2026-02-21T02:40:00.677Z [svc-sched-2] cache hit rate 88%
2026-02-21T02:40:00.678Z [svc-cache-2] retrying connection to redis (attempt 2/3)
2026-02-21T02:40:00.678Z [svc-search-3] cache hit rate 90%
2026-02-21T02:40:00.678Z [svc-gateway-2] health check ok
2026-02-21T02:40:00.681Z [svc-auth-0] warning: slow query took 414ms
2026-02-21T02:40:00.681Z [svc-db-0] connected to upstream in 65ms
2026-02-21T02:40:00.684Z [svc-queue-0] health check ok
2026-02-21T02:40:00.685Z [svc-billing-3] connected to upstream in 35ms
2026-02-21T02:40:00.685Z [svc-search-1] retrying connection to redis (attempt 3/3)
2026-02-21T02:40:00.685Z [svc-queue-0] connected to upstream in 11ms
2026-02-21T02:40:00.688Z [svc-auth-1] connected to upstream in 27ms
2026-02-21T02:40:00.689Z [pytest-xdist] gw0 test_users.py::test_sync_webhook PASSED in 237ms trace=7ab72a77-e6f6-f47c-c2bb-3fd8af4d7c10
2026-02-21T02:40:00.689Z [svc-db-1] processed batch of 147 items
2026-02-21T02:40:00.689Z [svc-gateway-3] warning: slow query took 1547ms
2026-02-21T02:40:00.690Z [svc-auth-1] gc pause 47ms, heap 242MB
2026-02-21T02:40:00.691Z [svc-queue-1] gc pause 15ms, heap 713MB
2026-02-21T02:40:00.692Z [svc-db-1] warning: slow query took 966ms
2026-02-21T02:40:00.692Z [svc-db-3] gc pause 11ms, heap 849MB
2026-02-21T02:40:00.693Z [svc-queue-1] connected to upstream in 79ms
2026-02-21T02:40:00.695Z [svc-gateway-3] connected to upstream in 49ms
2026-02-21T02:40:00.696Z [svc-auth-0] connected to upstream in 57ms
2026-02-21T02:40:00.696Z [svc-media-3] health check ok
2026-02-21T02:40:00.696Z [svc-queue-1] cache hit rate 85%
2026-02-21T02:40:00.697Z [svc-auth-3] cache hit rate 85%
2026-02-21T02:40:00.698Z [svc-db-1] gc pause 81ms, heap 507MB
2026-02-21T02:40:00.698Z [svc-db-4] retrying connection to postgres (attempt 3/3)
2026-02-21T02:40:00.699Z [svc-cache-1] warning: slow query took 697ms
2026-02-21T02:40:00.700Z [svc-auth-0] processed batch of 168 items
2026-02-21T02:40:00.700Z [svc-billing-0] retrying connection to redis (attempt 3/3)
2026-02-21T02:40:00.701Z [svc-search-3] health check ok
2026-02-21T02:40:00.701Z [svc-notify-4] health check ok
2026-02-21T02:40:00.702Z [svc-db-1] closed idle connection after 198s
2026-02-21T02:40:00.704Z [svc-cache-1] cache hit rate 88%
2026-02-21T02:40:00.704Z [svc-db-0] warning: slow query took 1959ms
2026-02-21T02:40:00.705Z [svc-gateway-4] closed idle connection after 198s
2026-02-21T02:40:00.705Z [svc-queue-4] health check ok
2026-02-21T02:40:00.706Z [svc-search-3] connected to upstream in 65ms
2026-02-21T02:40:00.708Z [svc-notify-0] gc pause 55ms, heap 887MB
2026-02-21T02:40:00.708Z [svc-gateway-2] cache hit rate 95%
2026-02-21T02:40:00.709Z [pytest-xdist] gw1 test_auth.py::test_cache_template PASSED in 211ms trace=9d239035-9ebc-289b-7f2c-f134620a491b
2026-02-21T02:40:00.709Z [svc-search-3] warning: slow query took 1323ms
2026-02-21T02:40:00.709Z [svc-notify-1] processed batch of 504 items
2026-02-21T02:40:00.711Z [svc-cache-3] cache hit rate 88%
2026-02-21T02:40:00.713Z [svc-auth-4] retrying connection to kafka (attempt 3/3)
2026-02-21T02:40:00.713Z [svc-queue-3] closed idle connection after 82s
2026-02-21T02:40:00.714Z [svc-cache-4] health check ok
2026-02-21T02:40:00.715Z [svc-gateway-2] cache hit rate 90%
2026-02-21T02:40:00.718Z [svc-queue-1] cache hit rate 92%
2026-02-21T02:40:00.719Z [svc-media-2] warning: slow query took 502ms
2026-02-21T02:40:00.720Z [pytest-xdist] gw4 test_queue.py::test_paginate_invoice PASSED in 1ms trace=ceca5816-aa79-96d8-b672-5e783480e692
2026-02-21T02:40:00.722Z [svc-notify-1] warning: slow query took 387ms
2026-02-21T02:40:00.722Z [svc-media-2] health check ok
2026-02-21T02:40:00.723Z [svc-gateway-3] warning: slow query took 215ms
2026-02-21T02:40:00.723Z [svc-media-0] processed batch of 268 items
2026-02-21T02:40:00.724Z [svc-queue-3] processed batch of 285 items
2026-02-21T02:40:00.725Z [svc-media-4] processed batch of 293 items
2026-02-21T02:40:00.727Z [svc-cache-4] retrying connection to s3 (attempt 1/3)
2026-02-21T02:40:00.728Z [svc-media-4] retrying connection to s3 (attempt 2/3)
2026-02-21T02:40:00.728Z [svc-sched-1] retrying connection to postgres (attempt 3/3)
2026-02-21T02:40:00.729Z [svc-notify-1] health check ok
2026-02-21T02:40:00.730Z [svc-billing-1] retrying connection to kafka (attempt 3/3)
2026-02-21T02:40:00.730Z [svc-queue-1] health check ok
2026-02-21T02:40:00.731Z [pytest-xdist] gw5 test_import.py::test_authorize_query PASSED in 227ms trace=abc7d25f-e9af-51b7-af4b-b1b6c9050a65
2026-02-21T02:40:00.731Z [svc-notify-4] retrying connection to elasticsearch (attempt 3/3)
2026-02-21T02:40:00.731Z [svc-media-0] warning: slow query took 1075ms
2026-02-21T02:40:00.734Z [svc-queue-4] health check ok
2026-02-21T02:40:00.735Z [svc-db-1] closed idle connection after 299s
2026-02-21T02:40:00.735Z [svc-search-2] cache hit rate 90%
2026-02-21T02:40:00.735Z [svc-gateway-1] gc pause 75ms, heap 785MB
2026-02-21T02:40:00.736Z [svc-auth-3] connected to upstream in 8ms
2026-02-21T02:40:00.736Z [svc-cache-0] warning: slow query took 1602ms
2026-02-21T02:40:00.736Z [svc-db-1] processed batch of 353 items
2026-02-21T02:40:00.737Z [svc-media-4] cache hit rate 92%
2026-02-21T02:40:00.738Z [svc-sched-3] health check ok
2026-02-21T02:40:00.741Z [svc-cache-4] warning: slow query took 1243ms
2026-02-21T02:40:00.742Z [svc-auth-2] closed idle connection after 184s
2026-02-21T02:40:00.743Z [svc-media-3] health check ok
2026-02-21T02:40:00.744Z [pytest-xdist] gw1 test_auth.py::test_paginate_token PASSED in 5ms trace=881030c8-d0f5-faa6-1da2-640535d93e5d
2026-02-21T02:40:00.744Z [svc-sched-0] connected to upstream in 73ms
2026-02-21T02:40:00.746Z [svc-queue-0] health check ok
2026-02-21T02:40:00.747Z [svc-notify-2] closed idle connection after 277s
2026-02-21T02:40:00.747Z [svc-gateway-2] health check ok
2026-02-21T02:40:00.748Z [svc-sched-4] closed idle connection after 98s
2026-02-21T02:40:00.749Z [svc-notify-1] warning: slow query took 503ms
2026-02-21T02:40:00.751Z [svc-queue-0] health check ok
2026-02-21T02:40:00.753Z [svc-search-3] processed batch of 77 items
2026-02-21T02:40:00.754Z [svc-search-2] warning: slow query took 1679ms
2026-02-21T02:40:00.755Z [svc-media-3] closed idle connection after 128s
2026-02-21T02:40:00.757Z [svc-billing-3] warning: slow query took 1771ms
2026-02-21T02:40:00.757Z [svc-media-2] retrying connection to redis (attempt 1/3)
2026-02-21T02:40:00.758Z [pytest-xdist] gw4 test_payments.py::test_update_refund PASSED in 73ms trace=600365bd-7c6a-f3d5-e380-880e4744fa28
2026-02-21T02:40:00.759Z [svc-media-2] closed idle connection after 56s
2026-02-21T02:40:00.759Z [svc-media-4] cache hit rate 88%
2026-02-21T02:40:00.760Z [svc-db-0] closed idle connection after 291s
2026-02-21T02:40:00.760Z [svc-queue-1] connected to upstream in 59ms
2026-02-21T02:40:00.762Z [svc-notify-4] closed idle connection after 301s
2026-02-21T02:40:00.763Z [svc-sched-2] health check ok
2026-02-21T02:40:00.767Z [svc-gateway-2] closed idle connection after 148s
2026-02-21T02:40:00.768Z [svc-media-1] health check ok
2026-02-21T02:40:00.769Z [svc-notify-0] health check ok
2026-02-21T02:40:00.769Z [svc-gateway-2] cache hit rate 95%
2026-02-21T02:40:00.770Z [svc-sched-2] connected to upstream in 19ms
2026-02-21T02:40:00.771Z [svc-cache-0] processed batch of 131 items
2026-02-21T02:40:00.774Z [svc-billing-0] warning: slow query took 1799ms
2026-02-21T02:40:00.774Z [svc-sched-2] cache hit rate 85%
2026-02-21T02:40:00.774Z [svc-sched-3] cache hit rate 92%
2026-02-21T02:40:00.775Z [svc-auth-3] cache hit rate 88%
2026-02-21T02:40:00.776Z [svc-notify-0] warning: slow query took 1809ms
2026-02-21T02:40:00.776Z [svc-sched-1] cache hit rate 85%
2026-02-21T02:40:00.777Z [pytest-xdist] gw2 test_billing.py::test_retry_user PASSED in 61ms trace=401606ea-ca57-fea2-0e93-758d19d65dc9
2026-02-21T02:40:00.777Z [svc-queue-4] closed idle connection after 264s
2026-02-21T02:40:00.778Z [svc-notify-3] cache hit rate 92%
2026-02-21T02:40:00.780Z [svc-gateway-4] health check ok
2026-02-21T02:40:00.781Z [svc-auth-1] health check ok
2026-02-21T02:40:00.781Z [svc-queue-3] connected to upstream in 43ms
2026-02-21T02:40:00.782Z [svc-sched-3] connected to upstream in 44ms
2026-02-21T02:40:00.784Z [svc-gateway-3] retrying connection to elasticsearch (attempt 1/3)
2026-02-21T02:40:00.785Z [svc-sched-3] retrying connection to kafka (attempt 3/3)
2026-02-21T02:40:00.788Z [svc-queue-1] health check ok
2026-02-21T02:40:00.790Z [pytest-xdist] gw0 test_billing.py::test_authorize_token PASSED in 190ms trace=a7b0c8d6-2c21-4aa3-9d14-65eb0236e11f
2026-02-21T02:40:00.790Z [svc-gateway-4] closed idle connection after 86s
2026-02-21T02:40:00.795Z [svc-db-2] warning: slow query took 1019ms
2026-02-21T02:40:00.797Z [svc-queue-1] retrying connection to postgres (attempt 2/3)
2026-02-21T02:40:00.800Z [pytest-xdist] gw4 test_sched.py::test_authorize_shipment PASSED in 196ms trace=b6cfb5ff-0e50-c29e-66aa-0dbbe3e85f2e
2026-02-21T02:40:00.800Z [svc-db-0] retrying connection to kafka (attempt 3/3)
2026-02-21T02:40:00.804Z [svc-media-3] closed idle connection after 46s
2026-02-21T02:40:00.805Z [pytest-xdist] gw1 test_webhooks.py::test_reconcile_token PASSED in 25ms trace=e495e9f2-898b-6a3d-0e39-a2e68b4a9951
2026-02-21T02:40:00.806Z [svc-billing-2] connected to upstream in 49ms
2026-02-21T02:40:00.807Z [svc-queue-0] warning: slow query took 1780ms
2026-02-21T02:40:00.810Z [svc-db-4] retrying connection to postgres (attempt 2/3)
2026-02-21T02:40:00.811Z [svc-billing-3] closed idle connection after 46s
2026-02-21T02:40:00.811Z [svc-queue-4] closed idle connection after 168s
2026-02-21T02:40:00.812Z [svc-billing-4] connected to upstream in 51ms
2026-02-21T02:40:00.813Z [svc-media-1] connected to upstream in 35ms
2026-02-21T02:40:00.815Z [pytest-xdist] gw1 test_users.py::test_retry_index PASSED in 1ms trace=042b2861-efb0-25a0-0c60-023380d1447d
2026-02-21T02:40:00.815Z [svc-gateway-1] gc pause 24ms, heap 433MB
2026-02-21T02:40:00.816Z [svc-media-4] cache hit rate 85%
2026-02-21T02:40:00.816Z [svc-sched-0] processed batch of 81 items
2026-02-21T02:40:00.817Z [svc-billing-0] gc pause 11ms, heap 358MB
2026-02-21T02:40:00.818Z [pytest-xdist] gw2 test_queue.py::test_authorize_template PASSED in 239ms trace=b95557bd-ba52-8e75-5d66-605ba15d4a65
2026-02-21T02:40:00.818Z [svc-gateway-1] processed batch of 497 items
2026-02-21T02:40:00.818Z [svc-sched-4] processed batch of 191 items
2026-02-21T02:40:00.819Z [svc-gateway-0] connected to upstream in 44ms
2026-02-21T02:40:00.819Z [svc-media-2] closed idle connection after 133s
2026-02-21T02:40:00.821Z [svc-auth-2] processed batch of 393 items
2026-02-21T02:40:00.822Z [svc-db-1] connected to upstream in 52ms
2026-02-21T02:40:00.822Z [svc-db-2] cache hit rate 95%
2026-02-21T02:40:00.822Z [svc-search-1] cache hit rate 88%
2026-02-21T02:40:00.822Z [svc-gateway-4] closed idle connection after 183s
2026-02-21T02:40:00.822Z [svc-sched-0] closed idle connection after 128s
2026-02-21T02:40:00.823Z [svc-gateway-3] warning: slow query took 401ms
2026-02-21T02:40:00.824Z [svc-notify-1] retrying connection to redis (attempt 1/3)
2026-02-21T02:40:00.825Z [svc-sched-2] cache hit rate 88%
2026-02-21T02:40:00.827Z [svc-db-1] retrying connection to s3 (attempt 2/3)
2026-02-21T02:40:00.827Z [svc-billing-0] gc pause 62ms, heap 846MB
2026-02-21T02:40:00.829Z [svc-notify-2] closed idle connection after 157s
2026-02-21T02:40:00.830Z [svc-sched-1] gc pause 76ms, heap 435MB
2026-02-21T02:40:00.831Z [svc-search-2] cache hit rate 95%
2026-02-21T02:40:00.831Z [svc-queue-2] processed batch of 152 items
2026-02-21T02:40:00.836Z [svc-media-0] connected to upstream in 51ms
2026-02-21T02:40:00.838Z [pytest-xdist] gw0 test_export.py::test_validate_index PASSED in 80ms trace=df140d0c-efa9-2f5e-01ba-b47bc156a5af
2026-02-21T02:40:00.838Z [svc-cache-1] processed batch of 162 items
2026-02-21T02:40:00.838Z [svc-db-1] connected to upstream in 52ms
2026-02-21T02:40:00.838Z [svc-db-3] health check ok
2026-02-21T02:40:00.838Z [svc-media-2] warning: slow query took 352ms
2026-02-21T02:40:00.838Z [svc-media-4] warning: slow query took 1944ms
2026-02-21T02:40:00.839Z [svc-media-3] connected to upstream in 81ms
2026-02-21T02:40:00.846Z [svc-billing-3] retrying connection to elasticsearch (attempt 1/3)
2026-02-21T02:40:00.846Z [svc-media-3] cache hit rate 85%
2026-02-21T02:40:00.848Z [svc-billing-3] health check ok
2026-02-21T02:40:00.850Z [svc-cache-2] retrying connection to redis (attempt 2/3)
2026-02-21T02:40:00.853Z [pytest-xdist] gw3 test_users.py::test_paginate_user PASSED in 50ms trace=1dcf3e34-a967-f833-dcd4-25ccf8ac0e66
2026-02-21T02:40:00.853Z [svc-auth-4] gc pause 41ms, heap 347MB
2026-02-21T02:40:00.853Z [svc-db-0] warning: slow query took 1059ms
2026-02-21T02:40:00.855Z [svc-sched-3] warning: slow query took 1233ms
2026-02-21T02:40:00.860Z [svc-media-3] closed idle connection after 155s
2026-02-21T02:40:00.861Z [svc-search-3] processed batch of 433 items
2026-02-21T02:40:00.862Z [svc-db-1] retrying connection to s3 (attempt 1/3)
2026-02-21T02:40:00.863Z [svc-db-1] health check ok
2026-02-21T02:40:00.863Z [svc-sched-4] retrying connection to s3 (attempt 2/3)
2026-02-21T02:40:00.865Z [svc-media-1] processed batch of 286 items
2026-02-21T02:40:00.867Z [svc-db-0] connected to upstream in 14ms
2026-02-21T02:40:00.869Z [svc-db-4] cache hit rate 95%
2026-02-21T02:40:00.869Z [svc-queue-4] processed batch of 144 items
2026-02-21T02:40:00.872Z [svc-db-2] health check ok
2026-02-21T02:40:00.873Z [pytest-xdist] gw5 test_reports.py::test_list_query PASSED in 228ms trace=fce6353d-47c8-e71a-7df5-9d36743d8597
2026-02-21T02:40:00.874Z [svc-billing-1] health check ok
2026-02-21T02:40:00.874Z [svc-search-1] retrying connection to redis (attempt 2/3)
2026-02-21T02:40:00.874Z [svc-queue-0] closed idle connection after 151s
2026-02-21T02:40:00.874Z [svc-sched-0] cache hit rate 88%
2026-02-21T02:40:00.875Z [svc-queue-4] warning: slow query took 1973ms
2026-02-21T02:40:00.878Z [svc-sched-2] connected to upstream in 76ms
2026-02-21T02:40:00.879Z [svc-cache-1] connected to upstream in 74ms
2026-02-21T02:40:00.880Z [svc-media-2] connected to upstream in 39ms
2026-02-21T02:40:00.882Z [svc-db-3] connected to upstream in 54ms
2026-02-21T02:40:00.883Z [svc-search-1] closed idle connection after 309s
2026-02-21T02:40:00.884Z [svc-gateway-4] cache hit rate 95%
2026-02-21T02:40:00.885Z [svc-cache-4] gc pause 88ms, heap 252MB
2026-02-21T02:40:00.886Z [svc-billing-4] connected to upstream in 34ms
2026-02-21T02:40:00.886Z [svc-notify-2] connected to upstream in 29ms
2026-02-21T02:40:00.886Z [svc-sched-0] warning: slow query took 920ms
2026-02-21T02:40:00.887Z [svc-db-4] warning: slow query took 1573ms
2026-02-21T02:40:00.890Z [pytest-xdist] gw4 test_gateway.py::test_create_shipment PASSED in 32ms trace=f2b14cb4-76a7-bf56-0067-83012f5eca59
2026-02-21T02:40:00.893Z [svc-auth-0] retrying connection to elasticsearch (attempt 2/3)
2026-02-21T02:40:00.893Z [svc-search-3] gc pause 30ms, heap 586MB
2026-02-21T02:40:00.894Z [svc-search-0] warning: slow query took 281ms
2026-02-21T02:40:00.894Z [svc-queue-0] closed idle connection after 210s
2026-02-21T02:40:00.895Z [svc-gateway-2] closed idle connection after 89s
2026-02-21T02:40:00.896Z [svc-gateway-0] connected to upstream in 61ms
2026-02-21T02:40:00.898Z [svc-gateway-0] retrying connection to redis (attempt 1/3)
2026-02-21T02:40:00.898Z [svc-sched-4] closed idle connection after 276s
2026-02-21T02:40:00.899Z [svc-queue-4] processed batch of 136 items
2026-02-21T02:40:00.900Z [pytest-xdist] gw1 test_import.py::test_authorize_index PASSED in 238ms trace=519b9cca-4157-04b9-fe8a-f410a12f2134
2026-02-21T02:40:00.902Z [svc-search-4] gc pause 78ms, heap 504MB
2026-02-21T02:40:00.903Z [svc-auth-0] gc pause 101ms, heap 548MB
2026-02-21T02:40:00.904Z [svc-media-4] processed batch of 119 items
2026-02-21T02:40:00.906Z [svc-notify-2] health check ok
2026-02-21T02:40:00.907Z [svc-cache-3] cache hit rate 92%
2026-02-21T02:40:00.907Z [svc-notify-0] cache hit rate 92%
2026-02-21T02:40:00.908Z [svc-auth-2] cache hit rate 88%
2026-02-21T02:40:00.908Z [svc-search-0] warning: slow query took 469ms
2026-02-21T02:40:00.909Z [svc-media-4] cache hit rate 92%
2026-02-21T02:40:00.909Z [svc-queue-0] health check ok
2026-02-21T02:40:00.911Z [svc-cache-4] connected to upstream in 65ms
2026-02-21T02:40:00.911Z [svc-gateway-3] retrying connection to elasticsearch (attempt 1/3)
2026-02-21T02:40:00.913Z [svc-media-4] closed idle connection after 221s
2026-02-21T02:40:00.915Z [svc-gateway-1] cache hit rate 88%
2026-02-21T02:40:00.916Z [pytest-xdist] gw1 test_media.py::test_retry_token PASSED in 169ms trace=47e4d9e4-5b2a-5ba4-44bf-ad3ef47513b2
2026-02-21T02:40:00.916Z [svc-auth-0] warning: slow query took 1754ms
2026-02-21T02:40:00.917Z [svc-cache-1] cache hit rate 88%
2026-02-21T02:40:00.917Z [svc-cache-4] retrying connection to s3 (attempt 1/3)
2026-02-21T02:40:00.918Z [svc-cache-1] health check ok
2026-02-21T02:40:00.920Z [svc-auth-0] warning: slow query took 1318ms
2026-02-21T02:40:00.920Z [svc-gateway-2] processed batch of 36 items
2026-02-21T02:40:00.921Z [svc-cache-0] processed batch of 362 items
2026-02-21T02:40:00.922Z [svc-gateway-4] warning: slow query took 822ms
2026-02-21T02:40:00.925Z [pytest-xdist] gw1 test_sched.py::test_parse_webhook PASSED in 167ms trace=e7ffd73e-71af-2dae-cab3-3eac20bc69e8
2026-02-21T02:40:00.926Z [svc-search-1] gc pause 70ms, heap 841MB
2026-02-21T02:40:00.926Z [svc-gateway-0] connected to upstream in 46ms
2026-02-21T02:40:00.926Z [svc-sched-0] retrying connection to vault (attempt 3/3)
2026-02-21T02:40:00.926Z [svc-sched-0] retrying connection to vault (attempt 1/3)
2026-02-21T02:40:00.928Z [svc-cache-2] processed batch of 475 items
2026-02-21T02:40:00.928Z [svc-billing-4] retrying connection to vault (attempt 3/3)
2026-02-21T02:40:00.930Z [svc-billing-3] warning: slow query took 2149ms
2026-02-21T02:40:00.930Z [svc-gateway-2] warning: slow query took 1806ms
2026-02-21T02:40:00.934Z [svc-gateway-2] health check ok
2026-02-21T02:40:00.936Z [svc-billing-3] warning: slow query took 1118ms
2026-02-21T02:40:00.937Z [svc-notify-1] health check ok
2026-02-21T02:40:00.937Z [svc-notify-2] processed batch of 400 items
2026-02-21T02:40:00.938Z [svc-cache-3] connected to upstream in 32ms
2026-02-21T02:40:00.940Z [svc-search-3] gc pause 98ms, heap 986MB
2026-02-21T02:40:00.940Z [svc-sched-4] connected to upstream in 45ms
2026-02-21T02:40:00.941Z [pytest-xdist] gw5 test_sched.py::test_expire_query PASSED in 88ms trace=84477e7c-5d74-41e6-3676-fcf14cab73e5
2026-02-21T02:40:00.943Z [svc-cache-3] retrying connection to kafka (attempt 1/3)
2026-02-21T02:40:00.943Z [svc-media-0] closed idle connection after 192s
2026-02-21T02:40:00.943Z [svc-media-2] health check ok
2026-02-21T02:40:00.945Z [svc-notify-2] retrying connection to kafka (attempt 2/3)
2026-02-21T02:40:00.946Z [svc-search-0] health check ok
2026-02-21T02:40:00.948Z [pytest-xdist] gw5 test_webhooks.py::test_validate_invoice PASSED in 90ms trace=12a0450f-3944-3996-bfe1-c176412b773e
2026-02-21T02:40:00.948Z [svc-auth-1] gc pause 109ms, heap 239MB
2026-02-21T02:40:00.948Z [svc-db-4] gc pause 33ms, heap 428MB
2026-02-21T02:40:00.948Z [svc-billing-4] closed idle connection after 178s
2026-02-21T02:40:00.949Z [svc-billing-0] connected to upstream in 14ms
2026-02-21T02:40:00.949Z [svc-media-3] cache hit rate 90%
2026-02-21T02:40:00.953Z [svc-cache-2] gc pause 79ms, heap 310MB
2026-02-21T02:40:00.953Z [svc-cache-3] retrying connection to kafka (attempt 2/3)
2026-02-21T02:40:00.953Z [svc-db-2] retrying connection to elasticsearch (attempt 2/3)
2026-02-21T02:40:00.953Z [svc-gateway-3] closed idle connection after 294s
2026-02-21T02:40:00.958Z [svc-sched-4] processed batch of 334 items
2026-02-21T02:40:00.959Z [svc-db-2] gc pause 40ms, heap 470MB
2026-02-21T02:40:00.959Z [svc-media-1] processed batch of 499 items
2026-02-21T02:40:00.960Z [svc-media-2] processed batch of 248 items
2026-02-21T02:40:00.962Z [pytest-xdist] gw3 test_orders.py::test_render_subscription PASSED in 21ms trace=53708e21-e107-355c-c394-a8f8b87c8122
2026-02-21T02:40:00.963Z [svc-notify-4] processed batch of 52 items
2026-02-21T02:40:00.965Z [svc-cache-4] gc pause 45ms, heap 366MB
2026-02-21T02:40:00.966Z [svc-media-4] connected to upstream in 79ms
2026-02-21T02:40:00.967Z [svc-billing-2] cache hit rate 92%
2026-02-21T02:40:00.969Z [pytest-xdist] gw2 test_notify.py::test_render_attachment PASSED in 80ms trace=31eefd15-3601-b542-ee77-1f8cb5ab991e
2026-02-21T02:40:00.969Z [svc-db-3] processed batch of 173 items
2026-02-21T02:40:00.971Z [svc-media-2] closed idle connection after 92s
2026-02-21T02:40:00.972Z [svc-notify-2] retrying connection to kafka (attempt 3/3)
2026-02-21T02:40:00.973Z [svc-gateway-3] connected to upstream in 48ms
2026-02-21T02:40:00.975Z [svc-cache-1] connected to upstream in 46ms
2026-02-21T02:40:00.975Z [svc-media-4] retrying connection to s3 (attempt 1/3)
2026-02-21T02:40:00.977Z [svc-cache-1] connected to upstream in 25ms
2026-02-21T02:40:00.977Z [svc-cache-4] cache hit rate 92%
2026-02-21T02:40:00.977Z [svc-notify-4] processed batch of 414 items
2026-02-21T02:40:00.978Z [svc-cache-3] health check ok
2026-02-21T02:40:00.979Z [svc-db-1] connected to upstream in 30ms
2026-02-21T02:40:00.980Z [svc-sched-0] gc pause 18ms, heap 883MB
2026-02-21T02:40:00.982Z [svc-billing-2] connected to upstream in 20ms
2026-02-21T02:40:00.982Z [svc-queue-1] closed idle connection after 289s
2026-02-21T02:40:00.983Z [svc-gateway-3] health check ok
2026-02-21T02:40:00.984Z [svc-billing-2] gc pause 27ms, heap 454MB
2026-02-21T02:40:00.985Z [svc-notify-2] cache hit rate 95%
2026-02-21T02:40:00.987Z [svc-db-3] health check ok
2026-02-21T02:40:00.987Z [svc-queue-2] retrying connection to redis (attempt 2/3)
2026-02-21T02:40:00.990Z [pytest-xdist] gw2 test_search.py::test_cache_session PASSED in 184ms trace=2e63f2b1-1179-c7fc-da05-65fc5cc47dcf
2026-02-21T02:40:00.991Z [svc-auth-0] retrying connection to elasticsearch (attempt 1/3)
2026-02-21T02:40:00.992Z [svc-queue-0] closed idle connection after 262s
2026-02-21T02:40:00.993Z [svc-notify-2] gc pause 82ms, heap 487MB
2026-02-21T02:40:00.996Z [svc-db-3] retrying connection to vault (attempt 1/3)
2026-02-21T02:40:00.997Z [svc-cache-3] closed idle connection after 272s
2026-02-21T02:40:00.999Z [svc-auth-4] health check ok
2026-02-21T02:40:00.999Z [svc-db-3] warning: slow query took 945ms
2026-02-21T02:40:01.001Z [pytest-xdist] gw2 test_media.py::test_render_attachment PASSED in 193ms trace=c043310d-be5e-c832-dab7-47c1b994e09e
2026-02-21T02:40:01.001Z [svc-auth-0] gc pause 116ms, heap 920MB
2026-02-21T02:40:01.001Z [svc-sched-4] retrying connection to s3 (attempt 3/3)
2026-02-21T02:40:01.002Z [svc-sched-1] warning: slow query took 234ms
2026-02-21T02:40:01.004Z [svc-auth-1] retrying connection to vault (attempt 2/3)
2026-02-21T02:40:01.010Z [pytest-xdist] gw2 test_notify.py::test_expire_user PASSED in 215ms trace=b19aa5aa-14a9-514a-d568-82b23635fa4f
2026-02-21T02:40:01.010Z [svc-queue-3] retrying connection to kafka (attempt 1/3)
2026-02-21T02:40:01.012Z [svc-notify-3] warning: slow query took 938ms
2026-02-21T02:40:01.014Z [svc-queue-4] health check ok
2026-02-21T02:40:01.016Z [svc-auth-1] cache hit rate 88%
2026-02-21T02:40:01.017Z [svc-billing-0] processed batch of 502 items
2026-02-21T02:40:01.018Z [svc-cache-4] connected to upstream in 76ms
2026-02-21T02:40:01.019Z [svc-cache-4] health check ok
2026-02-21T02:40:01.022Z [svc-cache-3] connected to upstream in 52ms
2026-02-21T02:40:01.023Z [svc-auth-2] retrying connection to postgres (attempt 3/3)
2026-02-21T02:40:01.023Z [svc-db-0] connected to upstream in 56ms
2026-02-21T02:40:01.023Z [svc-queue-2] connected to upstream in 12ms
2026-02-21T02:40:01.024Z [svc-auth-1] retrying connection to vault (attempt 2/3)
2026-02-21T02:40:01.026Z [svc-db-0] closed idle connection after 119s
2026-02-21T02:40:01.027Z [svc-cache-4] health check ok
2026-02-21T02:40:01.029Z [svc-cache-2] processed batch of 276 items
2026-02-21T02:40:01.032Z [pytest-xdist] gw2 test_gateway.py::test_parse_subscription PASSED in 164ms trace=5d05fa01-f312-8344-3b64-dd3928219a16
2026-02-21T02:40:01.034Z [svc-cache-3] closed idle connection after 64s
2026-02-21T02:40:01.034Z [svc-db-4] cache hit rate 92%
2026-02-21T02:40:01.036Z [svc-cache-0] cache hit rate 95%
2026-02-21T02:40:01.038Z [pytest-xdist] gw0 test_sched.py::test_expire_coupon SKIPPED (reason: not-implemented-here)
2026-02-21T02:40:01.038Z [svc-notify-4] cache hit rate 85%
2026-02-21T02:40:01.044Z [svc-queue-1] cache hit rate 88%
2026-02-21T02:40:01.045Z [svc-auth-3] closed idle connection after 121s
2026-02-21T02:40:01.046Z [svc-cache-4] cache hit rate 95%
2026-02-21T02:40:01.046Z [svc-media-3] closed idle connection after 303s
2026-02-21T02:40:01.049Z [pytest-xdist] gw4 test_import.py::test_update_region PASSED in 149ms trace=511a7a9f-262c-0727-e225-f23b6b171ad6
2026-02-21T02:40:01.049Z [svc-auth-4] retrying connection to kafka (attempt 3/3)
2026-02-21T02:40:01.049Z [svc-notify-3] gc pause 75ms, heap 758MB
2026-02-21T02:40:01.049Z [svc-media-4] connected to upstream in 39ms
2026-02-21T02:40:01.050Z [svc-billing-2] retrying connection to s3 (attempt 3/3)
2026-02-21T02:40:01.051Z [svc-sched-3] retrying connection to kafka (attempt 3/3)
2026-02-21T02:40:01.052Z [svc-gateway-3] closed idle connection after 214s
2026-02-21T02:40:01.054Z [svc-billing-4] closed idle connection after 89s
2026-02-21T02:40:01.055Z [svc-notify-4] retrying connection to elasticsearch (attempt 2/3)
2026-02-21T02:40:01.056Z [svc-billing-0] retrying connection to redis (attempt 1/3)
2026-02-21T02:40:01.057Z [svc-search-4] cache hit rate 92%
2026-02-21T02:40:01.057Z [svc-queue-3] health check ok
2026-02-21T02:40:01.058Z [svc-gateway-4] gc pause 37ms, heap 128MB
2026-02-21T02:40:01.060Z [svc-cache-2] retrying connection to redis (attempt 2/3)
2026-02-21T02:40:01.060Z [svc-search-2] cache hit rate 88%
2026-02-21T02:40:01.062Z [svc-cache-0] closed idle connection after 42s
2026-02-21T02:40:01.062Z [svc-search-4] cache hit rate 88%
2026-02-21T02:40:01.062Z [svc-queue-1] processed batch of 261 items
2026-02-21T02:40:01.063Z [svc-db-1] connected to upstream in 77ms
2026-02-21T02:40:01.063Z [svc-billing-3] closed idle connection after 183s
2026-02-21T02:40:01.065Z [svc-billing-0] connected to upstream in 30ms
2026-02-21T02:40:01.067Z [svc-cache-1] health check ok
2026-02-21T02:40:01.068Z [svc-notify-4] retrying connection to elasticsearch (attempt 1/3)
2026-02-21T02:40:01.068Z [svc-media-1] cache hit rate 88%
2026-02-21T02:40:01.069Z [pytest-xdist] gw2 test_webhooks.py::test_notify_invoice PASSED in 120ms trace=60a2bb7d-6f62-d2cc-6716-455735b9359c
2026-02-21T02:40:01.069Z [svc-auth-1] retrying connection to vault (attempt 3/3)
2026-02-21T02:40:01.071Z [svc-cache-2] connected to upstream in 42ms
2026-02-21T02:40:01.071Z [svc-gateway-2] warning: slow query took 1909ms
2026-02-21T02:40:01.072Z [svc-search-0] gc pause 35ms, heap 163MB
2026-02-21T02:40:01.073Z [svc-billing-0] gc pause 74ms, heap 938MB
2026-02-21T02:40:01.074Z [svc-notify-0] retrying connection to postgres (attempt 1/3)
2026-02-21T02:40:01.076Z [svc-search-1] warning: slow query took 456ms
2026-02-21T02:40:01.077Z [svc-cache-2] health check ok
2026-02-21T02:40:01.077Z [svc-db-1] retrying connection to s3 (attempt 3/3)
2026-02-21T02:40:01.077Z [svc-media-1] processed batch of 285 items
2026-02-21T02:40:01.079Z [pytest-xdist] gw1 test_search.py::test_cache_index PASSED in 1ms trace=3ae2c0e7-1f1f-e8b0-630d-50a9a6e1861b
2026-02-21T02:40:01.080Z [svc-billing-3] processed batch of 240 items
2026-02-21T02:40:01.081Z [svc-auth-0] health check ok
2026-02-21T02:40:01.081Z [svc-notify-0] warning: slow query took 1939ms
2026-02-21T02:40:01.082Z [svc-billing-2] retrying connection to s3 (attempt 1/3)
2026-02-21T02:40:01.082Z [svc-gateway-4] cache hit rate 90%
2026-02-21T02:40:01.083Z [svc-db-2] cache hit rate 90%
2026-02-21T02:40:01.083Z [svc-billing-0] cache hit rate 90%
2026-02-21T02:40:01.084Z [svc-billing-0] closed idle connection after 89s
2026-02-21T02:40:01.086Z [svc-notify-4] closed idle connection after 296s
2026-02-21T02:40:01.087Z [svc-db-3] connected to upstream in 73ms
2026-02-21T02:40:01.088Z [svc-sched-4] health check ok
2026-02-21T02:40:01.089Z [pytest-xdist] gw5 test_export.py::test_update_query PASSED in 117ms trace=6d842927-4ea8-45cf-8b16-fcee44d962a6
2026-02-21T02:40:01.090Z [svc-sched-2] connected to upstream in 65ms
2026-02-21T02:40:01.092Z [svc-gateway-2] retrying connection to s3 (attempt 1/3)
2026-02-21T02:40:01.093Z [svc-db-4] gc pause 56ms, heap 873MB
2026-02-21T02:40:01.093Z [svc-queue-0] connected to upstream in 64ms
2026-02-21T02:40:01.093Z [svc-queue-0] closed idle connection after 230s
2026-02-21T02:40:01.093Z [svc-sched-1] health check ok
2026-02-21T02:40:01.094Z [svc-gateway-4] closed idle connection after 310s
2026-02-21T02:40:01.095Z [svc-auth-0] processed batch of 161 items
2026-02-21T02:40:01.100Z [svc-cache-2] retrying connection to redis (attempt 2/3)
2026-02-21T02:40:01.100Z [svc-cache-4] gc pause 31ms, heap 290MB
2026-02-21T02:40:01.101Z [svc-queue-4] gc pause 106ms, heap 417MB
2026-02-21T02:40:01.102Z [svc-search-3] gc pause 92ms, heap 485MB
2026-02-21T02:40:01.103Z [svc-auth-1] processed batch of 414 items
2026-02-21T02:40:01.105Z [svc-gateway-1] gc pause 16ms, heap 965MB
2026-02-21T02:40:01.107Z [svc-db-1] closed idle connection after 74s
2026-02-21T02:40:01.107Z [svc-billing-2] processed batch of 25 items
2026-02-21T02:40:01.108Z [pytest-xdist] gw3 test_billing.py::test_retry_invoice PASSED in 54ms trace=326bd58a-5232-066a-a395-560cf4e41d35
2026-02-21T02:40:01.108Z [svc-search-0] retrying connection to postgres (attempt 1/3)
2026-02-21T02:40:01.108Z [svc-queue-2] health check ok
2026-02-21T02:40:01.110Z [svc-auth-3] closed idle connection after 80s
2026-02-21T02:40:01.110Z [svc-queue-1] connected to upstream in 45ms
2026-02-21T02:40:01.111Z [svc-search-0] retrying connection to postgres (attempt 1/3)
2026-02-21T02:40:01.111Z [svc-gateway-3] health check ok
2026-02-21T02:40:01.112Z [svc-search-2] retrying connection to kafka (attempt 2/3)
2026-02-21T02:40:01.112Z [svc-queue-4] cache hit rate 92%
2026-02-21T02:40:01.113Z [svc-auth-3] retrying connection to redis (attempt 3/3)
2026-02-21T02:40:01.114Z [svc-db-1] gc pause 73ms, heap 794MB
2026-02-21T02:40:01.114Z [svc-db-2] gc pause 97ms, heap 391MB
2026-02-21T02:40:01.115Z [svc-cache-2] cache hit rate 88%
2026-02-21T02:40:01.116Z [svc-cache-4] retrying connection to s3 (attempt 3/3)
2026-02-21T02:40:01.118Z [svc-billing-0] warning: slow query took 1557ms
2026-02-21T02:40:01.119Z [svc-auth-1] processed batch of 225 items
2026-02-21T02:40:01.122Z [pytest-xdist] gw2 test_queue.py::test_notify_user PASSED in 47ms trace=74a8ba95-0a0d-55a6-62d9-5c36334e0760
2026-02-21T02:40:01.124Z [svc-gateway-2] gc pause 58ms, heap 610MB
2026-02-21T02:40:01.126Z [svc-media-3] cache hit rate 95%
2026-02-21T02:40:01.127Z [svc-sched-0] connected to upstream in 41ms
2026-02-21T02:40:01.128Z [svc-search-3] processed batch of 326 items
2026-02-21T02:40:01.128Z [svc-search-4] gc pause 40ms, heap 994MB
2026-02-21T02:40:01.131Z [svc-cache-0] processed batch of 509 items
2026-02-21T02:40:01.134Z [pytest-xdist] gw1 test_users.py::test_retry_invoice PASSED in 185ms trace=4923e8bc-2908-641a-4c0d-ff7b6867f5a8
2026-02-21T02:40:01.134Z [svc-search-2] retrying connection to kafka (attempt 1/3)
2026-02-21T02:40:01.135Z [svc-cache-0] health check ok
2026-02-21T02:40:01.135Z [svc-queue-0] cache hit rate 88%
2026-02-21T02:40:01.136Z [svc-queue-3] closed idle connection after 54s
2026-02-21T02:40:01.137Z [svc-sched-0] processed batch of 77 items
2026-02-21T02:40:01.138Z [svc-cache-1] gc pause 77ms, heap 924MB
2026-02-21T02:40:01.138Z [svc-notify-1] processed batch of 221 items
2026-02-21T02:40:01.139Z [svc-cache-4] retrying connection to s3 (attempt 2/3)
2026-02-21T02:40:01.139Z [svc-search-3] retrying connection to s3 (attempt 2/3)
2026-02-21T02:40:01.140Z [svc-sched-3] health check ok
2026-02-21T02:40:01.141Z [svc-billing-1] retrying connection to kafka (attempt 2/3)
2026-02-21T02:40:01.141Z [svc-queue-2] gc pause 117ms, heap 927MB
2026-02-21T02:40:01.142Z [pytest-xdist] gw0 test_search.py::test_reconcile_webhook PASSED in 106ms trace=792d3198-9608-237d-4e7a-c53cb94c5ebc
2026-02-21T02:40:01.143Z [svc-auth-0] connected to upstream in 81ms
2026-02-21T02:40:01.144Z [svc-search-1] connected to upstream in 22ms
2026-02-21T02:40:01.148Z [svc-search-3] processed batch of 94 items
2026-02-21T02:40:01.150Z [svc-auth-0] health check ok
2026-02-21T02:40:01.152Z [pytest-xdist] gw0 test_gateway.py::test_paginate_invoice PASSED in 235ms trace=8bee9f36-9dc1-0d2b-15e3-0bd88b891ec1
2026-02-21T02:40:01.152Z [svc-sched-3] warning: slow query took 1963ms
2026-02-21T02:40:01.153Z [svc-gateway-2] closed idle connection after 326s
2026-02-21T02:40:01.154Z [svc-sched-0] retrying connection to vault (attempt 3/3)
2026-02-21T02:40:01.156Z [svc-auth-1] closed idle connection after 204s
2026-02-21T02:40:01.156Z [svc-auth-1] gc pause 92ms, heap 562MB
2026-02-21T02:40:01.156Z [svc-search-1] retrying connection to redis (attempt 3/3)
2026-02-21T02:40:01.157Z [svc-queue-4] health check ok
2026-02-21T02:40:01.158Z [svc-search-2] processed batch of 249 items
2026-02-21T02:40:01.158Z [svc-queue-0] health check ok
2026-02-21T02:40:01.159Z [svc-auth-1] warning: slow query took 303ms
2026-02-21T02:40:01.159Z [svc-db-4] closed idle connection after 329s
2026-02-21T02:40:01.162Z [svc-notify-1] retrying connection to redis (attempt 3/3)
2026-02-21T02:40:01.162Z [svc-media-2] gc pause 69ms, heap 623MB
2026-02-21T02:40:01.163Z [svc-search-3] retrying connection to s3 (attempt 3/3)
2026-02-21T02:40:01.163Z [svc-sched-4] connected to upstream in 68ms
2026-02-21T02:40:01.164Z [svc-queue-4] processed batch of 78 items
2026-02-21T02:40:01.165Z [pytest-xdist] gw1 test_export.py::test_expire_invoice PASSED in 71ms trace=6f7457b3-a694-4234-01ff-7990d5443509
2026-02-21T02:40:01.168Z [svc-notify-0] cache hit rate 85%
2026-02-21T02:40:01.168Z [svc-notify-2] retrying connection to kafka (attempt 3/3)
2026-02-21T02:40:01.168Z [svc-media-2] connected to upstream in 45ms
2026-02-21T02:40:01.174Z [svc-billing-3] gc pause 15ms, heap 715MB
2026-02-21T02:40:01.174Z [svc-gateway-3] processed batch of 400 items
2026-02-21T02:40:01.176Z [svc-auth-0] cache hit rate 95%
2026-02-21T02:40:01.176Z [svc-db-0] retrying connection to kafka (attempt 2/3)
2026-02-21T02:40:01.180Z [svc-media-2] gc pause 22ms, heap 402MB
2026-02-21T02:40:01.181Z [pytest-xdist] gw3 test_search.py::test_render_region PASSED in 241ms trace=6a25ca0b-fb19-fac4-4c6b-4c7c4e226356
2026-02-21T02:40:01.181Z [svc-db-3] processed batch of 443 items
2026-02-21T02:40:01.182Z [svc-auth-0] retrying connection to elasticsearch (attempt 3/3)
2026-02-21T02:40:01.184Z [svc-search-4] retrying connection to elasticsearch (attempt 1/3)
2026-02-21T02:40:01.185Z [svc-media-0] cache hit rate 95%
2026-02-21T02:40:01.186Z [svc-sched-3] warning: slow query took 627ms
2026-02-21T02:40:01.186Z [svc-sched-4] processed batch of 84 items
2026-02-21T02:40:01.187Z [pytest-xdist] gw4 test_search.py::test_list_webhook PASSED in 46ms trace=170a3c7e-383a-38c5-f553-ebbc686d6aa6
2026-02-21T02:40:01.187Z [svc-search-1] gc pause 50ms, heap 260MB
2026-02-21T02:40:01.190Z [svc-search-4] closed idle connection after 244s
2026-02-21T02:40:01.192Z [svc-db-3] health check ok
2026-02-21T02:40:01.193Z [svc-media-0] cache hit rate 95%
2026-02-21T02:40:01.194Z [svc-db-4] retrying connection to postgres (attempt 2/3)
2026-02-21T02:40:01.197Z [pytest-xdist] gw0 test_webhooks.py::test_reconcile_quota PASSED in 119ms trace=38d67428-9490-619d-47f0-63dbfc327fec
2026-02-21T02:40:01.199Z [svc-media-4] retrying connection to s3 (attempt 1/3)
2026-02-21T02:40:01.200Z [svc-sched-4] connected to upstream in 35ms
2026-02-21T02:40:01.201Z [svc-gateway-3] connected to upstream in 84ms
2026-02-21T02:40:01.201Z [svc-sched-0] health check ok
2026-02-21T02:40:01.204Z [svc-billing-3] retrying connection to elasticsearch (attempt 3/3)
2026-02-21T02:40:01.205Z [svc-billing-0] retrying connection to redis (attempt 2/3)
2026-02-21T02:40:01.209Z [svc-media-2] cache hit rate 85%
2026-02-21T02:40:01.209Z [svc-sched-2] warning: slow query took 1644ms
2026-02-21T02:40:01.210Z [svc-db-2] cache hit rate 95%
2026-02-21T02:40:01.212Z [svc-auth-3] connected to upstream in 50ms
2026-02-21T02:40:01.213Z [pytest-xdist] gw2 test_sched.py::test_render_index PASSED in 63ms trace=71d12d92-6b6a-d16d-3df2-2d11debaf15a
2026-02-21T02:40:01.214Z [svc-search-3] closed idle connection after 285s
2026-02-21T02:40:01.214Z [svc-gateway-2] warning: slow query took 1595ms
2026-02-21T02:40:01.215Z [svc-gateway-1] retrying connection to kafka (attempt 3/3)
2026-02-21T02:40:01.216Z [svc-search-2] health check ok
2026-02-21T02:40:01.216Z [svc-sched-4] processed batch of 213 items
2026-02-21T02:40:01.219Z [svc-search-4] closed idle connection after 198s
2026-02-21T02:40:01.221Z [svc-billing-1] retrying connection to kafka (attempt 2/3)
2026-02-21T02:40:01.221Z [svc-search-0] processed batch of 436 items
2026-02-21T02:40:01.221Z [svc-queue-4] gc pause 20ms, heap 303MB
2026-02-21T02:40:01.221Z [svc-sched-0] health check ok
2026-02-21T02:40:01.222Z [svc-db-0] connected to upstream in 60ms
2026-02-21T02:40:01.222Z [svc-notify-1] closed idle connection after 266s
2026-02-21T02:40:01.224Z [svc-auth-4] cache hit rate 85%
2026-02-21T02:40:01.227Z [pytest-xdist] gw2 test_sched.py::test_validate_region PASSED in 100ms trace=cf162536-5e2c-7e25-065d-6f9658c85703
2026-02-21T02:40:01.227Z [svc-notify-0] warning: slow query took 225ms
2026-02-21T02:40:01.227Z [svc-queue-0] cache hit rate 85%
2026-02-21T02:40:01.227Z [svc-sched-2] closed idle connection after 145s
2026-02-21T02:40:01.228Z [svc-notify-0] gc pause 33ms, heap 756MB
2026-02-21T02:40:01.229Z [svc-billing-4] cache hit rate 90%
2026-02-21T02:40:01.229Z [svc-media-3] retrying connection to kafka (attempt 1/3)
2026-02-21T02:40:01.230Z [svc-search-3] gc pause 103ms, heap 712MB
2026-02-21T02:40:01.231Z [svc-db-3] connected to upstream in 21ms
2026-02-21T02:40:01.232Z [svc-cache-4] gc pause 75ms, heap 435MB
2026-02-21T02:40:01.234Z [svc-cache-2] gc pause 50ms, heap 279MB
2026-02-21T02:40:01.235Z [svc-auth-0] cache hit rate 85%
2026-02-21T02:40:01.235Z [svc-auth-4] retrying connection to kafka (attempt 3/3)
2026-02-21T02:40:01.236Z [svc-billing-1] warning: slow query took 393ms
2026-02-21T02:40:01.236Z [svc-queue-4] health check ok
2026-02-21T02:40:01.237Z [svc-sched-4] health check ok
2026-02-21T02:40:01.238Z [svc-notify-3] gc pause 37ms, heap 683MB
2026-02-21T02:40:01.240Z [svc-search-4] warning: slow query took 1196ms
2026-02-21T02:40:01.246Z [pytest-xdist] gw1 test_reports.py::test_reconcile_shipment PASSED in 31ms trace=045bce5d-e109-5f32-0d09-4cd7094d36b2
2026-02-21T02:40:01.246Z [svc-db-3] retrying connection to vault (attempt 1/3)
2026-02-21T02:40:01.247Z [svc-auth-1] processed batch of 95 items
2026-02-21T02:40:01.247Z [svc-billing-3] cache hit rate 95%
2026-02-21T02:40:01.248Z [svc-media-1] retrying connection to postgres (attempt 1/3)
2026-02-21T02:40:01.250Z [svc-auth-1] closed idle connection after 46s
2026-02-21T02:40:01.251Z [svc-gateway-3] gc pause 112ms, heap 753MB
2026-02-21T02:40:01.251Z [svc-sched-0] closed idle connection after 144s
2026-02-21T02:40:01.254Z [svc-queue-0] warning: slow query took 1908ms
2026-02-21T02:40:01.254Z [svc-sched-4] retrying connection to s3 (attempt 3/3)
2026-02-21T02:40:01.259Z [svc-queue-0] health check ok
2026-02-21T02:40:01.260Z [svc-search-1] warning: slow query took 971ms
2026-02-21T02:40:01.262Z [svc-notify-0] closed idle connection after 97s
2026-02-21T02:40:01.264Z [pytest-xdist] gw0 test_import.py::test_cache_invoice PASSED in 240ms trace=19a259fb-e6ee-b857-fee0-f7b90800bb59
2026-02-21T02:40:01.264Z [svc-search-3] health check ok
2026-02-21T02:40:01.265Z [svc-db-3] warning: slow query took 693ms
2026-02-21T02:40:01.266Z [svc-search-1] warning: slow query took 1033ms
2026-02-21T02:40:01.267Z [pytest-xdist] gw5 test_sched.py::test_retry_index PASSED in 70ms trace=e8714dfc-c66a-256e-1dbc-a080d8fa6e83
2026-02-21T02:40:01.268Z [svc-auth-0] retrying connection to elasticsearch (attempt 3/3)
2026-02-21T02:40:01.268Z [svc-gateway-1] gc pause 48ms, heap 350MB
2026-02-21T02:40:01.268Z [svc-sched-2] connected to upstream in 57ms
2026-02-21T02:40:01.269Z [svc-auth-4] warning: slow query took 629ms
2026-02-21T02:40:01.269Z [svc-queue-2] retrying connection to redis (attempt 1/3)
2026-02-21T02:40:01.270Z [svc-billing-1] retrying connection to kafka (attempt 3/3)
2026-02-21T02:40:01.270Z [svc-billing-4] closed idle connection after 45s
2026-02-21T02:40:01.271Z [svc-billing-0] health check ok
2026-02-21T02:40:01.272Z [svc-auth-4] gc pause 64ms, heap 281MB
2026-02-21T02:40:01.275Z [svc-db-0] cache hit rate 90%
2026-02-21T02:40:01.275Z [svc-queue-4] closed idle connection after 119s
2026-02-21T02:40:01.275Z [svc-sched-0] retrying connection to vault (attempt 3/3)
2026-02-21T02:40:01.276Z [svc-auth-0] retrying connection to elasticsearch (attempt 2/3)
2026-02-21T02:40:01.277Z [svc-db-2] processed batch of 498 items
2026-02-21T02:40:01.277Z [svc-queue-0] connected to upstream in 14ms
2026-02-21T02:40:01.278Z [svc-sched-2] processed batch of 283 items
2026-02-21T02:40:01.279Z [svc-notify-0] retrying connection to postgres (attempt 1/3)
2026-02-21T02:40:01.279Z [svc-gateway-4] cache hit rate 88%
2026-02-21T02:40:01.280Z [svc-search-2] health check ok
2026-02-21T02:40:01.281Z [svc-cache-0] processed batch of 369 items
2026-02-21T02:40:01.284Z [pytest-xdist] gw1 test_search.py::test_expire_invoice PASSED in 193ms trace=afb73938-94f5-7a09-a93f-2d1a257efc30
2026-02-21T02:40:01.285Z [svc-db-2] warning: slow query took 2181ms
2026-02-21T02:40:01.286Z [svc-cache-4] health check ok
2026-02-21T02:40:01.287Z [svc-notify-1] health check ok
2026-02-21T02:40:01.288Z [svc-db-2] retrying connection to elasticsearch (attempt 2/3)
2026-02-21T02:40:01.288Z [svc-search-3] processed batch of 292 items
2026-02-21T02:40:01.289Z [svc-queue-3] health check ok
2026-02-21T02:40:01.290Z [svc-search-4] cache hit rate 90%
2026-02-21T02:40:01.291Z [svc-notify-3] closed idle connection after 48s
2026-02-21T02:40:01.292Z [svc-billing-3] cache hit rate 95%
2026-02-21T02:40:01.293Z [pytest-xdist] gw5 test_media.py::test_reconcile_shipment PASSED in 30ms trace=8712b762-c270-81c3-c919-5a796ad3e06d
2026-02-21T02:40:01.294Z [svc-sched-0] gc pause 79ms, heap 178MB
2026-02-21T02:40:01.296Z [pytest-xdist] gw5 test_search.py::test_validate_user PASSED in 120ms trace=aec1ccc3-972e-4441-e0c8-ff943ce1c051
2026-02-21T02:40:01.298Z [svc-cache-0] connected to upstream in 56ms
2026-02-21T02:40:01.298Z [svc-cache-4] processed batch of 270 items
2026-02-21T02:40:01.299Z [svc-billing-1] health check ok
2026-02-21T02:40:01.300Z [svc-cache-4] connected to upstream in 78ms
2026-02-21T02:40:01.300Z [svc-sched-2] connected to upstream in 29ms
2026-02-21T02:40:01.301Z [svc-db-3] cache hit rate 85%
2026-02-21T02:40:01.301Z [svc-db-4] health check ok
2026-02-21T02:40:01.301Z [svc-notify-2] closed idle connection after 221s
2026-02-21T02:40:01.301Z [svc-queue-1] closed idle connection after 204s
2026-02-21T02:40:01.307Z [svc-cache-3] retrying connection to kafka (attempt 3/3)
2026-02-21T02:40:01.313Z [svc-media-1] warning: slow query took 1090ms
2026-02-21T02:40:01.314Z [svc-auth-3] retrying connection to redis (attempt 3/3)
2026-02-21T02:40:01.314Z [svc-search-1] gc pause 25ms, heap 359MB
2026-02-21T02:40:01.314Z [svc-notify-1] gc pause 121ms, heap 399MB
2026-02-21T02:40:01.314Z [svc-gateway-0] processed batch of 321 items
2026-02-21T02:40:01.314Z [svc-media-2] connected to upstream in 31ms
2026-02-21T02:40:01.317Z [svc-media-2] gc pause 100ms, heap 834MB
2026-02-21T02:40:01.318Z [pytest-xdist] gw1 test_search.py::test_authorize_refund PASSED in 17ms trace=9d906223-3c9b-807f-947c-59528a11974d
2026-02-21T02:40:01.318Z [svc-auth-3] retrying connection to redis (attempt 3/3)
2026-02-21T02:40:01.318Z [svc-billing-4] processed batch of 50 items
2026-02-21T02:40:01.324Z [svc-cache-1] connected to upstream in 60ms
2026-02-21T02:40:01.325Z [pytest-xdist] gw1 test_gateway.py::test_update_index PASSED in 151ms trace=f6cb4cb8-1e97-46e6-3b9f-db9c04e0cd65
2026-02-21T02:40:01.326Z [svc-cache-3] warning: slow query took 1667ms
2026-02-21T02:40:01.327Z [svc-sched-2] processed batch of 362 items
2026-02-21T02:40:01.328Z [svc-notify-1] warning: slow query took 359ms
2026-02-21T02:40:01.331Z [svc-gateway-1] health check ok
2026-02-21T02:40:01.332Z [svc-media-3] closed idle connection after 270s
2026-02-21T02:40:01.333Z [pytest-xdist] gw5 test_billing.py::test_cache_shipment PASSED in 9ms trace=adef89fd-5ec1-4049-34dd-3e98ba5fab55
2026-02-21T02:40:01.334Z [svc-cache-4] processed batch of 471 items
2026-02-21T02:40:01.334Z [svc-media-1] warning: slow query took 542ms
2026-02-21T02:40:01.335Z [svc-auth-1] closed idle connection after 172s
2026-02-21T02:40:01.336Z [svc-gateway-4] warning: slow query took 2189ms
2026-02-21T02:40:01.337Z [svc-db-2] retrying connection to elasticsearch (attempt 2/3)
2026-02-21T02:40:01.338Z [svc-auth-1] retrying connection to vault (attempt 1/3)
2026-02-21T02:40:01.339Z [svc-auth-3] retrying connection to redis (attempt 2/3)
2026-02-21T02:40:01.340Z [svc-auth-0] cache hit rate 95%
2026-02-21T02:40:01.340Z [svc-billing-1] gc pause 77ms, heap 807MB
2026-02-21T02:40:01.341Z [svc-media-3] warning: slow query took 1340ms
2026-02-21T02:40:01.342Z [svc-search-4] gc pause 52ms, heap 161MB
2026-02-21T02:40:01.343Z [pytest-xdist] gw2 test_export.py::test_cache_query PASSED in 198ms trace=3de8c276-d04c-cd4d-67bf-ae93c95dc815
2026-02-21T02:40:01.345Z [svc-gateway-0] warning: slow query took 214ms
2026-02-21T02:40:01.345Z [svc-queue-0] cache hit rate 92%
2026-02-21T02:40:01.346Z [svc-queue-1] health check ok
2026-02-21T02:40:01.346Z [svc-queue-4] retrying connection to s3 (attempt 3/3)
2026-02-21T02:40:01.347Z [svc-billing-0] processed batch of 319 items
2026-02-21T02:40:01.347Z [svc-sched-3] cache hit rate 92%
2026-02-21T02:40:01.352Z [svc-auth-4] cache hit rate 90%
2026-02-21T02:40:01.352Z [svc-billing-1] retrying connection to kafka (attempt 2/3)
2026-02-21T02:40:01.354Z [svc-auth-1] gc pause 70ms, heap 760MB
2026-02-21T02:40:01.354Z [svc-cache-2] processed batch of 61 items
2026-02-21T02:40:01.356Z [svc-media-1] retrying connection to postgres (attempt 1/3)
2026-02-21T02:40:01.359Z [pytest-xdist] gw4 test_webhooks.py::test_list_token PASSED in 8ms trace=92b4c7b4-530e-4287-dc42-9aaeecba19e6
2026-02-21T02:40:01.360Z [svc-media-3] warning: slow query took 885ms
2026-02-21T02:40:01.360Z [svc-queue-1] closed idle connection after 83s
2026-02-21T02:40:01.361Z [svc-media-3] warning: slow query took 1952ms
2026-02-21T02:40:01.363Z [svc-db-2] connected to upstream in 9ms
2026-02-21T02:40:01.363Z [svc-billing-0] processed batch of 433 items
2026-02-21T02:40:01.366Z [pytest-xdist] gw0 test_search.py::test_notify_index PASSED in 33ms trace=e032493c-00ff-6c24-e8eb-05d8839ab04d
2026-02-21T02:40:01.368Z [svc-notify-4] connected to upstream in 25ms
2026-02-21T02:40:01.370Z [svc-notify-4] gc pause 40ms, heap 132MB
2026-02-21T02:40:01.371Z [svc-cache-4] cache hit rate 92%
2026-02-21T02:40:01.371Z [svc-search-0] closed idle connection after 312s
2026-02-21T02:40:01.372Z [svc-db-3] cache hit rate 85%
2026-02-21T02:40:01.373Z [svc-search-1] warning: slow query took 1286ms
2026-02-21T02:40:01.375Z [svc-billing-4] connected to upstream in 83ms
2026-02-21T02:40:01.377Z [svc-notify-0] processed batch of 20 items
2026-02-21T02:40:01.377Z [svc-notify-4] gc pause 41ms, heap 328MB
2026-02-21T02:40:01.377Z [svc-media-3] health check ok
2026-02-21T02:40:01.379Z [svc-notify-2] processed batch of 91 items
2026-02-21T02:40:01.386Z [pytest-xdist] gw5 test_search.py::test_validate_query PASSED in 95ms trace=c4ad8270-ce3a-e4f3-c992-95120cd5a0e3
2026-02-21T02:40:01.387Z [svc-auth-3] processed batch of 184 items
2026-02-21T02:40:01.387Z [svc-gateway-2] gc pause 71ms, heap 872MB
2026-02-21T02:40:01.388Z [svc-queue-3] connected to upstream in 7ms
2026-02-21T02:40:01.391Z [svc-sched-1] gc pause 57ms, heap 729MB
2026-02-21T02:40:01.392Z [svc-billing-3] processed batch of 28 items
2026-02-21T02:40:01.392Z [svc-media-1] warning: slow query took 1009ms
2026-02-21T02:40:01.396Z [svc-media-0] connected to upstream in 41ms
2026-02-21T02:40:01.396Z [svc-queue-2] retrying connection to redis (attempt 3/3)
2026-02-21T02:40:01.400Z [svc-sched-3] closed idle connection after 228s
2026-02-21T02:40:01.401Z [svc-auth-4] connected to upstream in 69ms
2026-02-21T02:40:01.401Z [svc-notify-0] closed idle connection after 172s
2026-02-21T02:40:01.401Z [svc-notify-4] retrying connection to elasticsearch (attempt 2/3)
2026-02-21T02:40:01.402Z [pytest-xdist] gw3 test_search.py::test_render_subscription PASSED in 34ms trace=47448a21-2423-de88-451c-0ba79daf7fee
2026-02-21T02:40:01.404Z [svc-gateway-0] warning: slow query took 725ms
2026-02-21T02:40:01.407Z [svc-gateway-2] cache hit rate 95%
2026-02-21T02:40:01.408Z [svc-auth-3] retrying connection to redis (attempt 3/3)
2026-02-21T02:40:01.412Z [svc-cache-1] processed batch of 340 items
2026-02-21T02:40:01.412Z [svc-db-4] cache hit rate 90%
2026-02-21T02:40:01.412Z [svc-notify-2] processed batch of 104 items
2026-02-21T02:40:01.412Z [svc-media-0] closed idle connection after 71s
2026-02-21T02:40:01.413Z [pytest-xdist] gw0 test_webhooks.py::test_sync_user PASSED in 18ms trace=e7ba0915-0b25-d37c-7961-0b3dc5d8b69d
2026-02-21T02:40:01.414Z [svc-queue-1] processed batch of 409 items
2026-02-21T02:40:01.415Z [svc-search-4] retrying connection to elasticsearch (attempt 1/3)
2026-02-21T02:40:01.416Z [pytest-xdist] gw0 test_search.py::test_reconcile_template PASSED in 151ms trace=8385b456-af7f-97b7-d787-6a5f74c8f8ab
2026-02-21T02:40:01.416Z [svc-gateway-2] connected to upstream in 39ms
2026-02-21T02:40:01.417Z [svc-billing-2] health check ok
2026-02-21T02:40:01.417Z [svc-billing-3] warning: slow query took 1101ms
2026-02-21T02:40:01.417Z [svc-queue-1] retrying connection to postgres (attempt 3/3)
2026-02-21T02:40:01.418Z [svc-gateway-4] warning: slow query took 283ms
2026-02-21T02:40:01.419Z [svc-gateway-4] gc pause 33ms, heap 344MB
2026-02-21T02:40:01.420Z [svc-queue-3] cache hit rate 92%
2026-02-21T02:40:01.420Z [svc-sched-1] retrying connection to postgres (attempt 3/3)
2026-02-21T02:40:01.422Z [svc-db-2] health check ok
2026-02-21T02:40:01.422Z [svc-search-4] processed batch of 241 items
2026-02-21T02:40:01.422Z [svc-notify-0] processed batch of 144 items
2026-02-21T02:40:01.423Z [svc-auth-3] gc pause 43ms, heap 381MB
2026-02-21T02:40:01.423Z [svc-gateway-1] closed idle connection after 100s
2026-02-21T02:40:01.425Z [svc-gateway-0] connected to upstream in 35ms
2026-02-21T02:40:01.434Z [svc-db-0] cache hit rate 92%
2026-02-21T02:40:01.434Z [svc-gateway-3] warning: slow query took 1687ms
2026-02-21T02:40:01.434Z [svc-queue-0] closed idle connection after 173s
2026-02-21T02:40:01.436Z [pytest-xdist] gw0 test_payments.py::test_sync_template SKIPPED (reason: flaky-see-issue-482)
2026-02-21T02:40:01.436Z [svc-cache-3] gc pause 31ms, heap 429MB
2026-02-21T02:40:01.437Z [svc-search-1] health check ok
2026-02-21T02:40:01.438Z [svc-queue-4] warning: slow query took 2094ms
2026-02-21T02:40:01.439Z [svc-auth-3] connected to upstream in 16ms
2026-02-21T02:40:01.439Z [svc-notify-4] warning: slow query took 588ms
2026-02-21T02:40:01.441Z [svc-billing-2] gc pause 108ms, heap 319MB
2026-02-21T02:40:01.443Z [svc-gateway-2] warning: slow query took 1470ms
2026-02-21T02:40:01.445Z [svc-cache-2] processed batch of 453 items
2026-02-21T02:40:01.445Z [svc-billing-0] gc pause 36ms, heap 656MB
2026-02-21T02:40:01.447Z [svc-search-3] health check ok
2026-02-21T02:40:01.449Z [svc-search-4] health check ok
2026-02-21T02:40:01.449Z [svc-notify-0] warning: slow query took 1272ms
2026-02-21T02:40:01.449Z [svc-sched-0] retrying connection to vault (attempt 2/3)
2026-02-21T02:40:01.451Z [svc-search-3] retrying connection to s3 (attempt 1/3)
2026-02-21T02:40:01.451Z [svc-sched-1] retrying connection to postgres (attempt 3/3)
2026-02-21T02:40:01.452Z [pytest-xdist] gw4 test_orders.py::test_paginate_coupon PASSED in 125ms trace=97a4b384-0864-fee1-33d0-041a3809634d
2026-02-21T02:40:01.455Z [pytest-xdist] gw3 test_users.py::test_notify_coupon PASSED in 250ms trace=fc1c8ec3-b36f-59fd-06d8-98fa4d01825c
2026-02-21T02:40:01.458Z [svc-gateway-4] health check ok
2026-02-21T02:40:01.459Z [svc-queue-4] retrying connection to s3 (attempt 1/3)
2026-02-21T02:40:01.459Z [svc-sched-2] retrying connection to redis (attempt 3/3)
2026-02-21T02:40:01.460Z [svc-search-4] retrying connection to elasticsearch (attempt 2/3)
2026-02-21T02:40:01.463Z [svc-queue-0] cache hit rate 85%
2026-02-21T02:40:01.464Z [svc-notify-2] closed idle connection after 34s
2026-02-21T02:40:01.464Z [svc-media-1] closed idle connection after 297s
2026-02-21T02:40:01.465Z [svc-db-4] closed idle connection after 323s
2026-02-21T02:40:01.465Z [svc-gateway-0] retrying connection to redis (attempt 3/3)
2026-02-21T02:40:01.467Z [svc-queue-4] cache hit rate 88%
2026-02-21T02:40:01.468Z [svc-media-0] retrying connection to vault (attempt 2/3)
2026-02-21T02:40:01.471Z [svc-auth-4] retrying connection to kafka (attempt 1/3)
2026-02-21T02:40:01.474Z [svc-queue-3] warning: slow query took 1118ms
2026-02-21T02:40:01.475Z [svc-sched-1] processed batch of 121 items
2026-02-21T02:40:01.476Z [svc-media-1] gc pause 48ms, heap 393MB
2026-02-21T02:40:01.476Z [svc-queue-3] retrying connection to kafka (attempt 1/3)
2026-02-21T02:40:01.477Z [pytest-xdist] gw3 test_billing.py::test_delete_shipment PASSED in 123ms trace=3c28fbac-fd99-ab84-8300-78fddcfa03e9
2026-02-21T02:40:01.477Z [svc-sched-0] connected to upstream in 77ms
2026-02-21T02:40:01.481Z [svc-gateway-4] gc pause 117ms, heap 584MB
2026-02-21T02:40:01.483Z [svc-sched-2] health check ok
2026-02-21T02:40:01.484Z [svc-db-0] retrying connection to kafka (attempt 3/3)
2026-02-21T02:40:01.484Z [svc-billing-1] retrying connection to kafka (attempt 3/3)
2026-02-21T02:40:01.485Z [svc-queue-4] connected to upstream in 30ms
2026-02-21T02:40:01.488Z [svc-sched-1] connected to upstream in 30ms
2026-02-21T02:40:01.490Z [svc-auth-1] gc pause 22ms, heap 482MB
2026-02-21T02:40:01.490Z [svc-media-3] retrying connection to kafka (attempt 1/3)
2026-02-21T02:40:01.491Z [svc-media-0] gc pause 103ms, heap 798MB
2026-02-21T02:40:01.491Z [svc-media-4] cache hit rate 85%
2026-02-21T02:40:01.493Z [pytest-xdist] gw3 test_billing.py::test_retry_token PASSED in 171ms trace=123dc0b2-ca22-68b3-954c-0fd5bac30470
2026-02-21T02:40:01.495Z [svc-queue-2] health check ok
2026-02-21T02:40:01.497Z [svc-db-0] processed batch of 97 items
2026-02-21T02:40:01.497Z [svc-search-4] cache hit rate 90%
2026-02-21T02:40:01.498Z [svc-media-4] health check ok
2026-02-21T02:40:01.499Z [svc-queue-4] retrying connection to s3 (attempt 3/3)
2026-02-21T02:40:01.501Z [svc-search-2] retrying connection to kafka (attempt 2/3)
2026-02-21T02:40:01.502Z [svc-billing-1] processed batch of 76 items
2026-02-21T02:40:01.505Z [svc-queue-0] processed batch of 340 items
2026-02-21T02:40:01.507Z [svc-notify-1] processed batch of 223 items
2026-02-21T02:40:01.510Z [svc-media-3] closed idle connection after 100s
2026-02-21T02:40:01.511Z [svc-media-3] closed idle connection after 144s
2026-02-21T02:40:01.512Z [svc-billing-3] connected to upstream in 20ms
2026-02-21T02:40:01.512Z [svc-media-3] cache hit rate 88%
2026-02-21T02:40:01.513Z [pytest-xdist] gw4 test_webhooks.py::test_render_user PASSED in 57ms trace=20fe874c-a46c-ce26-6339-16dbb560ef08
2026-02-21T02:40:01.513Z [svc-queue-4] retrying connection to s3 (attempt 2/3)
2026-02-21T02:40:01.514Z [svc-search-1] processed batch of 88 items
2026-02-21T02:40:01.514Z [svc-search-2] health check ok
2026-02-21T02:40:01.516Z [svc-auth-0] retrying connection to elasticsearch (attempt 2/3)
2026-02-21T02:40:01.516Z [svc-cache-3] gc pause 75ms, heap 837MB
2026-02-21T02:40:01.516Z [svc-db-1] cache hit rate 90%
2026-02-21T02:40:01.517Z [svc-sched-2] gc pause 75ms, heap 300MB
2026-02-21T02:40:01.519Z [svc-billing-0] retrying connection to redis (attempt 3/3)
2026-02-21T02:40:01.520Z [svc-media-2] warning: slow query took 410ms
2026-02-21T02:40:01.523Z [svc-cache-4] cache hit rate 95%
2026-02-21T02:40:01.524Z [pytest-xdist] gw3 test_webhooks.py::test_parse_refund PASSED in 55ms trace=ca9364a5-4b64-3520-4c06-c6565f1621c9
2026-02-21T02:40:01.524Z [svc-media-0] warning: slow query took 2127ms
2026-02-21T02:40:01.526Z [svc-gateway-1] processed batch of 485 items
2026-02-21T02:40:01.526Z [svc-media-1] processed batch of 488 items
2026-02-21T02:40:01.526Z [svc-media-3] connected to upstream in 82ms
2026-02-21T02:40:01.527Z [svc-media-0] retrying connection to vault (attempt 3/3)
2026-02-21T02:40:01.528Z [svc-auth-0] health check ok
2026-02-21T02:40:01.531Z [svc-search-2] retrying connection to kafka (attempt 2/3)
2026-02-21T02:40:01.532Z [svc-notify-2] retrying connection to kafka (attempt 1/3)
2026-02-21T02:40:01.532Z [svc-media-4] closed idle connection after 97s
2026-02-21T02:40:01.536Z [svc-billing-1] warning: slow query took 873ms
2026-02-21T02:40:01.537Z [pytest-xdist] gw4 test_search.py::test_reconcile_query PASSED in 133ms trace=eacc9404-85e3-0c58-7a4a-63084c321acf
2026-02-21T02:40:01.537Z [svc-sched-1] health check ok
2026-02-21T02:40:01.542Z [pytest-xdist] gw2 test_billing.py::test_sync_shipment PASSED in 133ms trace=e798166b-06cb-cf4b-1b61-46ed7b122099
2026-02-21T02:40:01.543Z [svc-auth-3] warning: slow query took 983ms
2026-02-21T02:40:01.546Z [svc-notify-3] warning: slow query took 1683ms
2026-02-21T02:40:01.548Z [svc-billing-4] connected to upstream in 83ms
2026-02-21T02:40:01.550Z [svc-billing-4] retrying connection to vault (attempt 1/3)
2026-02-21T02:40:01.551Z [svc-db-2] retrying connection to elasticsearch (attempt 1/3)
2026-02-21T02:40:01.551Z [svc-media-0] cache hit rate 92%
2026-02-21T02:40:01.552Z [svc-notify-3] retrying connection to s3 (attempt 3/3)
2026-02-21T02:40:01.553Z [svc-cache-3] retrying connection to kafka (attempt 2/3)
2026-02-21T02:40:01.554Z [svc-auth-3] health check ok
2026-02-21T02:40:01.556Z [svc-search-3] cache hit rate 95%
2026-02-21T02:40:01.557Z [svc-db-1] processed batch of 432 items
2026-02-21T02:40:01.558Z [pytest-xdist] gw2 test_orders.py::test_delete_region PASSED in 228ms trace=3e5e4b32-fb8d-a5ab-4253-759d188ed8ac
2026-02-21T02:40:01.558Z [svc-auth-1] connected to upstream in 69ms
2026-02-21T02:40:01.561Z [svc-db-2] closed idle connection after 35s
2026-02-21T02:40:01.563Z [svc-search-2] connected to upstream in 53ms
2026-02-21T02:40:01.564Z [svc-gateway-1] retrying connection to kafka (attempt 3/3)
2026-02-21T02:40:01.564Z [svc-sched-3] connected to upstream in 22ms
2026-02-21T02:40:01.565Z [svc-sched-2] retrying connection to redis (attempt 2/3)
2026-02-21T02:40:01.567Z [svc-db-4] processed batch of 158 items
2026-02-21T02:40:01.567Z [svc-billing-0] warning: slow query took 1269ms
2026-02-21T02:40:01.567Z [svc-notify-1] health check ok
2026-02-21T02:40:01.567Z [svc-sched-1] connected to upstream in 7ms
2026-02-21T02:40:01.568Z [svc-gateway-0] cache hit rate 90%
2026-02-21T02:40:01.571Z [pytest-xdist] gw3 test_webhooks.py::test_create_template PASSED in 46ms trace=6a17cec8-eaa5-c209-8449-1ca89dd75226
2026-02-21T02:40:01.571Z [svc-billing-2] closed idle connection after 242s
2026-02-21T02:40:01.571Z [svc-queue-2] gc pause 49ms, heap 301MB
2026-02-21T02:40:01.571Z [svc-sched-1] closed idle connection after 172s
2026-02-21T02:40:01.572Z [svc-auth-1] connected to upstream in 59ms
2026-02-21T02:40:01.572Z [svc-db-2] closed idle connection after 259s
2026-02-21T02:40:01.573Z [svc-db-0] connected to upstream in 36ms
2026-02-21T02:40:01.573Z [svc-queue-1] warning: slow query took 1567ms
2026-02-21T02:40:01.574Z [svc-cache-3] retrying connection to kafka (attempt 3/3)
2026-02-21T02:40:01.575Z [svc-auth-2] health check ok
2026-02-21T02:40:01.578Z [svc-queue-3] retrying connection to kafka (attempt 2/3)
2026-02-21T02:40:01.580Z [svc-media-1] warning: slow query took 1405ms
2026-02-21T02:40:01.583Z [svc-auth-2] closed idle connection after 163s
2026-02-21T02:40:01.583Z [svc-notify-4] retrying connection to elasticsearch (attempt 1/3)
2026-02-21T02:40:01.586Z [svc-notify-0] health check ok
2026-02-21T02:40:01.589Z [pytest-xdist] gw2 test_users.py::test_reconcile_index PASSED in 227ms trace=688a25d2-f1fa-440e-753c-5c1493ed6a69
2026-02-21T02:40:01.589Z [svc-auth-0] connected to upstream in 62ms
2026-02-21T02:40:01.593Z [svc-queue-4] closed idle connection after 291s
2026-02-21T02:40:01.593Z [svc-sched-3] gc pause 64ms, heap 864MB
2026-02-21T02:40:01.594Z [svc-cache-2] gc pause 107ms, heap 717MB
2026-02-21T02:40:01.595Z [svc-notify-0] connected to upstream in 36ms
2026-02-21T02:40:01.596Z [svc-auth-2] connected to upstream in 37ms
2026-02-21T02:40:01.596Z [svc-search-1] closed idle connection after 255s
2026-02-21T02:40:01.596Z [svc-media-4] closed idle connection after 296s
2026-02-21T02:40:01.597Z [svc-auth-0] retrying connection to elasticsearch (attempt 1/3)
2026-02-21T02:40:01.598Z [svc-media-1] gc pause 75ms, heap 708MB
2026-02-21T02:40:01.599Z [svc-db-2] closed idle connection after 230s
2026-02-21T02:40:01.599Z [svc-media-2] retrying connection to redis (attempt 3/3)
2026-02-21T02:40:01.600Z [svc-db-1] connected to upstream in 75ms
2026-02-21T02:40:01.600Z [svc-notify-3] health check ok
2026-02-21T02:40:01.601Z [svc-cache-1] processed batch of 231 items
2026-02-21T02:40:01.601Z [svc-notify-0] connected to upstream in 35ms
2026-02-21T02:40:01.601Z [svc-queue-4] connected to upstream in 27ms
2026-02-21T02:40:01.602Z [svc-auth-2] gc pause 111ms, heap 834MB
2026-02-21T02:40:01.602Z [svc-queue-4] health check ok
2026-02-21T02:40:01.607Z [svc-gateway-1] cache hit rate 85%
2026-02-21T02:40:01.607Z [svc-sched-3] processed batch of 263 items
2026-02-21T02:40:01.608Z [svc-auth-3] retrying connection to redis (attempt 1/3)
2026-02-21T02:40:01.608Z [svc-queue-0] processed batch of 89 items
2026-02-21T02:40:01.609Z [svc-cache-1] cache hit rate 90%
2026-02-21T02:40:01.609Z [svc-billing-4] processed batch of 304 items
2026-02-21T02:40:01.611Z [pytest-xdist] gw3 test_queue.py::test_retry_refund PASSED in 69ms trace=f06838ac-e09f-0981-6498-b9a6d72d50a6
2026-02-21T02:40:01.611Z [svc-media-3] gc pause 89ms, heap 476MB
2026-02-21T02:40:01.612Z [svc-search-4] connected to upstream in 83ms
2026-02-21T02:40:01.614Z [pytest-xdist] gw4 test_search.py::test_notify_webhook PASSED in 234ms trace=cdc44347-ab87-017f-3ed8-09be75a11c40
2026-02-21T02:40:01.614Z [svc-gateway-1] health check ok
2026-02-21T02:40:01.618Z [svc-notify-2] warning: slow query took 762ms
2026-02-21T02:40:01.618Z [svc-sched-0] cache hit rate 85%
2026-02-21T02:40:01.619Z [svc-auth-4] processed batch of 439 items
2026-02-21T02:40:01.619Z [svc-queue-4] retrying connection to s3 (attempt 2/3)
2026-02-21T02:40:01.622Z [svc-cache-0] warning: slow query took 786ms
2026-02-21T02:40:01.622Z [svc-sched-1] warning: slow query took 1998ms
2026-02-21T02:40:01.624Z [svc-auth-2] connected to upstream in 80ms
2026-02-21T02:40:01.624Z [svc-db-4] connected to upstream in 82ms
2026-02-21T02:40:01.625Z [svc-billing-4] processed batch of 212 items
2026-02-21T02:40:01.625Z [svc-notify-0] connected to upstream in 59ms
2026-02-21T02:40:01.627Z [svc-search-1] processed batch of 451 items
2026-02-21T02:40:01.629Z [svc-db-3] connected to upstream in 7ms
2026-02-21T02:40:01.630Z [pytest-xdist] gw1 test_export.py::test_sync_query PASSED in 115ms trace=97b95920-8c22-fb57-a87b-5d82695fb012
2026-02-21T02:40:01.630Z [svc-search-3] health check ok
2026-02-21T02:40:01.631Z [svc-cache-2] health check ok
2026-02-21T02:40:01.632Z [svc-gateway-4] processed batch of 379 items
2026-02-21T02:40:01.634Z [svc-notify-3] retrying connection to s3 (attempt 2/3)
2026-02-21T02:40:01.635Z [svc-billing-0] processed batch of 487 items
2026-02-21T02:40:01.636Z [svc-sched-4] retrying connection to s3 (attempt 2/3)
2026-02-21T02:40:01.637Z [svc-auth-4] health check ok
2026-02-21T02:40:01.638Z [svc-queue-1] retrying connection to postgres (attempt 3/3)
2026-02-21T02:40:01.640Z [svc-billing-1] gc pause 75ms, heap 821MB
2026-02-21T02:40:01.641Z [svc-auth-2] warning: slow query took 1192ms
2026-02-21T02:40:01.644Z [svc-media-2] health check ok
2026-02-21T02:40:01.649Z [svc-gateway-2] cache hit rate 88%
2026-02-21T02:40:01.650Z [pytest-xdist] gw0 test_import.py::test_create_user PASSED in 5ms trace=c94598c3-bc9d-d739-9111-ee2615dba56c
2026-02-21T02:40:01.650Z [svc-gateway-0] gc pause 65ms, heap 316MB
2026-02-21T02:40:01.650Z [svc-gateway-2] connected to upstream in 61ms
2026-02-21T02:40:01.654Z [svc-media-2] gc pause 77ms, heap 693MB
2026-02-21T02:40:01.655Z [svc-auth-1] gc pause 44ms, heap 124MB
2026-02-21T02:40:01.655Z [svc-cache-1] connected to upstream in 79ms
2026-02-21T02:40:01.657Z [svc-search-1] connected to upstream in 54ms
2026-02-21T02:40:01.659Z [svc-db-0] warning: slow query took 1251ms
2026-02-21T02:40:01.661Z [svc-auth-1] warning: slow query took 832ms
2026-02-21T02:40:01.661Z [svc-gateway-4] retrying connection to vault (attempt 3/3)
2026-02-21T02:40:01.662Z [svc-queue-0] cache hit rate 92%
2026-02-21T02:40:01.663Z [svc-media-1] cache hit rate 90%
2026-02-21T02:40:01.665Z [svc-cache-0] cache hit rate 85%
2026-02-21T02:40:01.666Z [svc-db-2] retrying connection to elasticsearch (attempt 1/3)
2026-02-21T02:40:01.666Z [svc-search-3] closed idle connection after 300s
2026-02-21T02:40:01.667Z [svc-search-4] cache hit rate 92%
2026-02-21T02:40:01.668Z [svc-db-0] connected to upstream in 17ms
2026-02-21T02:40:01.668Z [svc-sched-1] closed idle connection after 89s
2026-02-21T02:40:01.669Z [svc-search-1] connected to upstream in 35ms
2026-02-21T02:40:01.669Z [svc-search-1] closed idle connection after 76s
2026-02-21T02:40:01.670Z [svc-db-0] gc pause 90ms, heap 549MB
2026-02-21T02:40:01.670Z [svc-gateway-1] retrying connection to kafka (attempt 2/3)
2026-02-21T02:40:01.671Z [pytest-xdist] gw1 test_billing.py::test_paginate_refund PASSED in 167ms trace=0e7c042f-f774-7b11-3e2f-069bc5bcfe69
2026-02-21T02:40:01.671Z [svc-billing-4] connected to upstream in 53ms
2026-02-21T02:40:01.672Z [svc-db-1] processed batch of 334 items
2026-02-21T02:40:01.672Z [svc-db-4] closed idle connection after 90s
2026-02-21T02:40:01.674Z [svc-billing-0] cache hit rate 90%
2026-02-21T02:40:01.675Z [svc-sched-3] gc pause 9ms, heap 822MB
2026-02-21T02:40:01.676Z [svc-billing-1] cache hit rate 88%
2026-02-21T02:40:01.676Z [svc-billing-2] retrying connection to s3 (attempt 3/3)
2026-02-21T02:40:01.680Z [svc-db-2] warning: slow query took 1972ms
2026-02-21T02:40:01.682Z [svc-cache-1] closed idle connection after 57s
2026-02-21T02:40:01.682Z [svc-search-2] processed batch of 114 items
2026-02-21T02:40:01.683Z [svc-search-4] connected to upstream in 55ms
2026-02-21T02:40:01.683Z [svc-gateway-0] health check ok
2026-02-21T02:40:01.683Z [svc-queue-3] retrying connection to kafka (attempt 2/3)
2026-02-21T02:40:01.684Z [svc-sched-2] warning: slow query took 1294ms
2026-02-21T02:40:01.686Z [svc-search-2] connected to upstream in 17ms
2026-02-21T02:40:01.686Z [svc-notify-4] processed batch of 316 items
2026-02-21T02:40:01.687Z [pytest-xdist] gw0 test_import.py::test_parse_region PASSED in 66ms trace=dd4f903a-69d1-34b7-b484-c5b3064769f9
2026-02-21T02:40:01.689Z [svc-cache-1] gc pause 89ms, heap 170MB
2026-02-21T02:40:01.689Z [svc-db-1] connected to upstream in 13ms
2026-02-21T02:40:01.689Z [svc-queue-1] warning: slow query took 1752ms
2026-02-21T02:40:01.690Z [svc-gateway-0] processed batch of 181 items
2026-02-21T02:40:01.690Z [svc-gateway-0] gc pause 28ms, heap 821MB
2026-02-21T02:40:01.691Z [svc-cache-3] cache hit rate 88%
2026-02-21T02:40:01.693Z [svc-queue-1] warning: slow query took 1573ms
2026-02-21T02:40:01.694Z [svc-auth-0] retrying connection to elasticsearch (attempt 1/3)
2026-02-21T02:40:01.694Z [svc-search-4] retrying connection to elasticsearch (attempt 3/3)
2026-02-21T02:40:01.695Z [svc-notify-2] warning: slow query took 1194ms
2026-02-21T02:40:01.696Z [svc-billing-3] cache hit rate 95%
2026-02-21T02:40:01.697Z [svc-billing-1] warning: slow query took 1767ms
2026-02-21T02:40:01.698Z [svc-queue-0] warning: slow query took 340ms
2026-02-21T02:40:01.700Z [svc-gateway-0] retrying connection to redis (attempt 1/3)
2026-02-21T02:40:01.701Z [svc-db-0] gc pause 31ms, heap 493MB
2026-02-21T02:40:01.702Z [svc-gateway-0] connected to upstream in 73ms
2026-02-21T02:40:01.705Z [svc-sched-1] connected to upstream in 26ms
2026-02-21T02:40:01.706Z [svc-billing-0] connected to upstream in 57ms
2026-02-21T02:40:01.707Z [pytest-xdist] gw3 test_auth.py::test_create_refund PASSED in 48ms trace=fedd5631-1558-e127-6ac8-7cfa036be4cd
2026-02-21T02:40:01.707Z [svc-search-4] cache hit rate 92%
2026-02-21T02:40:01.708Z [svc-billing-0] processed batch of 181 items
2026-02-21T02:40:01.708Z [svc-media-2] retrying connection to redis (attempt 1/3)
2026-02-21T02:40:01.709Z [svc-search-4] warning: slow query took 1174ms
2026-02-21T02:40:01.709Z [svc-sched-2] connected to upstream in 71ms
2026-02-21T02:40:01.710Z [svc-auth-2] gc pause 56ms, heap 538MB
2026-02-21T02:40:01.714Z [svc-search-1] cache hit rate 90%
2026-02-21T02:40:01.718Z [pytest-xdist] gw2 test_sched.py::test_render_session PASSED in 52ms trace=45c41cc3-e96d-56d8-fa6b-0c03aca5e0ab
2026-02-21T02:40:01.718Z [svc-db-0] processed batch of 494 items
2026-02-21T02:40:01.718Z [svc-notify-2] gc pause 36ms, heap 456MB
2026-02-21T02:40:01.718Z [svc-gateway-3] cache hit rate 88%
2026-02-21T02:40:01.718Z [svc-media-3] retrying connection to kafka (attempt 2/3)
2026-02-21T02:40:01.720Z [svc-cache-3] cache hit rate 85%
2026-02-21T02:40:01.721Z [svc-queue-1] gc pause 83ms, heap 564MB
2026-02-21T02:40:01.723Z [svc-billing-3] connected to upstream in 76ms
2026-02-21T02:40:01.724Z [svc-auth-1] warning: slow query took 2069ms
2026-02-21T02:40:01.727Z [svc-queue-0] health check ok
2026-02-21T02:40:01.728Z [svc-billing-3] retrying connection to elasticsearch (attempt 3/3)
2026-02-21T02:40:01.731Z [pytest-xdist] gw3 test_orders.py::test_authorize_webhook PASSED in 189ms trace=3a5980a0-965a-a3b6-afc4-bd8170554825
2026-02-21T02:40:01.731Z [svc-billing-2] processed batch of 423 items
2026-02-21T02:40:01.733Z [svc-cache-4] processed batch of 356 items
2026-02-21T02:40:01.734Z [svc-billing-4] health check ok
2026-02-21T02:40:01.735Z [svc-db-0] health check ok
2026-02-21T02:40:01.735Z [svc-db-1] connected to upstream in 83ms
2026-02-21T02:40:01.735Z [svc-search-4] retrying connection to elasticsearch (attempt 2/3)
2026-02-21T02:40:01.735Z [svc-notify-2] retrying connection to kafka (attempt 1/3)
2026-02-21T02:40:01.735Z [svc-notify-3] processed batch of 307 items
2026-02-21T02:40:01.740Z [svc-notify-1] retrying connection to redis (attempt 2/3)
2026-02-21T02:40:01.741Z [svc-search-3] cache hit rate 90%
2026-02-21T02:40:01.742Z [svc-media-3] health check ok
2026-02-21T02:40:01.744Z [svc-search-2] cache hit rate 90%
2026-02-21T02:40:01.744Z [svc-notify-1] retrying connection to redis (attempt 3/3)
2026-02-21T02:40:01.745Z [svc-db-3] connected to upstream in 68ms
2026-02-21T02:40:01.746Z [svc-queue-1] health check ok
2026-02-21T02:40:01.747Z [pytest-xdist] gw1 test_reports.py::test_validate_region PASSED in 65ms trace=76033ff7-3470-ba74-c747-17ff9a0d24e9
2026-02-21T02:40:01.747Z [svc-billing-3] health check ok
2026-02-21T02:40:01.751Z [pytest-xdist] gw3 test_reports.py::test_update_user PASSED in 72ms trace=719a8a53-796d-4d7f-2153-ef131e09b937
2026-02-21T02:40:01.751Z [svc-search-1] closed idle connection after 61s
2026-02-21T02:40:01.751Z [svc-sched-3] connected to upstream in 60ms
2026-02-21T02:40:01.752Z [svc-db-3] warning: slow query took 217ms
2026-02-21T02:40:01.755Z [svc-gateway-3] gc pause 43ms, heap 758MB
2026-02-21T02:40:01.756Z [svc-gateway-3] health check ok
2026-02-21T02:40:01.757Z [svc-search-2] connected to upstream in 54ms
2026-02-21T02:40:01.757Z [svc-gateway-4] processed batch of 284 items
2026-02-21T02:40:01.758Z [pytest-xdist] gw5 test_notify.py::test_sync_token PASSED in 202ms trace=e9eb206e-aee9-2750-0207-1e373ea86d50
2026-02-21T02:40:01.759Z [svc-search-1] retrying connection to redis (attempt 1/3)
2026-02-21T02:40:01.762Z [svc-sched-2] retrying connection to redis (attempt 3/3)
2026-02-21T02:40:01.764Z [svc-search-3] processed batch of 404 items
2026-02-21T02:40:01.765Z [svc-cache-2] warning: slow query took 541ms
2026-02-21T02:40:01.765Z [svc-notify-4] health check ok
2026-02-21T02:40:01.766Z [svc-cache-4] warning: slow query took 1008ms
2026-02-21T02:40:01.767Z [pytest-xdist] gw4 test_export.py::test_render_user PASSED in 9ms trace=86753ff0-579c-3289-cb23-7976a2822394
2026-02-21T02:40:01.767Z [svc-gateway-4] connected to upstream in 42ms
2026-02-21T02:40:01.768Z [svc-search-1] cache hit rate 88%
2026-02-21T02:40:01.769Z [svc-notify-4] closed idle connection after 152s
2026-02-21T02:40:01.771Z [svc-cache-4] connected to upstream in 73ms
2026-02-21T02:40:01.771Z [svc-db-2] retrying connection to elasticsearch (attempt 1/3)
2026-02-21T02:40:01.772Z [svc-billing-1] connected to upstream in 80ms
2026-02-21T02:40:01.772Z [svc-billing-2] closed idle connection after 165s
2026-02-21T02:40:01.775Z [svc-billing-0] cache hit rate 95%
2026-02-21T02:40:01.777Z [svc-db-0] retrying connection to kafka (attempt 2/3)
2026-02-21T02:40:01.778Z [svc-notify-3] retrying connection to s3 (attempt 1/3)
2026-02-21T02:40:01.779Z [svc-billing-1] closed idle connection after 188s
2026-02-21T02:40:01.779Z [svc-search-2] gc pause 77ms, heap 411MB
2026-02-21T02:40:01.779Z [svc-queue-0] closed idle connection after 195s
2026-02-21T02:40:01.780Z [svc-media-3] retrying connection to kafka (attempt 3/3)
2026-02-21T02:40:01.789Z [pytest-xdist] gw0 test_orders.py::test_retry_attachment PASSED in 188ms trace=6b9982be-619d-5126-e4e1-f82c716edc71
2026-02-21T02:40:01.791Z [svc-auth-4] warning: slow query took 1850ms
2026-02-21T02:40:01.791Z [svc-search-4] connected to upstream in 78ms
2026-02-21T02:40:01.792Z [svc-auth-3] connected to upstream in 9ms
2026-02-21T02:40:01.792Z [svc-sched-1] gc pause 75ms, heap 492MB
2026-02-21T02:40:01.794Z [svc-sched-4] gc pause 44ms, heap 272MB
2026-02-21T02:40:01.796Z [svc-auth-2] closed idle connection after 50s
2026-02-21T02:40:01.796Z [svc-db-2] retrying connection to elasticsearch (attempt 3/3)
2026-02-21T02:40:01.796Z [svc-sched-3] health check ok
2026-02-21T02:40:01.798Z [pytest-xdist] gw1 test_search.py::test_expire_template PASSED in 175ms trace=2e0dd6c5-9272-2da9-225d-fa3cb306dbf7
2026-02-21T02:40:01.799Z [svc-cache-2] health check ok
2026-02-21T02:40:01.801Z [svc-media-0] processed batch of 261 items
2026-02-21T02:40:01.801Z [svc-sched-0] connected to upstream in 42ms
2026-02-21T02:40:01.803Z [pytest-xdist] gw2 test_notify.py::test_parse_subscription PASSED in 9ms trace=cc640218-a254-6d22-fe80-1b98724a1533
2026-02-21T02:40:01.807Z [svc-billing-2] cache hit rate 95%
2026-02-21T02:40:01.807Z [svc-notify-2] cache hit rate 88%
2026-02-21T02:40:01.807Z [svc-notify-4] health check ok
2026-02-21T02:40:01.809Z [svc-gateway-4] closed idle connection after 297s
2026-02-21T02:40:01.810Z [svc-sched-3] gc pause 79ms, heap 594MB
2026-02-21T02:40:01.811Z [svc-auth-4] closed idle connection after 106s
2026-02-21T02:40:01.812Z [pytest-xdist] gw0 test_export.py::test_expire_subscription PASSED in 77ms trace=ff7c53df-b343-45fe-1061-b13b96c6f1cb
2026-02-21T02:40:01.812Z [svc-queue-3] health check ok
2026-02-21T02:40:01.813Z [svc-gateway-0] health check ok
2026-02-21T02:40:01.814Z [svc-cache-4] processed batch of 236 items
2026-02-21T02:40:01.814Z [svc-media-1] health check ok
2026-02-21T02:40:01.817Z [svc-db-0] health check ok
2026-02-21T02:40:01.817Z [svc-sched-3] gc pause 61ms, heap 285MB
2026-02-21T02:40:01.818Z [svc-gateway-4] connected to upstream in 58ms
2026-02-21T02:40:01.819Z [svc-auth-1] warning: slow query took 253ms
2026-02-21T02:40:01.819Z [svc-cache-0] gc pause 82ms, heap 174MB
2026-02-21T02:40:01.819Z [svc-cache-2] cache hit rate 92%
2026-02-21T02:40:01.821Z [svc-search-1] warning: slow query took 578ms
2026-02-21T02:40:01.822Z [svc-search-4] warning: slow query took 1349ms
2026-02-21T02:40:01.823Z [svc-cache-0] gc pause 80ms, heap 706MB
2026-02-21T02:40:01.823Z [svc-media-1] cache hit rate 85%
2026-02-21T02:40:01.824Z [svc-media-2] health check ok
2026-02-21T02:40:01.826Z [svc-auth-1] health check ok
2026-02-21T02:40:01.831Z [pytest-xdist] gw5 test_reports.py::test_update_query PASSED in 242ms trace=f547eefe-c598-cdab-45d6-e4b98bf8b219
2026-02-21T02:40:01.831Z [svc-gateway-1] closed idle connection after 314s
2026-02-21T02:40:01.834Z [pytest-xdist] gw0 test_media.py::test_cache_user PASSED in 179ms trace=fd2cb7dc-1ebd-87b2-78dd-756269460aaf
2026-02-21T02:40:01.834Z [svc-auth-1] closed idle connection after 166s
2026-02-21T02:40:01.836Z [svc-notify-3] processed batch of 184 items
2026-02-21T02:40:01.837Z [svc-search-0] warning: slow query took 1199ms
2026-02-21T02:40:01.838Z [svc-notify-3] warning: slow query took 1377ms
2026-02-21T02:40:01.840Z [svc-auth-3] health check ok
2026-02-21T02:40:01.840Z [svc-gateway-4] processed batch of 481 items
2026-02-21T02:40:01.840Z [svc-sched-1] warning: slow query took 462ms
2026-02-21T02:40:01.841Z [svc-media-1] retrying connection to postgres (attempt 2/3)
2026-02-21T02:40:01.843Z [pytest-xdist] gw0 test_users.py::test_render_user PASSED in 128ms trace=1b7be755-0249-7c74-803c-54a2020a7fda
2026-02-21T02:40:01.843Z [svc-sched-2] processed batch of 106 items
2026-02-21T02:40:01.843Z [svc-sched-4] warning: slow query took 926ms
2026-02-21T02:40:01.844Z [svc-gateway-3] health check ok
2026-02-21T02:40:01.845Z [svc-db-1] retrying connection to s3 (attempt 2/3)
2026-02-21T02:40:01.845Z [svc-sched-1] cache hit rate 92%
2026-02-21T02:40:01.845Z [svc-sched-4] cache hit rate 85%
2026-02-21T02:40:01.846Z [svc-queue-1] retrying connection to postgres (attempt 3/3)
2026-02-21T02:40:01.846Z [svc-queue-3] gc pause 19ms, heap 756MB
2026-02-21T02:40:01.848Z [svc-billing-4] cache hit rate 85%
2026-02-21T02:40:01.848Z [svc-gateway-3] retrying connection to elasticsearch (attempt 2/3)
2026-02-21T02:40:01.851Z [svc-db-2] warning: slow query took 636ms
2026-02-21T02:40:01.852Z [svc-search-3] gc pause 103ms, heap 316MB
2026-02-21T02:40:01.853Z [svc-auth-4] retrying connection to kafka (attempt 3/3)
2026-02-21T02:40:01.858Z [pytest-xdist] gw5 test_sched.py::test_create_token PASSED in 56ms trace=135c2721-78a0-69e4-a707-4136afe0460f
2026-02-21T02:40:01.858Z [svc-search-2] warning: slow query took 672ms
2026-02-21T02:40:01.859Z [svc-sched-2] closed idle connection after 161s
2026-02-21T02:40:01.862Z [svc-db-0] cache hit rate 88%
2026-02-21T02:40:01.863Z [pytest-xdist] gw0 test_gateway.py::test_render_attachment PASSED in 115ms trace=c832e2c2-e80f-daa6-b0ca-4e909fa2e283
2026-02-21T02:40:01.863Z [svc-auth-3] health check ok
2026-02-21T02:40:01.863Z [svc-cache-3] connected to upstream in 70ms
2026-02-21T02:40:01.864Z [svc-billing-0] cache hit rate 92%
2026-02-21T02:40:01.866Z [svc-notify-3] processed batch of 194 items
2026-02-21T02:40:01.867Z [svc-auth-0] health check ok
2026-02-21T02:40:01.868Z [svc-search-0] cache hit rate 90%
2026-02-21T02:40:01.868Z [svc-search-4] connected to upstream in 53ms
2026-02-21T02:40:01.868Z [svc-queue-0] retrying connection to vault (attempt 1/3)
2026-02-21T02:40:01.870Z [svc-queue-3] warning: slow query took 1539ms
2026-02-21T02:40:01.872Z [pytest-xdist] gw3 test_media.py::test_authorize_invoice PASSED in 214ms trace=5f210d35-c311-eb7c-3ad7-b09eda6f2f16
2026-02-21T02:40:01.872Z [svc-search-3] warning: slow query took 1216ms
2026-02-21T02:40:01.872Z [svc-media-4] closed idle connection after 168s
2026-02-21T02:40:01.873Z [svc-gateway-1] cache hit rate 95%
2026-02-21T02:40:01.873Z [svc-media-0] processed batch of 509 items
2026-02-21T02:40:01.874Z [svc-media-0] gc pause 88ms, heap 764MB
2026-02-21T02:40:01.875Z [svc-search-2] cache hit rate 92%
2026-02-21T02:40:01.876Z [svc-cache-4] health check ok
2026-02-21T02:40:01.876Z [svc-billing-2] retrying connection to s3 (attempt 3/3)
2026-02-21T02:40:01.876Z [svc-queue-4] retrying connection to s3 (attempt 1/3)
2026-02-21T02:40:01.878Z [svc-db-3] closed idle connection after 284s
2026-02-21T02:40:01.878Z [svc-search-0] cache hit rate 90%
2026-02-21T02:40:01.878Z [svc-queue-1] retrying connection to postgres (attempt 1/3)
2026-02-21T02:40:01.881Z [svc-gateway-4] warning: slow query took 1430ms
2026-02-21T02:40:01.881Z [svc-media-1] health check ok
2026-02-21T02:40:01.881Z [svc-sched-2] gc pause 38ms, heap 525MB
2026-02-21T02:40:01.887Z [svc-gateway-0] connected to upstream in 84ms
2026-02-21T02:40:01.888Z [svc-billing-1] retrying connection to kafka (attempt 2/3)
2026-02-21T02:40:01.888Z [svc-gateway-4] closed idle connection after 54s
2026-02-21T02:40:01.889Z [svc-db-1] cache hit rate 85%
2026-02-21T02:40:01.889Z [svc-notify-2] health check ok
2026-02-21T02:40:01.889Z [svc-media-1] retrying connection to postgres (attempt 2/3)
2026-02-21T02:40:01.890Z [svc-cache-0] warning: slow query took 1998ms
2026-02-21T02:40:01.894Z [pytest-xdist] gw4 test_payments.py::test_expire_template PASSED in 25ms trace=31711692-9139-f4c1-ef45-3fde5ec9a8e4
2026-02-21T02:40:01.894Z [svc-media-0] retrying connection to vault (attempt 3/3)
2026-02-21T02:40:01.896Z [svc-auth-0] gc pause 93ms, heap 394MB
2026-02-21T02:40:01.897Z [svc-gateway-2] warning: slow query took 2023ms
2026-02-21T02:40:01.897Z [svc-media-0] closed idle connection after 154s
2026-02-21T02:40:01.898Z [svc-sched-4] gc pause 101ms, heap 790MB
2026-02-21T02:40:01.900Z [svc-cache-4] closed idle connection after 66s
2026-02-21T02:40:01.900Z [svc-db-4] closed idle connection after 39s
2026-02-21T02:40:01.900Z [svc-notify-3] retrying connection to s3 (attempt 1/3)
2026-02-21T02:40:01.901Z [svc-cache-0] gc pause 38ms, heap 157MB
2026-02-21T02:40:01.901Z [svc-queue-1] gc pause 54ms, heap 163MB
2026-02-21T02:40:01.903Z [pytest-xdist] gw4 test_billing.py::test_reconcile_token PASSED in 247ms trace=200e079d-d80b-ea5b-de07-2311338df333
2026-02-21T02:40:01.903Z [svc-media-1] health check ok
2026-02-21T02:40:01.903Z [svc-queue-0] retrying connection to vault (attempt 2/3)
2026-02-21T02:40:01.907Z [svc-notify-4] gc pause 61ms, heap 385MB
2026-02-21T02:40:01.908Z [svc-cache-0] cache hit rate 95%
2026-02-21T02:40:01.908Z [svc-gateway-0] cache hit rate 95%
2026-02-21T02:40:01.909Z [svc-media-0] retrying connection to vault (attempt 3/3)
2026-02-21T02:40:01.909Z [svc-media-2] cache hit rate 88%
2026-02-21T02:40:01.913Z [svc-notify-0] health check ok
2026-02-21T02:40:01.914Z [svc-media-3] retrying connection to kafka (attempt 3/3)
2026-02-21T02:40:01.915Z [pytest-xdist] gw1 test_payments.py::test_render_refund PASSED in 172ms trace=2f009253-0457-3335-ce84-33243db918ed
2026-02-21T02:40:01.916Z [svc-notify-0] connected to upstream in 82ms
2026-02-21T02:40:01.917Z [svc-gateway-4] closed idle connection after 69s
2026-02-21T02:40:01.918Z [svc-auth-2] processed batch of 284 items
2026-02-21T02:40:01.918Z [svc-cache-3] retrying connection to kafka (attempt 2/3)
2026-02-21T02:40:01.920Z [pytest-xdist] gw5 test_reports.py::test_cache_user PASSED in 14ms trace=724e075f-b209-b221-2d34-56e84ff87c2b
2026-02-21T02:40:01.921Z [svc-search-2] retrying connection to kafka (attempt 1/3)
2026-02-21T02:40:01.922Z [svc-gateway-0] cache hit rate 88%
2026-02-21T02:40:01.926Z [svc-gateway-1] retrying connection to kafka (attempt 2/3)
2026-02-21T02:40:01.927Z [svc-billing-0] health check ok
2026-02-21T02:40:01.930Z [svc-gateway-3] health check ok
2026-02-21T02:40:01.931Z [svc-search-2] gc pause 89ms, heap 510MB
2026-02-21T02:40:01.933Z [svc-search-0] retrying connection to postgres (attempt 2/3)
2026-02-21T02:40:01.935Z [pytest-xdist] gw4 test_export.py::test_validate_subscription PASSED in 80ms trace=d86f510f-8683-b78b-b5e0-41ce0b71637c
2026-02-21T02:40:01.935Z [svc-billing-0] gc pause 74ms, heap 826MB
2026-02-21T02:40:01.935Z [svc-billing-4] cache hit rate 92%
2026-02-21T02:40:01.936Z [svc-cache-4] retrying connection to s3 (attempt 3/3)
2026-02-21T02:40:01.938Z [pytest-xdist] gw4 test_sched.py::test_expire_user PASSED in 136ms trace=fbabeedf-3d8a-bb89-d55b-2b4767e56b08
2026-02-21T02:40:01.941Z [svc-notify-1] retrying connection to redis (attempt 2/3)
2026-02-21T02:40:01.942Z [svc-search-2] connected to upstream in 45ms
2026-02-21T02:40:01.946Z [pytest-xdist] gw5 test_import.py::test_create_subscription PASSED in 162ms trace=eface23a-8d8a-3fa1-3bc7-ffb97334ae7e
2026-02-21T02:40:01.946Z [svc-notify-2] health check ok
2026-02-21T02:40:01.946Z [svc-gateway-3] gc pause 17ms, heap 286MB
2026-02-21T02:40:01.947Z [svc-db-2] cache hit rate 90%
2026-02-21T02:40:01.947Z [svc-notify-0] closed idle connection after 79s
2026-02-21T02:40:01.947Z [svc-media-1] health check ok
2026-02-21T02:40:01.949Z [pytest-xdist] gw5 test_queue.py::test_sync_index PASSED in 46ms trace=60f9c151-0292-5e8c-edda-9fb29f231eba
2026-02-21T02:40:01.949Z [svc-db-4] connected to upstream in 11ms
2026-02-21T02:40:01.949Z [svc-sched-3] health check ok
2026-02-21T02:40:01.952Z [svc-search-3] connected to upstream in 62ms
2026-02-21T02:40:01.955Z [svc-search-4] warning: slow query took 1086ms
2026-02-21T02:40:01.960Z [svc-auth-4] processed batch of 16 items
2026-02-21T02:40:01.961Z [svc-notify-0] connected to upstream in 74ms
2026-02-21T02:40:01.964Z [svc-billing-0] cache hit rate 92%
2026-02-21T02:40:01.964Z [svc-search-2] retrying connection to kafka (attempt 3/3)
2026-02-21T02:40:01.965Z [pytest-xdist] gw3 test_sched.py::test_cache_webhook PASSED in 193ms trace=663a5b41-e2f7-c144-a9d6-44fedee1992d
2026-02-21T02:40:01.965Z [svc-billing-4] health check ok
2026-02-21T02:40:01.966Z [svc-billing-1] processed batch of 424 items
2026-02-21T02:40:01.966Z [svc-media-0] gc pause 57ms, heap 830MB
2026-02-21T02:40:01.966Z [svc-sched-4] warning: slow query took 1046ms
2026-02-21T02:40:01.968Z [svc-auth-2] warning: slow query took 292ms
2026-02-21T02:40:01.969Z [svc-sched-1] connected to upstream in 58ms
2026-02-21T02:40:01.971Z [svc-cache-2] health check ok
2026-02-21T02:40:01.971Z [svc-cache-3] retrying connection to kafka (attempt 3/3)
2026-02-21T02:40:01.972Z [svc-gateway-4] processed batch of 14 items
2026-02-21T02:40:01.972Z [svc-queue-3] warning: slow query took 829ms
2026-02-21T02:40:01.972Z [svc-queue-4] processed batch of 449 items
2026-02-21T02:40:01.973Z [svc-notify-2] retrying connection to kafka (attempt 3/3)
2026-02-21T02:40:01.973Z [svc-notify-2] closed idle connection after 223s
2026-02-21T02:40:01.974Z [pytest-xdist] gw5 test_auth.py::test_reconcile_template PASSED in 5ms trace=e38cce5a-c848-b5a8-d291-38cf4dcb5de8
2026-02-21T02:40:01.975Z [svc-queue-2] health check ok
2026-02-21T02:40:01.976Z [svc-db-0] closed idle connection after 149s
2026-02-21T02:40:01.977Z [svc-cache-3] processed batch of 277 items
2026-02-21T02:40:01.983Z [svc-billing-2] processed batch of 23 items
2026-02-21T02:40:01.983Z [svc-queue-4] gc pause 34ms, heap 117MB
2026-02-21T02:40:01.985Z [svc-auth-0] connected to upstream in 41ms
2026-02-21T02:40:01.986Z [svc-search-3] connected to upstream in 83ms
2026-02-21T02:40:01.986Z [svc-gateway-4] processed batch of 81 items
2026-02-21T02:40:01.987Z [pytest-xdist] gw4 test_webhooks.py::test_cache_subscription PASSED in 70ms trace=22267ebf-2927-81c9-9332-44f9e64ab23b
2026-02-21T02:40:01.990Z [svc-sched-0] gc pause 19ms, heap 942MB
2026-02-21T02:40:01.992Z [svc-auth-3] closed idle connection after 173s
2026-02-21T02:40:01.995Z [pytest-xdist] gw0 test_import.py::test_render_refund PASSED in 69ms trace=4f564797-0ec0-6f54-03c8-ddb5f5a5af2c
2026-02-21T02:40:01.995Z [svc-sched-1] warning: slow query took 425ms
2026-02-21T02:40:01.996Z [svc-search-0] closed idle connection after 245s
2026-02-21T02:40:01.996Z [svc-queue-2] cache hit rate 85%
2026-02-21T02:40:01.998Z [svc-search-0] retrying connection to postgres (attempt 3/3)
2026-02-21T02:40:01.998Z [svc-sched-4] connected to upstream in 71ms
2026-02-21T02:40:01.999Z [svc-billing-2] retrying connection to s3 (attempt 2/3)
2026-02-21T02:40:01.999Z [svc-search-3] closed idle connection after 277s
2026-02-21T02:40:01.999Z [svc-notify-2] gc pause 123ms, heap 617MB
2026-02-21T02:40:02.001Z [svc-billing-1] retrying connection to kafka (attempt 3/3)
2026-02-21T02:40:02.002Z [pytest-xdist] gw0 test_users.py::test_expire_attachment PASSED in 82ms trace=3cdbc9ad-4e93-d781-68ad-d13983074ffe
2026-02-21T02:40:02.002Z [svc-cache-0] closed idle connection after 209s
2026-02-21T02:40:02.003Z [svc-auth-1] retrying connection to vault (attempt 2/3)
2026-02-21T02:40:02.003Z [svc-sched-0] processed batch of 412 items
2026-02-21T02:40:02.004Z [svc-search-1] cache hit rate 95%
2026-02-21T02:40:02.007Z [svc-cache-3] retrying connection to kafka (attempt 1/3)
2026-02-21T02:40:02.010Z [svc-search-4] health check ok
2026-02-21T02:40:02.010Z [svc-notify-0] health check ok
2026-02-21T02:40:02.011Z [svc-db-3] retrying connection to vault (attempt 1/3)
2026-02-21T02:40:02.011Z [svc-search-0] retrying connection to postgres (attempt 1/3)
2026-02-21T02:40:02.011Z [svc-media-3] warning: slow query took 344ms
2026-02-21T02:40:02.012Z [svc-queue-4] warning: slow query took 865ms
2026-02-21T02:40:02.014Z [svc-notify-3] gc pause 93ms, heap 675MB
2026-02-21T02:40:02.015Z [svc-notify-2] retrying connection to kafka (attempt 1/3)
2026-02-21T02:40:02.016Z [svc-media-0] closed idle connection after 144s
2026-02-21T02:40:02.017Z [pytest-xdist] gw5 test_sched.py::test_paginate_shipment PASSED in 244ms trace=223e1bd6-3de1-4a3f-6211-28db4c481790
2026-02-21T02:40:02.018Z [svc-media-1] connected to upstream in 41ms
2026-02-21T02:40:02.019Z [svc-media-4] closed idle connection after 259s
2026-02-21T02:40:02.020Z [svc-cache-0] processed batch of 31 items
2026-02-21T02:40:02.020Z [svc-db-4] retrying connection to postgres (attempt 1/3)
2026-02-21T02:40:02.021Z [svc-auth-3] retrying connection to redis (attempt 2/3)
2026-02-21T02:40:02.022Z [svc-auth-0] cache hit rate 95%
2026-02-21T02:40:02.022Z [svc-sched-0] processed batch of 398 items
2026-02-21T02:40:02.023Z [pytest-xdist] gw2 test_gateway.py::test_cache_template PASSED in 19ms trace=3758c181-e43a-4e10-e14a-1d23b9ff5766
2026-02-21T02:40:02.023Z [svc-notify-3] retrying connection to s3 (attempt 3/3)
2026-02-21T02:40:02.023Z [svc-sched-0] retrying connection to vault (attempt 2/3)
2026-02-21T02:40:02.024Z [svc-notify-3] warning: slow query took 529ms
2026-02-21T02:40:02.025Z [svc-cache-2] processed batch of 211 items
2026-02-21T02:40:02.025Z [svc-notify-0] health check ok
2026-02-21T02:40:02.026Z [svc-cache-0] gc pause 61ms, heap 366MB
2026-02-21T02:40:02.026Z [svc-db-3] processed batch of 410 items
2026-02-21T02:40:02.028Z [svc-cache-3] retrying connection to kafka (attempt 3/3)
2026-02-21T02:40:02.032Z [pytest-xdist] gw5 test_export.py::test_paginate_subscription PASSED in 246ms trace=3dd8d6d4-deeb-8f16-269b-8342d3aa76eb
2026-02-21T02:40:02.032Z [svc-auth-0] gc pause 20ms, heap 293MB
2026-02-21T02:40:02.035Z [svc-search-4] processed batch of 208 items
2026-02-21T02:40:02.037Z [pytest-xdist] gw1 test_webhooks.py::test_delete_webhook PASSED in 117ms trace=6dba5955-e3c0-07c0-ee9c-704e04c89d6b
2026-02-21T02:40:02.038Z [svc-cache-1] health check ok
2026-02-21T02:40:02.038Z [svc-cache-4] processed batch of 254 items
2026-02-21T02:40:02.039Z [svc-billing-0] connected to upstream in 50ms
2026-02-21T02:40:02.039Z [svc-media-3] processed batch of 326 items
2026-02-21T02:40:02.045Z [svc-db-0] processed batch of 313 items
2026-02-21T02:40:02.046Z [svc-notify-4] warning: slow query took 820ms
2026-02-21T02:40:02.048Z [svc-sched-2] cache hit rate 92%
2026-02-21T02:40:02.051Z [svc-notify-4] connected to upstream in 37ms
2026-02-21T02:40:02.053Z [svc-gateway-3] processed batch of 165 items
2026-02-21T02:40:02.058Z [svc-cache-4] retrying connection to s3 (attempt 1/3)
2026-02-21T02:40:02.059Z [pytest-xdist] gw3 test_auth.py::test_update_shipment PASSED in 163ms trace=f8d25ef1-911c-9185-333c-542cf1bb75c2
2026-02-21T02:40:02.062Z [svc-db-1] closed idle connection after 148s
2026-02-21T02:40:02.063Z [svc-billing-4] closed idle connection after 223s
2026-02-21T02:40:02.063Z [svc-search-3] health check ok
2026-02-21T02:40:02.065Z [svc-auth-4] cache hit rate 92%
2026-02-21T02:40:02.066Z [svc-cache-3] retrying connection to kafka (attempt 1/3)
2026-02-21T02:40:02.066Z [svc-search-3] gc pause 16ms, heap 820MB
2026-02-21T02:40:02.067Z [svc-billing-3] closed idle connection after 177s
2026-02-21T02:40:02.067Z [svc-billing-4] gc pause 11ms, heap 500MB
2026-02-21T02:40:02.069Z [svc-queue-2] connected to upstream in 56ms
2026-02-21T02:40:02.070Z [svc-billing-4] warning: slow query took 256ms
2026-02-21T02:40:02.070Z [svc-media-3] retrying connection to kafka (attempt 2/3)
2026-02-21T02:40:02.071Z [svc-billing-3] connected to upstream in 16ms
2026-02-21T02:40:02.072Z [svc-auth-2] retrying connection to postgres (attempt 2/3)
2026-02-21T02:40:02.072Z [svc-cache-0] retrying connection to vault (attempt 3/3)
2026-02-21T02:40:02.072Z [svc-sched-1] warning: slow query took 1515ms
2026-02-21T02:40:02.075Z [svc-queue-4] processed batch of 156 items
2026-02-21T02:40:02.076Z [pytest-xdist] gw5 test_gateway.py::test_update_token PASSED in 68ms trace=fd4fd738-38a8-c1b5-5746-b28dc5cda751
2026-02-21T02:40:02.076Z [svc-notify-1] gc pause 88ms, heap 620MB
2026-02-21T02:40:02.076Z [svc-media-2] retrying connection to redis (attempt 2/3)
2026-02-21T02:40:02.080Z [svc-auth-2] closed idle connection after 282s
2026-02-21T02:40:02.080Z [svc-sched-3] retrying connection to kafka (attempt 3/3)
2026-02-21T02:40:02.083Z [svc-cache-4] retrying connection to s3 (attempt 3/3)
2026-02-21T02:40:02.083Z [svc-gateway-2] warning: slow query took 1092ms
2026-02-21T02:40:02.084Z [svc-auth-2] retrying connection to postgres (attempt 1/3)
2026-02-21T02:40:02.084Z [svc-media-0] health check ok
2026-02-21T02:40:02.085Z [pytest-xdist] gw3 test_billing.py::test_render_template PASSED in 67ms trace=019c113a-c548-5c5d-5fa6-b9861acd170b
2026-02-21T02:40:02.085Z [svc-queue-3] retrying connection to kafka (attempt 2/3)
2026-02-21T02:40:02.087Z [svc-cache-3] closed idle connection after 82s
2026-02-21T02:40:02.087Z [svc-notify-2] warning: slow query took 904ms
2026-02-21T02:40:02.088Z [svc-search-1] closed idle connection after 105s
2026-02-21T02:40:02.088Z [svc-gateway-0] cache hit rate 92%
2026-02-21T02:40:02.090Z [pytest-xdist] gw1 test_sched.py::test_parse_refund PASSED in 180ms trace=caec7390-ef37-4a47-ed4a-b5bca5efc522
2026-02-21T02:40:02.092Z [svc-db-1] retrying connection to s3 (attempt 1/3)
2026-02-21T02:40:02.093Z [svc-db-2] retrying connection to elasticsearch (attempt 1/3)
2026-02-21T02:40:02.094Z [svc-queue-1] gc pause 119ms, heap 906MB
2026-02-21T02:40:02.094Z [svc-sched-2] cache hit rate 95%
2026-02-21T02:40:02.095Z [svc-media-0] health check ok
2026-02-21T02:40:02.095Z [svc-sched-4] retrying connection to s3 (attempt 1/3)
2026-02-21T02:40:02.097Z [svc-db-1] cache hit rate 95%
2026-02-21T02:40:02.097Z [svc-media-3] cache hit rate 88%
2026-02-21T02:40:02.098Z [svc-gateway-0] gc pause 80ms, heap 552MB
2026-02-21T02:40:02.099Z [svc-db-3] retrying connection to vault (attempt 3/3)
2026-02-21T02:40:02.099Z [svc-notify-4] gc pause 106ms, heap 399MB
2026-02-21T02:40:02.101Z [svc-db-3] processed batch of 127 items
2026-02-21T02:40:02.101Z [svc-notify-4] closed idle connection after 103s
2026-02-21T02:40:02.102Z [svc-billing-0] connected to upstream in 73ms
2026-02-21T02:40:02.106Z [svc-db-0] connected to upstream in 67ms
2026-02-21T02:40:02.106Z [svc-billing-3] warning: slow query took 511ms
2026-02-21T02:40:02.107Z [svc-db-2] retrying connection to elasticsearch (attempt 3/3)
2026-02-21T02:40:02.108Z [pytest-xdist] gw1 test_notify.py::test_paginate_refund PASSED in 247ms trace=31d51677-c066-f46f-1465-c78ac069a1b2
2026-02-21T02:40:02.110Z [svc-auth-2] warning: slow query took 1056ms
2026-02-21T02:40:02.112Z [svc-auth-1] retrying connection to vault (attempt 2/3)
2026-02-21T02:40:02.112Z [svc-billing-4] processed batch of 261 items
2026-02-21T02:40:02.117Z [svc-cache-1] cache hit rate 95%
2026-02-21T02:40:02.119Z [svc-cache-1] closed idle connection after 219s
2026-02-21T02:40:02.121Z [svc-cache-2] processed batch of 35 items
2026-02-21T02:40:02.121Z [svc-notify-4] connected to upstream in 74ms
2026-02-21T02:40:02.121Z [svc-queue-1] connected to upstream in 81ms
2026-02-21T02:40:02.122Z [pytest-xdist] gw4 test_orders.py::test_parse_subscription PASSED in 70ms trace=7d7d37fd-0886-760e-7afc-3ca65d081742
2026-02-21T02:40:02.123Z [svc-search-4] gc pause 8ms, heap 847MB
2026-02-21T02:40:02.124Z [svc-search-0] processed batch of 117 items
2026-02-21T02:40:02.124Z [svc-sched-4] health check ok
2026-02-21T02:40:02.125Z [svc-auth-2] health check ok
2026-02-21T02:40:02.125Z [svc-auth-2] health check ok
2026-02-21T02:40:02.125Z [svc-search-0] processed batch of 498 items
2026-02-21T02:40:02.125Z [svc-queue-1] health check ok
2026-02-21T02:40:02.127Z [svc-billing-4] health check ok
2026-02-21T02:40:02.127Z [svc-notify-4] retrying connection to elasticsearch (attempt 1/3)
2026-02-21T02:40:02.127Z [svc-queue-4] gc pause 23ms, heap 613MB
2026-02-21T02:40:02.128Z [svc-media-0] cache hit rate 92%
2026-02-21T02:40:02.131Z [svc-search-1] processed batch of 409 items
2026-02-21T02:40:02.132Z [pytest-xdist] gw3 test_auth.py::test_create_attachment PASSED in 140ms trace=d74c8a49-8672-915b-fa85-e06fdb4c34db
2026-02-21T02:40:02.132Z [svc-auth-0] processed batch of 480 items
2026-02-21T02:40:02.134Z [svc-db-0] processed batch of 118 items
2026-02-21T02:40:02.135Z [svc-cache-0] processed batch of 268 items
2026-02-21T02:40:02.137Z [svc-notify-2] health check ok
2026-02-21T02:40:02.137Z [svc-queue-4] closed idle connection after 223s
2026-02-21T02:40:02.138Z [pytest-xdist] gw5 test_export.py::test_validate_invoice PASSED in 36ms trace=9d455f19-d1b8-5917-7d9e-89b19bbf0780
2026-02-21T02:40:02.139Z [svc-queue-2] retrying connection to redis (attempt 2/3)
2026-02-21T02:40:02.140Z [svc-auth-0] closed idle connection after 30s
2026-02-21T02:40:02.140Z [svc-auth-2] retrying connection to postgres (attempt 2/3)
2026-02-21T02:40:02.142Z [svc-search-0] connected to upstream in 54ms
2026-02-21T02:40:02.143Z [svc-auth-1] gc pause 17ms, heap 789MB
2026-02-21T02:40:02.144Z [svc-search-2] retrying connection to kafka (attempt 3/3)
2026-02-21T02:40:02.144Z [svc-search-4] connected to upstream in 32ms
2026-02-21T02:40:02.145Z [svc-search-2] warning: slow query took 1856ms
2026-02-21T02:40:02.146Z [svc-sched-4] health check ok
2026-02-21T02:40:02.149Z [svc-search-3] connected to upstream in 63ms
2026-02-21T02:40:02.150Z [svc-auth-2] retrying connection to postgres (attempt 1/3)
2026-02-21T02:40:02.151Z [svc-media-3] retrying connection to kafka (attempt 1/3)
2026-02-21T02:40:02.152Z [svc-cache-0] processed batch of 146 items
2026-02-21T02:40:02.155Z [pytest-xdist] gw4 test_auth.py::test_paginate_index PASSED in 105ms trace=6cb414a7-257b-8a8d-5485-d2c98a4664ee
2026-02-21T02:40:02.156Z [svc-billing-3] closed idle connection after 88s
2026-02-21T02:40:02.157Z [svc-billing-3] gc pause 75ms, heap 919MB
2026-02-21T02:40:02.158Z [pytest-xdist] gw0 test_queue.py::test_paginate_webhook PASSED in 220ms trace=cffec45e-5592-107d-98c9-136dae01c9dd
2026-02-21T02:40:02.162Z [svc-gateway-3] cache hit rate 92%
2026-02-21T02:40:02.162Z [svc-sched-1] health check ok
2026-02-21T02:40:02.164Z [svc-notify-2] retrying connection to kafka (attempt 1/3)
2026-02-21T02:40:02.167Z [svc-billing-2] gc pause 56ms, heap 928MB
2026-02-21T02:40:02.167Z [svc-queue-3] connected to upstream in 6ms
2026-02-21T02:40:02.169Z [svc-media-3] connected to upstream in 84ms
2026-02-21T02:40:02.172Z [pytest-xdist] gw5 test_payments.py::test_notify_shipment PASSED in 135ms trace=4d95dc6f-11a2-6ba1-501c-d06a38fba751
2026-02-21T02:40:02.172Z [svc-cache-1] connected to upstream in 65ms
2026-02-21T02:40:02.173Z [svc-queue-1] warning: slow query took 1258ms
2026-02-21T02:40:02.174Z [svc-notify-2] cache hit rate 95%
2026-02-21T02:40:02.175Z [svc-auth-2] retrying connection to postgres (attempt 1/3)
2026-02-21T02:40:02.175Z [svc-queue-1] retrying connection to postgres (attempt 1/3)
2026-02-21T02:40:02.177Z [svc-cache-0] health check ok
2026-02-21T02:40:02.177Z [svc-gateway-0] warning: slow query took 809ms
2026-02-21T02:40:02.177Z [svc-queue-1] connected to upstream in 7ms
2026-02-21T02:40:02.178Z [svc-search-4] closed idle connection after 95s
2026-02-21T02:40:02.179Z [svc-auth-3] cache hit rate 88%
2026-02-21T02:40:02.180Z [svc-billing-4] warning: slow query took 658ms
2026-02-21T02:40:02.180Z [svc-queue-3] closed idle connection after 294s
2026-02-21T02:40:02.181Z [svc-db-0] warning: slow query took 1222ms
2026-02-21T02:40:02.184Z [svc-cache-2] warning: slow query took 1138ms
2026-02-21T02:40:02.184Z [svc-billing-2] cache hit rate 90%
2026-02-21T02:40:02.184Z [svc-billing-4] retrying connection to vault (attempt 3/3)
2026-02-21T02:40:02.186Z [svc-auth-1] connected to upstream in 16ms
2026-02-21T02:40:02.187Z [svc-db-1] retrying connection to s3 (attempt 1/3)
2026-02-21T02:40:02.189Z [pytest-xdist] gw2 test_auth.py::test_reconcile_user PASSED in 201ms trace=dd8f5a8b-0af4-692a-8575-01c47511e684
2026-02-21T02:40:02.191Z [svc-queue-3] connected to upstream in 36ms
2026-02-21T02:40:02.192Z [svc-db-4] retrying connection to postgres (attempt 1/3)
2026-02-21T02:40:02.193Z [svc-db-4] gc pause 44ms, heap 533MB
2026-02-21T02:40:02.194Z [svc-gateway-4] connected to upstream in 41ms
2026-02-21T02:40:02.194Z [svc-queue-4] warning: slow query took 689ms
2026-02-21T02:40:02.195Z [svc-media-2] health check ok
2026-02-21T02:40:02.197Z [svc-billing-4] gc pause 37ms, heap 132MB
2026-02-21T02:40:02.198Z [pytest-xdist] gw2 test_sched.py::test_parse_token PASSED in 178ms trace=764c8b90-4776-199c-4836-e8557e224f0e
2026-02-21T02:40:02.199Z [svc-sched-4] cache hit rate 90%
2026-02-21T02:40:02.201Z [svc-billing-4] retrying connection to vault (attempt 1/3)
2026-02-21T02:40:02.202Z [svc-auth-1] warning: slow query took 1641ms
2026-02-21T02:40:02.202Z [svc-db-3] health check ok
2026-02-21T02:40:02.202Z [svc-notify-4] cache hit rate 92%
2026-02-21T02:40:02.205Z [svc-queue-0] gc pause 8ms, heap 922MB
2026-02-21T02:40:02.205Z [svc-sched-0] warning: slow query took 1361ms
2026-02-21T02:40:02.208Z [svc-search-3] health check ok
2026-02-21T02:40:02.208Z [svc-notify-4] connected to upstream in 58ms
2026-02-21T02:40:02.210Z [svc-auth-3] connected to upstream in 59ms
2026-02-21T02:40:02.210Z [svc-queue-4] health check ok
2026-02-21T02:40:02.211Z [svc-queue-4] processed batch of 316 items
2026-02-21T02:40:02.214Z [svc-media-1] closed idle connection after 318s
2026-02-21T02:40:02.216Z [pytest-xdist] gw1 test_search.py::test_delete_coupon PASSED in 191ms trace=1d79fdaf-6f6c-b55d-b0a6-81dc669ae32e
2026-02-21T02:40:02.217Z [svc-billing-3] warning: slow query took 2111ms
2026-02-21T02:40:02.217Z [svc-gateway-4] health check ok
2026-02-21T02:40:02.222Z [svc-media-0] warning: slow query took 2155ms
2026-02-21T02:40:02.223Z [svc-billing-3] cache hit rate 95%
2026-02-21T02:40:02.223Z [svc-search-3] health check ok
2026-02-21T02:40:02.225Z [svc-db-4] warning: slow query took 349ms
2026-02-21T02:40:02.226Z [svc-db-4] closed idle connection after 305s
2026-02-21T02:40:02.226Z [svc-search-1] retrying connection to redis (attempt 1/3)
2026-02-21T02:40:02.226Z [svc-media-2] warning: slow query took 1326ms
2026-02-21T02:40:02.227Z [svc-db-2] retrying connection to elasticsearch (attempt 2/3)
2026-02-21T02:40:02.228Z [svc-auth-4] closed idle connection after 97s
2026-02-21T02:40:02.232Z [svc-auth-3] processed batch of 128 items
2026-02-21T02:40:02.236Z [pytest-xdist] gw1 test_reports.py::test_cache_refund PASSED in 150ms trace=9407b8ab-c67e-e2d4-69bf-2a1c10d1bc3a
2026-02-21T02:40:02.236Z [svc-cache-1] cache hit rate 95%
2026-02-21T02:40:02.236Z [svc-media-3] gc pause 8ms, heap 166MB
2026-02-21T02:40:02.238Z [svc-billing-1] retrying connection to kafka (attempt 1/3)
2026-02-21T02:40:02.240Z [svc-auth-0] connected to upstream in 55ms
2026-02-21T02:40:02.240Z [svc-db-1] gc pause 32ms, heap 666MB
2026-02-21T02:40:02.243Z [svc-search-4] closed idle connection after 181s
2026-02-21T02:40:02.244Z [svc-billing-4] retrying connection to vault (attempt 1/3)
2026-02-21T02:40:02.246Z [svc-billing-2] closed idle connection after 197s
2026-02-21T02:40:02.247Z [svc-cache-2] closed idle connection after 38s
2026-02-21T02:40:02.249Z [svc-search-2] processed batch of 134 items
2026-02-21T02:40:02.250Z [svc-db-4] health check ok
2026-02-21T02:40:02.250Z [svc-notify-3] closed idle connection after 310s
2026-02-21T02:40:02.250Z [svc-media-1] cache hit rate 85%
2026-02-21T02:40:02.251Z [pytest-xdist] gw2 test_users.py::test_authorize_session PASSED in 194ms trace=1e067121-a99c-e8ae-408d-1fdac35b1467
2026-02-21T02:40:02.255Z [svc-gateway-3] warning: slow query took 491ms
2026-02-21T02:40:02.255Z [svc-gateway-4] gc pause 56ms, heap 772MB
2026-02-21T02:40:02.257Z [svc-db-2] warning: slow query took 1415ms
2026-02-21T02:40:02.257Z [svc-billing-2] retrying connection to s3 (attempt 1/3)
2026-02-21T02:40:02.257Z [svc-gateway-2] health check ok
2026-02-21T02:40:02.258Z [svc-auth-2] closed idle connection after 202s
2026-02-21T02:40:02.260Z [svc-search-3] retrying connection to s3 (attempt 3/3)
2026-02-21T02:40:02.265Z [pytest-xdist] gw3 test_sched.py::test_paginate_token PASSED in 98ms trace=38ecbc60-b6b4-8375-f491-468b57612dd6
2026-02-21T02:40:02.265Z [svc-media-4] warning: slow query took 881ms
2026-02-21T02:40:02.265Z [svc-sched-4] closed idle connection after 164s
2026-02-21T02:40:02.266Z [svc-cache-1] gc pause 84ms, heap 973MB
2026-02-21T02:40:02.266Z [svc-notify-0] retrying connection to postgres (attempt 3/3)
2026-02-21T02:40:02.266Z [svc-media-0] warning: slow query took 1420ms
2026-02-21T02:40:02.268Z [svc-sched-0] warning: slow query took 1874ms
2026-02-21T02:40:02.270Z [pytest-xdist] gw3 test_sched.py::test_paginate_index PASSED in 70ms trace=add3f408-9cd1-b115-093a-2feed60500bc
2026-02-21T02:40:02.271Z [svc-billing-0] cache hit rate 85%
2026-02-21T02:40:02.273Z [svc-queue-2] cache hit rate 95%
2026-02-21T02:40:02.274Z [svc-db-0] gc pause 62ms, heap 964MB
2026-02-21T02:40:02.274Z [svc-notify-1] health check ok
2026-02-21T02:40:02.274Z [svc-queue-2] gc pause 50ms, heap 692MB
2026-02-21T02:40:02.275Z [svc-search-0] retrying connection to postgres (attempt 2/3)
2026-02-21T02:40:02.276Z [svc-db-3] health check ok
2026-02-21T02:40:02.283Z [svc-notify-0] processed batch of 253 items
2026-02-21T02:40:02.284Z [svc-notify-4] cache hit rate 95%
2026-02-21T02:40:02.285Z [svc-auth-3] cache hit rate 95%
2026-02-21T02:40:02.285Z [svc-cache-0] connected to upstream in 12ms
2026-02-21T02:40:02.286Z [svc-billing-3] cache hit rate 85%
2026-02-21T02:40:02.286Z [svc-search-4] closed idle connection after 288s
2026-02-21T02:40:02.291Z [pytest-xdist] gw5 test_reports.py::test_paginate_query PASSED in 42ms trace=0b65d17d-9e65-1162-5ba0-e81fb21961af
2026-02-21T02:40:02.292Z [svc-gateway-0] warning: slow query took 282ms
2026-02-21T02:40:02.293Z [svc-media-0] processed batch of 168 items
2026-02-21T02:40:02.293Z [svc-sched-4] closed idle connection after 85s
2026-02-21T02:40:02.295Z [svc-db-1] cache hit rate 92%
2026-02-21T02:40:02.295Z [svc-queue-1] cache hit rate 92%
2026-02-21T02:40:02.296Z [svc-billing-3] gc pause 30ms, heap 867MB
2026-02-21T02:40:02.296Z [svc-search-0] processed batch of 358 items
2026-02-21T02:40:02.299Z [pytest-xdist] gw3 test_billing.py::test_authorize_invoice PASSED in 117ms trace=22f006ac-ac1e-96d8-baef-853e7c837745
2026-02-21T02:40:02.301Z [svc-billing-0] cache hit rate 90%
2026-02-21T02:40:02.302Z [svc-gateway-0] processed batch of 340 items
2026-02-21T02:40:02.302Z [svc-gateway-3] retrying connection to elasticsearch (attempt 2/3)
2026-02-21T02:40:02.303Z [pytest-xdist] gw2 test_users.py::test_parse_template PASSED in 118ms trace=e018b4fd-3d52-4e2e-6f64-9b85dd970c89
2026-02-21T02:40:02.304Z [svc-db-2] processed batch of 19 items
2026-02-21T02:40:02.306Z [svc-search-4] health check ok
2026-02-21T02:40:02.306Z [svc-queue-2] processed batch of 48 items
2026-02-21T02:40:02.307Z [svc-cache-3] gc pause 6ms, heap 836MB
2026-02-21T02:40:02.309Z [svc-search-0] warning: slow query took 819ms
2026-02-21T02:40:02.309Z [svc-search-4] warning: slow query took 1214ms
2026-02-21T02:40:02.309Z [svc-media-2] cache hit rate 90%
2026-02-21T02:40:02.311Z [svc-db-0] cache hit rate 88%
2026-02-21T02:40:02.315Z [svc-media-4] warning: slow query took 1208ms
2026-02-21T02:40:02.317Z [svc-search-2] processed batch of 362 items
2026-02-21T02:40:02.318Z [pytest-xdist] gw1 test_users.py::test_reconcile_attachment PASSED in 181ms trace=1baee32c-da4d-db05-0d13-f2666adc498a
2026-02-21T02:40:02.321Z [svc-db-3] retrying connection to vault (attempt 3/3)
2026-02-21T02:40:02.321Z [svc-sched-0] health check ok
2026-02-21T02:40:02.324Z [svc-gateway-0] retrying connection to redis (attempt 3/3)
2026-02-21T02:40:02.325Z [svc-auth-0] warning: slow query took 584ms
2026-02-21T02:40:02.326Z [svc-billing-3] warning: slow query took 961ms
2026-02-21T02:40:02.328Z [svc-media-1] connected to upstream in 51ms
2026-02-21T02:40:02.329Z [svc-sched-2] retrying connection to redis (attempt 1/3)
2026-02-21T02:40:02.330Z [pytest-xdist] gw3 test_search.py::test_paginate_subscription PASSED in 243ms trace=aee9ca6e-b280-4334-f844-c5a190152478
2026-02-21T02:40:02.333Z [svc-media-3] closed idle connection after 54s
2026-02-21T02:40:02.335Z [svc-billing-2] warning: slow query took 566ms
2026-02-21T02:40:02.336Z [svc-auth-4] health check ok
2026-02-21T02:40:02.336Z [svc-gateway-2] cache hit rate 88%
2026-02-21T02:40:02.337Z [svc-billing-0] retrying connection to redis (attempt 1/3)
2026-02-21T02:40:02.338Z [svc-sched-1] cache hit rate 92%
2026-02-21T02:40:02.340Z [svc-cache-0] connected to upstream in 70ms
2026-02-21T02:40:02.340Z [svc-media-2] cache hit rate 90%
2026-02-21T02:40:02.342Z [svc-auth-1] health check ok
2026-02-21T02:40:02.343Z [svc-search-3] warning: slow query took 2095ms
2026-02-21T02:40:02.344Z [pytest-xdist] gw0 test_media.py::test_create_token PASSED in 96ms trace=775a6120-8881-7b55-da2f-ecfc8a75ba73
2026-02-21T02:40:02.345Z [svc-db-4] warning: slow query took 691ms
2026-02-21T02:40:02.347Z [svc-db-4] closed idle connection after 55s
2026-02-21T02:40:02.347Z [svc-search-1] health check ok
2026-02-21T02:40:02.349Z [svc-search-0] warning: slow query took 1783ms
2026-02-21T02:40:02.350Z [svc-queue-1] processed batch of 469 items
2026-02-21T02:40:02.352Z [svc-media-1] retrying connection to postgres (attempt 1/3)
2026-02-21T02:40:02.354Z [svc-search-0] retrying connection to postgres (attempt 3/3)
2026-02-21T02:40:02.354Z [svc-search-2] connected to upstream in 74ms
2026-02-21T02:40:02.356Z [svc-cache-4] retrying connection to s3 (attempt 3/3)
2026-02-21T02:40:02.356Z [svc-queue-0] gc pause 20ms, heap 534MB
2026-02-21T02:40:02.359Z [pytest-xdist] gw2 test_import.py::test_delete_region PASSED in 238ms trace=d063ff48-dcd7-933c-b387-a77bac7827a0
2026-02-21T02:40:02.359Z [svc-queue-0] connected to upstream in 68ms
2026-02-21T02:40:02.359Z [svc-sched-0] cache hit rate 95%
2026-02-21T02:40:02.362Z [svc-cache-3] health check ok
2026-02-21T02:40:02.363Z [svc-cache-4] warning: slow query took 1669ms
2026-02-21T02:40:02.364Z [svc-auth-3] processed batch of 454 items
2026-02-21T02:40:02.365Z [pytest-xdist] gw1 test_queue.py::test_update_index PASSED in 28ms trace=068be949-4851-4565-7536-92a3a461c7d7
2026-02-21T02:40:02.366Z [svc-notify-1] processed batch of 141 items
2026-02-21T02:40:02.366Z [svc-gateway-1] connected to upstream in 47ms
2026-02-21T02:40:02.369Z [svc-notify-0] processed batch of 283 items
2026-02-21T02:40:02.370Z [svc-db-4] health check ok
2026-02-21T02:40:02.370Z [svc-media-3] warning: slow query took 803ms
2026-02-21T02:40:02.372Z [svc-search-1] health check ok
2026-02-21T02:40:02.374Z [svc-notify-2] retrying connection to kafka (attempt 1/3)
2026-02-21T02:40:02.375Z [svc-media-0] retrying connection to vault (attempt 3/3)
2026-02-21T02:40:02.376Z [svc-cache-1] closed idle connection after 68s
2026-02-21T02:40:02.376Z [svc-billing-2] closed idle connection after 92s
2026-02-21T02:40:02.376Z [svc-billing-3] retrying connection to elasticsearch (attempt 3/3)
2026-02-21T02:40:02.377Z [svc-billing-4] retrying connection to vault (attempt 1/3)
2026-02-21T02:40:02.378Z [svc-sched-4] closed idle connection after 213s
2026-02-21T02:40:02.380Z [svc-cache-1] cache hit rate 92%
2026-02-21T02:40:02.380Z [svc-db-1] warning: slow query took 1070ms
2026-02-21T02:40:02.381Z [svc-queue-0] closed idle connection after 220s
2026-02-21T02:40:02.382Z [svc-db-2] health check ok
2026-02-21T02:40:02.382Z [svc-gateway-1] processed batch of 485 items
2026-02-21T02:40:02.382Z [svc-queue-2] closed idle connection after 282s
2026-02-21T02:40:02.383Z [svc-queue-4] processed batch of 279 items
2026-02-21T02:40:02.384Z [svc-db-0] warning: slow query took 578ms
2026-02-21T02:40:02.384Z [svc-search-2] health check ok
2026-02-21T02:40:02.385Z [pytest-xdist] gw0 test_search.py::test_parse_user PASSED in 40ms trace=95a1b0ae-77d2-f69d-72e0-3dc5b46c3d53
2026-02-21T02:40:02.389Z [svc-sched-0] gc pause 47ms, heap 805MB
2026-02-21T02:40:02.390Z [svc-search-3] retrying connection to s3 (attempt 1/3)
2026-02-21T02:40:02.390Z [svc-queue-1] warning: slow query took 1178ms
2026-02-21T02:40:02.393Z [svc-billing-0] processed batch of 327 items
2026-02-21T02:40:02.395Z [svc-notify-0] warning: slow query took 389ms
2026-02-21T02:40:02.396Z [svc-cache-0] retrying connection to vault (attempt 2/3)
2026-02-21T02:40:02.398Z [pytest-xdist] gw4 test_media.py::test_cache_region PASSED in 155ms trace=c3cf4aa8-c79e-8bb1-5d43-7359f0b5f780
2026-02-21T02:40:02.399Z [svc-notify-4] connected to upstream in 43ms
2026-02-21T02:40:02.402Z [svc-media-4] cache hit rate 95%
2026-02-21T02:40:02.403Z [svc-notify-1] warning: slow query took 2069ms
2026-02-21T02:40:02.404Z [svc-cache-0] cache hit rate 90%
2026-02-21T02:40:02.406Z [svc-sched-2] gc pause 26ms, heap 957MB
2026-02-21T02:40:02.407Z [svc-sched-0] closed idle connection after 289s
2026-02-21T02:40:02.408Z [svc-cache-3] cache hit rate 85%
2026-02-21T02:40:02.408Z [svc-search-1] warning: slow query took 1492ms
2026-02-21T02:40:02.409Z [svc-search-3] gc pause 12ms, heap 763MB
2026-02-21T02:40:02.410Z [svc-media-1] connected to upstream in 78ms
2026-02-21T02:40:02.410Z [svc-sched-1] cache hit rate 88%
2026-02-21T02:40:02.411Z [svc-notify-1] closed idle connection after 113s
2026-02-21T02:40:02.411Z [svc-gateway-4] warning: slow query took 1686ms
2026-02-21T02:40:02.412Z [pytest-xdist] gw4 test_queue.py::test_sync_refund PASSED in 214ms trace=1c2356c5-4ab2-0350-e6a4-ce389fd8175f
2026-02-21T02:40:02.412Z [svc-queue-0] warning: slow query took 1386ms
2026-02-21T02:40:02.414Z [svc-auth-0] cache hit rate 90%
2026-02-21T02:40:02.414Z [svc-cache-0] health check ok
2026-02-21T02:40:02.414Z [svc-search-1] gc pause 17ms, heap 343MB
2026-02-21T02:40:02.414Z [svc-sched-1] warning: slow query took 721ms
2026-02-21T02:40:02.415Z [svc-auth-2] connected to upstream in 62ms
2026-02-21T02:40:02.417Z [pytest-xdist] gw1 test_sched.py::test_expire_index PASSED in 91ms trace=0b7bec3e-c851-23f5-3ad0-e686820cc0ff
2026-02-21T02:40:02.418Z [svc-cache-2] closed idle connection after 130s
2026-02-21T02:40:02.418Z [svc-media-3] processed batch of 198 items
2026-02-21T02:40:02.420Z [svc-cache-2] warning: slow query took 610ms
2026-02-21T02:40:02.420Z [svc-notify-4] connected to upstream in 69ms
2026-02-21T02:40:02.421Z [svc-cache-3] closed idle connection after 93s
2026-02-21T02:40:02.422Z [svc-media-2] processed batch of 319 items
2026-02-21T02:40:02.423Z [svc-queue-1] retrying connection to postgres (attempt 2/3)
2026-02-21T02:40:02.424Z [svc-db-1] gc pause 19ms, heap 483MB
2026-02-21T02:40:02.424Z [svc-sched-2] connected to upstream in 37ms
2026-02-21T02:40:02.426Z [svc-search-3] retrying connection to s3 (attempt 1/3)
2026-02-21T02:40:02.426Z [svc-queue-2] gc pause 86ms, heap 186MB
2026-02-21T02:40:02.428Z [svc-sched-2] cache hit rate 85%
2026-02-21T02:40:02.429Z [pytest-xdist] gw0 test_auth.py::test_render_webhook PASSED in 236ms trace=fab77f73-5588-1335-82e9-be31fe7df805
2026-02-21T02:40:02.429Z [svc-media-4] health check ok
2026-02-21T02:40:02.430Z [svc-cache-0] health check ok
2026-02-21T02:40:02.431Z [svc-auth-3] warning: slow query took 2073ms
2026-02-21T02:40:02.433Z [svc-gateway-1] cache hit rate 85%
2026-02-21T02:40:02.434Z [svc-cache-4] gc pause 35ms, heap 563MB
2026-02-21T02:40:02.435Z [svc-cache-4] gc pause 32ms, heap 448MB
2026-02-21T02:40:02.435Z [svc-queue-1] warning: slow query took 1322ms
2026-02-21T02:40:02.436Z [svc-search-2] retrying connection to kafka (attempt 3/3)
2026-02-21T02:40:02.440Z [svc-db-2] closed idle connection after 111s
2026-02-21T02:40:02.441Z [svc-search-2] processed batch of 44 items
2026-02-21T02:40:02.442Z [svc-billing-1] connected to upstream in 83ms
2026-02-21T02:40:02.443Z [svc-search-4] gc pause 70ms, heap 785MB
2026-02-21T02:40:02.444Z [svc-search-3] retrying connection to s3 (attempt 3/3)
2026-02-21T02:40:02.445Z [svc-cache-0] warning: slow query took 539ms
2026-02-21T02:40:02.445Z [svc-cache-4] warning: slow query took 1175ms
2026-02-21T02:40:02.446Z [svc-notify-4] gc pause 115ms, heap 416MB
2026-02-21T02:40:02.448Z [svc-db-4] gc pause 117ms, heap 273MB
2026-02-21T02:40:02.448Z [svc-gateway-3] gc pause 104ms, heap 612MB
2026-02-21T02:40:02.449Z [pytest-xdist] gw0 test_payments.py::test_retry_region PASSED in 185ms trace=c9d4e2f3-7767-ec08-13f2-9ef1e725a5bc
2026-02-21T02:40:02.449Z [svc-db-4] health check ok
2026-02-21T02:40:02.449Z [svc-notify-0] closed idle connection after 281s
2026-02-21T02:40:02.450Z [svc-db-3] warning: slow query took 1431ms
2026-02-21T02:40:02.450Z [svc-gateway-2] closed idle connection after 297s
2026-02-21T02:40:02.452Z [svc-media-3] connected to upstream in 40ms
2026-02-21T02:40:02.453Z [svc-billing-3] processed batch of 472 items
2026-02-21T02:40:02.458Z [svc-db-2] cache hit rate 88%
2026-02-21T02:40:02.458Z [svc-billing-2] closed idle connection after 148s
2026-02-21T02:40:02.458Z [svc-notify-3] closed idle connection after 201s
2026-02-21T02:40:02.461Z [svc-cache-0] cache hit rate 92%
2026-02-21T02:40:02.462Z [pytest-xdist] gw2 test_orders.py::test_cache_region PASSED in 103ms trace=5cba39ab-0dea-3cb7-dc69-fa64b365308f
2026-02-21T02:40:02.462Z [svc-db-0] closed idle connection after 142s
2026-02-21T02:40:02.462Z [svc-sched-3] processed batch of 111 items
2026-02-21T02:40:02.463Z [svc-db-4] cache hit rate 88%
2026-02-21T02:40:02.464Z [svc-gateway-0] connected to upstream in 34ms
2026-02-21T02:40:02.465Z [svc-billing-0] retrying connection to redis (attempt 1/3)
2026-02-21T02:40:02.466Z [svc-queue-0] warning: slow query took 453ms
2026-02-21T02:40:02.469Z [svc-billing-3] processed batch of 170 items
2026-02-21T02:40:02.469Z [svc-queue-3] closed idle connection after 96s
2026-02-21T02:40:02.471Z [pytest-xdist] gw0 test_import.py::test_notify_coupon PASSED in 127ms trace=e6981e08-5bc3-3e36-c685-f832e7d83399
2026-02-21T02:40:02.473Z [svc-gateway-2] retrying connection to s3 (attempt 1/3)
2026-02-21T02:40:02.474Z [svc-db-4] connected to upstream in 33ms
2026-02-21T02:40:02.475Z [svc-db-3] closed idle connection after 33s
2026-02-21T02:40:02.477Z [svc-search-0] warning: slow query took 1164ms
2026-02-21T02:40:02.478Z [svc-cache-1] connected to upstream in 60ms
2026-02-21T02:40:02.478Z [svc-cache-1] warning: slow query took 548ms
2026-02-21T02:40:02.478Z [svc-gateway-0] processed batch of 110 items
2026-02-21T02:40:02.479Z [svc-gateway-1] retrying connection to kafka (attempt 2/3)
2026-02-21T02:40:02.479Z [svc-queue-1] gc pause 86ms, heap 950MB
2026-02-21T02:40:02.480Z [pytest-xdist] gw2 test_import.py::test_create_region PASSED in 120ms trace=1e22cae8-e74e-cb4d-5a1e-0237dbda3e48
2026-02-21T02:40:02.480Z [svc-cache-1] processed batch of 324 items
2026-02-21T02:40:02.481Z [svc-media-3] processed batch of 55 items
2026-02-21T02:40:02.482Z [svc-billing-2] cache hit rate 88%
2026-02-21T02:40:02.482Z [svc-notify-0] connected to upstream in 82ms
2026-02-21T02:40:02.483Z [svc-auth-3] retrying connection to redis (attempt 1/3)
2026-02-21T02:40:02.483Z [svc-notify-4] processed batch of 201 items
2026-02-21T02:40:02.484Z [svc-gateway-0] gc pause 50ms, heap 650MB
2026-02-21T02:40:02.488Z [svc-queue-4] connected to upstream in 17ms
2026-02-21T02:40:02.489Z [svc-billing-1] connected to upstream in 27ms
2026-02-21T02:40:02.491Z [svc-gateway-3] connected to upstream in 37ms
2026-02-21T02:40:02.491Z [svc-queue-3] gc pause 50ms, heap 667MB
2026-02-21T02:40:02.494Z [svc-media-3] processed batch of 509 items
2026-02-21T02:40:02.495Z [svc-cache-3] closed idle connection after 78s
2026-02-21T02:40:02.495Z [svc-notify-3] cache hit rate 88%
2026-02-21T02:40:02.495Z [svc-sched-2] health check ok
2026-02-21T02:40:02.496Z [svc-sched-4] retrying connection to s3 (attempt 1/3)
2026-02-21T02:40:02.497Z [pytest-xdist] gw0 test_reports.py::test_create_invoice PASSED in 140ms trace=fa116d75-2646-fca8-0aab-248b5f47bb21
2026-02-21T02:40:02.497Z [svc-search-2] warning: slow query took 611ms
2026-02-21T02:40:02.499Z [svc-search-1] health check ok
2026-02-21T02:40:02.500Z [svc-billing-1] cache hit rate 95%
2026-02-21T02:40:02.500Z [svc-billing-1] gc pause 71ms, heap 793MB
2026-02-21T02:40:02.501Z [svc-billing-1] warning: slow query took 1736ms
2026-02-21T02:40:02.501Z [svc-media-2] retrying connection to redis (attempt 1/3)
2026-02-21T02:40:02.502Z [pytest-xdist] gw4 test_payments.py::test_notify_subscription PASSED in 241ms trace=14994a8e-5716-b23f-d718-758e23e955be
2026-02-21T02:40:02.504Z [svc-media-2] processed batch of 320 items
2026-02-21T02:40:02.504Z [svc-queue-2] connected to upstream in 72ms
2026-02-21T02:40:02.508Z [svc-search-3] health check ok
2026-02-21T02:40:02.511Z [pytest-xdist] gw0 test_billing.py::test_cache_attachment SKIPPED (reason: requires-network)
2026-02-21T02:40:02.511Z [svc-gateway-1] processed batch of 486 items
2026-02-21T02:40:02.511Z [svc-queue-4] closed idle connection after 232s
2026-02-21T02:40:02.513Z [svc-gateway-0] retrying connection to redis (attempt 2/3)
2026-02-21T02:40:02.514Z [svc-search-3] cache hit rate 88%
2026-02-21T02:40:02.514Z [svc-gateway-1] warning: slow query took 1495ms
2026-02-21T02:40:02.516Z [svc-search-0] retrying connection to postgres (attempt 2/3)
2026-02-21T02:40:02.516Z [svc-queue-0] connected to upstream in 72ms
2026-02-21T02:40:02.516Z [svc-queue-2] closed idle connection after 80s
2026-02-21T02:40:02.516Z [svc-sched-2] warning: slow query took 1041ms
2026-02-21T02:40:02.517Z [svc-gateway-2] closed idle connection after 260s
2026-02-21T02:40:02.519Z [svc-media-0] warning: slow query took 643ms
2026-02-21T02:40:02.521Z [svc-db-2] cache hit rate 95%
2026-02-21T02:40:02.521Z [svc-media-3] cache hit rate 88%
2026-02-21T02:40:02.521Z [svc-queue-0] retrying connection to vault (attempt 1/3)
2026-02-21T02:40:02.522Z [svc-cache-1] closed idle connection after 148s
2026-02-21T02:40:02.524Z [svc-search-2] retrying connection to kafka (attempt 1/3)
2026-02-21T02:40:02.525Z [pytest-xdist] gw4 test_queue.py::test_cache_subscription PASSED in 210ms trace=5e6455b0-7fb9-6140-7425-9a7ab0752624
2026-02-21T02:40:02.528Z [svc-auth-3] retrying connection to redis (attempt 3/3)
2026-02-21T02:40:02.529Z [svc-auth-4] gc pause 101ms, heap 613MB
2026-02-21T02:40:02.529Z [svc-sched-4] processed batch of 331 items
2026-02-21T02:40:02.530Z [pytest-xdist] gw5 test_billing.py::test_sync_refund PASSED in 115ms trace=5dde7d55-d6a2-39a3-f757-dfb5dd4d6170
2026-02-21T02:40:02.530Z [svc-sched-3] processed batch of 130 items
2026-02-21T02:40:02.531Z [svc-search-0] connected to upstream in 79ms
2026-02-21T02:40:02.532Z [svc-gateway-0] retrying connection to redis (attempt 3/3)
2026-02-21T02:40:02.533Z [svc-sched-1] retrying connection to postgres (attempt 2/3)
2026-02-21T02:40:02.534Z [svc-notify-1] gc pause 51ms, heap 206MB
2026-02-21T02:40:02.536Z [svc-auth-0] retrying connection to elasticsearch (attempt 3/3)
2026-02-21T02:40:02.539Z [svc-auth-3] cache hit rate 95%
2026-02-21T02:40:02.539Z [svc-billing-2] warning: slow query took 562ms
2026-02-21T02:40:02.540Z [pytest-xdist] gw2 test_reports.py::test_retry_template PASSED in 113ms trace=909dcd87-fdb7-c9c2-95ad-558974ebf07b
2026-02-21T02:40:02.541Z [svc-db-3] closed idle connection after 86s
2026-02-21T02:40:02.546Z [svc-notify-3] health check ok
2026-02-21T02:40:02.550Z [svc-billing-2] health check ok
2026-02-21T02:40:02.550Z [svc-notify-1] closed idle connection after 313s
2026-02-21T02:40:02.551Z [svc-notify-2] health check ok
2026-02-21T02:40:02.551Z [svc-sched-0] retrying connection to vault (attempt 3/3)
2026-02-21T02:40:02.554Z [svc-auth-1] gc pause 124ms, heap 650MB
2026-02-21T02:40:02.554Z [svc-billing-4] warning: slow query took 987ms
2026-02-21T02:40:02.556Z [pytest-xdist] gw2 test_export.py::test_parse_invoice SKIPPED (reason: not-implemented-here)
2026-02-21T02:40:02.556Z [svc-notify-1] cache hit rate 90%
2026-02-21T02:40:02.558Z [svc-queue-1] connected to upstream in 33ms
2026-02-21T02:40:02.559Z [svc-db-2] warning: slow query took 2107ms
2026-02-21T02:40:02.559Z [svc-search-2] closed idle connection after 293s
2026-02-21T02:40:02.560Z [svc-notify-4] closed idle connection after 39s
2026-02-21T02:40:02.560Z [svc-gateway-1] retrying connection to kafka (attempt 1/3)
2026-02-21T02:40:02.560Z [svc-gateway-4] processed batch of 140 items
2026-02-21T02:40:02.563Z [svc-auth-2] gc pause 73ms, heap 113MB
2026-02-21T02:40:02.563Z [svc-auth-4] cache hit rate 88%
2026-02-21T02:40:02.565Z [pytest-xdist] gw1 test_webhooks.py::test_delete_index PASSED in 49ms trace=a1ec20c2-d66e-9938-cad6-6c7787004ede
2026-02-21T02:40:02.565Z [svc-db-4] cache hit rate 95%
2026-02-21T02:40:02.566Z [svc-search-2] gc pause 46ms, heap 810MB
2026-02-21T02:40:02.568Z [svc-cache-1] processed batch of 52 items
2026-02-21T02:40:02.570Z [svc-billing-1] connected to upstream in 81ms
2026-02-21T02:40:02.571Z [svc-cache-3] health check ok
2026-02-21T02:40:02.571Z [svc-billing-3] gc pause 24ms, heap 862MB
2026-02-21T02:40:02.571Z [svc-media-0] closed idle connection after 71s
2026-02-21T02:40:02.572Z [svc-auth-4] cache hit rate 95%
2026-02-21T02:40:02.572Z [svc-queue-3] cache hit rate 88%
2026-02-21T02:40:02.573Z [svc-media-2] retrying connection to redis (attempt 1/3)
2026-02-21T02:40:02.576Z [svc-notify-3] connected to upstream in 40ms
2026-02-21T02:40:02.576Z [svc-media-2] retrying connection to redis (attempt 3/3)
2026-02-21T02:40:02.579Z [svc-db-1] retrying connection to s3 (attempt 1/3)
2026-02-21T02:40:02.580Z [svc-auth-0] connected to upstream in 42ms
2026-02-21T02:40:02.580Z [svc-cache-2] warning: slow query took 1493ms
2026-02-21T02:40:02.580Z [svc-db-0] warning: slow query took 1486ms
2026-02-21T02:40:02.580Z [svc-media-2] warning: slow query took 1377ms
2026-02-21T02:40:02.581Z [svc-notify-0] warning: slow query took 1023ms
2026-02-21T02:40:02.582Z [pytest-xdist] gw2 test_users.py::test_parse_user PASSED in 245ms trace=29a13b22-aebc-432a-c5fc-553a71bccaeb
2026-02-21T02:40:02.585Z [svc-cache-3] retrying connection to kafka (attempt 1/3)
2026-02-21T02:40:02.585Z [svc-notify-3] health check ok
2026-02-21T02:40:02.585Z [svc-media-3] processed batch of 246 items
2026-02-21T02:40:02.587Z [svc-media-3] cache hit rate 90%
2026-02-21T02:40:02.587Z [svc-queue-3] retrying connection to kafka (attempt 2/3)
2026-02-21T02:40:02.588Z [svc-db-2] retrying connection to elasticsearch (attempt 1/3)
2026-02-21T02:40:02.589Z [svc-auth-3] health check ok
2026-02-21T02:40:02.589Z [svc-gateway-0] retrying connection to redis (attempt 2/3)
2026-02-21T02:40:02.589Z [svc-sched-4] health check ok
2026-02-21T02:40:02.591Z [svc-notify-3] retrying connection to s3 (attempt 2/3)
2026-02-21T02:40:02.593Z [svc-auth-3] retrying connection to redis (attempt 3/3)
2026-02-21T02:40:02.594Z [svc-db-4] gc pause 44ms, heap 714MB
2026-02-21T02:40:02.595Z [svc-media-1] gc pause 7ms, heap 865MB
2026-02-21T02:40:02.598Z [svc-db-0] retrying connection to kafka (attempt 2/3)
2026-02-21T02:40:02.599Z [svc-cache-2] connected to upstream in 35ms
2026-02-21T02:40:02.600Z [svc-notify-3] cache hit rate 95%
2026-02-21T02:40:02.602Z [svc-search-3] connected to upstream in 39ms
2026-02-21T02:40:02.603Z [svc-gateway-3] connected to upstream in 19ms
2026-02-21T02:40:02.604Z [pytest-xdist] gw4 test_gateway.py::test_sync_coupon PASSED in 26ms trace=fc8236ba-1c15-ee97-79d1-5ef0d2a55962
2026-02-21T02:40:02.604Z [svc-sched-2] warning: slow query took 1994ms
2026-02-21T02:40:02.605Z [svc-auth-1] warning: slow query took 241ms
2026-02-21T02:40:02.606Z [svc-db-1] processed batch of 317 items
2026-02-21T02:40:02.606Z [svc-search-1] closed idle connection after 300s
2026-02-21T02:40:02.607Z [svc-media-0] processed batch of 358 items
2026-02-21T02:40:02.608Z [svc-sched-1] retrying connection to postgres (attempt 3/3)
2026-02-21T02:40:02.609Z [svc-billing-2] cache hit rate 88%
2026-02-21T02:40:02.610Z [svc-notify-2] connected to upstream in 77ms
2026-02-21T02:40:02.611Z [svc-billing-0] health check ok
2026-02-21T02:40:02.611Z [svc-billing-3] gc pause 10ms, heap 979MB
2026-02-21T02:40:02.614Z [svc-gateway-2] gc pause 84ms, heap 919MB
2026-02-21T02:40:02.615Z [svc-search-3] retrying connection to s3 (attempt 1/3)
2026-02-21T02:40:02.617Z [svc-billing-4] cache hit rate 88%
2026-02-21T02:40:02.618Z [svc-queue-1] cache hit rate 88%
2026-02-21T02:40:02.620Z [svc-search-4] retrying connection to elasticsearch (attempt 2/3)
2026-02-21T02:40:02.621Z [svc-auth-3] retrying connection to redis (attempt 3/3)
2026-02-21T02:40:02.622Z [svc-sched-2] retrying connection to redis (attempt 3/3)
2026-02-21T02:40:02.623Z [pytest-xdist] gw3 test_sched.py::test_cache_template PASSED in 84ms trace=f1bf6f1f-f925-a4c7-b8c0-a65aa2e65ed8
2026-02-21T02:40:02.623Z [svc-auth-0] cache hit rate 85%
2026-02-21T02:40:02.624Z [svc-search-2] health check ok
2026-02-21T02:40:02.627Z [svc-gateway-2] retrying connection to s3 (attempt 3/3)
2026-02-21T02:40:02.629Z [svc-search-0] gc pause 29ms, heap 346MB
2026-02-21T02:40:02.629Z [svc-notify-1] connected to upstream in 27ms
2026-02-21T02:40:02.629Z [svc-media-4] connected to upstream in 8ms
2026-02-21T02:40:02.630Z [svc-gateway-1] processed batch of 407 items
2026-02-21T02:40:02.632Z [svc-gateway-1] retrying connection to kafka (attempt 2/3)
2026-02-21T02:40:02.633Z [svc-auth-0] retrying connection to elasticsearch (attempt 3/3)
2026-02-21T02:40:02.633Z [svc-auth-3] cache hit rate 95%
2026-02-21T02:40:02.637Z [svc-queue-2] connected to upstream in 32ms
2026-02-21T02:40:02.638Z [svc-media-3] warning: slow query took 1200ms
2026-02-21T02:40:02.642Z [pytest-xdist] gw2 test_export.py::test_validate_coupon PASSED in 242ms trace=918cb396-ba72-8788-32ea-b075c0269e57
2026-02-21T02:40:02.645Z [svc-billing-1] warning: slow query took 1962ms
2026-02-21T02:40:02.648Z [svc-billing-2] health check ok
2026-02-21T02:40:02.650Z [svc-auth-2] retrying connection to postgres (attempt 3/3)
2026-02-21T02:40:02.650Z [svc-gateway-1] warning: slow query took 1265ms
2026-02-21T02:40:02.651Z [svc-queue-0] gc pause 70ms, heap 528MB
2026-02-21T02:40:02.651Z [svc-sched-3] health check ok
2026-02-21T02:40:02.654Z [svc-auth-0] gc pause 123ms, heap 193MB
2026-02-21T02:40:02.654Z [svc-sched-3] retrying connection to kafka (attempt 1/3)
2026-02-21T02:40:02.655Z [svc-billing-3] gc pause 74ms, heap 599MB
2026-02-21T02:40:02.655Z [svc-gateway-1] gc pause 18ms, heap 564MB
2026-02-21T02:40:02.655Z [svc-gateway-2] warning: slow query took 1058ms
2026-02-21T02:40:02.656Z [svc-sched-3] gc pause 52ms, heap 214MB
2026-02-21T02:40:02.657Z [pytest-xdist] gw5 test_orders.py::test_cache_shipment PASSED in 163ms trace=fee06076-1968-abd0-a9f2-c6d69ab597ef
2026-02-21T02:40:02.662Z [svc-gateway-1] gc pause 24ms, heap 325MB
2026-02-21T02:40:02.662Z [svc-media-2] health check ok
2026-02-21T02:40:02.665Z [svc-auth-0] cache hit rate 85%
2026-02-21T02:40:02.665Z [svc-search-0] closed idle connection after 73s
2026-02-21T02:40:02.666Z [svc-media-4] processed batch of 58 items
2026-02-21T02:40:02.666Z [svc-sched-3] warning: slow query took 1424ms
2026-02-21T02:40:02.667Z [svc-sched-0] closed idle connection after 42s
2026-02-21T02:40:02.670Z [svc-gateway-1] warning: slow query took 766ms
2026-02-21T02:40:02.670Z [svc-queue-0] connected to upstream in 65ms
2026-02-21T02:40:02.671Z [svc-auth-0] gc pause 25ms, heap 616MB
2026-02-21T02:40:02.676Z [svc-media-2] cache hit rate 95%
2026-02-21T02:40:02.676Z [svc-sched-3] cache hit rate 85%
2026-02-21T02:40:02.677Z [svc-billing-0] retrying connection to redis (attempt 1/3)
2026-02-21T02:40:02.678Z [pytest-xdist] gw3 test_reports.py::test_render_query PASSED in 98ms trace=1a486125-de22-6f29-e82f-e6c841050c43
2026-02-21T02:40:02.678Z [svc-cache-1] warning: slow query took 1275ms
2026-02-21T02:40:02.678Z [svc-search-4] connected to upstream in 66ms
2026-02-21T02:40:02.681Z [svc-queue-2] warning: slow query took 935ms
2026-02-21T02:40:02.683Z [svc-auth-1] closed idle connection after 96s
2026-02-21T02:40:02.683Z [svc-cache-2] retrying connection to redis (attempt 3/3)
2026-02-21T02:40:02.683Z [svc-billing-1] retrying connection to kafka (attempt 3/3)
2026-02-21T02:40:02.684Z [svc-db-0] retrying connection to kafka (attempt 3/3)
2026-02-21T02:40:02.686Z [svc-billing-4] cache hit rate 95%
2026-02-21T02:40:02.687Z [svc-gateway-0] warning: slow query took 2145ms
2026-02-21T02:40:02.690Z [svc-cache-1] warning: slow query took 2053ms
2026-02-21T02:40:02.691Z [svc-notify-0] processed batch of 185 items
2026-02-21T02:40:02.693Z [svc-db-2] retrying connection to elasticsearch (attempt 3/3)
2026-02-21T02:40:02.693Z [svc-media-1] gc pause 121ms, heap 822MB
2026-02-21T02:40:02.695Z [svc-billing-3] health check ok
2026-02-21T02:40:02.696Z [svc-db-4] health check ok
2026-02-21T02:40:02.699Z [svc-gateway-1] gc pause 43ms, heap 783MB
2026-02-21T02:40:02.700Z [pytest-xdist] gw4 test_import.py::test_retry_region PASSED in 8ms trace=3833e761-1672-b746-2975-32dacd406206
2026-02-21T02:40:02.700Z [svc-cache-4] gc pause 57ms, heap 461MB
2026-02-21T02:40:02.701Z [svc-auth-3] processed batch of 477 items
2026-02-21T02:40:02.702Z [svc-db-4] retrying connection to postgres (attempt 3/3)
2026-02-21T02:40:02.704Z [svc-notify-1] warning: slow query took 1974ms
2026-02-21T02:40:02.704Z [svc-media-2] retrying connection to redis (attempt 2/3)
2026-02-21T02:40:02.711Z [svc-db-4] health check ok
2026-02-21T02:40:02.711Z [svc-notify-4] gc pause 9ms, heap 933MB
2026-02-21T02:40:02.712Z [svc-gateway-4] processed batch of 192 items
2026-02-21T02:40:02.713Z [svc-queue-0] cache hit rate 95%
2026-02-21T02:40:02.716Z [svc-media-3] retrying connection to kafka (attempt 2/3)
2026-02-21T02:40:02.716Z [svc-sched-3] retrying connection to kafka (attempt 2/3)
2026-02-21T02:40:02.718Z [svc-cache-0] closed idle connection after 102s
2026-02-21T02:40:02.719Z [svc-queue-3] retrying connection to kafka (attempt 1/3)
2026-02-21T02:40:02.720Z [svc-auth-2] closed idle connection after 158s
2026-02-21T02:40:02.722Z [pytest-xdist] gw3 test_reports.py::test_sync_quota PASSED in 69ms trace=8dbc1a45-9386-ee92-dcc1-837c36c7085a
2026-02-21T02:40:02.722Z [svc-auth-3] gc pause 111ms, heap 945MB
2026-02-21T02:40:02.722Z [svc-db-2] retrying connection to elasticsearch (attempt 1/3)
2026-02-21T02:40:02.725Z [svc-queue-2] connected to upstream in 56ms
2026-02-21T02:40:02.726Z [svc-cache-0] health check ok
2026-02-21T02:40:02.726Z [svc-queue-3] processed batch of 487 items
2026-02-21T02:40:02.729Z [svc-auth-3] cache hit rate 85%
2026-02-21T02:40:02.730Z [svc-media-4] processed batch of 376 items
2026-02-21T02:40:02.731Z [svc-notify-1] gc pause 50ms, heap 134MB
2026-02-21T02:40:02.732Z [svc-db-1] cache hit rate 88%
2026-02-21T02:40:02.732Z [svc-db-2] warning: slow query took 1966ms
2026-02-21T02:40:02.732Z [svc-media-0] retrying connection to vault (attempt 3/3)
2026-02-21T02:40:02.733Z [svc-gateway-3] retrying connection to elasticsearch (attempt 3/3)
2026-02-21T02:40:02.734Z [pytest-xdist] gw1 test_reports.py::test_render_user PASSED in 151ms trace=6d84460e-1239-2e79-794f-69d4f6572148
2026-02-21T02:40:02.736Z [svc-sched-0] processed batch of 104 items
2026-02-21T02:40:02.737Z [svc-cache-1] retrying connection to postgres (attempt 2/3)
2026-02-21T02:40:02.738Z [svc-media-4] health check ok
2026-02-21T02:40:02.739Z [svc-db-0] retrying connection to kafka (attempt 1/3)
2026-02-21T02:40:02.739Z [svc-notify-3] retrying connection to s3 (attempt 2/3)
2026-02-21T02:40:02.739Z [svc-queue-1] retrying connection to postgres (attempt 2/3)
2026-02-21T02:40:02.740Z [svc-auth-0] cache hit rate 85%
2026-02-21T02:40:02.740Z [svc-cache-3] gc pause 93ms, heap 861MB
2026-02-21T02:40:02.740Z [svc-search-0] warning: slow query took 2157ms
2026-02-21T02:40:02.740Z [svc-gateway-1] warning: slow query took 937ms
2026-02-21T02:40:02.741Z [svc-auth-1] retrying connection to vault (attempt 2/3)
2026-02-21T02:40:02.743Z [svc-notify-0] cache hit rate 92%
2026-02-21T02:40:02.743Z [svc-notify-0] retrying connection to postgres (attempt 3/3)
2026-02-21T02:40:02.743Z [svc-queue-1] health check ok
2026-02-21T02:40:02.744Z [svc-search-4] retrying connection to elasticsearch (attempt 1/3)
2026-02-21T02:40:02.744Z [svc-sched-1] retrying connection to postgres (attempt 3/3)
2026-02-21T02:40:02.745Z [svc-cache-3] connected to upstream in 78ms
2026-02-21T02:40:02.745Z [svc-media-0] warning: slow query took 1708ms
2026-02-21T02:40:02.746Z [svc-sched-3] retrying connection to kafka (attempt 1/3)
2026-02-21T02:40:02.748Z [pytest-xdist] gw2 test_sched.py::test_parse_query PASSED in 27ms trace=44e96ffc-1f10-6797-f6b1-40b9de73d189
2026-02-21T02:40:02.748Z [svc-cache-3] warning: slow query took 1961ms
2026-02-21T02:40:02.749Z [svc-auth-4] processed batch of 347 items
2026-02-21T02:40:02.749Z [svc-sched-4] cache hit rate 95%
2026-02-21T02:40:02.750Z [svc-db-2] connected to upstream in 16ms
2026-02-21T02:40:02.751Z [svc-auth-2] health check ok
2026-02-21T02:40:02.752Z [svc-auth-2] health check ok
2026-02-21T02:40:02.755Z [svc-sched-2] warning: slow query took 1454ms
2026-02-21T02:40:02.761Z [svc-billing-1] closed idle connection after 254s
2026-02-21T02:40:02.762Z [svc-cache-4] gc pause 22ms, heap 870MB
2026-02-21T02:40:02.762Z [svc-search-2] gc pause 48ms, heap 558MB
2026-02-21T02:40:02.762Z [svc-media-1] cache hit rate 92%
2026-02-21T02:40:02.763Z [pytest-xdist] gw0 test_export.py::test_render_quota PASSED in 134ms trace=de374494-c1a8-b9e7-7abd-c5552350e7f7
2026-02-21T02:40:02.763Z [svc-queue-2] warning: slow query took 2058ms
2026-02-21T02:40:02.764Z [svc-gateway-2] cache hit rate 88%
2026-02-21T02:40:02.765Z [svc-media-4] processed batch of 384 items
2026-02-21T02:40:02.766Z [svc-auth-1] retrying connection to vault (attempt 3/3)
2026-02-21T02:40:02.769Z [svc-queue-0] connected to upstream in 69ms
2026-02-21T02:40:02.770Z [svc-notify-3] connected to upstream in 14ms
2026-02-21T02:40:02.773Z [svc-cache-4] health check ok
2026-02-21T02:40:02.776Z [pytest-xdist] gw2 test_payments.py::test_parse_subscription PASSED in 244ms trace=bc38434c-468a-fe16-e967-3b2d526f3a7a
2026-02-21T02:40:02.776Z [svc-billing-4] cache hit rate 88%
2026-02-21T02:40:02.776Z [svc-notify-1] health check ok
2026-02-21T02:40:02.778Z [svc-media-2] processed batch of 182 items
2026-02-21T02:40:02.780Z [svc-billing-4] warning: slow query took 1673ms
2026-02-21T02:40:02.781Z [svc-billing-3] closed idle connection after 250s
2026-02-21T02:40:02.781Z [svc-gateway-0] retrying connection to redis (attempt 2/3)
2026-02-21T02:40:02.783Z [svc-gateway-0] health check ok
2026-02-21T02:40:02.784Z [svc-db-2] retrying connection to elasticsearch (attempt 2/3)
2026-02-21T02:40:02.787Z [svc-gateway-4] warning: slow query took 832ms
2026-02-21T02:40:02.790Z [pytest-xdist] gw3 test_media.py::test_update_shipment PASSED in 96ms trace=dba0571c-5961-9f8d-235a-5f6645e0aab4
2026-02-21T02:40:02.791Z [svc-db-0] retrying connection to kafka (attempt 3/3)
2026-02-21T02:40:02.792Z [svc-auth-4] retrying connection to kafka (attempt 1/3)
2026-02-21T02:40:02.792Z [svc-gateway-1] health check ok
2026-02-21T02:40:02.793Z [pytest-xdist] gw4 test_export.py::test_create_invoice PASSED in 19ms trace=da5074c3-147e-657d-aa50-59fe6809a571
2026-02-21T02:40:02.796Z [pytest-xdist] gw5 test_export.py::test_update_subscription PASSED in 242ms trace=6374c389-9105-7dbc-b22a-bade0781c494
2026-02-21T02:40:02.796Z [svc-notify-1] retrying connection to redis (attempt 2/3)
2026-02-21T02:40:02.797Z [svc-sched-4] gc pause 110ms, heap 286MB
2026-02-21T02:40:02.799Z [svc-gateway-3] health check ok
2026-02-21T02:40:02.800Z [svc-db-0] gc pause 27ms, heap 164MB
2026-02-21T02:40:02.800Z [svc-notify-4] processed batch of 342 items
2026-02-21T02:40:02.803Z [svc-notify-0] warning: slow query took 719ms
2026-02-21T02:40:02.803Z [svc-notify-2] warning: slow query took 791ms
2026-02-21T02:40:02.804Z [svc-auth-3] processed batch of 386 items
2026-02-21T02:40:02.807Z [svc-db-0] processed batch of 340 items
2026-02-21T02:40:02.807Z [svc-notify-3] retrying connection to s3 (attempt 1/3)
2026-02-21T02:40:02.807Z [svc-gateway-4] retrying connection to vault (attempt 2/3)
2026-02-21T02:40:02.808Z [svc-cache-1] gc pause 79ms, heap 568MB
2026-02-21T02:40:02.808Z [svc-gateway-1] retrying connection to kafka (attempt 2/3)
2026-02-21T02:40:02.808Z [svc-media-2] gc pause 71ms, heap 726MB
2026-02-21T02:40:02.808Z [svc-queue-4] closed idle connection after 131s
2026-02-21T02:40:02.809Z [svc-db-2] retrying connection to elasticsearch (attempt 2/3)
2026-02-21T02:40:02.809Z [svc-db-3] gc pause 89ms, heap 696MB
2026-02-21T02:40:02.810Z [pytest-xdist] gw2 test_users.py::test_authorize_query PASSED in 17ms trace=c627f42e-9025-f793-7506-2f0067ba9c7d
2026-02-21T02:40:02.811Z [svc-sched-2] connected to upstream in 31ms
2026-02-21T02:40:02.812Z [svc-billing-2] connected to upstream in 55ms
2026-02-21T02:40:02.813Z [svc-auth-4] closed idle connection after 47s
2026-02-21T02:40:02.813Z [svc-billing-2] health check ok
2026-02-21T02:40:02.813Z [svc-notify-1] retrying connection to redis (attempt 1/3)
2026-02-21T02:40:02.813Z [svc-sched-4] closed idle connection after 299s
2026-02-21T02:40:02.815Z [svc-auth-4] cache hit rate 95%
2026-02-21T02:40:02.815Z [svc-db-2] closed idle connection after 259s
2026-02-21T02:40:02.817Z [svc-queue-2] cache hit rate 92%
2026-02-21T02:40:02.818Z [svc-db-0] gc pause 100ms, heap 636MB
2026-02-21T02:40:02.818Z [svc-gateway-4] health check ok
2026-02-21T02:40:02.819Z [svc-db-4] connected to upstream in 15ms
2026-02-21T02:40:02.820Z [svc-billing-0] cache hit rate 92%
2026-02-21T02:40:02.821Z [svc-auth-0] closed idle connection after 231s
2026-02-21T02:40:02.821Z [svc-notify-2] processed batch of 345 items
2026-02-21T02:40:02.821Z [svc-notify-2] warning: slow query took 292ms
2026-02-21T02:40:02.822Z [svc-db-0] gc pause 79ms, heap 703MB
2026-02-21T02:40:02.822Z [svc-queue-1] gc pause 29ms, heap 536MB
2026-02-21T02:40:02.823Z [svc-cache-0] cache hit rate 90%
2026-02-21T02:40:02.823Z [svc-cache-0] retrying connection to vault (attempt 2/3)
2026-02-21T02:40:02.823Z [svc-db-1] health check ok
2026-02-21T02:40:02.823Z [svc-sched-1] closed idle connection after 86s
2026-02-21T02:40:02.824Z [svc-auth-4] connected to upstream in 14ms
2026-02-21T02:40:02.825Z [pytest-xdist] gw4 test_search.py::test_paginate_user PASSED in 7ms trace=7c08365e-af78-d89b-ce43-caa4cc6415a2
2026-02-21T02:40:02.825Z [svc-db-3] processed batch of 20 items
2026-02-21T02:40:02.825Z [svc-notify-4] cache hit rate 90%
2026-02-21T02:40:02.825Z [svc-gateway-1] cache hit rate 92%
2026-02-21T02:40:02.826Z [svc-search-0] health check ok
2026-02-21T02:40:02.828Z [pytest-xdist] gw3 test_sched.py::test_parse_invoice PASSED in 126ms trace=1bbd962b-5655-e702-dd34-a4dbed3d1a49
2026-02-21T02:40:02.829Z [svc-queue-4] connected to upstream in 53ms
2026-02-21T02:40:02.831Z [svc-billing-0] health check ok
2026-02-21T02:40:02.833Z [svc-queue-0] processed batch of 498 items
2026-02-21T02:40:02.835Z [svc-queue-3] warning: slow query took 1503ms
2026-02-21T02:40:02.837Z [svc-search-0] processed batch of 492 items
2026-02-21T02:40:02.839Z [svc-db-1] health check ok
2026-02-21T02:40:02.839Z [svc-queue-3] health check ok
2026-02-21T02:40:02.840Z [svc-gateway-4] connected to upstream in 71ms
2026-02-21T02:40:02.841Z [svc-search-3] closed idle connection after 305s
2026-02-21T02:40:02.842Z [svc-auth-1] closed idle connection after 242s
2026-02-21T02:40:02.842Z [svc-queue-3] gc pause 29ms, heap 244MB
2026-02-21T02:40:02.843Z [svc-cache-1] retrying connection to postgres (attempt 3/3)
2026-02-21T02:40:02.844Z [svc-cache-3] health check ok
2026-02-21T02:40:02.846Z [svc-cache-1] retrying connection to postgres (attempt 3/3)
2026-02-21T02:40:02.847Z [svc-media-1] connected to upstream in 81ms
2026-02-21T02:40:02.847Z [svc-queue-0] retrying connection to vault (attempt 1/3)
2026-02-21T02:40:02.847Z [svc-sched-2] retrying connection to redis (attempt 2/3)
2026-02-21T02:40:02.848Z [svc-auth-1] gc pause 67ms, heap 483MB
2026-02-21T02:40:02.850Z [pytest-xdist] gw2 test_gateway.py::test_paginate_user PASSED in 130ms trace=c73d93be-06ee-3b64-ccd7-0a817eaf335e
2026-02-21T02:40:02.850Z [svc-billing-4] retrying connection to vault (attempt 1/3)
2026-02-21T02:40:02.852Z [svc-media-4] health check ok
2026-02-21T02:40:02.854Z [svc-search-0] cache hit rate 95%
2026-02-21T02:40:02.855Z [svc-notify-3] connected to upstream in 35ms
2026-02-21T02:40:02.856Z [svc-cache-0] retrying connection to vault (attempt 1/3)
2026-02-21T02:40:02.856Z [svc-billing-0] retrying connection to redis (attempt 1/3)
2026-02-21T02:40:02.857Z [svc-auth-0] retrying connection to elasticsearch (attempt 2/3)
2026-02-21T02:40:02.858Z [svc-media-0] cache hit rate 85%
2026-02-21T02:40:02.858Z [svc-media-1] closed idle connection after 85s
2026-02-21T02:40:02.860Z [pytest-xdist] gw1 test_search.py::test_render_user PASSED in 164ms trace=0460c880-5d63-1ac1-fe16-5b44b6366177
2026-02-21T02:40:02.860Z [svc-search-1] gc pause 72ms, heap 150MB
2026-02-21T02:40:02.860Z [svc-media-1] connected to upstream in 67ms
2026-02-21T02:40:02.860Z [svc-media-3] connected to upstream in 67ms
2026-02-21T02:40:02.860Z [svc-queue-3] warning: slow query took 496ms
2026-02-21T02:40:02.862Z [svc-search-0] connected to upstream in 49ms
2026-02-21T02:40:02.863Z [svc-sched-2] health check ok
2026-02-21T02:40:02.864Z [svc-cache-1] connected to upstream in 80ms
2026-02-21T02:40:02.865Z [svc-media-1] connected to upstream in 66ms
2026-02-21T02:40:02.866Z [svc-cache-1] processed batch of 327 items
2026-02-21T02:40:02.867Z [pytest-xdist] gw2 test_gateway.py::test_list_template PASSED in 134ms trace=4cbb4795-ddad-28a4-c0e3-a07f6a215da8
2026-02-21T02:40:02.867Z [svc-db-0] closed idle connection after 30s
2026-02-21T02:40:02.867Z [svc-billing-4] warning: slow query took 1255ms
2026-02-21T02:40:02.867Z [svc-notify-0] retrying connection to postgres (attempt 3/3)
2026-02-21T02:40:02.868Z [svc-gateway-3] processed batch of 449 items
2026-02-21T02:40:02.870Z [svc-auth-2] cache hit rate 95%
2026-02-21T02:40:02.870Z [svc-cache-3] closed idle connection after 276s
2026-02-21T02:40:02.871Z [pytest-xdist] gw5 test_reports.py::test_create_user PASSED in 210ms trace=82ae48d9-2a1b-21c0-efd7-674b4ac5bc0a
2026-02-21T02:40:02.872Z [svc-db-0] closed idle connection after 106s
2026-02-21T02:40:02.872Z [svc-notify-0] retrying connection to postgres (attempt 1/3)
2026-02-21T02:40:02.873Z [svc-media-2] closed idle connection after 91s
2026-02-21T02:40:02.874Z [svc-cache-4] closed idle connection after 94s
2026-02-21T02:40:02.874Z [svc-search-1] gc pause 112ms, heap 797MB
2026-02-21T02:40:02.876Z [svc-db-4] warning: slow query took 1384ms
2026-02-21T02:40:02.876Z [svc-billing-3] retrying connection to elasticsearch (attempt 3/3)
2026-02-21T02:40:02.876Z [svc-search-4] connected to upstream in 81ms
2026-02-21T02:40:02.877Z [svc-db-3] warning: slow query took 1723ms
2026-02-21T02:40:02.879Z [svc-gateway-1] closed idle connection after 170s
2026-02-21T02:40:02.880Z [svc-db-0] warning: slow query took 1796ms
2026-02-21T02:40:02.883Z [svc-search-3] health check ok
2026-02-21T02:40:02.884Z [svc-notify-2] connected to upstream in 83ms
2026-02-21T02:40:02.884Z [svc-gateway-3] processed batch of 389 items
2026-02-21T02:40:02.884Z [svc-media-2] connected to upstream in 15ms
2026-02-21T02:40:02.885Z [svc-cache-1] closed idle connection after 154s
2026-02-21T02:40:02.887Z [svc-auth-2] retrying connection to postgres (attempt 2/3)
2026-02-21T02:40:02.887Z [svc-search-4] retrying connection to elasticsearch (attempt 3/3)
2026-02-21T02:40:02.887Z [svc-gateway-3] connected to upstream in 66ms
2026-02-21T02:40:02.889Z [svc-notify-2] closed idle connection after 39s
2026-02-21T02:40:02.890Z [pytest-xdist] gw4 test_orders.py::test_update_webhook PASSED in 9ms trace=fecc3478-4382-d4b6-6cba-9871fa2a7779
2026-02-21T02:40:02.890Z [svc-gateway-3] cache hit rate 95%
2026-02-21T02:40:02.893Z [svc-auth-1] retrying connection to vault (attempt 2/3)
2026-02-21T02:40:02.894Z [svc-search-2] retrying connection to kafka (attempt 2/3)
2026-02-21T02:40:02.895Z [svc-media-3] retrying connection to kafka (attempt 3/3)
2026-02-21T02:40:02.898Z [svc-db-2] gc pause 42ms, heap 163MB
2026-02-21T02:40:02.899Z [svc-billing-0] gc pause 105ms, heap 829MB
2026-02-21T02:40:02.899Z [svc-search-0] connected to upstream in 80ms
2026-02-21T02:40:02.901Z [svc-search-0] retrying connection to postgres (attempt 2/3)
2026-02-21T02:40:02.902Z [svc-cache-4] health check ok
2026-02-21T02:40:02.903Z [svc-billing-3] connected to upstream in 33ms
2026-02-21T02:40:02.904Z [svc-auth-2] warning: slow query took 439ms
2026-02-21T02:40:02.904Z [svc-db-2] processed batch of 276 items
2026-02-21T02:40:02.904Z [svc-search-3] processed batch of 141 items
2026-02-21T02:40:02.904Z [svc-queue-4] retrying connection to s3 (attempt 3/3)
2026-02-21T02:40:02.905Z [pytest-xdist] gw0 test_orders.py::test_expire_index PASSED in 122ms trace=a02a3bc6-3bab-694a-5683-20cf394b5251
2026-02-21T02:40:02.905Z [svc-db-4] retrying connection to postgres (attempt 2/3)
2026-02-21T02:40:02.906Z [svc-queue-4] closed idle connection after 184s
2026-02-21T02:40:02.908Z [svc-cache-0] warning: slow query took 604ms
2026-02-21T02:40:02.909Z [svc-billing-1] retrying connection to kafka (attempt 1/3)
2026-02-21T02:40:02.912Z [pytest-xdist] gw0 test_search.py::test_reconcile_invoice PASSED in 217ms trace=b45e6051-35ab-25ce-f4b1-bbeff97366f6
2026-02-21T02:40:02.912Z [svc-gateway-4] health check ok
2026-02-21T02:40:02.915Z [svc-media-1] warning: slow query took 808ms
2026-02-21T02:40:02.917Z [svc-cache-0] connected to upstream in 5ms
2026-02-21T02:40:02.918Z [svc-notify-3] gc pause 61ms, heap 105MB
2026-02-21T02:40:02.918Z [svc-sched-1] connected to upstream in 78ms
2026-02-21T02:40:02.919Z [svc-notify-0] warning: slow query took 306ms
2026-02-21T02:40:02.920Z [svc-gateway-1] connected to upstream in 32ms
2026-02-21T02:40:02.922Z [svc-billing-1] retrying connection to kafka (attempt 3/3)
2026-02-21T02:40:02.923Z [svc-search-4] closed idle connection after 258s
2026-02-21T02:40:02.924Z [pytest-xdist] gw1 test_orders.py::test_sync_attachment PASSED in 132ms trace=2f3cb93c-b575-fb80-e959-6dc3fd3d208f
2026-02-21T02:40:02.925Z [svc-notify-4] health check ok
2026-02-21T02:40:02.926Z [svc-notify-1] processed batch of 473 items
2026-02-21T02:40:02.927Z [svc-cache-2] closed idle connection after 48s
2026-02-21T02:40:02.928Z [svc-billing-1] closed idle connection after 161s
2026-02-21T02:40:02.930Z [svc-queue-2] processed batch of 350 items
2026-02-21T02:40:02.932Z [svc-queue-2] gc pause 52ms, heap 436MB
2026-02-21T02:40:02.933Z [svc-search-0] closed idle connection after 161s
2026-02-21T02:40:02.934Z [svc-cache-3] processed batch of 42 items
2026-02-21T02:40:02.934Z [svc-cache-4] retrying connection to s3 (attempt 1/3)
2026-02-21T02:40:02.934Z [svc-media-1] retrying connection to postgres (attempt 2/3)
2026-02-21T02:40:02.935Z [pytest-xdist] gw1 test_sched.py::test_render_region SKIPPED (reason: flaky-see-issue-482)
2026-02-21T02:40:02.935Z [svc-sched-2] health check ok
2026-02-21T02:40:02.938Z [svc-media-2] retrying connection to redis (attempt 3/3)
2026-02-21T02:40:02.939Z [svc-sched-2] processed batch of 238 items
2026-02-21T02:40:02.940Z [svc-cache-1] health check ok
2026-02-21T02:40:02.941Z [svc-media-2] closed idle connection after 257s
2026-02-21T02:40:02.942Z [svc-db-2] closed idle connection after 188s
2026-02-21T02:40:02.945Z [svc-notify-2] cache hit rate 92%
2026-02-21T02:40:02.945Z [svc-queue-4] cache hit rate 88%
2026-02-21T02:40:02.948Z [svc-db-4] retrying connection to postgres (attempt 1/3)
2026-02-21T02:40:02.948Z [svc-gateway-4] retrying connection to vault (attempt 1/3)
2026-02-21T02:40:02.949Z [svc-auth-1] processed batch of 469 items
2026-02-21T02:40:02.950Z [svc-billing-4] processed batch of 433 items
2026-02-21T02:40:02.951Z [svc-notify-2] retrying connection to kafka (attempt 3/3)
2026-02-21T02:40:02.951Z [svc-queue-0] closed idle connection after 274s
2026-02-21T02:40:02.952Z [pytest-xdist] gw3 test_orders.py::test_reconcile_refund PASSED in 73ms trace=03da422f-222c-e3dd-5443-c53db1367f64
2026-02-21T02:40:02.955Z [svc-search-0] retrying connection to postgres (attempt 1/3)
2026-02-21T02:40:02.955Z [svc-media-3] health check ok
2026-02-21T02:40:02.956Z [svc-gateway-0] closed idle connection after 60s
2026-02-21T02:40:02.957Z [svc-db-3] cache hit rate 90%
2026-02-21T02:40:02.957Z [svc-search-1] retrying connection to redis (attempt 2/3)
2026-02-21T02:40:02.958Z [svc-gateway-2] warning: slow query took 936ms
2026-02-21T02:40:02.960Z [svc-gateway-1] closed idle connection after 177s
2026-02-21T02:40:02.960Z [svc-media-4] cache hit rate 92%
2026-02-21T02:40:02.961Z [svc-media-0] connected to upstream in 36ms
2026-02-21T02:40:02.963Z [svc-gateway-1] retrying connection to kafka (attempt 1/3)
2026-02-21T02:40:02.964Z [svc-cache-4] retrying connection to s3 (attempt 3/3)
2026-02-21T02:40:02.964Z [svc-gateway-4] closed idle connection after 74s
2026-02-21T02:40:02.966Z [svc-cache-0] retrying connection to vault (attempt 2/3)
2026-02-21T02:40:02.966Z [svc-db-3] connected to upstream in 50ms
2026-02-21T02:40:02.967Z [svc-cache-4] connected to upstream in 68ms
2026-02-21T02:40:02.967Z [svc-notify-0] processed batch of 457 items
2026-02-21T02:40:02.968Z [svc-sched-0] connected to upstream in 33ms
2026-02-21T02:40:02.971Z [svc-media-1] gc pause 35ms, heap 174MB
2026-02-21T02:40:02.972Z [pytest-xdist] gw3 test_notify.py::test_reconcile_quota PASSED in 19ms trace=a9f9ba0d-63d2-0869-518b-555ceffe840e
2026-02-21T02:40:02.974Z [svc-queue-0] warning: slow query took 1971ms
2026-02-21T02:40:02.975Z [svc-notify-1] warning: slow query took 1531ms
2026-02-21T02:40:02.976Z [svc-auth-4] processed batch of 411 items
2026-02-21T02:40:02.976Z [svc-queue-1] processed batch of 430 items
2026-02-21T02:40:02.978Z [svc-queue-1] health check ok
2026-02-21T02:40:02.979Z [svc-media-0] cache hit rate 90%
2026-02-21T02:40:02.979Z [svc-media-1] health check ok
2026-02-21T02:40:02.984Z [svc-gateway-1] cache hit rate 95%
2026-02-21T02:40:02.984Z [svc-gateway-4] warning: slow query took 1436ms
2026-02-21T02:40:02.987Z [svc-queue-4] gc pause 18ms, heap 103MB
2026-02-21T02:40:02.988Z [svc-notify-2] retrying connection to kafka (attempt 3/3)
2026-02-21T02:40:02.988Z [svc-sched-1] gc pause 6ms, heap 351MB
2026-02-21T02:40:02.988Z [svc-sched-2] gc pause 40ms, heap 246MB
2026-02-21T02:40:02.989Z [svc-sched-4] gc pause 109ms, heap 643MB
2026-02-21T02:40:02.990Z [svc-queue-0] gc pause 83ms, heap 368MB
2026-02-21T02:40:02.991Z [svc-billing-3] cache hit rate 92%
2026-02-21T02:40:02.991Z [svc-billing-4] retrying connection to vault (attempt 1/3)
2026-02-21T02:40:02.993Z [pytest-xdist] gw5 test_reports.py::test_parse_subscription PASSED in 244ms trace=480a9647-e610-3b9f-c1f4-af315d8d90b8
2026-02-21T02:40:02.995Z [svc-notify-2] warning: slow query took 1856ms
2026-02-21T02:40:02.995Z [svc-queue-2] closed idle connection after 187s
2026-02-21T02:40:02.996Z [svc-cache-0] health check ok
2026-02-21T02:40:02.996Z [svc-search-3] closed idle connection after 104s
2026-02-21T02:40:02.997Z [svc-cache-0] retrying connection to vault (attempt 3/3)
2026-02-21T02:40:03.000Z [pytest-xdist] gw4 test_payments.py::test_render_template PASSED in 235ms trace=3984cc59-1e2d-2407-bc01-190aa8db110d
2026-02-21T02:40:03.002Z [svc-auth-3] gc pause 86ms, heap 655MB
2026-02-21T02:40:03.003Z [svc-queue-2] gc pause 18ms, heap 955MB
2026-02-21T02:40:03.003Z [svc-sched-2] warning: slow query took 1609ms
2026-02-21T02:40:03.004Z [svc-sched-3] retrying connection to kafka (attempt 3/3)
2026-02-21T02:40:03.005Z [svc-notify-3] processed batch of 398 items
2026-02-21T02:40:03.005Z [svc-media-1] closed idle connection after 261s
2026-02-21T02:40:03.008Z [svc-sched-1] gc pause 76ms, heap 832MB
2026-02-21T02:40:03.009Z [svc-auth-2] processed batch of 137 items
2026-02-21T02:40:03.010Z [svc-gateway-3] cache hit rate 85%
2026-02-21T02:40:03.014Z [svc-notify-3] warning: slow query took 1833ms
2026-02-21T02:40:03.014Z [svc-media-0] closed idle connection after 178s
2026-02-21T02:40:03.014Z [svc-media-1] retrying connection to postgres (attempt 1/3)
2026-02-21T02:40:03.015Z [svc-cache-0] closed idle connection after 304s
2026-02-21T02:40:03.015Z [svc-billing-3] gc pause 95ms, heap 316MB
2026-02-21T02:40:03.016Z [svc-notify-4] retrying connection to elasticsearch (attempt 3/3)
2026-02-21T02:40:03.017Z [svc-billing-4] gc pause 11ms, heap 544MB
2026-02-21T02:40:03.018Z [pytest-xdist] gw0 test_queue.py::test_authorize_attachment PASSED in 98ms trace=093b1420-a10c-ae82-a7f0-15e436a189f3
2026-02-21T02:40:03.018Z [svc-gateway-2] gc pause 118ms, heap 436MB
2026-02-21T02:40:03.018Z [svc-queue-1] processed batch of 219 items
2026-02-21T02:40:03.019Z [svc-db-3] cache hit rate 95%
2026-02-21T02:40:03.019Z [svc-gateway-2] retrying connection to s3 (attempt 1/3)
2026-02-21T02:40:03.020Z [svc-auth-2] connected to upstream in 18ms
2026-02-21T02:40:03.020Z [svc-auth-4] retrying connection to kafka (attempt 3/3)
2026-02-21T02:40:03.020Z [svc-gateway-3] retrying connection to elasticsearch (attempt 3/3)
2026-02-21T02:40:03.021Z [svc-cache-1] cache hit rate 90%
2026-02-21T02:40:03.021Z [svc-cache-2] retrying connection to redis (attempt 2/3)
2026-02-21T02:40:03.021Z [svc-gateway-4] gc pause 92ms, heap 979MB
2026-02-21T02:40:03.022Z [svc-cache-2] cache hit rate 90%
2026-02-21T02:40:03.023Z [svc-cache-1] warning: slow query took 1900ms
2026-02-21T02:40:03.023Z [svc-queue-2] health check ok
2026-02-21T02:40:03.024Z [svc-db-0] closed idle connection after 36s
2026-02-21T02:40:03.025Z [pytest-xdist] gw1 test_reports.py::test_validate_coupon PASSED in 57ms trace=1ca8bce8-e197-e93c-8deb-e8d6227243ea
2026-02-21T02:40:03.025Z [svc-billing-0] processed batch of 158 items
2026-02-21T02:40:03.026Z [svc-db-4] processed batch of 270 items
2026-02-21T02:40:03.026Z [svc-sched-4] warning: slow query took 1092ms
2026-02-21T02:40:03.027Z [svc-auth-4] warning: slow query took 1243ms
2026-02-21T02:40:03.030Z [svc-db-2] gc pause 55ms, heap 135MB
2026-02-21T02:40:03.032Z [svc-billing-3] processed batch of 120 items
2026-02-21T02:40:03.032Z [svc-sched-0] health check ok
2026-02-21T02:40:03.033Z [svc-search-3] cache hit rate 90%
2026-02-21T02:40:03.034Z [svc-queue-3] gc pause 107ms, heap 936MB
2026-02-21T02:40:03.034Z [svc-sched-2] health check ok
2026-02-21T02:40:03.035Z [pytest-xdist] gw3 test_payments.py::test_retry_token PASSED in 210ms trace=e8604204-5dce-6b6c-01c7-73ddec75af86
2026-02-21T02:40:03.035Z [svc-gateway-0] health check ok
2026-02-21T02:40:03.036Z [svc-search-0] warning: slow query took 1343ms
2026-02-21T02:40:03.037Z [svc-search-4] health check ok
2026-02-21T02:40:03.038Z [svc-notify-2] processed batch of 359 items
2026-02-21T02:40:03.040Z [svc-db-2] cache hit rate 90%
2026-02-21T02:40:03.041Z [svc-cache-3] retrying connection to kafka (attempt 1/3)
2026-02-21T02:40:03.041Z [svc-sched-0] gc pause 52ms, heap 181MB
2026-02-21T02:40:03.041Z [svc-sched-2] gc pause 26ms, heap 215MB
2026-02-21T02:40:03.042Z [svc-db-1] processed batch of 217 items
2026-02-21T02:40:03.042Z [svc-queue-2] gc pause 17ms, heap 705MB
2026-02-21T02:40:03.043Z [svc-queue-4] retrying connection to s3 (attempt 2/3)
2026-02-21T02:40:03.045Z [pytest-xdist] gw5 test_media.py::test_notify_user PASSED in 44ms trace=0cd55910-3018-b3f2-377d-c53028ea53d6
2026-02-21T02:40:03.046Z [svc-sched-2] connected to upstream in 11ms
2026-02-21T02:40:03.047Z [svc-auth-4] gc pause 31ms, heap 762MB
2026-02-21T02:40:03.047Z [svc-cache-0] warning: slow query took 568ms
2026-02-21T02:40:03.047Z [svc-billing-1] closed idle connection after 149s
2026-02-21T02:40:03.048Z [svc-db-1] closed idle connection after 313s
2026-02-21T02:40:03.048Z [svc-db-3] gc pause 124ms, heap 199MB
2026-02-21T02:40:03.049Z [svc-auth-0] processed batch of 448 items
2026-02-21T02:40:03.050Z [svc-gateway-0] warning: slow query took 1356ms
2026-02-21T02:40:03.053Z [svc-notify-4] retrying connection to elasticsearch (attempt 2/3)
2026-02-21T02:40:03.055Z [svc-search-3] gc pause 83ms, heap 924MB
2026-02-21T02:40:03.055Z [svc-queue-3] cache hit rate 95%
2026-02-21T02:40:03.057Z [svc-auth-4] health check ok
2026-02-21T02:40:03.057Z [svc-sched-2] health check ok
2026-02-21T02:40:03.058Z [svc-auth-4] connected to upstream in 40ms
2026-02-21T02:40:03.062Z [svc-media-1] closed idle connection after 55s
2026-02-21T02:40:03.065Z [pytest-xdist] gw1 test_notify.py::test_reconcile_user PASSED in 18ms trace=5c412cd6-ed8f-f8e7-169b-317c37d91143
2026-02-21T02:40:03.065Z [svc-gateway-4] cache hit rate 85%
2026-02-21T02:40:03.068Z [svc-media-4] warning: slow query took 785ms
2026-02-21T02:40:03.071Z [svc-billing-0] connected to upstream in 46ms
2026-02-21T02:40:03.073Z [svc-cache-0] processed batch of 247 items
2026-02-21T02:40:03.073Z [svc-media-2] cache hit rate 88%
2026-02-21T02:40:03.074Z [svc-media-0] health check ok
2026-02-21T02:40:03.075Z [pytest-xdist] gw3 test_orders.py::test_list_template PASSED in 194ms trace=b4acbe4f-1d87-cadd-b5b4-71126b6accf1
2026-02-21T02:40:03.075Z [svc-media-3] retrying connection to kafka (attempt 1/3)
2026-02-21T02:40:03.077Z [svc-billing-1] health check ok
2026-02-21T02:40:03.078Z [svc-billing-3] retrying connection to elasticsearch (attempt 2/3)
2026-02-21T02:40:03.078Z [svc-gateway-1] connected to upstream in 79ms
2026-02-21T02:40:03.078Z [svc-sched-0] warning: slow query took 986ms
2026-02-21T02:40:03.082Z [svc-billing-0] retrying connection to redis (attempt 2/3)
2026-02-21T02:40:03.083Z [svc-cache-2] warning: slow query took 1990ms
2026-02-21T02:40:03.083Z [svc-queue-4] closed idle connection after 239s
2026-02-21T02:40:03.083Z [svc-sched-1] closed idle connection after 287s
2026-02-21T02:40:03.084Z [svc-billing-4] warning: slow query took 342ms
2026-02-21T02:40:03.086Z [svc-db-1] retrying connection to s3 (attempt 3/3)
2026-02-21T02:40:03.088Z [svc-billing-3] cache hit rate 92%
2026-02-21T02:40:03.089Z [svc-billing-3] closed idle connection after 304s
2026-02-21T02:40:03.090Z [svc-db-2] retrying connection to elasticsearch (attempt 3/3)
2026-02-21T02:40:03.092Z [svc-auth-2] cache hit rate 85%
2026-02-21T02:40:03.093Z [svc-gateway-4] gc pause 51ms, heap 937MB
2026-02-21T02:40:03.094Z [pytest-xdist] gw3 test_reports.py::test_create_index PASSED in 90ms trace=95fa3325-c018-4063-8c66-7651b080c7f0
2026-02-21T02:40:03.095Z [svc-db-4] connected to upstream in 53ms
2026-02-21T02:40:03.096Z [svc-billing-0] warning: slow query took 1797ms
2026-02-21T02:40:03.097Z [svc-sched-1] gc pause 95ms, heap 522MB
2026-02-21T02:40:03.100Z [svc-queue-0] processed batch of 331 items
2026-02-21T02:40:03.101Z [svc-notify-0] connected to upstream in 67ms
2026-02-21T02:40:03.101Z [svc-sched-3] health check ok
2026-02-21T02:40:03.102Z [pytest-xdist] gw0 test_search.py::test_validate_refund PASSED in 4ms trace=c9d3a01d-64ff-3c4a-0c7e-869fcd6062cd
2026-02-21T02:40:03.105Z [svc-billing-2] gc pause 20ms, heap 955MB
2026-02-21T02:40:03.105Z [svc-queue-2] closed idle connection after 224s
2026-02-21T02:40:03.109Z [svc-queue-1] warning: slow query took 862ms
2026-02-21T02:40:03.110Z [svc-auth-2] gc pause 111ms, heap 582MB
2026-02-21T02:40:03.110Z [svc-sched-1] gc pause 76ms, heap 692MB
2026-02-21T02:40:03.111Z [svc-notify-1] closed idle connection after 120s
2026-02-21T02:40:03.111Z [svc-sched-1] health check ok
2026-02-21T02:40:03.113Z [svc-auth-2] warning: slow query took 592ms
2026-02-21T02:40:03.113Z [svc-billing-1] connected to upstream in 32ms
2026-02-21T02:40:03.114Z [svc-notify-0] closed idle connection after 311s
2026-02-21T02:40:03.115Z [svc-billing-4] connected to upstream in 33ms
2026-02-21T02:40:03.117Z [svc-auth-0] processed batch of 452 items
2026-02-21T02:40:03.117Z [svc-search-3] processed batch of 202 items
2026-02-21T02:40:03.117Z [svc-queue-4] closed idle connection after 172s
2026-02-21T02:40:03.120Z [svc-cache-3] connected to upstream in 69ms
2026-02-21T02:40:03.120Z [svc-queue-1] warning: slow query took 1454ms
2026-02-21T02:40:03.121Z [pytest-xdist] gw5 test_orders.py::test_expire_query PASSED in 187ms trace=e7a9c6b4-8368-7e0c-f35e-2a193d4ebd8e
2026-02-21T02:40:03.121Z [svc-search-0] warning: slow query took 1037ms
2026-02-21T02:40:03.121Z [svc-queue-0] retrying connection to vault (attempt 2/3)
2026-02-21T02:40:03.123Z [svc-notify-2] warning: slow query took 208ms
2026-02-21T02:40:03.123Z [svc-media-4] connected to upstream in 56ms
2026-02-21T02:40:03.123Z [svc-sched-0] gc pause 72ms, heap 752MB
2026-02-21T02:40:03.125Z [svc-media-3] cache hit rate 92%
2026-02-21T02:40:03.128Z [svc-billing-1] retrying connection to kafka (attempt 1/3)
2026-02-21T02:40:03.129Z [svc-notify-4] cache hit rate 85%
2026-02-21T02:40:03.130Z [svc-sched-4] gc pause 29ms, heap 990MB
2026-02-21T02:40:03.131Z [svc-auth-0] connected to upstream in 13ms
2026-02-21T02:40:03.134Z [svc-auth-2] connected to upstream in 53ms
2026-02-21T02:40:03.134Z [svc-gateway-0] retrying connection to redis (attempt 3/3)
2026-02-21T02:40:03.134Z [svc-media-2] connected to upstream in 48ms
2026-02-21T02:40:03.134Z [svc-queue-3] retrying connection to kafka (attempt 2/3)
2026-02-21T02:40:03.135Z [svc-billing-2] processed batch of 53 items
2026-02-21T02:40:03.135Z [svc-sched-3] retrying connection to kafka (attempt 1/3)
2026-02-21T02:40:03.136Z [svc-billing-3] retrying connection to elasticsearch (attempt 1/3)
2026-02-21T02:40:03.138Z [svc-billing-1] gc pause 111ms, heap 715MB
2026-02-21T02:40:03.138Z [svc-queue-3] retrying connection to kafka (attempt 3/3)
2026-02-21T02:40:03.139Z [pytest-xdist] gw0 test_media.py::test_expire_invoice PASSED in 133ms trace=90c458ea-9ba3-30a9-92e7-ab0225208dd8
2026-02-21T02:40:03.139Z [svc-billing-0] health check ok
2026-02-21T02:40:03.141Z [svc-db-3] retrying connection to vault (attempt 3/3)
2026-02-21T02:40:03.142Z [svc-billing-0] warning: slow query took 1454ms
2026-02-21T02:40:03.142Z [svc-notify-2] connected to upstream in 74ms
2026-02-21T02:40:03.143Z [svc-search-0] cache hit rate 85%
2026-02-21T02:40:03.143Z [svc-queue-4] cache hit rate 90%
2026-02-21T02:40:03.144Z [svc-sched-1] cache hit rate 85%
2026-02-21T02:40:03.145Z [svc-cache-4] gc pause 115ms, heap 777MB
2026-02-21T02:40:03.148Z [svc-billing-1] health check ok
2026-02-21T02:40:03.148Z [svc-billing-4] retrying connection to vault (attempt 1/3)
2026-02-21T02:40:03.148Z [svc-gateway-3] retrying connection to elasticsearch (attempt 3/3)
2026-02-21T02:40:03.149Z [svc-billing-1] health check ok
2026-02-21T02:40:03.149Z [svc-sched-2] retrying connection to redis (attempt 3/3)
2026-02-21T02:40:03.150Z [svc-gateway-1] connected to upstream in 81ms
2026-02-21T02:40:03.150Z [svc-queue-1] retrying connection to postgres (attempt 2/3)
2026-02-21T02:40:03.150Z [svc-sched-1] processed batch of 85 items
2026-02-21T02:40:03.153Z [svc-cache-2] retrying connection to redis (attempt 2/3)
2026-02-21T02:40:03.155Z [svc-billing-2] retrying connection to s3 (attempt 2/3)
2026-02-21T02:40:03.155Z [svc-search-2] connected to upstream in 36ms
2026-02-21T02:40:03.155Z [svc-notify-1] gc pause 8ms, heap 764MB
2026-02-21T02:40:03.159Z [pytest-xdist] gw1 test_billing.py::test_paginate_coupon PASSED in 114ms trace=2004b188-4eb0-3783-8e05-795c32695ee2
2026-02-21T02:40:03.162Z [svc-billing-1] health check ok
2026-02-21T02:40:03.162Z [svc-search-1] warning: slow query took 890ms
2026-02-21T02:40:03.162Z [svc-search-4] gc pause 40ms, heap 935MB
2026-02-21T02:40:03.163Z [svc-cache-1] retrying connection to postgres (attempt 3/3)
2026-02-21T02:40:03.163Z [svc-notify-3] warning: slow query took 1664ms
2026-02-21T02:40:03.163Z [svc-notify-4] connected to upstream in 45ms
2026-02-21T02:40:03.165Z [svc-billing-3] health check ok
2026-02-21T02:40:03.167Z [svc-db-4] retrying connection to postgres (attempt 2/3)
2026-02-21T02:40:03.168Z [svc-sched-4] closed idle connection after 298s
2026-02-21T02:40:03.169Z [svc-notify-2] closed idle connection after 311s
2026-02-21T02:40:03.169Z [svc-sched-0] processed batch of 321 items
2026-02-21T02:40:03.171Z [svc-search-3] cache hit rate 88%
2026-02-21T02:40:03.171Z [svc-gateway-4] retrying connection to vault (attempt 3/3)
2026-02-21T02:40:03.174Z [svc-billing-4] connected to upstream in 29ms
2026-02-21T02:40:03.176Z [svc-notify-3] cache hit rate 92%
2026-02-21T02:40:03.178Z [svc-sched-4] closed idle connection after 322s
2026-02-21T02:40:03.180Z [pytest-xdist] gw2 test_gateway.py::test_reconcile_refund PASSED in 71ms trace=91ed9394-c312-3441-af8e-2d65b11933f8
2026-02-21T02:40:03.180Z [svc-db-1] warning: slow query took 1864ms
2026-02-21T02:40:03.181Z [svc-db-0] retrying connection to kafka (attempt 3/3)
2026-02-21T02:40:03.183Z [pytest-xdist] gw2 test_notify.py::test_sync_shipment PASSED in 201ms trace=6750a484-5795-85e3-57fa-5e97df1a5864
2026-02-21T02:40:03.183Z [svc-search-1] warning: slow query took 1982ms
2026-02-21T02:40:03.184Z [svc-search-2] warning: slow query took 1913ms
2026-02-21T02:40:03.185Z [svc-notify-4] closed idle connection after 130s
2026-02-21T02:40:03.186Z [svc-billing-4] health check ok
2026-02-21T02:40:03.186Z [svc-notify-3] connected to upstream in 15ms
2026-02-21T02:40:03.187Z [svc-search-1] cache hit rate 90%
2026-02-21T02:40:03.188Z [svc-auth-2] warning: slow query took 2098ms
2026-02-21T02:40:03.190Z [svc-search-0] gc pause 105ms, heap 501MB
2026-02-21T02:40:03.191Z [svc-sched-1] cache hit rate 85%
2026-02-21T02:40:03.192Z [svc-db-0] warning: slow query took 1781ms
2026-02-21T02:40:03.194Z [svc-queue-4] connected to upstream in 5ms
2026-02-21T02:40:03.195Z [svc-media-0] retrying connection to vault (attempt 3/3)
2026-02-21T02:40:03.198Z [svc-gateway-4] warning: slow query took 1191ms
2026-02-21T02:40:03.198Z [svc-media-0] processed batch of 160 items
2026-02-21T02:40:03.199Z [svc-search-4] closed idle connection after 126s
2026-02-21T02:40:03.199Z [svc-sched-4] health check ok
2026-02-21T02:40:03.202Z [svc-db-0] gc pause 78ms, heap 698MB
2026-02-21T02:40:03.203Z [svc-notify-3] cache hit rate 85%
2026-02-21T02:40:03.204Z [svc-sched-1] warning: slow query took 1953ms
2026-02-21T02:40:03.205Z [pytest-xdist] gw2 test_payments.py::test_create_token PASSED in 167ms trace=06fb4d34-cd36-5ed7-c418-64690fd35a47
2026-02-21T02:40:03.205Z [svc-search-2] cache hit rate 88%
2026-02-21T02:40:03.206Z [svc-auth-2] connected to upstream in 68ms
2026-02-21T02:40:03.207Z [svc-sched-1] connected to upstream in 53ms
2026-02-21T02:40:03.208Z [svc-gateway-1] gc pause 70ms, heap 966MB
2026-02-21T02:40:03.209Z [svc-cache-0] connected to upstream in 23ms
2026-02-21T02:40:03.209Z [svc-cache-0] gc pause 77ms, heap 629MB
2026-02-21T02:40:03.210Z [pytest-xdist] gw2 test_gateway.py::test_parse_session PASSED in 100ms trace=990e2224-5c97-e0f1-70c6-23629ab29a67
2026-02-21T02:40:03.211Z [svc-db-1] health check ok
2026-02-21T02:40:03.211Z [svc-notify-4] gc pause 110ms, heap 274MB
2026-02-21T02:40:03.212Z [svc-billing-3] processed batch of 365 items
2026-02-21T02:40:03.214Z [svc-queue-0] warning: slow query took 2143ms
2026-02-21T02:40:03.216Z [svc-media-1] warning: slow query took 1440ms
2026-02-21T02:40:03.218Z [pytest-xdist] gw4 test_billing.py::test_validate_shipment PASSED in 2ms trace=af06d6ad-d23a-1de6-0220-84a69acc97ab
2026-02-21T02:40:03.223Z [svc-queue-4] retrying connection to s3 (attempt 3/3)
2026-02-21T02:40:03.225Z [svc-sched-1] gc pause 118ms, heap 470MB
2026-02-21T02:40:03.226Z [svc-gateway-0] warning: slow query took 1207ms
2026-02-21T02:40:03.227Z [svc-notify-3] processed batch of 415 items
2026-02-21T02:40:03.233Z [svc-auth-4] health check ok
2026-02-21T02:40:03.234Z [svc-search-1] processed batch of 459 items
2026-02-21T02:40:03.234Z [svc-sched-0] connected to upstream in 12ms
2026-02-21T02:40:03.235Z [svc-auth-2] processed batch of 352 items
2026-02-21T02:40:03.238Z [svc-gateway-0] gc pause 54ms, heap 345MB
2026-02-21T02:40:03.240Z [pytest-xdist] gw1 test_notify.py::test_render_token PASSED in 143ms trace=0ee81cf4-a672-0e7f-9c6d-9722de6ec415
2026-02-21T02:40:03.242Z [svc-queue-1] retrying connection to postgres (attempt 1/3)
2026-02-21T02:40:03.242Z [svc-queue-1] gc pause 122ms, heap 940MB
2026-02-21T02:40:03.243Z [svc-auth-2] connected to upstream in 67ms
2026-02-21T02:40:03.243Z [svc-search-2] warning: slow query took 1374ms
2026-02-21T02:40:03.244Z [svc-queue-3] health check ok
2026-02-21T02:40:03.245Z [svc-notify-0] processed batch of 502 items
2026-02-21T02:40:03.246Z [pytest-xdist] gw5 test_export.py::test_list_query PASSED in 28ms trace=7d94e593-2114-41d8-19b4-5ba54132ed5c
2026-02-21T02:40:03.250Z [svc-notify-4] cache hit rate 85%
2026-02-21T02:40:03.250Z [svc-queue-0] warning: slow query took 503ms
2026-02-21T02:40:03.255Z [svc-search-3] cache hit rate 85%
2026-02-21T02:40:03.255Z [svc-sched-1] retrying connection to postgres (attempt 2/3)
2026-02-21T02:40:03.260Z [svc-queue-3] cache hit rate 92%
2026-02-21T02:40:03.263Z [svc-cache-4] retrying connection to s3 (attempt 2/3)
2026-02-21T02:40:03.264Z [pytest-xdist] gw2 test_notify.py::test_authorize_token PASSED in 71ms trace=387cb826-638f-d81e-7a99-571b11ba1ef6
2026-02-21T02:40:03.265Z [svc-notify-2] health check ok
2026-02-21T02:40:03.265Z [svc-queue-0] health check ok
2026-02-21T02:40:03.266Z [svc-cache-2] health check ok
2026-02-21T02:40:03.266Z [svc-notify-3] closed idle connection after 60s
2026-02-21T02:40:03.267Z [pytest-xdist] gw3 test_queue.py::test_update_refund PASSED in 85ms trace=5a905abb-8f55-db5d-ed5a-6503a69effa7
2026-02-21T02:40:03.267Z [svc-db-4] connected to upstream in 52ms
2026-02-21T02:40:03.267Z [svc-queue-3] processed batch of 200 items
2026-02-21T02:40:03.269Z [svc-gateway-2] processed batch of 374 items
2026-02-21T02:40:03.269Z [svc-sched-4] cache hit rate 85%
2026-02-21T02:40:03.270Z [svc-billing-0] connected to upstream in 47ms
2026-02-21T02:40:03.270Z [svc-search-0] closed idle connection after 305s
2026-02-21T02:40:03.271Z [svc-cache-2] gc pause 11ms, heap 846MB
2026-02-21T02:40:03.271Z [svc-sched-4] retrying connection to s3 (attempt 2/3)
2026-02-21T02:40:03.275Z [svc-db-3] gc pause 107ms, heap 115MB
2026-02-21T02:40:03.275Z [svc-billing-1] connected to upstream in 9ms
2026-02-21T02:40:03.275Z [svc-media-4] retrying connection to s3 (attempt 1/3)
2026-02-21T02:40:03.277Z [svc-auth-4] closed idle connection after 217s
2026-02-21T02:40:03.278Z [pytest-xdist] gw1 test_media.py::test_delete_shipment PASSED in 91ms trace=6f722bef-d61b-80ad-3d17-ec47baabc649
2026-02-21T02:40:03.278Z [svc-cache-3] retrying connection to kafka (attempt 3/3)
2026-02-21T02:40:03.278Z [svc-notify-4] retrying connection to elasticsearch (attempt 2/3)
2026-02-21T02:40:03.281Z [svc-db-3] connected to upstream in 37ms
2026-02-21T02:40:03.283Z [svc-notify-2] gc pause 28ms, heap 316MB
2026-02-21T02:40:03.285Z [svc-auth-4] connected to upstream in 33ms
2026-02-21T02:40:03.285Z [svc-search-4] closed idle connection after 169s
2026-02-21T02:40:03.285Z [svc-queue-1] gc pause 62ms, heap 407MB
2026-02-21T02:40:03.288Z [svc-billing-3] retrying connection to elasticsearch (attempt 1/3)
2026-02-21T02:40:03.290Z [svc-search-2] processed batch of 312 items
2026-02-21T02:40:03.292Z [pytest-xdist] gw0 test_notify.py::test_notify_region PASSED in 66ms trace=6190bf0c-fb9f-b10c-12cc-f1cc1b85241f
2026-02-21T02:40:03.298Z [pytest-xdist] gw5 test_webhooks.py::test_validate_index PASSED in 69ms trace=1c436229-322a-979e-7eca-6e1ea6fd84dc
2026-02-21T02:40:03.298Z [svc-db-3] processed batch of 151 items
2026-02-21T02:40:03.299Z [svc-cache-3] connected to upstream in 70ms
2026-02-21T02:40:03.301Z [pytest-xdist] gw0 test_export.py::test_retry_region PASSED in 35ms trace=e8bf515b-b3dc-d2ee-bcd9-8c92bda32ba5
2026-02-21T02:40:03.301Z [svc-auth-0] cache hit rate 85%
2026-02-21T02:40:03.301Z [svc-media-0] gc pause 88ms, heap 913MB
2026-02-21T02:40:03.304Z [svc-search-1] retrying connection to redis (attempt 3/3)
2026-02-21T02:40:03.308Z [svc-notify-0] gc pause 97ms, heap 973MB
2026-02-21T02:40:03.310Z [svc-search-1] retrying connection to redis (attempt 2/3)
2026-02-21T02:40:03.310Z [svc-notify-2] retrying connection to kafka (attempt 2/3)
2026-02-21T02:40:03.311Z [svc-cache-3] processed batch of 106 items
2026-02-21T02:40:03.311Z [svc-search-4] closed idle connection after 118s
2026-02-21T02:40:03.312Z [svc-db-2] cache hit rate 88%
2026-02-21T02:40:03.313Z [svc-auth-0] gc pause 47ms, heap 174MB
2026-02-21T02:40:03.313Z [svc-cache-1] retrying connection to postgres (attempt 3/3)
2026-02-21T02:40:03.318Z [pytest-xdist] gw1 test_reports.py::test_list_shipment PASSED in 197ms trace=847606b6-a1d6-1227-5b39-7fd3ca60cb6d
2026-02-21T02:40:03.318Z [svc-media-2] closed idle connection after 70s
2026-02-21T02:40:03.322Z [svc-cache-4] retrying connection to s3 (attempt 2/3)
2026-02-21T02:40:03.322Z [svc-db-1] health check ok
2026-02-21T02:40:03.323Z [svc-auth-4] retrying connection to kafka (attempt 2/3)
2026-02-21T02:40:03.323Z [svc-search-3] processed batch of 443 items
2026-02-21T02:40:03.325Z [svc-notify-3] retrying connection to s3 (attempt 3/3)
2026-02-21T02:40:03.325Z [svc-media-4] health check ok
2026-02-21T02:40:03.325Z [svc-queue-4] gc pause 93ms, heap 199MB
2026-02-21T02:40:03.327Z [svc-sched-4] warning: slow query took 2038ms
2026-02-21T02:40:03.328Z [svc-billing-3] closed idle connection after 195s
2026-02-21T02:40:03.330Z [svc-billing-2] connected to upstream in 76ms
2026-02-21T02:40:03.330Z [svc-gateway-0] processed batch of 346 items
2026-02-21T02:40:03.331Z [pytest-xdist] gw0 test_queue.py::test_delete_subscription PASSED in 66ms trace=08f53ce7-8472-ccf4-1018-bc04b0557209
2026-02-21T02:40:03.332Z [svc-sched-1] gc pause 25ms, heap 481MB
2026-02-21T02:40:03.333Z [svc-media-0] retrying connection to vault (attempt 3/3)
2026-02-21T02:40:03.333Z [svc-queue-0] cache hit rate 92%
2026-02-21T02:40:03.335Z [svc-cache-1] gc pause 19ms, heap 804MB
2026-02-21T02:40:03.335Z [svc-sched-3] connected to upstream in 71ms
2026-02-21T02:40:03.336Z [svc-notify-4] processed batch of 66 items
2026-02-21T02:40:03.336Z [svc-media-3] health check ok
2026-02-21T02:40:03.339Z [svc-gateway-3] retrying connection to elasticsearch (attempt 3/3)
2026-02-21T02:40:03.340Z [svc-media-1] closed idle connection after 286s
2026-02-21T02:40:03.342Z [svc-gateway-0] closed idle connection after 111s
2026-02-21T02:40:03.343Z [svc-cache-3] health check ok
2026-02-21T02:40:03.343Z [svc-billing-1] closed idle connection after 220s
2026-02-21T02:40:03.343Z [svc-search-2] cache hit rate 88%
2026-02-21T02:40:03.345Z [svc-search-2] connected to upstream in 44ms
2026-02-21T02:40:03.345Z [svc-queue-0] cache hit rate 85%
2026-02-21T02:40:03.347Z [svc-cache-0] processed batch of 98 items
2026-02-21T02:40:03.347Z [svc-search-2] retrying connection to kafka (attempt 3/3)
2026-02-21T02:40:03.349Z [pytest-xdist] gw3 test_auth.py::test_list_session PASSED in 33ms trace=dd9d64b2-c6b0-011b-086d-1e4b5dbf815d
2026-02-21T02:40:03.349Z [svc-notify-0] retrying connection to postgres (attempt 3/3)
2026-02-21T02:40:03.350Z [svc-auth-1] processed batch of 393 items
2026-02-21T02:40:03.351Z [svc-queue-3] connected to upstream in 80ms
2026-02-21T02:40:03.353Z [svc-cache-4] cache hit rate 95%
2026-02-21T02:40:03.354Z [svc-queue-3] cache hit rate 85%
2026-02-21T02:40:03.355Z [svc-cache-4] processed batch of 282 items
2026-02-21T02:40:03.356Z [svc-cache-4] warning: slow query took 301ms
2026-02-21T02:40:03.356Z [svc-search-4] processed batch of 165 items
2026-02-21T02:40:03.358Z [svc-search-1] processed batch of 167 items
2026-02-21T02:40:03.361Z [svc-search-3] cache hit rate 90%
2026-02-21T02:40:03.362Z [svc-sched-1] closed idle connection after 320s
2026-02-21T02:40:03.366Z [svc-db-1] cache hit rate 95%
2026-02-21T02:40:03.366Z [svc-gateway-3] gc pause 76ms, heap 191MB
2026-02-21T02:40:03.366Z [svc-media-0] cache hit rate 88%
2026-02-21T02:40:03.366Z [svc-media-2] cache hit rate 90%
2026-02-21T02:40:03.366Z [svc-queue-3] health check ok
2026-02-21T02:40:03.366Z [svc-queue-4] gc pause 6ms, heap 718MB
2026-02-21T02:40:03.367Z [svc-media-1] retrying connection to postgres (attempt 3/3)
2026-02-21T02:40:03.368Z [svc-billing-2] cache hit rate 88%
2026-02-21T02:40:03.368Z [svc-media-4] processed batch of 53 items
2026-02-21T02:40:03.369Z [svc-auth-4] cache hit rate 95%
2026-02-21T02:40:03.370Z [pytest-xdist] gw4 test_media.py::test_list_session PASSED in 125ms trace=43036690-1384-2d0a-9bf4-b467d090cb91
2026-02-21T02:40:03.371Z [svc-auth-3] warning: slow query took 946ms
2026-02-21T02:40:03.372Z [svc-queue-0] warning: slow query took 503ms
2026-02-21T02:40:03.374Z [pytest-xdist] gw2 test_queue.py::test_sync_webhook PASSED in 127ms trace=9f7031b2-b858-b2ee-a22f-3834b82200e8
2026-02-21T02:40:03.374Z [svc-cache-2] warning: slow query took 1404ms
2026-02-21T02:40:03.374Z [svc-db-1] retrying connection to s3 (attempt 3/3)
2026-02-21T02:40:03.374Z [svc-notify-2] closed idle connection after 60s
2026-02-21T02:40:03.374Z [svc-sched-1] closed idle connection after 283s
2026-02-21T02:40:03.375Z [svc-search-3] retrying connection to s3 (attempt 2/3)
2026-02-21T02:40:03.375Z [svc-notify-1] connected to upstream in 33ms
2026-02-21T02:40:03.377Z [svc-db-4] health check ok
2026-02-21T02:40:03.378Z [svc-cache-3] retrying connection to kafka (attempt 1/3)
2026-02-21T02:40:03.380Z [svc-cache-0] gc pause 81ms, heap 418MB
2026-02-21T02:40:03.380Z [svc-media-0] warning: slow query took 716ms
2026-02-21T02:40:03.381Z [svc-notify-2] gc pause 114ms, heap 385MB
2026-02-21T02:40:03.381Z [svc-sched-4] processed batch of 385 items
2026-02-21T02:40:03.382Z [pytest-xdist] gw3 test_export.py::test_authorize_subscription PASSED in 161ms trace=5a120fcf-c3b3-e48e-c601-588974d69e39
2026-02-21T02:40:03.382Z [svc-db-1] retrying connection to s3 (attempt 1/3)
2026-02-21T02:40:03.382Z [svc-notify-0] processed batch of 322 items
2026-02-21T02:40:03.384Z [svc-auth-3] gc pause 55ms, heap 149MB
2026-02-21T02:40:03.387Z [svc-gateway-2] retrying connection to s3 (attempt 3/3)
2026-02-21T02:40:03.389Z [svc-auth-1] gc pause 39ms, heap 221MB
2026-02-21T02:40:03.389Z [svc-db-2] cache hit rate 92%
2026-02-21T02:40:03.390Z [svc-cache-1] processed batch of 62 items
2026-02-21T02:40:03.390Z [svc-media-4] gc pause 10ms, heap 674MB
2026-02-21T02:40:03.392Z [pytest-xdist] gw0 test_billing.py::test_update_user PASSED in 33ms trace=89f85b11-9ed6-d3a3-05c3-495c7461dfb9
2026-02-21T02:40:03.392Z [svc-queue-2] retrying connection to redis (attempt 2/3)
2026-02-21T02:40:03.396Z [svc-notify-4] warning: slow query took 825ms
2026-02-21T02:40:03.399Z [svc-queue-2] connected to upstream in 62ms
2026-02-21T02:40:03.400Z [svc-billing-1] cache hit rate 88%
2026-02-21T02:40:03.402Z [svc-gateway-4] gc pause 70ms, heap 197MB
2026-02-21T02:40:03.403Z [svc-gateway-1] gc pause 95ms, heap 262MB
2026-02-21T02:40:03.404Z [svc-notify-0] cache hit rate 92%
2026-02-21T02:40:03.405Z [svc-search-0] closed idle connection after 121s
2026-02-21T02:40:03.405Z [svc-queue-3] connected to upstream in 29ms
2026-02-21T02:40:03.407Z [svc-queue-2] processed batch of 260 items
2026-02-21T02:40:03.409Z [svc-media-4] retrying connection to s3 (attempt 3/3)
2026-02-21T02:40:03.409Z [svc-sched-0] cache hit rate 85%
2026-02-21T02:40:03.409Z [svc-sched-3] processed batch of 273 items
2026-02-21T02:40:03.410Z [svc-gateway-0] processed batch of 77 items
2026-02-21T02:40:03.411Z [svc-gateway-0] closed idle connection after 119s
2026-02-21T02:40:03.412Z [pytest-xdist] gw2 test_billing.py::test_cache_token PASSED in 105ms trace=24c8be79-a5b8-0824-861b-35641c46770f
2026-02-21T02:40:03.412Z [svc-billing-4] processed batch of 205 items
2026-02-21T02:40:03.413Z [svc-db-4] gc pause 38ms, heap 594MB
2026-02-21T02:40:03.414Z [svc-gateway-3] cache hit rate 85%
2026-02-21T02:40:03.415Z [svc-sched-2] warning: slow query took 1590ms
2026-02-21T02:40:03.416Z [svc-search-2] retrying connection to kafka (attempt 1/3)
2026-02-21T02:40:03.419Z [svc-auth-4] warning: slow query took 632ms
2026-02-21T02:40:03.422Z [svc-search-2] gc pause 108ms, heap 631MB
2026-02-21T02:40:03.425Z [svc-search-4] health check ok
2026-02-21T02:40:03.426Z [svc-db-4] closed idle connection after 70s
2026-02-21T02:40:03.427Z [svc-db-1] gc pause 112ms, heap 245MB
2026-02-21T02:40:03.428Z [svc-gateway-4] health check ok
2026-02-21T02:40:03.430Z [pytest-xdist] gw4 test_orders.py::test_reconcile_coupon PASSED in 249ms trace=e46b7e74-968f-514f-59d9-dbf2c9864413
2026-02-21T02:40:03.431Z [svc-search-2] processed batch of 426 items
2026-02-21T02:40:03.432Z [svc-billing-3] gc pause 54ms, heap 683MB
2026-02-21T02:40:03.432Z [svc-queue-2] warning: slow query took 436ms
2026-02-21T02:40:03.433Z [svc-media-4] cache hit rate 88%
2026-02-21T02:40:03.434Z [svc-search-2] gc pause 20ms, heap 660MB
2026-02-21T02:40:03.435Z [svc-notify-1] health check ok
2026-02-21T02:40:03.440Z [svc-sched-0] processed batch of 327 items
2026-02-21T02:40:03.441Z [svc-cache-0] cache hit rate 92%
2026-02-21T02:40:03.444Z [pytest-xdist] gw1 test_export.py::test_cache_quota PASSED in 26ms trace=1f9ae97a-82b2-c368-d413-543809e5bfc2
2026-02-21T02:40:03.444Z [svc-notify-4] connected to upstream in 65ms
2026-02-21T02:40:03.445Z [svc-sched-3] health check ok
2026-02-21T02:40:03.446Z [svc-notify-1] warning: slow query took 1228ms
2026-02-21T02:40:03.446Z [svc-queue-0] cache hit rate 90%
2026-02-21T02:40:03.448Z [svc-auth-4] closed idle connection after 306s
2026-02-21T02:40:03.452Z [svc-cache-3] gc pause 95ms, heap 384MB
2026-02-21T02:40:03.452Z [svc-db-4] processed batch of 448 items
2026-02-21T02:40:03.454Z [svc-billing-2] retrying connection to s3 (attempt 3/3)
2026-02-21T02:40:03.455Z [svc-billing-0] gc pause 81ms, heap 688MB
2026-02-21T02:40:03.455Z [svc-queue-1] connected to upstream in 74ms
2026-02-21T02:40:03.457Z [svc-search-0] closed idle connection after 180s
2026-02-21T02:40:03.458Z [svc-billing-3] warning: slow query took 1813ms
2026-02-21T02:40:03.459Z [svc-search-1] gc pause 81ms, heap 753MB
2026-02-21T02:40:03.462Z [svc-cache-0] cache hit rate 95%
2026-02-21T02:40:03.463Z [svc-billing-1] processed batch of 221 items
2026-02-21T02:40:03.464Z [pytest-xdist] gw2 test_auth.py::test_expire_subscription PASSED in 172ms trace=cc333663-ab34-a6fc-1963-f936156eaa39
2026-02-21T02:40:03.464Z [svc-sched-3] gc pause 28ms, heap 861MB
2026-02-21T02:40:03.466Z [svc-notify-3] connected to upstream in 53ms
2026-02-21T02:40:03.467Z [svc-db-1] warning: slow query took 2073ms
2026-02-21T02:40:03.467Z [svc-notify-4] processed batch of 38 items
2026-02-21T02:40:03.468Z [svc-notify-1] closed idle connection after 186s
2026-02-21T02:40:03.469Z [svc-queue-4] processed batch of 351 items
2026-02-21T02:40:03.470Z [svc-db-1] warning: slow query took 1544ms
2026-02-21T02:40:03.470Z [svc-sched-3] closed idle connection after 217s
2026-02-21T02:40:03.472Z [svc-auth-3] health check ok
2026-02-21T02:40:03.472Z [svc-queue-3] gc pause 110ms, heap 609MB
2026-02-21T02:40:03.472Z [svc-sched-1] retrying connection to postgres (attempt 3/3)
2026-02-21T02:40:03.473Z [svc-queue-0] gc pause 115ms, heap 731MB
2026-02-21T02:40:03.474Z [svc-auth-1] warning: slow query took 647ms
2026-02-21T02:40:03.474Z [svc-search-1] closed idle connection after 87s
2026-02-21T02:40:03.475Z [svc-auth-3] warning: slow query took 1822ms
2026-02-21T02:40:03.475Z [svc-db-1] connected to upstream in 30ms
2026-02-21T02:40:03.475Z [svc-sched-2] warning: slow query took 384ms
2026-02-21T02:40:03.476Z [svc-auth-4] warning: slow query took 407ms
2026-02-21T02:40:03.477Z [svc-sched-2] health check ok
2026-02-21T02:40:03.479Z [pytest-xdist] gw4 test_billing.py::test_reconcile_refund PASSED in 119ms trace=e2e411e6-70db-a7dd-b9fe-8bb181174d95
2026-02-21T02:40:03.479Z [svc-media-1] cache hit rate 88%
2026-02-21T02:40:03.481Z [svc-media-2] gc pause 79ms, heap 397MB
2026-02-21T02:40:03.481Z [svc-sched-3] retrying connection to kafka (attempt 3/3)
2026-02-21T02:40:03.483Z [svc-db-1] connected to upstream in 33ms
2026-02-21T02:40:03.483Z [svc-sched-2] retrying connection to redis (attempt 1/3)
2026-02-21T02:40:03.485Z [svc-gateway-4] cache hit rate 90%
2026-02-21T02:40:03.488Z [svc-billing-2] closed idle connection after 153s
2026-02-21T02:40:03.491Z [svc-db-1] retrying connection to s3 (attempt 2/3)
2026-02-21T02:40:03.492Z [svc-db-4] warning: slow query took 1102ms
2026-02-21T02:40:03.493Z [svc-db-2] processed batch of 296 items
2026-02-21T02:40:03.493Z [svc-queue-3] gc pause 107ms, heap 666MB
2026-02-21T02:40:03.493Z [svc-sched-0] health check ok
2026-02-21T02:40:03.495Z [pytest-xdist] gw1 test_notify.py::test_render_webhook PASSED in 180ms trace=621f94cd-8bf8-e750-a259-d49259d9e91f
2026-02-21T02:40:03.495Z [svc-cache-2] connected to upstream in 26ms
2026-02-21T02:40:03.496Z [svc-db-3] retrying connection to vault (attempt 2/3)
2026-02-21T02:40:03.497Z [svc-auth-0] health check ok
2026-02-21T02:40:03.499Z [svc-gateway-1] warning: slow query took 696ms
2026-02-21T02:40:03.504Z [svc-cache-0] warning: slow query took 1693ms
2026-02-21T02:40:03.506Z [svc-sched-3] processed batch of 193 items
2026-02-21T02:40:03.506Z [svc-sched-4] health check ok
2026-02-21T02:40:03.509Z [svc-db-0] processed batch of 135 items
2026-02-21T02:40:03.510Z [svc-billing-0] processed batch of 348 items
2026-02-21T02:40:03.511Z [svc-cache-1] health check ok
2026-02-21T02:40:03.511Z [svc-cache-2] retrying connection to redis (attempt 2/3)
2026-02-21T02:40:03.511Z [svc-billing-0] gc pause 38ms, heap 841MB
2026-02-21T02:40:03.512Z [svc-cache-4] health check ok
2026-02-21T02:40:03.512Z [svc-sched-2] cache hit rate 90%
2026-02-21T02:40:03.514Z [svc-billing-3] health check ok
2026-02-21T02:40:03.515Z [pytest-xdist] gw2 test_queue.py::test_parse_attachment PASSED in 23ms trace=fe08d19f-f472-a01e-4118-b9cd4da394ed
2026-02-21T02:40:03.518Z [svc-queue-4] warning: slow query took 1897ms
2026-02-21T02:40:03.520Z [svc-auth-1] processed batch of 509 items
2026-02-21T02:40:03.522Z [svc-gateway-3] health check ok
2026-02-21T02:40:03.524Z [svc-gateway-0] gc pause 105ms, heap 358MB
2026-02-21T02:40:03.526Z [svc-cache-4] warning: slow query took 1486ms
2026-02-21T02:40:03.528Z [svc-gateway-3] health check ok
2026-02-21T02:40:03.528Z [svc-sched-0] closed idle connection after 180s
2026-02-21T02:40:03.529Z [svc-gateway-1] processed batch of 80 items
2026-02-21T02:40:03.532Z [svc-media-0] retrying connection to vault (attempt 2/3)
2026-02-21T02:40:03.535Z [svc-gateway-2] connected to upstream in 28ms
2026-02-21T02:40:03.536Z [pytest-xdist] gw2 test_reports.py::test_authorize_token PASSED in 146ms trace=e9a986f6-67b6-dfb3-44e6-381ed4877046
2026-02-21T02:40:03.538Z [svc-cache-0] connected to upstream in 83ms
2026-02-21T02:40:03.538Z [svc-queue-3] cache hit rate 95%
2026-02-21T02:40:03.539Z [svc-billing-2] connected to upstream in 28ms
2026-02-21T02:40:03.540Z [svc-queue-4] cache hit rate 95%
2026-02-21T02:40:03.541Z [svc-notify-2] connected to upstream in 54ms
2026-02-21T02:40:03.542Z [pytest-xdist] gw2 test_export.py::test_notify_attachment PASSED in 161ms trace=41e4d72a-15fa-4a73-4adf-d83d8d138a22
2026-02-21T02:40:03.543Z [svc-cache-3] health check ok
2026-02-21T02:40:03.545Z [svc-search-3] cache hit rate 90%
2026-02-21T02:40:03.545Z [svc-media-1] health check ok
2026-02-21T02:40:03.548Z [svc-cache-2] retrying connection to redis (attempt 1/3)
2026-02-21T02:40:03.548Z [svc-billing-0] cache hit rate 95%
2026-02-21T02:40:03.548Z [svc-gateway-2] processed batch of 277 items
2026-02-21T02:40:03.549Z [svc-db-4] warning: slow query took 525ms
2026-02-21T02:40:03.552Z [svc-cache-1] processed batch of 37 items
2026-02-21T02:40:03.553Z [pytest-xdist] gw0 test_import.py::test_sync_invoice PASSED in 123ms trace=407c4a3c-d0c6-cd6f-32c1-afa1ba8db662
2026-02-21T02:40:03.553Z [svc-db-1] retrying connection to s3 (attempt 2/3)
2026-02-21T02:40:03.553Z [svc-notify-3] retrying connection to s3 (attempt 2/3)
2026-02-21T02:40:03.555Z [svc-queue-3] processed batch of 123 items
2026-02-21T02:40:03.557Z [svc-db-3] warning: slow query took 1793ms
2026-02-21T02:40:03.559Z [svc-cache-1] gc pause 54ms, heap 222MB
2026-02-21T02:40:03.559Z [svc-search-2] retrying connection to kafka (attempt 1/3)
2026-02-21T02:40:03.561Z [svc-media-3] cache hit rate 88%
2026-02-21T02:40:03.564Z [svc-billing-1] closed idle connection after 189s
2026-02-21T02:40:03.564Z [svc-notify-2] cache hit rate 88%
2026-02-21T02:40:03.564Z [svc-gateway-0] gc pause 117ms, heap 591MB
2026-02-21T02:40:03.565Z [svc-sched-4] warning: slow query took 1563ms
2026-02-21T02:40:03.568Z [svc-notify-1] retrying connection to redis (attempt 1/3)
2026-02-21T02:40:03.569Z [svc-search-0] closed idle connection after 177s
2026-02-21T02:40:03.571Z [svc-db-0] cache hit rate 88%
2026-02-21T02:40:03.572Z [svc-gateway-0] cache hit rate 92%
2026-02-21T02:40:03.573Z [pytest-xdist] gw0 test_import.py::test_delete_user PASSED in 131ms trace=850518d4-7554-f581-d298-ce46dd4f6604
2026-02-21T02:40:03.573Z [svc-db-4] health check ok
2026-02-21T02:40:03.573Z [svc-media-1] cache hit rate 88%
2026-02-21T02:40:03.573Z [svc-media-1] cache hit rate 90%
2026-02-21T02:40:03.574Z [svc-sched-3] closed idle connection after 272s
2026-02-21T02:40:03.575Z [svc-db-2] retrying connection to elasticsearch (attempt 2/3)
2026-02-21T02:40:03.575Z [svc-billing-3] warning: slow query took 500ms
2026-02-21T02:40:03.575Z [svc-queue-1] warning: slow query took 883ms
2026-02-21T02:40:03.576Z [svc-db-2] health check ok
2026-02-21T02:40:03.576Z [svc-media-1] health check ok
2026-02-21T02:40:03.577Z [svc-db-1] health check ok
2026-02-21T02:40:03.577Z [svc-db-2] warning: slow query took 1593ms
2026-02-21T02:40:03.580Z [svc-db-3] retrying connection to vault (attempt 1/3)
2026-02-21T02:40:03.584Z [svc-notify-2] warning: slow query took 868ms
2026-02-21T02:40:03.584Z [svc-queue-2] cache hit rate 85%
2026-02-21T02:40:03.585Z [svc-media-0] connected to upstream in 62ms
2026-02-21T02:40:03.586Z [pytest-xdist] gw2 test_media.py::test_render_region PASSED in 135ms trace=00684e74-cdab-1abd-7f95-83a5620f4663
2026-02-21T02:40:03.586Z [svc-search-0] processed batch of 179 items
2026-02-21T02:40:03.587Z [svc-queue-3] retrying connection to kafka (attempt 1/3)
2026-02-21T02:40:03.589Z [svc-search-0] gc pause 102ms, heap 513MB
2026-02-21T02:40:03.589Z [svc-gateway-1] retrying connection to kafka (attempt 3/3)
2026-02-21T02:40:03.589Z [svc-sched-4] gc pause 8ms, heap 186MB
2026-02-21T02:40:03.592Z [svc-gateway-3] warning: slow query took 1120ms
2026-02-21T02:40:03.592Z [svc-media-4] warning: slow query took 330ms
2026-02-21T02:40:03.595Z [svc-gateway-4] retrying connection to vault (attempt 2/3)
2026-02-21T02:40:03.597Z [svc-search-1] cache hit rate 85%
2026-02-21T02:40:03.598Z [svc-billing-1] warning: slow query took 456ms
2026-02-21T02:40:03.598Z [svc-search-4] retrying connection to elasticsearch (attempt 1/3)
2026-02-21T02:40:03.598Z [svc-media-0] gc pause 9ms, heap 967MB
2026-02-21T02:40:03.599Z [svc-cache-0] processed batch of 234 items
2026-02-21T02:40:03.599Z [svc-media-2] cache hit rate 90%
2026-02-21T02:40:03.604Z [svc-cache-1] retrying connection to postgres (attempt 1/3)
2026-02-21T02:40:03.605Z [svc-cache-1] cache hit rate 95%
2026-02-21T02:40:03.605Z [svc-db-1] warning: slow query took 2009ms
2026-02-21T02:40:03.605Z [svc-db-2] processed batch of 345 items
2026-02-21T02:40:03.606Z [svc-queue-2] connected to upstream in 23ms
2026-02-21T02:40:03.606Z [svc-queue-3] retrying connection to kafka (attempt 1/3)
2026-02-21T02:40:03.607Z [pytest-xdist] gw5 test_import.py::test_create_attachment PASSED in 192ms trace=05d07b09-a693-b91c-8090-75a52cb17e17
2026-02-21T02:40:03.610Z [svc-notify-1] processed batch of 494 items
2026-02-21T02:40:03.611Z [svc-search-2] closed idle connection after 239s
2026-02-21T02:40:03.611Z [svc-queue-3] gc pause 103ms, heap 542MB
2026-02-21T02:40:03.611Z [svc-sched-4] warning: slow query took 1734ms
2026-02-21T02:40:03.612Z [svc-media-0] retrying connection to vault (attempt 2/3)
2026-02-21T02:40:03.613Z [svc-sched-2] connected to upstream in 12ms
2026-02-21T02:40:03.617Z [svc-notify-2] connected to upstream in 61ms
2026-02-21T02:40:03.618Z [svc-billing-0] warning: slow query took 2004ms
2026-02-21T02:40:03.620Z [svc-queue-1] connected to upstream in 48ms
2026-02-21T02:40:03.626Z [pytest-xdist] gw1 test_queue.py::test_list_attachment PASSED in 50ms trace=31f0e5a0-a4b9-28c6-3ffa-4c8bf7d8a40d
2026-02-21T02:40:03.627Z [svc-cache-1] closed idle connection after 112s
2026-02-21T02:40:03.628Z [svc-gateway-4] connected to upstream in 14ms
2026-02-21T02:40:03.628Z [svc-media-3] gc pause 58ms, heap 127MB
2026-02-21T02:40:03.629Z [svc-media-3] processed batch of 214 items
2026-02-21T02:40:03.631Z [svc-search-0] connected to upstream in 55ms
2026-02-21T02:40:03.635Z [svc-billing-3] gc pause 46ms, heap 305MB
2026-02-21T02:40:03.635Z [svc-gateway-0] processed batch of 488 items
2026-02-21T02:40:03.635Z [svc-queue-0] health check ok
2026-02-21T02:40:03.636Z [svc-cache-0] health check ok
2026-02-21T02:40:03.636Z [svc-media-2] retrying connection to redis (attempt 1/3)
2026-02-21T02:40:03.637Z [svc-cache-3] processed batch of 64 items
2026-02-21T02:40:03.639Z [svc-search-4] warning: slow query took 1612ms
2026-02-21T02:40:03.639Z [svc-gateway-2] processed batch of 153 items
2026-02-21T02:40:03.640Z [svc-media-2] processed batch of 395 items
2026-02-21T02:40:03.641Z [svc-gateway-2] processed batch of 373 items
2026-02-21T02:40:03.642Z [svc-search-0] connected to upstream in 84ms
2026-02-21T02:40:03.645Z [svc-gateway-2] processed batch of 277 items
2026-02-21T02:40:03.646Z [pytest-xdist] gw2 test_reports.py::test_update_invoice PASSED in 178ms trace=97f826e4-9b46-c96c-2e76-804c8e39fdb7
2026-02-21T02:40:03.649Z [svc-billing-2] cache hit rate 95%
2026-02-21T02:40:03.649Z [svc-gateway-1] gc pause 14ms, heap 706MB
2026-02-21T02:40:03.652Z [svc-sched-1] closed idle connection after 181s
2026-02-21T02:40:03.654Z [svc-media-3] processed batch of 88 items
2026-02-21T02:40:03.659Z [svc-cache-2] processed batch of 417 items
2026-02-21T02:40:03.659Z [svc-cache-4] health check ok
2026-02-21T02:40:03.659Z [svc-billing-2] warning: slow query took 2003ms
2026-02-21T02:40:03.664Z [svc-search-0] gc pause 116ms, heap 688MB
2026-02-21T02:40:03.665Z [pytest-xdist] gw2 test_notify.py::test_update_webhook PASSED in 225ms trace=f3a696f4-9b9b-bbc7-e952-94b40463f6c6
2026-02-21T02:40:03.665Z [svc-queue-4] health check ok
2026-02-21T02:40:03.666Z [svc-queue-4] processed batch of 251 items
2026-02-21T02:40:03.668Z [svc-billing-2] connected to upstream in 50ms
2026-02-21T02:40:03.669Z [svc-media-2] warning: slow query took 624ms
2026-02-21T02:40:03.670Z [svc-queue-4] warning: slow query took 1829ms
2026-02-21T02:40:03.671Z [svc-db-4] connected to upstream in 39ms
2026-02-21T02:40:03.671Z [svc-db-4] processed batch of 480 items
2026-02-21T02:40:03.672Z [pytest-xdist] gw2 test_payments.py::test_reconcile_subscription PASSED in 12ms trace=5a46a67e-cb84-c8c2-f18b-d8cb2089f5da
2026-02-21T02:40:03.672Z [svc-notify-1] connected to upstream in 12ms
2026-02-21T02:40:03.675Z [svc-search-3] processed batch of 237 items
2026-02-21T02:40:03.677Z [svc-gateway-3] retrying connection to elasticsearch (attempt 2/3)
2026-02-21T02:40:03.682Z [svc-media-3] processed batch of 31 items
2026-02-21T02:40:03.685Z [svc-billing-4] closed idle connection after 177s
2026-02-21T02:40:03.687Z [svc-cache-3] processed batch of 425 items
2026-02-21T02:40:03.687Z [svc-billing-3] warning: slow query took 1416ms
2026-02-21T02:40:03.688Z [svc-auth-0] retrying connection to elasticsearch (attempt 3/3)
2026-02-21T02:40:03.689Z [svc-media-3] cache hit rate 90%
2026-02-21T02:40:03.690Z [pytest-xdist] gw5 test_reports.py::test_reconcile_template PASSED in 126ms trace=af13540a-0d18-93ab-cac4-7b47304e9657
2026-02-21T02:40:03.690Z [svc-db-0] cache hit rate 92%
2026-02-21T02:40:03.692Z [svc-sched-1] health check ok
2026-02-21T02:40:03.696Z [svc-auth-1] cache hit rate 85%
2026-02-21T02:40:03.697Z [svc-db-1] gc pause 94ms, heap 613MB
2026-02-21T02:40:03.698Z [svc-auth-2] gc pause 66ms, heap 842MB
2026-02-21T02:40:03.701Z [svc-auth-3] processed batch of 207 items
2026-02-21T02:40:03.701Z [svc-db-4] gc pause 10ms, heap 988MB
2026-02-21T02:40:03.702Z [svc-db-0] cache hit rate 85%
2026-02-21T02:40:03.705Z [svc-media-4] cache hit rate 92%
2026-02-21T02:40:03.705Z [svc-sched-0] retrying connection to vault (attempt 3/3)
2026-02-21T02:40:03.706Z [pytest-xdist] gw2 test_webhooks.py::test_reconcile_region PASSED in 37ms trace=a9cb1cc2-585d-6a53-0d5f-5de735a83679
2026-02-21T02:40:03.706Z [svc-cache-3] health check ok
2026-02-21T02:40:03.706Z [svc-db-2] health check ok
2026-02-21T02:40:03.710Z [svc-gateway-4] health check ok
2026-02-21T02:40:03.711Z [svc-db-2] processed batch of 231 items
2026-02-21T02:40:03.711Z [svc-sched-2] retrying connection to redis (attempt 3/3)
2026-02-21T02:40:03.712Z [svc-cache-2] warning: slow query took 1908ms
2026-02-21T02:40:03.714Z [svc-gateway-2] closed idle connection after 318s
2026-02-21T02:40:03.717Z [svc-sched-3] gc pause 91ms, heap 267MB
2026-02-21T02:40:03.720Z [svc-sched-0] retrying connection to vault (attempt 3/3)
2026-02-21T02:40:03.721Z [svc-media-1] closed idle connection after 194s
2026-02-21T02:40:03.722Z [svc-db-4] gc pause 53ms, heap 784MB
2026-02-21T02:40:03.722Z [svc-sched-3] connected to upstream in 51ms
2026-02-21T02:40:03.723Z [svc-auth-4] processed batch of 304 items
2026-02-21T02:40:03.724Z [svc-queue-0] retrying connection to vault (attempt 1/3)
2026-02-21T02:40:03.725Z [svc-auth-4] closed idle connection after 95s
2026-02-21T02:40:03.728Z [pytest-xdist] gw1 test_notify.py::test_create_template PASSED in 142ms trace=54386c2a-1f94-806a-33a6-e3da8b42a1a6
2026-02-21T02:40:03.728Z [svc-cache-3] processed batch of 435 items
2026-02-21T02:40:03.730Z [svc-billing-2] retrying connection to s3 (attempt 1/3)
2026-02-21T02:40:03.733Z [svc-auth-2] retrying connection to postgres (attempt 2/3)
2026-02-21T02:40:03.733Z [svc-auth-2] warning: slow query took 1353ms
2026-02-21T02:40:03.733Z [svc-queue-4] closed idle connection after 264s
2026-02-21T02:40:03.734Z [svc-search-0] processed batch of 351 items
2026-02-21T02:40:03.736Z [svc-search-3] gc pause 31ms, heap 894MB
2026-02-21T02:40:03.737Z [svc-db-4] warning: slow query took 1108ms
2026-02-21T02:40:03.738Z [svc-db-0] processed batch of 114 items
2026-02-21T02:40:03.739Z [svc-cache-2] connected to upstream in 62ms
2026-02-21T02:40:03.740Z [svc-db-1] warning: slow query took 1863ms
2026-02-21T02:40:03.741Z [svc-gateway-0] gc pause 46ms, heap 229MB
2026-02-21T02:40:03.743Z [svc-sched-0] cache hit rate 95%
2026-02-21T02:40:03.743Z [svc-sched-4] cache hit rate 85%
2026-02-21T02:40:03.744Z [svc-auth-3] retrying connection to redis (attempt 2/3)
2026-02-21T02:40:03.745Z [pytest-xdist] gw3 test_billing.py::test_sync_subscription PASSED in 122ms trace=61309975-5af7-3759-d81b-12b3fc3aa1e0
2026-02-21T02:40:03.751Z [svc-media-2] connected to upstream in 35ms
2026-02-21T02:40:03.753Z [svc-auth-4] processed batch of 63 items
2026-02-21T02:40:03.753Z [svc-auth-4] gc pause 6ms, heap 121MB
2026-02-21T02:40:03.753Z [svc-queue-4] retrying connection to s3 (attempt 2/3)
2026-02-21T02:40:03.755Z [svc-media-2] connected to upstream in 6ms
2026-02-21T02:40:03.756Z [svc-sched-3] connected to upstream in 34ms
2026-02-21T02:40:03.759Z [svc-db-2] retrying connection to elasticsearch (attempt 2/3)
2026-02-21T02:40:03.761Z [pytest-xdist] gw5 test_billing.py::test_notify_region PASSED in 187ms trace=2c41973a-f5b6-b658-e1ea-4f66bf4607fe
2026-02-21T02:40:03.762Z [svc-sched-0] cache hit rate 95%
2026-02-21T02:40:03.763Z [svc-auth-0] health check ok
2026-02-21T02:40:03.763Z [svc-search-3] warning: slow query took 629ms
2026-02-21T02:40:03.763Z [svc-media-0] gc pause 59ms, heap 535MB
2026-02-21T02:40:03.763Z [svc-sched-3] closed idle connection after 307s
2026-02-21T02:40:03.765Z [svc-gateway-0] processed batch of 370 items
2026-02-21T02:40:03.765Z [svc-queue-2] health check ok
2026-02-21T02:40:03.766Z [svc-auth-1] processed batch of 152 items
2026-02-21T02:40:03.767Z [svc-search-4] retrying connection to elasticsearch (attempt 3/3)
2026-02-21T02:40:03.769Z [svc-billing-1] cache hit rate 85%
2026-02-21T02:40:03.771Z [svc-cache-2] gc pause 110ms, heap 362MB
2026-02-21T02:40:03.771Z [svc-billing-3] closed idle connection after 248s
2026-02-21T02:40:03.772Z [svc-billing-1] warning: slow query took 1770ms
2026-02-21T02:40:03.773Z [svc-gateway-4] gc pause 43ms, heap 893MB
2026-02-21T02:40:03.774Z [svc-search-3] cache hit rate 85%
2026-02-21T02:40:03.776Z [svc-cache-0] health check ok
2026-02-21T02:40:03.776Z [svc-sched-3] connected to upstream in 24ms
2026-02-21T02:40:03.776Z [svc-sched-3] warning: slow query took 471ms
2026-02-21T02:40:03.778Z [pytest-xdist] gw0 test_media.py::test_parse_coupon PASSED in 79ms trace=25a74d27-e800-0a82-574f-0d6da0750025
2026-02-21T02:40:03.778Z [svc-media-0] connected to upstream in 42ms
2026-02-21T02:40:03.779Z [svc-billing-0] warning: slow query took 902ms
2026-02-21T02:40:03.779Z [svc-media-1] closed idle connection after 198s
2026-02-21T02:40:03.779Z [svc-sched-2] connected to upstream in 24ms
2026-02-21T02:40:03.781Z [pytest-xdist] gw0 test_reports.py::test_parse_token PASSED in 205ms trace=de445b61-4a58-db71-fe08-d95660e9f551
2026-02-21T02:40:03.781Z [svc-media-2] connected to upstream in 60ms
2026-02-21T02:40:03.783Z [svc-media-1] health check ok
2026-02-21T02:40:03.785Z [svc-notify-2] gc pause 36ms, heap 379MB
2026-02-21T02:40:03.785Z [svc-gateway-0] health check ok
2026-02-21T02:40:03.786Z [svc-billing-0] cache hit rate 88%
2026-02-21T02:40:03.788Z [svc-auth-1] health check ok
2026-02-21T02:40:03.794Z [svc-billing-0] gc pause 27ms, heap 467MB
2026-02-21T02:40:03.795Z [svc-queue-0] health check ok
2026-02-21T02:40:03.796Z [svc-gateway-4] connected to upstream in 76ms
2026-02-21T02:40:03.797Z [svc-db-4] gc pause 101ms, heap 842MB
2026-02-21T02:40:03.800Z [svc-queue-4] warning: slow query took 2153ms
2026-02-21T02:40:03.802Z [pytest-xdist] gw2 test_import.py::test_create_token PASSED in 3ms trace=f9746ff4-4571-9103-0f9c-30e979bfa393
2026-02-21T02:40:03.802Z [svc-billing-0] closed idle connection after 151s
2026-02-21T02:40:03.805Z [svc-media-4] warning: slow query took 1355ms
2026-02-21T02:40:03.807Z [svc-gateway-4] cache hit rate 88%
2026-02-21T02:40:03.807Z [svc-media-4] cache hit rate 90%
2026-02-21T02:40:03.807Z [svc-queue-3] retrying connection to kafka (attempt 3/3)
2026-02-21T02:40:03.808Z [svc-auth-2] retrying connection to postgres (attempt 1/3)
2026-02-21T02:40:03.808Z [svc-db-2] processed batch of 297 items
2026-02-21T02:40:03.809Z [svc-auth-2] warning: slow query took 1698ms
2026-02-21T02:40:03.816Z [svc-gateway-4] gc pause 17ms, heap 987MB
2026-02-21T02:40:03.817Z [svc-db-2] cache hit rate 85%
2026-02-21T02:40:03.817Z [svc-queue-0] processed batch of 426 items
2026-02-21T02:40:03.818Z [svc-cache-3] retrying connection to kafka (attempt 3/3)
2026-02-21T02:40:03.822Z [pytest-xdist] gw4 test_gateway.py::test_reconcile_quota PASSED in 248ms trace=4d17b5e4-cf0f-c809-abe3-0bca9c9f71b8
2026-02-21T02:40:03.822Z [svc-gateway-0] warning: slow query took 1578ms
2026-02-21T02:40:03.822Z [svc-gateway-1] warning: slow query took 297ms
2026-02-21T02:40:03.823Z [svc-sched-0] warning: slow query took 320ms
2026-02-21T02:40:03.824Z [svc-auth-1] warning: slow query took 2099ms
2026-02-21T02:40:03.824Z [svc-notify-4] cache hit rate 95%
2026-02-21T02:40:03.825Z [svc-billing-4] retrying connection to vault (attempt 3/3)
2026-02-21T02:40:03.826Z [svc-sched-0] warning: slow query took 1723ms
2026-02-21T02:40:03.827Z [svc-queue-2] cache hit rate 85%
2026-02-21T02:40:03.830Z [svc-db-2] warning: slow query took 1433ms
2026-02-21T02:40:03.830Z [svc-notify-0] cache hit rate 92%
2026-02-21T02:40:03.830Z [svc-sched-0] closed idle connection after 287s
2026-02-21T02:40:03.831Z [pytest-xdist] gw0 test_sched.py::test_sync_webhook PASSED in 224ms trace=1ab730ff-65fc-e71f-cd02-315503392e2f
2026-02-21T02:40:03.831Z [svc-billing-0] warning: slow query took 383ms
2026-02-21T02:40:03.831Z [svc-search-4] processed batch of 134 items
2026-02-21T02:40:03.832Z [svc-search-0] health check ok
2026-02-21T02:40:03.834Z [svc-billing-4] gc pause 74ms, heap 698MB
2026-02-21T02:40:03.835Z [svc-cache-3] cache hit rate 92%
2026-02-21T02:40:03.836Z [svc-sched-1] health check ok
2026-02-21T02:40:03.837Z [svc-auth-0] processed batch of 242 items
2026-02-21T02:40:03.837Z [svc-billing-0] retrying connection to redis (attempt 1/3)
2026-02-21T02:40:03.837Z [svc-media-2] gc pause 108ms, heap 447MB
2026-02-21T02:40:03.839Z [svc-db-0] cache hit rate 92%
2026-02-21T02:40:03.842Z [svc-media-0] connected to upstream in 37ms
2026-02-21T02:40:03.842Z [svc-media-4] warning: slow query took 810ms
2026-02-21T02:40:03.843Z [svc-gateway-2] gc pause 61ms, heap 233MB
2026-02-21T02:40:03.845Z [svc-auth-0] closed idle connection after 51s
2026-02-21T02:40:03.845Z [svc-billing-1] retrying connection to kafka (attempt 3/3)
2026-02-21T02:40:03.846Z [svc-notify-3] retrying connection to s3 (attempt 1/3)
2026-02-21T02:40:03.846Z [svc-sched-3] closed idle connection after 71s
2026-02-21T02:40:03.848Z [svc-gateway-1] health check ok
2026-02-21T02:40:03.849Z [pytest-xdist] gw1 test_auth.py::test_cache_quota PASSED in 146ms trace=5b36ec68-a9a6-a822-9404-257d383c5a65
2026-02-21T02:40:03.850Z [svc-queue-0] retrying connection to vault (attempt 3/3)
2026-02-21T02:40:03.851Z [svc-queue-2] gc pause 113ms, heap 642MB
2026-02-21T02:40:03.851Z [svc-sched-3] health check ok
2026-02-21T02:40:03.852Z [svc-sched-2] processed batch of 340 items
2026-02-21T02:40:03.853Z [svc-db-4] health check ok
2026-02-21T02:40:03.853Z [svc-media-0] health check ok
2026-02-21T02:40:03.853Z [svc-media-2] closed idle connection after 251s
2026-02-21T02:40:03.855Z [svc-sched-0] cache hit rate 85%
2026-02-21T02:40:03.857Z [svc-cache-1] retrying connection to postgres (attempt 1/3)
2026-02-21T02:40:03.858Z [svc-cache-3] gc pause 19ms, heap 702MB
2026-02-21T02:40:03.858Z [svc-gateway-2] closed idle connection after 84s
2026-02-21T02:40:03.859Z [svc-queue-3] closed idle connection after 45s
2026-02-21T02:40:03.861Z [svc-db-3] retrying connection to vault (attempt 1/3)
2026-02-21T02:40:03.861Z [svc-media-2] warning: slow query took 461ms
2026-02-21T02:40:03.862Z [svc-db-0] retrying connection to kafka (attempt 2/3)
2026-02-21T02:40:03.862Z [svc-media-2] cache hit rate 95%
2026-02-21T02:40:03.863Z [svc-db-4] health check ok
2026-02-21T02:40:03.864Z [pytest-xdist] gw1 test_search.py::test_parse_webhook PASSED in 102ms trace=8a418a2b-ed1f-d072-2900-e1babe6953a7
2026-02-21T02:40:03.864Z [svc-notify-3] connected to upstream in 29ms
2026-02-21T02:40:03.864Z [svc-media-1] health check ok
2026-02-21T02:40:03.869Z [svc-db-1] processed batch of 446 items
2026-02-21T02:40:03.869Z [svc-media-4] retrying connection to s3 (attempt 2/3)
2026-02-21T02:40:03.870Z [svc-db-4] cache hit rate 90%
2026-02-21T02:40:03.870Z [svc-search-0] retrying connection to postgres (attempt 1/3)
2026-02-21T02:40:03.871Z [svc-cache-4] warning: slow query took 562ms
2026-02-21T02:40:03.871Z [svc-queue-4] connected to upstream in 42ms
2026-02-21T02:40:03.872Z [svc-notify-1] cache hit rate 88%
2026-02-21T02:40:03.873Z [svc-gateway-3] cache hit rate 90%
2026-02-21T02:40:03.875Z [pytest-xdist] gw4 test_notify.py::test_parse_template PASSED in 101ms trace=667c8caa-bf2a-ed32-4538-8be1540e1659
2026-02-21T02:40:03.875Z [svc-billing-0] connected to upstream in 35ms
2026-02-21T02:40:03.876Z [svc-billing-0] connected to upstream in 70ms
2026-02-21T02:40:03.876Z [svc-sched-4] connected to upstream in 48ms
2026-02-21T02:40:03.877Z [svc-queue-0] retrying connection to vault (attempt 2/3)
2026-02-21T02:40:03.878Z [pytest-xdist] gw0 test_orders.py::test_render_refund PASSED in 242ms trace=7f5846fb-d8a8-3fac-7d52-b01565223a23
2026-02-21T02:40:03.878Z [svc-queue-2] warning: slow query took 456ms
2026-02-21T02:40:03.879Z [svc-sched-3] retrying connection to kafka (attempt 2/3)
2026-02-21T02:40:03.879Z [svc-sched-4] processed batch of 258 items
2026-02-21T02:40:03.881Z [svc-db-3] health check ok
2026-02-21T02:40:03.882Z [svc-billing-0] processed batch of 230 items
2026-02-21T02:40:03.882Z [svc-notify-2] warning: slow query took 1624ms
2026-02-21T02:40:03.882Z [svc-sched-1] gc pause 39ms, heap 743MB
2026-02-21T02:40:03.884Z [svc-db-2] retrying connection to elasticsearch (attempt 3/3)
2026-02-21T02:40:03.889Z [svc-cache-3] connected to upstream in 44ms
2026-02-21T02:40:03.894Z [svc-db-0] retrying connection to kafka (attempt 2/3)
2026-02-21T02:40:03.894Z [svc-media-1] closed idle connection after 273s
2026-02-21T02:40:03.897Z [pytest-xdist] gw2 test_reports.py::test_cache_coupon PASSED in 125ms trace=7e05a45d-baae-735b-6053-3dd4525a1d32
2026-02-21T02:40:03.898Z [svc-auth-2] gc pause 86ms, heap 999MB
2026-02-21T02:40:03.899Z [svc-search-3] warning: slow query took 1876ms
2026-02-21T02:40:03.901Z [svc-queue-0] connected to upstream in 60ms
2026-02-21T02:40:03.902Z [pytest-xdist] gw5 test_webhooks.py::test_sync_index PASSED in 184ms trace=e2ed2915-6449-9702-c0d0-fea2ecaea0a6
2026-02-21T02:40:03.907Z [svc-queue-3] gc pause 44ms, heap 596MB
2026-02-21T02:40:03.910Z [svc-sched-4] warning: slow query took 2043ms
2026-02-21T02:40:03.911Z [pytest-xdist] gw2 test_reports.py::test_delete_index PASSED in 223ms trace=c8e3ee47-a94b-d4a3-6992-7012bb891b55
2026-02-21T02:40:03.911Z [svc-media-0] gc pause 21ms, heap 414MB
2026-02-21T02:40:03.912Z [svc-cache-3] processed batch of 203 items
2026-02-21T02:40:03.912Z [svc-gateway-3] warning: slow query took 737ms
2026-02-21T02:40:03.913Z [svc-queue-0] warning: slow query took 1838ms
2026-02-21T02:40:03.915Z [svc-sched-1] connected to upstream in 32ms
2026-02-21T02:40:03.917Z [svc-cache-4] connected to upstream in 46ms
2026-02-21T02:40:03.919Z [svc-sched-3] health check ok
2026-02-21T02:40:03.920Z [svc-auth-3] gc pause 72ms, heap 280MB
2026-02-21T02:40:03.923Z [svc-search-3] warning: slow query took 1549ms
2026-02-21T02:40:03.925Z [svc-search-0] connected to upstream in 42ms
2026-02-21T02:40:03.925Z [svc-notify-1] connected to upstream in 15ms
2026-02-21T02:40:03.927Z [svc-search-4] closed idle connection after 153s
2026-02-21T02:40:03.928Z [pytest-xdist] gw5 test_orders.py::test_create_template PASSED in 160ms trace=29240397-fee3-0a1d-6416-8c59175f75f1
2026-02-21T02:40:03.928Z [svc-search-2] closed idle connection after 79s
2026-02-21T02:40:03.928Z [svc-search-3] connected to upstream in 64ms
2026-02-21T02:40:03.928Z [svc-notify-1] gc pause 95ms, heap 653MB
2026-02-21T02:40:03.928Z [svc-sched-3] connected to upstream in 44ms
2026-02-21T02:40:03.933Z [svc-notify-0] retrying connection to postgres (attempt 3/3)
2026-02-21T02:40:03.934Z [pytest-xdist] gw3 test_sched.py::test_cache_session PASSED in 228ms trace=505ba1aa-e389-6a9c-318d-a14ab39d0c0b
2026-02-21T02:40:03.934Z [svc-queue-1] retrying connection to postgres (attempt 1/3)
2026-02-21T02:40:03.936Z [svc-search-1] health check ok
2026-02-21T02:40:03.939Z [svc-search-4] warning: slow query took 466ms
2026-02-21T02:40:03.941Z [svc-sched-1] warning: slow query took 1247ms
2026-02-21T02:40:03.943Z [pytest-xdist] gw0 test_search.py::test_create_coupon PASSED in 174ms trace=c6e15abf-5408-30d1-dd32-d666e33310b9
2026-02-21T02:40:03.943Z [svc-billing-3] warning: slow query took 1593ms
2026-02-21T02:40:03.944Z [svc-queue-1] cache hit rate 92%
2026-02-21T02:40:03.945Z [svc-notify-0] health check ok
2026-02-21T02:40:03.945Z [svc-media-3] gc pause 48ms, heap 730MB
2026-02-21T02:40:03.949Z [svc-notify-2] connected to upstream in 16ms
2026-02-21T02:40:03.952Z [svc-search-3] processed batch of 161 items
2026-02-21T02:40:03.957Z [svc-db-1] retrying connection to s3 (attempt 3/3)
2026-02-21T02:40:03.957Z [svc-search-3] processed batch of 446 items
2026-02-21T02:40:03.958Z [svc-db-4] gc pause 71ms, heap 666MB
2026-02-21T02:40:03.958Z [svc-sched-3] connected to upstream in 70ms
2026-02-21T02:40:03.959Z [pytest-xdist] gw0 test_billing.py::test_paginate_template PASSED in 234ms trace=b7ba8c95-b38a-9bb3-88cd-ffd6180fb4b3
2026-02-21T02:40:03.959Z [svc-billing-2] processed batch of 376 items
2026-02-21T02:40:03.963Z [svc-db-3] processed batch of 395 items
2026-02-21T02:40:03.965Z [svc-cache-4] warning: slow query took 1995ms
2026-02-21T02:40:03.968Z [svc-gateway-4] cache hit rate 92%
2026-02-21T02:40:03.969Z [svc-auth-2] processed batch of 336 items
2026-02-21T02:40:03.969Z [svc-notify-4] retrying connection to elasticsearch (attempt 1/3)
2026-02-21T02:40:03.970Z [svc-notify-0] processed batch of 89 items
2026-02-21T02:40:03.971Z [svc-sched-2] gc pause 114ms, heap 724MB
2026-02-21T02:40:03.973Z [svc-db-0] warning: slow query took 1928ms
2026-02-21T02:40:03.974Z [svc-cache-4] retrying connection to s3 (attempt 1/3)
2026-02-21T02:40:03.974Z [svc-db-4] connected to upstream in 55ms
2026-02-21T02:40:03.975Z [svc-notify-1] closed idle connection after 298s
2026-02-21T02:40:03.978Z [svc-sched-0] connected to upstream in 73ms
2026-02-21T02:40:03.979Z [pytest-xdist] gw5 test_orders.py::test_reconcile_subscription PASSED in 94ms trace=c3512eec-2c3c-3cd6-ea1c-e2a61aca4f44
2026-02-21T02:40:03.979Z [svc-cache-3] closed idle connection after 59s
2026-02-21T02:40:03.983Z [svc-media-3] connected to upstream in 20ms
2026-02-21T02:40:03.983Z [svc-queue-4] closed idle connection after 324s
2026-02-21T02:40:03.986Z [svc-search-0] health check ok
2026-02-21T02:40:03.987Z [svc-db-4] retrying connection to postgres (attempt 1/3)
2026-02-21T02:40:03.987Z [svc-media-0] connected to upstream in 25ms
2026-02-21T02:40:03.988Z [pytest-xdist] gw2 test_webhooks.py::test_reconcile_session PASSED in 84ms trace=3fb5af3c-f63b-dc8e-d1d8-decce53a4b85
2026-02-21T02:40:03.988Z [svc-auth-3] gc pause 32ms, heap 721MB
2026-02-21T02:40:03.989Z [svc-db-0] health check ok
2026-02-21T02:40:03.989Z [svc-gateway-3] processed batch of 492 items
2026-02-21T02:40:03.992Z [svc-cache-1] health check ok
2026-02-21T02:40:03.992Z [svc-gateway-2] connected to upstream in 23ms
2026-02-21T02:40:03.993Z [svc-cache-2] health check ok
2026-02-21T02:40:03.995Z [svc-billing-3] gc pause 95ms, heap 523MB
2026-02-21T02:40:03.995Z [svc-media-1] closed idle connection after 87s
2026-02-21T02:40:04.002Z [svc-media-0] warning: slow query took 1514ms
2026-02-21T02:40:04.002Z [svc-queue-2] processed batch of 162 items
2026-02-21T02:40:04.005Z [svc-db-1] health check ok
2026-02-21T02:40:04.006Z [pytest-xdist] gw3 test_reports.py::test_notify_quota PASSED in 160ms trace=0c73e8fb-0f11-019b-b3a0-b988b14041bd
2026-02-21T02:40:04.007Z [svc-search-0] retrying connection to postgres (attempt 1/3)
2026-02-21T02:40:04.010Z [svc-db-3] health check ok
2026-02-21T02:40:04.010Z [svc-sched-0] warning: slow query took 1887ms
2026-02-21T02:40:04.016Z [svc-billing-2] health check ok
2026-02-21T02:40:04.016Z [svc-sched-0] processed batch of 102 items
2026-02-21T02:40:04.017Z [pytest-xdist] gw5 test_queue.py::test_delete_session PASSED in 123ms trace=f81399b9-4c30-3196-33b3-5b96f089ee01
2026-02-21T02:40:04.018Z [svc-billing-1] closed idle connection after 94s
2026-02-21T02:40:04.020Z [svc-db-1] warning: slow query took 527ms
2026-02-21T02:40:04.020Z [svc-billing-2] cache hit rate 88%
2026-02-21T02:40:04.020Z [svc-notify-0] closed idle connection after 130s
2026-02-21T02:40:04.021Z [pytest-xdist] gw1 test_media.py::test_update_quota PASSED in 231ms trace=e2261459-8169-c422-a55e-91d509476358
2026-02-21T02:40:04.021Z [svc-auth-1] health check ok
2026-02-21T02:40:04.022Z [svc-db-0] retrying connection to kafka (attempt 1/3)
2026-02-21T02:40:04.023Z [svc-media-2] health check ok
2026-02-21T02:40:04.024Z [svc-auth-0] closed idle connection after 231s
2026-02-21T02:40:04.025Z [svc-search-1] connected to upstream in 26ms
2026-02-21T02:40:04.028Z [svc-notify-2] gc pause 58ms, heap 966MB
2026-02-21T02:40:04.031Z [svc-billing-0] processed batch of 325 items
2026-02-21T02:40:04.033Z [svc-cache-0] closed idle connection after 317s
2026-02-21T02:40:04.036Z [svc-gateway-2] health check ok
2026-02-21T02:40:04.038Z [svc-auth-4] closed idle connection after 202s
2026-02-21T02:40:04.038Z [svc-gateway-2] health check ok
2026-02-21T02:40:04.042Z [pytest-xdist] gw3 test_search.py::test_expire_quota PASSED in 163ms trace=d8abad70-ae91-b50f-6f7c-bb4c0d4034bc
2026-02-21T02:40:04.042Z [svc-db-3] gc pause 118ms, heap 583MB
2026-02-21T02:40:04.043Z [svc-notify-4] processed batch of 305 items
2026-02-21T02:40:04.044Z [svc-billing-3] cache hit rate 90%
2026-02-21T02:40:04.047Z [svc-cache-0] retrying connection to vault (attempt 2/3)
2026-02-21T02:40:04.048Z [svc-cache-3] gc pause 82ms, heap 906MB
2026-02-21T02:40:04.048Z [svc-gateway-1] connected to upstream in 58ms
2026-02-21T02:40:04.051Z [svc-auth-3] closed idle connection after 179s
2026-02-21T02:40:04.052Z [svc-notify-1] retrying connection to redis (attempt 3/3)
2026-02-21T02:40:04.055Z [svc-sched-3] warning: slow query took 1808ms
2026-02-21T02:40:04.055Z [svc-sched-4] gc pause 118ms, heap 197MB
2026-02-21T02:40:04.057Z [svc-cache-0] retrying connection to vault (attempt 3/3)
2026-02-21T02:40:04.058Z [svc-notify-0] connected to upstream in 74ms
2026-02-21T02:40:04.059Z [pytest-xdist] gw2 test_webhooks.py::test_expire_template PASSED in 194ms trace=5360e01a-9649-327f-4410-555e80a534c7
2026-02-21T02:40:04.059Z [svc-notify-3] retrying connection to s3 (attempt 2/3)
2026-02-21T02:40:04.059Z [svc-media-0] health check ok
2026-02-21T02:40:04.060Z [svc-queue-0] retrying connection to vault (attempt 3/3)
2026-02-21T02:40:04.063Z [svc-auth-0] closed idle connection after 297s
2026-02-21T02:40:04.064Z [svc-search-3] warning: slow query took 1481ms
2026-02-21T02:40:04.064Z [svc-queue-4] retrying connection to s3 (attempt 3/3)
2026-02-21T02:40:04.065Z [svc-sched-0] closed idle connection after 271s
2026-02-21T02:40:04.066Z [pytest-xdist] gw0 test_media.py::test_create_session SKIPPED (reason: flaky-see-issue-482)
2026-02-21T02:40:04.066Z [svc-cache-4] retrying connection to s3 (attempt 2/3)
2026-02-21T02:40:04.066Z [svc-queue-2] retrying connection to redis (attempt 3/3)
2026-02-21T02:40:04.068Z [svc-notify-4] processed batch of 505 items
2026-02-21T02:40:04.068Z [svc-sched-1] gc pause 106ms, heap 299MB
2026-02-21T02:40:04.070Z [svc-auth-2] closed idle connection after 189s
2026-02-21T02:40:04.071Z [svc-billing-1] health check ok
2026-02-21T02:40:04.075Z [svc-db-3] closed idle connection after 174s
2026-02-21T02:40:04.076Z [svc-db-2] connected to upstream in 38ms
2026-02-21T02:40:04.076Z [svc-search-0] retrying connection to postgres (attempt 3/3)
2026-02-21T02:40:04.077Z [svc-notify-1] retrying connection to redis (attempt 2/3)
2026-02-21T02:40:04.077Z [svc-media-2] gc pause 25ms, heap 907MB
2026-02-21T02:40:04.083Z [svc-search-4] processed batch of 418 items
2026-02-21T02:40:04.085Z [pytest-xdist] gw3 test_reports.py::test_authorize_quota PASSED in 211ms trace=583dbee3-ce9b-9761-f721-a1beefaa2468
2026-02-21T02:40:04.088Z [svc-media-0] health check ok
2026-02-21T02:40:04.089Z [pytest-xdist] gw1 test_webhooks.py::test_notify_template PASSED in 1ms trace=6167aec3-6fab-47bf-5c46-097b95d0135a
2026-02-21T02:40:04.089Z [svc-search-1] retrying connection to redis (attempt 3/3)
2026-02-21T02:40:04.090Z [svc-gateway-3] gc pause 62ms, heap 192MB
2026-02-21T02:40:04.092Z [svc-auth-2] processed batch of 226 items
2026-02-21T02:40:04.094Z [svc-billing-1] retrying connection to kafka (attempt 3/3)
2026-02-21T02:40:04.094Z [svc-search-0] closed idle connection after 308s
2026-02-21T02:40:04.095Z [svc-gateway-0] connected to upstream in 57ms
2026-02-21T02:40:04.096Z [svc-auth-1] cache hit rate 92%
2026-02-21T02:40:04.101Z [svc-cache-4] retrying connection to s3 (attempt 2/3)
2026-02-21T02:40:04.101Z [svc-queue-1] processed batch of 224 items
2026-02-21T02:40:04.102Z [pytest-xdist] gw1 test_sched.py::test_sync_user PASSED in 130ms trace=7c3618de-de59-6850-94d7-25d3a180455c
2026-02-21T02:40:04.104Z [svc-auth-3] cache hit rate 95%
2026-02-21T02:40:04.106Z [svc-auth-2] processed batch of 206 items
2026-02-21T02:40:04.106Z [svc-db-3] retrying connection to vault (attempt 1/3)
2026-02-21T02:40:04.109Z [svc-cache-4] health check ok
2026-02-21T02:40:04.111Z [svc-auth-2] health check ok
2026-02-21T02:40:04.111Z [svc-media-0] processed batch of 138 items
2026-02-21T02:40:04.111Z [svc-sched-0] retrying connection to vault (attempt 1/3)
2026-02-21T02:40:04.115Z [svc-gateway-1] connected to upstream in 44ms
2026-02-21T02:40:04.118Z [pytest-xdist] gw0 test_queue.py::test_create_invoice PASSED in 110ms trace=d66a7f32-5dfa-f515-6766-31a8062a98a2
2026-02-21T02:40:04.119Z [svc-billing-1] processed batch of 444 items
2026-02-21T02:40:04.119Z [svc-media-3] retrying connection to kafka (attempt 2/3)
2026-02-21T02:40:04.120Z [svc-sched-4] connected to upstream in 61ms
2026-02-21T02:40:04.122Z [svc-cache-4] cache hit rate 88%
2026-02-21T02:40:04.122Z [svc-billing-4] warning: slow query took 847ms
2026-02-21T02:40:04.123Z [svc-cache-0] retrying connection to vault (attempt 1/3)
2026-02-21T02:40:04.123Z [svc-db-0] health check ok
2026-02-21T02:40:04.124Z [svc-db-4] cache hit rate 85%
2026-02-21T02:40:04.128Z [svc-db-3] connected to upstream in 81ms
2026-02-21T02:40:04.129Z [svc-db-2] gc pause 75ms, heap 196MB
2026-02-21T02:40:04.130Z [svc-gateway-1] health check ok
2026-02-21T02:40:04.131Z [svc-billing-0] health check ok
2026-02-21T02:40:04.131Z [svc-queue-4] cache hit rate 88%
2026-02-21T02:40:04.131Z [svc-sched-3] connected to upstream in 15ms
2026-02-21T02:40:04.132Z [svc-billing-2] processed batch of 428 items
2026-02-21T02:40:04.133Z [svc-search-3] closed idle connection after 38s
2026-02-21T02:40:04.133Z [svc-gateway-3] retrying connection to elasticsearch (attempt 3/3)
2026-02-21T02:40:04.133Z [svc-queue-3] connected to upstream in 17ms
2026-02-21T02:40:04.133Z [svc-sched-2] cache hit rate 90%
2026-02-21T02:40:04.134Z [svc-queue-3] processed batch of 417 items
2026-02-21T02:40:04.135Z [svc-gateway-2] retrying connection to s3 (attempt 1/3)
2026-02-21T02:40:04.137Z [svc-auth-0] warning: slow query took 1529ms
2026-02-21T02:40:04.137Z [svc-search-1] health check ok
2026-02-21T02:40:04.138Z [svc-search-3] health check ok
2026-02-21T02:40:04.138Z [svc-queue-3] retrying connection to kafka (attempt 3/3)
2026-02-21T02:40:04.139Z [svc-search-1] retrying connection to redis (attempt 2/3)
2026-02-21T02:40:04.140Z [pytest-xdist] gw1 test_users.py::test_retry_quota PASSED in 105ms trace=f44a8929-f553-0c08-63ff-29a3b46c39e1
2026-02-21T02:40:04.141Z [svc-media-0] health check ok
2026-02-21T02:40:04.145Z [svc-media-4] closed idle connection after 320s
2026-02-21T02:40:04.146Z [svc-auth-1] retrying connection to vault (attempt 1/3)
2026-02-21T02:40:04.146Z [svc-db-1] gc pause 118ms, heap 643MB
2026-02-21T02:40:04.146Z [svc-notify-0] connected to upstream in 43ms
2026-02-21T02:40:04.146Z [svc-notify-1] retrying connection to redis (attempt 3/3)
2026-02-21T02:40:04.147Z [svc-auth-1] connected to upstream in 69ms
2026-02-21T02:40:04.147Z [svc-billing-1] health check ok
2026-02-21T02:40:04.148Z [svc-db-2] gc pause 103ms, heap 205MB
2026-02-21T02:40:04.149Z [svc-auth-2] closed idle connection after 90s
2026-02-21T02:40:04.149Z [svc-media-4] gc pause 104ms, heap 202MB
2026-02-21T02:40:04.149Z [svc-sched-3] closed idle connection after 312s
2026-02-21T02:40:04.150Z [svc-auth-0] warning: slow query took 1296ms
2026-02-21T02:40:04.153Z [svc-cache-4] connected to upstream in 5ms
2026-02-21T02:40:04.153Z [svc-search-2] cache hit rate 95%
2026-02-21T02:40:04.154Z [pytest-xdist] gw3 test_payments.py::test_cache_quota PASSED in 7ms trace=15c738a1-6064-f6ca-1f3d-2e92077d2eb5
2026-02-21T02:40:04.157Z [svc-billing-1] retrying connection to kafka (attempt 3/3)
2026-02-21T02:40:04.159Z [svc-notify-4] gc pause 33ms, heap 182MB
2026-02-21T02:40:04.160Z [svc-cache-4] retrying connection to s3 (attempt 2/3)
2026-02-21T02:40:04.160Z [svc-billing-4] cache hit rate 95%
2026-02-21T02:40:04.160Z [svc-gateway-1] connected to upstream in 17ms
2026-02-21T02:40:04.160Z [svc-queue-0] closed idle connection after 210s
2026-02-21T02:40:04.160Z [svc-queue-3] cache hit rate 92%
2026-02-21T02:40:04.160Z [svc-queue-4] warning: slow query took 511ms
2026-02-21T02:40:04.161Z [svc-media-1] processed batch of 112 items
2026-02-21T02:40:04.162Z [svc-db-0] processed batch of 336 items
2026-02-21T02:40:04.162Z [svc-search-4] processed batch of 19 items
2026-02-21T02:40:04.163Z [svc-billing-2] cache hit rate 88%
2026-02-21T02:40:04.164Z [svc-media-3] gc pause 24ms, heap 740MB
2026-02-21T02:40:04.165Z [svc-billing-4] gc pause 45ms, heap 641MB
2026-02-21T02:40:04.167Z [svc-notify-0] cache hit rate 95%
2026-02-21T02:40:04.171Z [pytest-xdist] gw5 test_notify.py::test_sync_index PASSED in 245ms trace=d37feeae-3d07-9c29-c9c4-f24da154687c
2026-02-21T02:40:04.172Z [svc-sched-4] connected to upstream in 78ms
2026-02-21T02:40:04.173Z [svc-auth-0] retrying connection to elasticsearch (attempt 1/3)
2026-02-21T02:40:04.173Z [svc-db-4] processed batch of 184 items
2026-02-21T02:40:04.177Z [svc-queue-1] closed idle connection after 224s
2026-02-21T02:40:04.178Z [svc-cache-2] connected to upstream in 30ms
2026-02-21T02:40:04.180Z [svc-db-0] retrying connection to kafka (attempt 3/3)
2026-02-21T02:40:04.180Z [svc-gateway-3] retrying connection to elasticsearch (attempt 3/3)
2026-02-21T02:40:04.181Z [svc-cache-0] retrying connection to vault (attempt 1/3)
2026-02-21T02:40:04.184Z [svc-cache-4] warning: slow query took 1331ms
2026-02-21T02:40:04.185Z [pytest-xdist] gw2 test_payments.py::test_update_session PASSED in 42ms trace=9e2e384d-6ab9-bd53-93fe-045c2c10ade0
2026-02-21T02:40:04.185Z [svc-auth-3] warning: slow query took 305ms
2026-02-21T02:40:04.186Z [svc-auth-0] health check ok
2026-02-21T02:40:04.186Z [svc-queue-3] connected to upstream in 56ms
2026-02-21T02:40:04.187Z [svc-billing-1] processed batch of 439 items
2026-02-21T02:40:04.189Z [svc-gateway-3] closed idle connection after 239s
2026-02-21T02:40:04.190Z [svc-db-3] processed batch of 332 items
2026-02-21T02:40:04.190Z [svc-sched-4] processed batch of 20 items
2026-02-21T02:40:04.191Z [svc-search-1] retrying connection to redis (attempt 1/3)
2026-02-21T02:40:04.191Z [svc-media-2] retrying connection to redis (attempt 2/3)
2026-02-21T02:40:04.193Z [svc-search-1] retrying connection to redis (attempt 1/3)
2026-02-21T02:40:04.193Z [svc-queue-0] gc pause 73ms, heap 984MB
2026-02-21T02:40:04.194Z [svc-billing-3] health check ok
2026-02-21T02:40:04.194Z [svc-gateway-1] cache hit rate 85%
2026-02-21T02:40:04.195Z [pytest-xdist] gw4 test_search.py::test_reconcile_refund PASSED in 42ms trace=95c1087b-44dd-af59-a616-8ba90e9fa227
2026-02-21T02:40:04.195Z [svc-gateway-2] health check ok
2026-02-21T02:40:04.196Z [svc-db-3] retrying connection to vault (attempt 1/3)
2026-02-21T02:40:04.196Z [svc-media-0] warning: slow query took 268ms
2026-02-21T02:40:04.197Z [svc-gateway-0] warning: slow query took 1664ms
2026-02-21T02:40:04.197Z [svc-queue-2] connected to upstream in 63ms
2026-02-21T02:40:04.198Z [svc-notify-0] processed batch of 452 items
2026-02-21T02:40:04.201Z [svc-sched-3] retrying connection to kafka (attempt 1/3)
2026-02-21T02:40:04.202Z [svc-billing-2] closed idle connection after 30s
2026-02-21T02:40:04.205Z [svc-search-1] connected to upstream in 38ms
2026-02-21T02:40:04.206Z [pytest-xdist] gw4 test_notify.py::test_cache_region PASSED in 222ms trace=f9eb5faf-f53b-d005-cad0-861d49b843c5
2026-02-21T02:40:04.206Z [svc-gateway-4] closed idle connection after 60s
2026-02-21T02:40:04.206Z [svc-queue-0] connected to upstream in 35ms
2026-02-21T02:40:04.206Z [svc-sched-0] closed idle connection after 311s
2026-02-21T02:40:04.207Z [svc-cache-1] retrying connection to postgres (attempt 1/3)
2026-02-21T02:40:04.208Z [svc-cache-0] warning: slow query took 1588ms
2026-02-21T02:40:04.208Z [svc-db-1] closed idle connection after 208s
2026-02-21T02:40:04.208Z [svc-billing-1] closed idle connection after 237s
2026-02-21T02:40:04.211Z [svc-cache-0] closed idle connection after 111s
2026-02-21T02:40:04.212Z [pytest-xdist] gw2 test_notify.py::test_notify_query PASSED in 212ms trace=a16d427d-90f3-053f-b898-2e5f6cf8e0a9
2026-02-21T02:40:04.212Z [svc-notify-0] retrying connection to postgres (attempt 2/3)
2026-02-21T02:40:04.213Z [svc-gateway-2] retrying connection to s3 (attempt 1/3)
2026-02-21T02:40:04.215Z [svc-auth-3] retrying connection to redis (attempt 2/3)
2026-02-21T02:40:04.217Z [pytest-xdist] gw4 test_export.py::test_delete_session PASSED in 6ms trace=d36512af-500e-5f20-6556-dc96abd93ae4
2026-02-21T02:40:04.218Z [svc-db-3] gc pause 78ms, heap 611MB
2026-02-21T02:40:04.218Z [svc-billing-4] closed idle connection after 112s
2026-02-21T02:40:04.223Z [svc-db-1] closed idle connection after 56s
2026-02-21T02:40:04.223Z [svc-db-4] cache hit rate 90%
2026-02-21T02:40:04.224Z [svc-notify-2] gc pause 22ms, heap 290MB
2026-02-21T02:40:04.225Z [svc-billing-2] processed batch of 271 items
2026-02-21T02:40:04.225Z [svc-billing-2] warning: slow query took 580ms
2026-02-21T02:40:04.228Z [svc-sched-0] health check ok
2026-02-21T02:40:04.229Z [svc-sched-0] retrying connection to vault (attempt 2/3)
2026-02-21T02:40:04.232Z [svc-media-0] connected to upstream in 81ms
2026-02-21T02:40:04.233Z [svc-search-1] processed batch of 365 items
2026-02-21T02:40:04.233Z [svc-media-4] closed idle connection after 158s
2026-02-21T02:40:04.234Z [svc-db-4] processed batch of 442 items
2026-02-21T02:40:04.234Z [svc-billing-2] processed batch of 247 items
2026-02-21T02:40:04.235Z [svc-gateway-1] retrying connection to kafka (attempt 3/3)
2026-02-21T02:40:04.237Z [pytest-xdist] gw0 test_queue.py::test_cache_invoice PASSED in 183ms trace=b03411da-efee-4ff1-5947-6d41feb1251d
2026-02-21T02:40:04.238Z [svc-search-0] closed idle connection after 262s
2026-02-21T02:40:04.240Z [svc-media-4] connected to upstream in 43ms
2026-02-21T02:40:04.241Z [svc-notify-3] processed batch of 375 items
2026-02-21T02:40:04.244Z [svc-gateway-0] processed batch of 414 items
2026-02-21T02:40:04.249Z [svc-billing-4] gc pause 78ms, heap 573MB
2026-02-21T02:40:04.249Z [svc-gateway-4] connected to upstream in 75ms
2026-02-21T02:40:04.251Z [svc-search-2] retrying connection to kafka (attempt 2/3)
2026-02-21T02:40:04.253Z [svc-search-4] cache hit rate 95%
2026-02-21T02:40:04.253Z [svc-sched-3] retrying connection to kafka (attempt 2/3)
2026-02-21T02:40:04.254Z [svc-sched-0] connected to upstream in 10ms
2026-02-21T02:40:04.255Z [svc-db-0] health check ok
2026-02-21T02:40:04.255Z [svc-billing-1] warning: slow query took 258ms
2026-02-21T02:40:04.258Z [svc-gateway-0] retrying connection to redis (attempt 2/3)
2026-02-21T02:40:04.259Z [pytest-xdist] gw4 test_search.py::test_parse_attachment PASSED in 52ms trace=85bea0d2-116e-4e07-111b-a84bb6d48af1
2026-02-21T02:40:04.259Z [svc-media-1] retrying connection to postgres (attempt 1/3)
2026-02-21T02:40:04.260Z [svc-billing-3] cache hit rate 95%
2026-02-21T02:40:04.260Z [svc-gateway-2] retrying connection to s3 (attempt 2/3)
2026-02-21T02:40:04.263Z [svc-billing-1] gc pause 112ms, heap 815MB
2026-02-21T02:40:04.263Z [svc-notify-1] gc pause 69ms, heap 433MB
2026-02-21T02:40:04.263Z [svc-queue-0] gc pause 60ms, heap 261MB
2026-02-21T02:40:04.264Z [svc-cache-3] health check ok
2026-02-21T02:40:04.264Z [svc-media-3] warning: slow query took 1931ms
2026-02-21T02:40:04.265Z [svc-auth-1] processed batch of 328 items
2026-02-21T02:40:04.268Z [svc-cache-0] connected to upstream in 58ms
2026-02-21T02:40:04.268Z [svc-search-2] cache hit rate 92%
2026-02-21T02:40:04.271Z [svc-notify-2] cache hit rate 88%
2026-02-21T02:40:04.272Z [pytest-xdist] gw5 test_gateway.py::test_create_refund PASSED in 62ms trace=d3876a5b-97b8-97e0-5807-ea50379be9f3
2026-02-21T02:40:04.273Z [svc-db-0] cache hit rate 95%
2026-02-21T02:40:04.277Z [svc-sched-2] gc pause 40ms, heap 134MB
2026-02-21T02:40:04.278Z [svc-gateway-0] retrying connection to redis (attempt 2/3)
2026-02-21T02:40:04.279Z [svc-gateway-4] connected to upstream in 31ms
2026-02-21T02:40:04.281Z [svc-media-3] warning: slow query took 872ms
2026-02-21T02:40:04.282Z [svc-auth-0] retrying connection to elasticsearch (attempt 3/3)
2026-02-21T02:40:04.282Z [svc-notify-4] retrying connection to elasticsearch (attempt 2/3)
2026-02-21T02:40:04.283Z [pytest-xdist] gw3 test_media.py::test_parse_shipment PASSED in 244ms trace=76bbffa8-6879-e21b-d9df-39133536eb5f
2026-02-21T02:40:04.283Z [svc-auth-4] cache hit rate 92%
2026-02-21T02:40:04.286Z [pytest-xdist] gw3 test_gateway.py::test_sync_template PASSED in 226ms trace=b8d05255-4ba7-cb1b-1077-84f6d8bb7d33
2026-02-21T02:40:04.288Z [svc-auth-1] connected to upstream in 77ms
2026-02-21T02:40:04.288Z [svc-billing-4] gc pause 19ms, heap 418MB
2026-02-21T02:40:04.290Z [svc-billing-1] warning: slow query took 1096ms
2026-02-21T02:40:04.291Z [pytest-xdist] gw2 test_media.py::test_authorize_query PASSED in 78ms trace=ff80ab92-c00c-2369-ab02-8fa52079a610
2026-02-21T02:40:04.292Z [svc-db-0] retrying connection to kafka (attempt 1/3)
2026-02-21T02:40:04.292Z [svc-sched-0] health check ok
2026-02-21T02:40:04.296Z [pytest-xdist] gw3 test_notify.py::test_list_coupon PASSED in 231ms trace=fbdb21f5-b0d9-e72a-954b-b34047e71ce0
2026-02-21T02:40:04.300Z [svc-billing-2] health check ok
2026-02-21T02:40:04.300Z [svc-search-2] cache hit rate 95%
2026-02-21T02:40:04.301Z [svc-search-1] warning: slow query took 478ms
2026-02-21T02:40:04.302Z [svc-auth-2] gc pause 26ms, heap 299MB
2026-02-21T02:40:04.303Z [svc-auth-2] retrying connection to postgres (attempt 2/3)
2026-02-21T02:40:04.304Z [svc-auth-2] connected to upstream in 84ms
2026-02-21T02:40:04.305Z [svc-search-2] retrying connection to kafka (attempt 2/3)
2026-02-21T02:40:04.307Z [pytest-xdist] gw5 test_media.py::test_update_query PASSED in 164ms trace=3a7c8533-b1ef-73d7-936f-9d055d5ed131
2026-02-21T02:40:04.307Z [svc-billing-2] warning: slow query took 1037ms
2026-02-21T02:40:04.307Z [svc-queue-2] cache hit rate 92%
2026-02-21T02:40:04.309Z [svc-notify-2] connected to upstream in 49ms
2026-02-21T02:40:04.310Z [svc-billing-2] health check ok
2026-02-21T02:40:04.313Z [svc-queue-0] cache hit rate 85%
2026-02-21T02:40:04.314Z [svc-cache-0] retrying connection to vault (attempt 3/3)
2026-02-21T02:40:04.315Z [svc-media-4] retrying connection to s3 (attempt 2/3)
2026-02-21T02:40:04.316Z [svc-notify-3] processed batch of 440 items
2026-02-21T02:40:04.318Z [svc-notify-4] closed idle connection after 254s
2026-02-21T02:40:04.318Z [svc-gateway-2] gc pause 74ms, heap 105MB
2026-02-21T02:40:04.323Z [svc-notify-4] gc pause 34ms, heap 194MB
2026-02-21T02:40:04.324Z [svc-media-1] retrying connection to postgres (attempt 2/3)
2026-02-21T02:40:04.325Z [svc-search-4] warning: slow query took 1218ms
2026-02-21T02:40:04.325Z [svc-gateway-3] closed idle connection after 285s
2026-02-21T02:40:04.328Z [svc-queue-0] processed batch of 443 items
2026-02-21T02:40:04.329Z [pytest-xdist] gw3 test_payments.py::test_sync_region PASSED in 248ms trace=67ea9b7c-93ae-3585-7fee-ffd8e2a8d996
2026-02-21T02:40:04.329Z [svc-gateway-4] cache hit rate 90%
2026-02-21T02:40:04.330Z [svc-cache-0] health check ok
2026-02-21T02:40:04.330Z [svc-media-0] retrying connection to vault (attempt 3/3)
2026-02-21T02:40:04.331Z [svc-sched-3] cache hit rate 90%
2026-02-21T02:40:04.332Z [svc-notify-0] retrying connection to postgres (attempt 3/3)
2026-02-21T02:40:04.334Z [svc-billing-0] retrying connection to redis (attempt 2/3)
2026-02-21T02:40:04.335Z [svc-auth-4] processed batch of 46 items
2026-02-21T02:40:04.336Z [svc-queue-2] warning: slow query took 820ms
2026-02-21T02:40:04.339Z [svc-sched-4] retrying connection to s3 (attempt 1/3)
2026-02-21T02:40:04.340Z [svc-db-2] gc pause 63ms, heap 761MB
2026-02-21T02:40:04.340Z [svc-billing-3] gc pause 63ms, heap 474MB
2026-02-21T02:40:04.341Z [svc-cache-0] warning: slow query took 1205ms
2026-02-21T02:40:04.341Z [svc-media-3] cache hit rate 88%
2026-02-21T02:40:04.341Z [svc-media-4] retrying connection to s3 (attempt 3/3)
2026-02-21T02:40:04.342Z [svc-auth-0] health check ok
2026-02-21T02:40:04.343Z [svc-billing-3] health check ok
2026-02-21T02:40:04.345Z [svc-search-2] closed idle connection after 82s
2026-02-21T02:40:04.349Z [pytest-xdist] gw1 test_webhooks.py::test_reconcile_attachment PASSED in 152ms trace=40349a22-5ebe-dcb7-7529-ff28d1a6573a
2026-02-21T02:40:04.349Z [svc-gateway-0] closed idle connection after 85s
2026-02-21T02:40:04.352Z [svc-billing-4] warning: slow query took 1600ms
2026-02-21T02:40:04.353Z [svc-db-3] processed batch of 161 items
2026-02-21T02:40:04.353Z [svc-queue-0] processed batch of 317 items
2026-02-21T02:40:04.353Z [svc-queue-3] closed idle connection after 181s
2026-02-21T02:40:04.356Z [svc-search-0] connected to upstream in 5ms
2026-02-21T02:40:04.359Z [svc-cache-3] connected to upstream in 30ms
2026-02-21T02:40:04.360Z [svc-queue-2] warning: slow query took 1130ms
2026-02-21T02:40:04.364Z [svc-search-1] retrying connection to redis (attempt 1/3)
2026-02-21T02:40:04.365Z [pytest-xdist] gw3 test_orders.py::test_delete_invoice PASSED in 9ms trace=decb0669-80fa-6e17-5201-3a2d312f9940
2026-02-21T02:40:04.366Z [svc-db-3] retrying connection to vault (attempt 3/3)
2026-02-21T02:40:04.366Z [svc-search-4] gc pause 60ms, heap 200MB
2026-02-21T02:40:04.367Z [svc-auth-3] health check ok
2026-02-21T02:40:04.369Z [svc-auth-0] processed batch of 338 items
2026-02-21T02:40:04.369Z [svc-sched-2] warning: slow query took 395ms
2026-02-21T02:40:04.371Z [svc-cache-1] connected to upstream in 14ms
2026-02-21T02:40:04.371Z [svc-db-2] health check ok
2026-02-21T02:40:04.371Z [svc-sched-4] cache hit rate 88%
2026-02-21T02:40:04.373Z [svc-cache-2] processed batch of 384 items
2026-02-21T02:40:04.376Z [svc-sched-4] retrying connection to s3 (attempt 1/3)
2026-02-21T02:40:04.378Z [svc-notify-1] processed batch of 89 items
2026-02-21T02:40:04.378Z [svc-media-0] health check ok
2026-02-21T02:40:04.380Z [pytest-xdist] gw0 test_media.py::test_parse_subscription PASSED in 159ms trace=56648597-0614-5aca-f2a6-2c2c20aac0a3
2026-02-21T02:40:04.381Z [svc-auth-4] connected to upstream in 16ms
2026-02-21T02:40:04.381Z [svc-gateway-0] warning: slow query took 1526ms
2026-02-21T02:40:04.382Z [svc-cache-1] health check ok
2026-02-21T02:40:04.383Z [svc-gateway-0] processed batch of 452 items
2026-02-21T02:40:04.387Z [svc-auth-1] closed idle connection after 95s
2026-02-21T02:40:04.387Z [svc-gateway-1] warning: slow query took 1875ms
2026-02-21T02:40:04.388Z [svc-queue-1] retrying connection to postgres (attempt 1/3)
2026-02-21T02:40:04.393Z [svc-queue-1] processed batch of 217 items
2026-02-21T02:40:04.395Z [svc-gateway-2] retrying connection to s3 (attempt 1/3)
2026-02-21T02:40:04.396Z [svc-media-0] gc pause 86ms, heap 958MB
2026-02-21T02:40:04.398Z [svc-media-0] closed idle connection after 274s
2026-02-21T02:40:04.398Z [svc-media-1] retrying connection to postgres (attempt 2/3)
2026-02-21T02:40:04.399Z [svc-auth-2] warning: slow query took 469ms
2026-02-21T02:40:04.402Z [pytest-xdist] gw1 test_export.py::test_notify_subscription PASSED in 5ms trace=68a313b0-b73b-96c3-db44-9016230a2bdf
2026-02-21T02:40:04.410Z [svc-gateway-3] gc pause 18ms, heap 559MB
2026-02-21T02:40:04.411Z [svc-billing-0] warning: slow query took 546ms
2026-02-21T02:40:04.412Z [svc-billing-3] retrying connection to elasticsearch (attempt 2/3)
2026-02-21T02:40:04.412Z [svc-notify-0] gc pause 116ms, heap 947MB
2026-02-21T02:40:04.412Z [svc-sched-3] processed batch of 444 items
2026-02-21T02:40:04.413Z [svc-search-1] closed idle connection after 292s
2026-02-21T02:40:04.414Z [svc-sched-3] closed idle connection after 164s
2026-02-21T02:40:04.416Z [svc-queue-0] gc pause 30ms, heap 114MB
2026-02-21T02:40:04.418Z [svc-queue-0] closed idle connection after 49s
2026-02-21T02:40:04.420Z [svc-gateway-3] cache hit rate 90%
2026-02-21T02:40:04.420Z [svc-queue-3] cache hit rate 88%
2026-02-21T02:40:04.421Z [svc-notify-0] closed idle connection after 278s
2026-02-21T02:40:04.421Z [svc-sched-4] gc pause 9ms, heap 255MB
2026-02-21T02:40:04.422Z [svc-auth-4] health check ok
2026-02-21T02:40:04.423Z [pytest-xdist] gw0 test_payments.py::test_reconcile_webhook PASSED in 162ms trace=b785d5bc-fa23-e611-e076-0298f0f0d0ed
2026-02-21T02:40:04.425Z [svc-auth-2] cache hit rate 95%
2026-02-21T02:40:04.426Z [svc-auth-1] processed batch of 337 items
2026-02-21T02:40:04.427Z [svc-notify-2] closed idle connection after 213s
2026-02-21T02:40:04.429Z [svc-queue-2] processed batch of 290 items
2026-02-21T02:40:04.431Z [svc-db-4] closed idle connection after 145s
2026-02-21T02:40:04.431Z [svc-sched-1] processed batch of 72 items
2026-02-21T02:40:04.432Z [pytest-xdist] gw0 test_auth.py::test_list_coupon PASSED in 136ms trace=65326bd3-ebc5-499e-114c-b080e326065f
2026-02-21T02:40:04.432Z [svc-gateway-3] processed batch of 299 items
2026-02-21T02:40:04.433Z [svc-media-4] gc pause 82ms, heap 719MB
2026-02-21T02:40:04.434Z [svc-cache-0] processed batch of 460 items
2026-02-21T02:40:04.434Z [svc-media-3] processed batch of 189 items
2026-02-21T02:40:04.436Z [svc-notify-1] warning: slow query took 2099ms
2026-02-21T02:40:04.437Z [svc-auth-2] gc pause 47ms, heap 528MB
2026-02-21T02:40:04.437Z [svc-cache-1] closed idle connection after 225s
2026-02-21T02:40:04.437Z [svc-gateway-2] retrying connection to s3 (attempt 1/3)
2026-02-21T02:40:04.438Z [pytest-xdist] gw1 test_auth.py::test_parse_template PASSED in 171ms trace=2e5461c5-02c7-b786-367b-bbaf2ef28ceb
2026-02-21T02:40:04.439Z [svc-gateway-2] retrying connection to s3 (attempt 1/3)
2026-02-21T02:40:04.439Z [svc-queue-0] retrying connection to vault (attempt 1/3)
2026-02-21T02:40:04.439Z [svc-queue-4] connected to upstream in 78ms
2026-02-21T02:40:04.440Z [svc-db-0] cache hit rate 88%
2026-02-21T02:40:04.440Z [svc-billing-3] cache hit rate 92%
2026-02-21T02:40:04.440Z [svc-notify-3] warning: slow query took 1186ms
2026-02-21T02:40:04.441Z [svc-billing-1] cache hit rate 85%
2026-02-21T02:40:04.442Z [svc-notify-0] health check ok
2026-02-21T02:40:04.443Z [svc-gateway-3] warning: slow query took 1163ms
2026-02-21T02:40:04.443Z [svc-queue-0] health check ok
2026-02-21T02:40:04.445Z [svc-cache-3] health check ok
2026-02-21T02:40:04.445Z [svc-search-1] processed batch of 68 items
2026-02-21T02:40:04.446Z [svc-search-0] health check ok
2026-02-21T02:40:04.447Z [svc-media-4] gc pause 21ms, heap 898MB
2026-02-21T02:40:04.447Z [svc-sched-4] connected to upstream in 48ms
2026-02-21T02:40:04.449Z [svc-cache-3] connected to upstream in 25ms
2026-02-21T02:40:04.450Z [svc-auth-0] connected to upstream in 33ms
2026-02-21T02:40:04.450Z [svc-db-3] retrying connection to vault (attempt 1/3)
2026-02-21T02:40:04.450Z [svc-sched-2] processed batch of 213 items
2026-02-21T02:40:04.454Z [svc-gateway-4] connected to upstream in 69ms
2026-02-21T02:40:04.455Z [svc-notify-0] gc pause 78ms, heap 592MB
2026-02-21T02:40:04.456Z [svc-auth-0] connected to upstream in 16ms
2026-02-21T02:40:04.456Z [svc-auth-4] gc pause 116ms, heap 732MB
2026-02-21T02:40:04.457Z [svc-auth-0] closed idle connection after 49s
2026-02-21T02:40:04.457Z [svc-cache-1] connected to upstream in 64ms
2026-02-21T02:40:04.459Z [svc-sched-2] cache hit rate 90%
2026-02-21T02:40:04.460Z [pytest-xdist] gw0 test_orders.py::test_notify_region PASSED in 234ms trace=0a7efbf9-bcde-437b-6aaf-804b88213ddc
2026-02-21T02:40:04.460Z [svc-search-1] warning: slow query took 453ms
2026-02-21T02:40:04.461Z [svc-billing-2] gc pause 19ms, heap 303MB
2026-02-21T02:40:04.461Z [svc-sched-0] cache hit rate 92%
2026-02-21T02:40:04.462Z [svc-auth-3] connected to upstream in 79ms
2026-02-21T02:40:04.462Z [svc-gateway-2] connected to upstream in 37ms
2026-02-21T02:40:04.462Z [svc-media-4] processed batch of 57 items
2026-02-21T02:40:04.466Z [svc-gateway-4] closed idle connection after 224s
2026-02-21T02:40:04.467Z [svc-sched-4] health check ok
2026-02-21T02:40:04.468Z [svc-auth-0] processed batch of 239 items
2026-02-21T02:40:04.468Z [svc-billing-0] gc pause 106ms, heap 652MB
2026-02-21T02:40:04.468Z [svc-sched-4] processed batch of 218 items
2026-02-21T02:40:04.470Z [svc-db-1] cache hit rate 95%
2026-02-21T02:40:04.471Z [svc-gateway-4] warning: slow query took 815ms
2026-02-21T02:40:04.473Z [svc-sched-1] health check ok
2026-02-21T02:40:04.475Z [svc-sched-2] closed idle connection after 99s
2026-02-21T02:40:04.476Z [pytest-xdist] gw3 test_billing.py::test_delete_webhook PASSED in 151ms trace=af0b3e32-ccd8-a5ed-7b60-698d7d08a880
2026-02-21T02:40:04.477Z [svc-auth-4] closed idle connection after 295s
2026-02-21T02:40:04.478Z [svc-notify-0] warning: slow query took 1480ms
2026-02-21T02:40:04.479Z [svc-auth-2] processed batch of 20 items
2026-02-21T02:40:04.480Z [svc-auth-1] health check ok
2026-02-21T02:40:04.481Z [svc-notify-2] health check ok
2026-02-21T02:40:04.482Z [svc-notify-0] processed batch of 93 items
2026-02-21T02:40:04.482Z [svc-queue-4] cache hit rate 95%
2026-02-21T02:40:04.485Z [svc-sched-0] health check ok
2026-02-21T02:40:04.487Z [pytest-xdist] gw0 test_orders.py::test_render_coupon PASSED in 127ms trace=41b79697-d09e-ddbe-e57f-4b265e5f23ac
2026-02-21T02:40:04.487Z [svc-db-2] processed batch of 109 items
2026-02-21T02:40:04.488Z [svc-search-2] retrying connection to kafka (attempt 2/3)
2026-02-21T02:40:04.491Z [svc-cache-4] closed idle connection after 259s
2026-02-21T02:40:04.494Z [pytest-xdist] gw5 test_media.py::test_delete_quota PASSED in 12ms trace=fe47132b-a5eb-179a-e1f2-6d31ead2e8de
2026-02-21T02:40:04.497Z [svc-billing-1] gc pause 95ms, heap 703MB
2026-02-21T02:40:04.497Z [svc-notify-4] warning: slow query took 666ms
2026-02-21T02:40:04.497Z [svc-queue-1] connected to upstream in 6ms
2026-02-21T02:40:04.497Z [svc-sched-1] health check ok
2026-02-21T02:40:04.499Z [svc-billing-0] closed idle connection after 203s
2026-02-21T02:40:04.499Z [svc-gateway-1] warning: slow query took 209ms
2026-02-21T02:40:04.500Z [svc-search-2] closed idle connection after 190s
2026-02-21T02:40:04.502Z [svc-billing-0] retrying connection to redis (attempt 1/3)
2026-02-21T02:40:04.505Z [svc-notify-1] gc pause 15ms, heap 106MB
2026-02-21T02:40:04.506Z [svc-search-0] processed batch of 228 items
2026-02-21T02:40:04.506Z [svc-queue-3] closed idle connection after 188s
2026-02-21T02:40:04.511Z [svc-gateway-2] cache hit rate 88%
2026-02-21T02:40:04.514Z [pytest-xdist] gw0 test_media.py::test_update_webhook PASSED in 220ms trace=270175e4-d9ec-f01f-0fd6-c23139ff5fb2
2026-02-21T02:40:04.519Z [svc-auth-2] cache hit rate 90%
2026-02-21T02:40:04.523Z [svc-gateway-4] health check ok
2026-02-21T02:40:04.524Z [svc-search-1] warning: slow query took 2047ms
2026-02-21T02:40:04.526Z [svc-billing-1] connected to upstream in 13ms
2026-02-21T02:40:04.527Z [pytest-xdist] gw3 test_notify.py::test_cache_attachment PASSED in 118ms trace=9e458c8a-7d6c-dd88-35a0-d29bfcedc671
2026-02-21T02:40:04.528Z [svc-search-1] processed batch of 503 items
2026-02-21T02:40:04.528Z [svc-gateway-2] health check ok
2026-02-21T02:40:04.529Z [svc-cache-2] processed batch of 110 items
2026-02-21T02:40:04.532Z [svc-sched-0] cache hit rate 85%
2026-02-21T02:40:04.533Z [pytest-xdist] gw0 test_gateway.py::test_create_index PASSED in 26ms trace=34017af1-c249-e1be-089c-1f93e05c4914
2026-02-21T02:40:04.536Z [svc-cache-2] retrying connection to redis (attempt 1/3)
2026-02-21T02:40:04.536Z [svc-sched-3] cache hit rate 92%
2026-02-21T02:40:04.537Z [svc-notify-2] gc pause 115ms, heap 482MB
2026-02-21T02:40:04.540Z [pytest-xdist] gw1 test_import.py::test_sync_coupon PASSED in 75ms trace=3cefd955-8a1e-b35c-5c04-cb8373e8690f
2026-02-21T02:40:04.540Z [svc-billing-2] retrying connection to s3 (attempt 2/3)
2026-02-21T02:40:04.542Z [svc-billing-4] gc pause 26ms, heap 267MB
2026-02-21T02:40:04.543Z [svc-gateway-2] processed batch of 372 items
2026-02-21T02:40:04.544Z [svc-billing-0] retrying connection to redis (attempt 3/3)
2026-02-21T02:40:04.546Z [pytest-xdist] gw3 test_payments.py::test_render_webhook PASSED in 206ms trace=1ea3c811-b3e2-e32c-f4cf-f1cf3339d2da
2026-02-21T02:40:04.547Z [svc-media-1] processed batch of 214 items
2026-02-21T02:40:04.547Z [svc-queue-2] gc pause 38ms, heap 102MB
2026-02-21T02:40:04.548Z [svc-notify-1] health check ok
2026-02-21T02:40:04.548Z [svc-queue-1] health check ok
2026-02-21T02:40:04.551Z [svc-queue-0] closed idle connection after 106s
2026-02-21T02:40:04.551Z [svc-sched-1] closed idle connection after 236s
2026-02-21T02:40:04.552Z [svc-search-4] closed idle connection after 112s
2026-02-21T02:40:04.553Z [svc-notify-1] gc pause 39ms, heap 454MB
2026-02-21T02:40:04.553Z [svc-gateway-2] gc pause 77ms, heap 166MB
2026-02-21T02:40:04.554Z [svc-media-4] connected to upstream in 43ms
2026-02-21T02:40:04.555Z [svc-billing-4] closed idle connection after 125s
2026-02-21T02:40:04.556Z [svc-cache-3] connected to upstream in 47ms
2026-02-21T02:40:04.556Z [svc-gateway-1] processed batch of 483 items
2026-02-21T02:40:04.556Z [svc-gateway-1] retrying connection to kafka (attempt 2/3)
2026-02-21T02:40:04.558Z [svc-auth-3] processed batch of 215 items
2026-02-21T02:40:04.558Z [svc-gateway-0] closed idle connection after 48s
2026-02-21T02:40:04.558Z [svc-queue-2] cache hit rate 95%
2026-02-21T02:40:04.558Z [svc-sched-1] gc pause 44ms, heap 115MB
2026-02-21T02:40:04.560Z [pytest-xdist] gw3 test_reports.py::test_authorize_webhook PASSED in 75ms trace=f043df22-4066-098e-16b0-a52c1ecbf7d0
2026-02-21T02:40:04.561Z [svc-notify-3] retrying connection to s3 (attempt 3/3)
2026-02-21T02:40:04.565Z [pytest-xdist] gw3 test_export.py::test_reconcile_session PASSED in 199ms trace=44d119b4-65ed-5760-bfbf-244a1c4d4292
2026-02-21T02:40:04.565Z [svc-billing-0] gc pause 48ms, heap 467MB
2026-02-21T02:40:04.565Z [svc-notify-4] health check ok
2026-02-21T02:40:04.567Z [svc-gateway-2] closed idle connection after 228s
2026-02-21T02:40:04.567Z [svc-media-0] retrying connection to vault (attempt 1/3)
2026-02-21T02:40:04.567Z [svc-queue-0] processed batch of 497 items
2026-02-21T02:40:04.569Z [svc-auth-1] health check ok
2026-02-21T02:40:04.571Z [svc-cache-3] retrying connection to kafka (attempt 3/3)
2026-02-21T02:40:04.571Z [svc-billing-3] warning: slow query took 1575ms
2026-02-21T02:40:04.571Z [svc-media-3] retrying connection to kafka (attempt 1/3)
2026-02-21T02:40:04.572Z [svc-cache-3] retrying connection to kafka (attempt 2/3)
2026-02-21T02:40:04.572Z [svc-notify-1] warning: slow query took 1386ms
2026-02-21T02:40:04.575Z [svc-billing-4] closed idle connection after 280s
2026-02-21T02:40:04.575Z [svc-gateway-0] retrying connection to redis (attempt 1/3)
2026-02-21T02:40:04.581Z [pytest-xdist] gw4 test_auth.py::test_authorize_shipment PASSED in 193ms trace=4f50ec76-ce89-5be1-6bcf-6cec99f43693
2026-02-21T02:40:04.581Z [svc-notify-0] warning: slow query took 1327ms
2026-02-21T02:40:04.584Z [pytest-xdist] gw0 test_queue.py::test_expire_template PASSED in 34ms trace=28d0a066-091c-0758-d2a9-5fe1e51f99b2
2026-02-21T02:40:04.584Z [svc-search-3] processed batch of 497 items
2026-02-21T02:40:04.584Z [svc-sched-2] warning: slow query took 420ms
2026-02-21T02:40:04.585Z [svc-auth-0] closed idle connection after 229s
2026-02-21T02:40:04.585Z [svc-auth-0] gc pause 18ms, heap 757MB
2026-02-21T02:40:04.588Z [pytest-xdist] gw5 test_search.py::test_authorize_region PASSED in 233ms trace=13176ebf-64cb-5858-f5f5-6300cd95e01c
2026-02-21T02:40:04.588Z [svc-queue-2] processed batch of 219 items
2026-02-21T02:40:04.589Z [svc-notify-1] cache hit rate 92%
2026-02-21T02:40:04.594Z [svc-gateway-0] health check ok
2026-02-21T02:40:04.595Z [svc-db-3] gc pause 45ms, heap 466MB
2026-02-21T02:40:04.596Z [svc-db-4] warning: slow query took 2002ms
2026-02-21T02:40:04.597Z [svc-search-2] processed batch of 213 items
2026-02-21T02:40:04.597Z [svc-gateway-2] gc pause 36ms, heap 753MB
2026-02-21T02:40:04.597Z [svc-gateway-3] cache hit rate 90%
2026-02-21T02:40:04.599Z [svc-cache-0] cache hit rate 92%
2026-02-21T02:40:04.601Z [svc-cache-0] connected to upstream in 66ms
2026-02-21T02:40:04.601Z [svc-queue-3] gc pause 58ms, heap 941MB
2026-02-21T02:40:04.602Z [svc-cache-2] retrying connection to redis (attempt 2/3)
2026-02-21T02:40:04.602Z [svc-media-3] gc pause 68ms, heap 612MB
2026-02-21T02:40:04.603Z [svc-sched-4] warning: slow query took 1955ms
2026-02-21T02:40:04.604Z [svc-auth-2] warning: slow query took 2193ms
2026-02-21T02:40:04.605Z [svc-cache-3] processed batch of 341 items
2026-02-21T02:40:04.607Z [pytest-xdist] gw1 test_queue.py::test_authorize_query PASSED in 149ms trace=ad9d54af-7a7d-1710-0c56-2217248eb294
2026-02-21T02:40:04.607Z [svc-db-2] health check ok
2026-02-21T02:40:04.607Z [svc-gateway-4] gc pause 44ms, heap 899MB
2026-02-21T02:40:04.607Z [svc-sched-2] processed batch of 467 items
2026-02-21T02:40:04.608Z [svc-queue-3] connected to upstream in 56ms
2026-02-21T02:40:04.609Z [svc-media-2] processed batch of 367 items
2026-02-21T02:40:04.610Z [svc-notify-1] cache hit rate 95%
2026-02-21T02:40:04.610Z [svc-sched-2] retrying connection to redis (attempt 2/3)
2026-02-21T02:40:04.611Z [svc-db-0] processed batch of 120 items
2026-02-21T02:40:04.612Z [svc-db-1] closed idle connection after 67s
2026-02-21T02:40:04.614Z [svc-media-2] retrying connection to redis (attempt 3/3)
2026-02-21T02:40:04.615Z [pytest-xdist] gw1 test_users.py::test_sync_subscription PASSED in 139ms trace=b6ea8a27-69ea-c8b1-ac80-d165afc2eb59
2026-02-21T02:40:04.617Z [svc-gateway-2] connected to upstream in 81ms
2026-02-21T02:40:04.618Z [svc-cache-2] warning: slow query took 997ms
2026-02-21T02:40:04.618Z [svc-notify-0] gc pause 124ms, heap 505MB
2026-02-21T02:40:04.618Z [svc-notify-1] cache hit rate 85%
2026-02-21T02:40:04.618Z [svc-queue-1] closed idle connection after 31s
2026-02-21T02:40:04.619Z [pytest-xdist] gw5 test_gateway.py::test_notify_attachment PASSED in 204ms trace=0b936d6b-16c7-30a2-4050-4e19dd38e1d0
2026-02-21T02:40:04.620Z [svc-db-2] gc pause 22ms, heap 973MB
2026-02-21T02:40:04.621Z [svc-search-4] connected to upstream in 21ms
2026-02-21T02:40:04.625Z [svc-media-4] retrying connection to s3 (attempt 2/3)
2026-02-21T02:40:04.627Z [svc-cache-4] gc pause 14ms, heap 913MB
2026-02-21T02:40:04.629Z [svc-cache-1] cache hit rate 92%
2026-02-21T02:40:04.629Z [svc-cache-2] gc pause 81ms, heap 527MB
2026-02-21T02:40:04.629Z [svc-search-1] cache hit rate 85%
2026-02-21T02:40:04.631Z [svc-notify-0] retrying connection to postgres (attempt 1/3)
2026-02-21T02:40:04.634Z [pytest-xdist] gw3 test_queue.py::test_retry_invoice PASSED in 50ms trace=4438c7d5-9654-e9e9-4ea5-87c3473b7322
2026-02-21T02:40:04.636Z [svc-billing-3] retrying connection to elasticsearch (attempt 2/3)
2026-02-21T02:40:04.636Z [svc-search-1] retrying connection to redis (attempt 3/3)
2026-02-21T02:40:04.636Z [svc-sched-3] health check ok
2026-02-21T02:40:04.638Z [svc-db-4] connected to upstream in 61ms
2026-02-21T02:40:04.641Z [svc-auth-2] processed batch of 306 items
2026-02-21T02:40:04.642Z [svc-notify-3] health check ok
2026-02-21T02:40:04.643Z [svc-search-3] gc pause 40ms, heap 525MB
2026-02-21T02:40:04.643Z [svc-media-1] gc pause 112ms, heap 773MB
2026-02-21T02:40:04.644Z [pytest-xdist] gw2 test_users.py::test_render_region PASSED in 196ms trace=ec8ab85c-c3e7-f69f-3b39-8c0aeb22b64c
2026-02-21T02:40:04.644Z [svc-media-0] warning: slow query took 1898ms
2026-02-21T02:40:04.644Z [svc-queue-1] closed idle connection after 295s
2026-02-21T02:40:04.649Z [svc-auth-1] processed batch of 247 items
2026-02-21T02:40:04.650Z [svc-notify-1] warning: slow query took 652ms
2026-02-21T02:40:04.653Z [svc-search-3] warning: slow query took 634ms
2026-02-21T02:40:04.654Z [svc-auth-0] connected to upstream in 40ms
2026-02-21T02:40:04.655Z [svc-media-1] health check ok
2026-02-21T02:40:04.655Z [svc-sched-1] retrying connection to postgres (attempt 2/3)
2026-02-21T02:40:04.657Z [pytest-xdist] gw4 test_users.py::test_update_session PASSED in 185ms trace=14addf3c-45c4-4809-d524-a38cf840f5f4
2026-02-21T02:40:04.657Z [svc-notify-0] gc pause 109ms, heap 524MB
2026-02-21T02:40:04.657Z [svc-queue-2] processed batch of 33 items
2026-02-21T02:40:04.659Z [svc-queue-0] gc pause 8ms, heap 231MB
2026-02-21T02:40:04.660Z [svc-sched-2] cache hit rate 90%
2026-02-21T02:40:04.661Z [svc-billing-4] warning: slow query took 213ms
2026-02-21T02:40:04.663Z [svc-db-1] cache hit rate 90%
2026-02-21T02:40:04.664Z [svc-billing-3] closed idle connection after 42s
2026-02-21T02:40:04.664Z [svc-sched-2] closed idle connection after 251s
2026-02-21T02:40:04.666Z [svc-auth-4] gc pause 101ms, heap 220MB
2026-02-21T02:40:04.667Z [pytest-xdist] gw2 test_sched.py::test_list_webhook PASSED in 37ms trace=4b7192ca-e551-c3f3-9249-86a2a78c7fb4
2026-02-21T02:40:04.668Z [svc-auth-1] closed idle connection after 175s
2026-02-21T02:40:04.668Z [svc-auth-4] closed idle connection after 186s
2026-02-21T02:40:04.668Z [svc-queue-3] connected to upstream in 49ms
2026-02-21T02:40:04.669Z [svc-queue-1] gc pause 123ms, heap 379MB
2026-02-21T02:40:04.672Z [svc-notify-3] cache hit rate 90%
2026-02-21T02:40:04.672Z [svc-notify-3] retrying connection to s3 (attempt 1/3)
2026-02-21T02:40:04.673Z [svc-billing-2] retrying connection to s3 (attempt 3/3)
2026-02-21T02:40:04.673Z [svc-billing-4] cache hit rate 92%
2026-02-21T02:40:04.675Z [pytest-xdist] gw5 test_notify.py::test_retry_quota PASSED in 131ms trace=50c258e0-a8bf-da1e-43bc-87f658a1a052
2026-02-21T02:40:04.677Z [svc-media-1] retrying connection to postgres (attempt 2/3)
2026-02-21T02:40:04.678Z [pytest-xdist] gw3 test_queue.py::test_reconcile_region PASSED in 193ms trace=b29f00f0-9779-21f3-7e0c-577756c176a7
2026-02-21T02:40:04.679Z [svc-search-4] processed batch of 207 items
2026-02-21T02:40:04.679Z [svc-media-1] processed batch of 485 items
2026-02-21T02:40:04.680Z [svc-queue-2] retrying connection to redis (attempt 1/3)
2026-02-21T02:40:04.681Z [pytest-xdist] gw0 test_gateway.py::test_delete_shipment PASSED in 144ms trace=5e0e0c9c-276e-1539-d1b6-ed23809960a8
2026-02-21T02:40:04.681Z [svc-db-0] connected to upstream in 64ms
2026-02-21T02:40:04.683Z [svc-queue-3] health check ok
2026-02-21T02:40:04.684Z [svc-notify-0] cache hit rate 95%
2026-02-21T02:40:04.685Z [svc-sched-3] closed idle connection after 327s
2026-02-21T02:40:04.687Z [svc-gateway-4] retrying connection to vault (attempt 1/3)
2026-02-21T02:40:04.690Z [svc-notify-1] cache hit rate 85%
2026-02-21T02:40:04.691Z [svc-media-3] connected to upstream in 45ms
2026-02-21T02:40:04.692Z [svc-media-4] warning: slow query took 327ms
2026-02-21T02:40:04.692Z [svc-sched-4] closed idle connection after 60s
2026-02-21T02:40:04.694Z [svc-cache-0] retrying connection to vault (attempt 1/3)
2026-02-21T02:40:04.695Z [svc-notify-0] health check ok
2026-02-21T02:40:04.696Z [svc-cache-1] gc pause 9ms, heap 155MB
2026-02-21T02:40:04.696Z [svc-media-1] warning: slow query took 1230ms
2026-02-21T02:40:04.697Z [svc-auth-4] warning: slow query took 239ms
2026-02-21T02:40:04.697Z [svc-cache-4] cache hit rate 90%
2026-02-21T02:40:04.697Z [svc-gateway-0] warning: slow query took 1094ms
2026-02-21T02:40:04.698Z [svc-media-1] processed batch of 480 items
2026-02-21T02:40:04.700Z [svc-billing-2] closed idle connection after 177s
2026-02-21T02:40:04.700Z [svc-gateway-2] health check ok
2026-02-21T02:40:04.702Z [svc-gateway-3] closed idle connection after 164s
2026-02-21T02:40:04.703Z [pytest-xdist] gw3 test_sched.py::test_retry_template PASSED in 130ms trace=bdc7ef03-3651-cfac-0d76-9449742857be
2026-02-21T02:40:04.703Z [svc-media-1] retrying connection to postgres (attempt 2/3)
2026-02-21T02:40:04.705Z [svc-billing-0] health check ok
2026-02-21T02:40:04.706Z [svc-auth-2] retrying connection to postgres (attempt 2/3)
2026-02-21T02:40:04.706Z [svc-search-1] warning: slow query took 754ms
2026-02-21T02:40:04.707Z [svc-db-4] cache hit rate 85%
2026-02-21T02:40:04.707Z [svc-media-2] closed idle connection after 111s
2026-02-21T02:40:04.711Z [svc-media-3] gc pause 92ms, heap 647MB
2026-02-21T02:40:04.713Z [svc-billing-1] connected to upstream in 84ms
2026-02-21T02:40:04.713Z [svc-queue-2] health check ok
2026-02-21T02:40:04.716Z [svc-auth-0] retrying connection to elasticsearch (attempt 3/3)
2026-02-21T02:40:04.718Z [svc-billing-4] retrying connection to vault (attempt 3/3)
2026-02-21T02:40:04.719Z [pytest-xdist] gw5 test_notify.py::test_cache_quota PASSED in 162ms trace=bbce18b4-b3b3-ddeb-ba34-c3e590c124cd
2026-02-21T02:40:04.719Z [svc-billing-2] warning: slow query took 989ms
2026-02-21T02:40:04.719Z [svc-queue-0] processed batch of 479 items
2026-02-21T02:40:04.720Z [svc-cache-2] connected to upstream in 16ms
2026-02-21T02:40:04.720Z [svc-billing-4] processed batch of 142 items
2026-02-21T02:40:04.721Z [svc-auth-4] retrying connection to kafka (attempt 2/3)
2026-02-21T02:40:04.726Z [svc-auth-1] health check ok
2026-02-21T02:40:04.729Z [svc-sched-2] retrying connection to redis (attempt 1/3)
2026-02-21T02:40:04.730Z [svc-search-1] processed batch of 387 items
2026-02-21T02:40:04.730Z [svc-search-3] connected to upstream in 12ms
2026-02-21T02:40:04.731Z [svc-notify-1] cache hit rate 88%
2026-02-21T02:40:04.735Z [pytest-xdist] gw3 test_users.py::test_list_coupon PASSED in 178ms trace=4261871d-f6bf-fce4-353b-4b2e9f65c2ed
2026-02-21T02:40:04.735Z [svc-auth-3] connected to upstream in 55ms
2026-02-21T02:40:04.735Z [svc-db-0] warning: slow query took 1359ms
2026-02-21T02:40:04.735Z [svc-notify-1] retrying connection to redis (attempt 1/3)
2026-02-21T02:40:04.736Z [svc-media-2] gc pause 107ms, heap 345MB
2026-02-21T02:40:04.738Z [svc-notify-4] cache hit rate 90%
2026-02-21T02:40:04.738Z [svc-queue-1] health check ok
2026-02-21T02:40:04.744Z [pytest-xdist] gw3 test_notify.py::test_validate_user PASSED in 152ms trace=f4f13bfe-46a1-e341-9c18-ecade70e8e1a
2026-02-21T02:40:04.744Z [svc-notify-3] gc pause 16ms, heap 693MB
2026-02-21T02:40:04.745Z [svc-billing-4] connected to upstream in 22ms
2026-02-21T02:40:04.746Z [svc-billing-4] cache hit rate 92%
2026-02-21T02:40:04.746Z [svc-search-4] gc pause 122ms, heap 378MB
2026-02-21T02:40:04.746Z [svc-notify-4] retrying connection to elasticsearch (attempt 3/3)
2026-02-21T02:40:04.746Z [svc-media-0] retrying connection to vault (attempt 3/3)
2026-02-21T02:40:04.747Z [svc-search-1] retrying connection to redis (attempt 3/3)
2026-02-21T02:40:04.749Z [svc-gateway-3] health check ok
2026-02-21T02:40:04.751Z [svc-db-1] gc pause 68ms, heap 347MB
2026-02-21T02:40:04.751Z [svc-gateway-4] closed idle connection after 207s
2026-02-21T02:40:04.752Z [svc-cache-2] gc pause 116ms, heap 931MB
2026-02-21T02:40:04.753Z [svc-notify-0] cache hit rate 88%
2026-02-21T02:40:04.753Z [svc-media-1] retrying connection to postgres (attempt 1/3)
2026-02-21T02:40:04.755Z [svc-cache-1] gc pause 115ms, heap 252MB
2026-02-21T02:40:04.755Z [svc-cache-3] gc pause 70ms, heap 800MB
2026-02-21T02:40:04.756Z [svc-notify-0] closed idle connection after 325s
2026-02-21T02:40:04.756Z [svc-queue-2] warning: slow query took 1802ms
2026-02-21T02:40:04.757Z [svc-cache-2] retrying connection to redis (attempt 3/3)
2026-02-21T02:40:04.757Z [svc-search-4] cache hit rate 88%
2026-02-21T02:40:04.757Z [svc-notify-0] retrying connection to postgres (attempt 2/3)
2026-02-21T02:40:04.758Z [svc-media-0] closed idle connection after 210s
2026-02-21T02:40:04.759Z [svc-billing-3] cache hit rate 85%
2026-02-21T02:40:04.759Z [svc-gateway-4] gc pause 64ms, heap 533MB
2026-02-21T02:40:04.761Z [svc-notify-2] processed batch of 155 items
2026-02-21T02:40:04.763Z [svc-auth-2] cache hit rate 85%
2026-02-21T02:40:04.763Z [svc-search-1] cache hit rate 95%
2026-02-21T02:40:04.764Z [pytest-xdist] gw3 test_export.py::test_cache_template PASSED in 183ms trace=4cca4a98-c3a9-e447-f3ae-33ef26ea143c
2026-02-21T02:40:04.765Z [svc-billing-1] gc pause 100ms, heap 374MB
2026-02-21T02:40:04.766Z [svc-media-1] health check ok
2026-02-21T02:40:04.768Z [svc-gateway-2] processed batch of 143 items
2026-02-21T02:40:04.769Z [svc-media-2] closed idle connection after 174s
2026-02-21T02:40:04.771Z [svc-gateway-1] cache hit rate 85%
2026-02-21T02:40:04.774Z [svc-cache-2] cache hit rate 92%
2026-02-21T02:40:04.774Z [svc-billing-1] connected to upstream in 40ms
2026-02-21T02:40:04.777Z [svc-notify-2] closed idle connection after 236s
2026-02-21T02:40:04.778Z [svc-db-0] closed idle connection after 48s
2026-02-21T02:40:04.779Z [svc-cache-0] retrying connection to vault (attempt 3/3)
2026-02-21T02:40:04.779Z [svc-search-2] cache hit rate 88%
2026-02-21T02:40:04.779Z [svc-media-3] connected to upstream in 41ms
2026-02-21T02:40:04.780Z [svc-cache-2] warning: slow query took 268ms
2026-02-21T02:40:04.780Z [svc-search-4] retrying connection to elasticsearch (attempt 3/3)
2026-02-21T02:40:04.780Z [svc-gateway-0] health check ok
2026-02-21T02:40:04.782Z [svc-db-2] connected to upstream in 12ms
2026-02-21T02:40:04.782Z [svc-gateway-1] gc pause 76ms, heap 192MB
2026-02-21T02:40:04.782Z [svc-sched-2] retrying connection to redis (attempt 1/3)
2026-02-21T02:40:04.783Z [svc-queue-0] retrying connection to vault (attempt 1/3)
2026-02-21T02:40:04.784Z [svc-auth-1] connected to upstream in 80ms
2026-02-21T02:40:04.784Z [svc-auth-1] health check ok
2026-02-21T02:40:04.784Z [svc-search-3] connected to upstream in 39ms
2026-02-21T02:40:04.784Z [svc-notify-1] warning: slow query took 988ms
2026-02-21T02:40:04.785Z [svc-cache-1] closed idle connection after 30s
2026-02-21T02:40:04.785Z [svc-db-1] retrying connection to s3 (attempt 3/3)
2026-02-21T02:40:04.786Z [pytest-xdist] gw1 test_sched.py::test_authorize_refund PASSED in 96ms trace=6354e48e-570a-6774-5f60-3e80e6f08d73
2026-02-21T02:40:04.786Z [svc-media-2] connected to upstream in 84ms
2026-02-21T02:40:04.788Z [svc-db-4] closed idle connection after 104s
2026-02-21T02:40:04.788Z [svc-media-0] health check ok
2026-02-21T02:40:04.791Z [svc-gateway-0] closed idle connection after 61s
2026-02-21T02:40:04.791Z [svc-queue-4] warning: slow query took 204ms
2026-02-21T02:40:04.792Z [svc-auth-1] cache hit rate 95%
2026-02-21T02:40:04.792Z [svc-auth-2] processed batch of 404 items
2026-02-21T02:40:04.792Z [svc-search-0] health check ok
2026-02-21T02:40:04.793Z [svc-gateway-3] gc pause 73ms, heap 326MB
2026-02-21T02:40:04.793Z [svc-sched-3] processed batch of 315 items
2026-02-21T02:40:04.794Z [svc-notify-3] retrying connection to s3 (attempt 2/3)
2026-02-21T02:40:04.794Z [svc-media-1] processed batch of 174 items
2026-02-21T02:40:04.795Z [svc-search-3] connected to upstream in 49ms
2026-02-21T02:40:04.795Z [svc-media-0] cache hit rate 88%
2026-02-21T02:40:04.795Z [svc-sched-3] connected to upstream in 54ms
2026-02-21T02:40:04.796Z [svc-notify-2] retrying connection to kafka (attempt 1/3)
2026-02-21T02:40:04.797Z [svc-auth-4] connected to upstream in 78ms
2026-02-21T02:40:04.797Z [svc-cache-1] connected to upstream in 9ms
2026-02-21T02:40:04.799Z [svc-gateway-3] retrying connection to elasticsearch (attempt 1/3)
2026-02-21T02:40:04.799Z [svc-queue-1] warning: slow query took 1529ms
2026-02-21T02:40:04.800Z [svc-auth-0] retrying connection to elasticsearch (attempt 3/3)
2026-02-21T02:40:04.801Z [pytest-xdist] gw3 test_auth.py::test_cache_subscription PASSED in 73ms trace=abfdb400-7e82-7ef4-bf18-88784168935e
2026-02-21T02:40:04.801Z [svc-gateway-3] processed batch of 46 items
2026-02-21T02:40:04.803Z [svc-auth-1] cache hit rate 85%
2026-02-21T02:40:04.804Z [svc-auth-4] closed idle connection after 292s
2026-02-21T02:40:04.805Z [svc-db-3] warning: slow query took 1158ms
2026-02-21T02:40:04.806Z [pytest-xdist] gw4 test_media.py::test_cache_subscription PASSED in 160ms trace=aafe940b-cf1f-bd59-71cd-14554d8e2e2a
2026-02-21T02:40:04.807Z [svc-billing-4] retrying connection to vault (attempt 2/3)
2026-02-21T02:40:04.811Z [svc-db-2] processed batch of 153 items
2026-02-21T02:40:04.811Z [svc-notify-2] gc pause 32ms, heap 527MB
2026-02-21T02:40:04.811Z [svc-queue-3] cache hit rate 88%
2026-02-21T02:40:04.813Z [svc-media-3] processed batch of 25 items
2026-02-21T02:40:04.814Z [svc-auth-4] connected to upstream in 25ms
2026-02-21T02:40:04.814Z [svc-gateway-4] health check ok
2026-02-21T02:40:04.815Z [svc-billing-2] processed batch of 329 items
2026-02-21T02:40:04.816Z [svc-sched-0] gc pause 5ms, heap 833MB
2026-02-21T02:40:04.817Z [pytest-xdist] gw1 test_orders.py::test_cache_coupon PASSED in 236ms trace=aad28600-9f4e-b605-50d0-af59acd37ae7
2026-02-21T02:40:04.817Z [svc-search-2] gc pause 98ms, heap 797MB
2026-02-21T02:40:04.820Z [svc-notify-3] warning: slow query took 1975ms
2026-02-21T02:40:04.820Z [svc-gateway-0] cache hit rate 92%
2026-02-21T02:40:04.821Z [svc-billing-1] gc pause 106ms, heap 408MB
2026-02-21T02:40:04.822Z [svc-queue-2] warning: slow query took 498ms
2026-02-21T02:40:04.826Z [svc-media-0] warning: slow query took 1262ms
2026-02-21T02:40:04.829Z [svc-cache-2] warning: slow query took 1717ms
2026-02-21T02:40:04.831Z [pytest-xdist] gw1 test_notify.py::test_validate_region PASSED in 211ms trace=dd78efd7-4778-5e51-e203-fd7c992a0ba3
2026-02-21T02:40:04.838Z [svc-cache-3] retrying connection to kafka (attempt 1/3)
2026-02-21T02:40:04.839Z [svc-auth-3] closed idle connection after 163s
2026-02-21T02:40:04.839Z [svc-media-1] processed batch of 434 items
2026-02-21T02:40:04.841Z [svc-cache-1] processed batch of 78 items
2026-02-21T02:40:04.841Z [svc-cache-1] health check ok
2026-02-21T02:40:04.841Z [svc-billing-1] processed batch of 65 items
2026-02-21T02:40:04.842Z [svc-gateway-1] health check ok
2026-02-21T02:40:04.842Z [svc-gateway-3] health check ok
2026-02-21T02:40:04.845Z [svc-media-1] cache hit rate 90%
2026-02-21T02:40:04.845Z [svc-media-4] retrying connection to s3 (attempt 3/3)
2026-02-21T02:40:04.846Z [svc-notify-3] processed batch of 399 items
2026-02-21T02:40:04.847Z [pytest-xdist] gw4 test_export.py::test_list_user PASSED in 103ms trace=6985b794-28f2-0a66-45c1-b6db76cabdfb
2026-02-21T02:40:04.849Z [svc-notify-1] gc pause 98ms, heap 435MB
2026-02-21T02:40:04.850Z [svc-auth-0] connected to upstream in 31ms
2026-02-21T02:40:04.850Z [svc-search-2] warning: slow query took 644ms
2026-02-21T02:40:04.850Z [svc-queue-0] retrying connection to vault (attempt 2/3)
2026-02-21T02:40:04.851Z [svc-media-2] gc pause 7ms, heap 978MB
2026-02-21T02:40:04.854Z [svc-queue-1] processed batch of 48 items
2026-02-21T02:40:04.855Z [svc-db-0] closed idle connection after 153s
2026-02-21T02:40:04.855Z [svc-notify-4] warning: slow query took 214ms
2026-02-21T02:40:04.855Z [svc-queue-1] connected to upstream in 68ms
2026-02-21T02:40:04.856Z [svc-billing-2] warning: slow query took 1198ms
2026-02-21T02:40:04.856Z [svc-media-3] retrying connection to kafka (attempt 2/3)
2026-02-21T02:40:04.856Z [svc-queue-0] cache hit rate 88%
2026-02-21T02:40:04.857Z [pytest-xdist] gw2 test_orders.py::test_render_shipment PASSED in 56ms trace=9cead5d2-c980-6969-31ef-b4ff8dfebfa9
2026-02-21T02:40:04.860Z [svc-queue-4] warning: slow query took 372ms
2026-02-21T02:40:04.861Z [svc-billing-3] gc pause 16ms, heap 216MB
2026-02-21T02:40:04.862Z [svc-search-2] connected to upstream in 29ms
2026-02-21T02:40:04.863Z [svc-auth-4] cache hit rate 90%
2026-02-21T02:40:04.863Z [svc-db-0] health check ok
2026-02-21T02:40:04.868Z [svc-gateway-0] cache hit rate 95%
2026-02-21T02:40:04.869Z [pytest-xdist] gw0 test_gateway.py::test_expire_webhook PASSED in 229ms trace=97a71d38-930a-f739-b309-b87e2d944d5a
2026-02-21T02:40:04.873Z [pytest-xdist] gw4 test_auth.py::test_authorize_template PASSED in 46ms trace=1bb030b8-5c36-a7bf-cd03-7a3fbd2593ba
2026-02-21T02:40:04.873Z [svc-cache-2] cache hit rate 90%
2026-02-21T02:40:04.873Z [svc-media-4] closed idle connection after 263s
2026-02-21T02:40:04.875Z [svc-search-0] retrying connection to postgres (attempt 3/3)
2026-02-21T02:40:04.875Z [svc-notify-4] processed batch of 207 items
2026-02-21T02:40:04.876Z [svc-auth-1] warning: slow query took 1519ms
2026-02-21T02:40:04.876Z [svc-db-3] gc pause 79ms, heap 928MB
2026-02-21T02:40:04.878Z [svc-auth-3] processed batch of 402 items
2026-02-21T02:40:04.879Z [svc-sched-2] retrying connection to redis (attempt 2/3)
2026-02-21T02:40:04.881Z [svc-sched-1] warning: slow query took 1403ms
2026-02-21T02:40:04.884Z [svc-queue-1] processed batch of 103 items
2026-02-21T02:40:04.887Z [svc-search-0] connected to upstream in 47ms
2026-02-21T02:40:04.892Z [pytest-xdist] gw4 test_import.py::test_cache_token PASSED in 192ms trace=cfe415e4-ad3b-883b-f670-a303d5604687
2026-02-21T02:40:04.892Z [svc-billing-4] retrying connection to vault (attempt 3/3)
2026-02-21T02:40:04.895Z [svc-billing-4] gc pause 88ms, heap 389MB
2026-02-21T02:40:04.896Z [svc-billing-0] closed idle connection after 36s
2026-02-21T02:40:04.899Z [svc-auth-2] connected to upstream in 29ms
2026-02-21T02:40:04.900Z [pytest-xdist] gw4 test_export.py::test_paginate_token PASSED in 210ms trace=ae0ff152-cbb9-cb15-e509-d6310fd7b3a1
2026-02-21T02:40:04.900Z [svc-auth-3] health check ok
2026-02-21T02:40:04.903Z [svc-cache-4] cache hit rate 90%
2026-02-21T02:40:04.903Z [svc-billing-3] connected to upstream in 32ms
2026-02-21T02:40:04.904Z [svc-search-4] processed batch of 201 items
2026-02-21T02:40:04.905Z [svc-notify-3] health check ok
2026-02-21T02:40:04.908Z [svc-search-2] health check ok
2026-02-21T02:40:04.909Z [svc-sched-0] retrying connection to vault (attempt 2/3)
2026-02-21T02:40:04.911Z [svc-cache-4] connected to upstream in 46ms
2026-02-21T02:40:04.911Z [svc-gateway-4] retrying connection to vault (attempt 3/3)
2026-02-21T02:40:04.911Z [svc-queue-4] warning: slow query took 1973ms
2026-02-21T02:40:04.912Z [svc-auth-0] retrying connection to elasticsearch (attempt 1/3)
2026-02-21T02:40:04.913Z [pytest-xdist] gw5 test_billing.py::test_render_index PASSED in 176ms trace=13056833-e917-1735-f01c-0a4b4b07e489
2026-02-21T02:40:04.914Z [svc-gateway-0] closed idle connection after 145s
2026-02-21T02:40:04.916Z [svc-cache-2] health check ok
2026-02-21T02:40:04.919Z [svc-billing-4] processed batch of 383 items
2026-02-21T02:40:04.922Z [svc-auth-4] processed batch of 252 items
2026-02-21T02:40:04.923Z [svc-auth-2] retrying connection to postgres (attempt 3/3)
2026-02-21T02:40:04.923Z [svc-cache-4] retrying connection to s3 (attempt 2/3)
2026-02-21T02:40:04.923Z [svc-gateway-1] retrying connection to kafka (attempt 3/3)
2026-02-21T02:40:04.923Z [svc-sched-2] cache hit rate 92%
2026-02-21T02:40:04.924Z [svc-notify-2] warning: slow query took 231ms
2026-02-21T02:40:04.924Z [svc-sched-3] warning: slow query took 1216ms
2026-02-21T02:40:04.925Z [svc-auth-3] retrying connection to redis (attempt 2/3)
2026-02-21T02:40:04.926Z [svc-cache-2] processed batch of 467 items
2026-02-21T02:40:04.926Z [svc-billing-0] warning: slow query took 405ms
2026-02-21T02:40:04.927Z [svc-auth-3] gc pause 87ms, heap 568MB
2026-02-21T02:40:04.927Z [svc-queue-4] cache hit rate 92%
2026-02-21T02:40:04.929Z [pytest-xdist] gw3 test_orders.py::test_reconcile_query PASSED in 104ms trace=27fc7271-ab49-ab20-d64b-c77ab37ddb5a
2026-02-21T02:40:04.931Z [svc-media-0] connected to upstream in 48ms
2026-02-21T02:40:04.932Z [svc-gateway-1] retrying connection to kafka (attempt 1/3)
2026-02-21T02:40:04.933Z [pytest-xdist] gw3 test_webhooks.py::test_create_subscription PASSED in 211ms trace=6e704815-740c-e31b-62d7-f05b1e54847a
2026-02-21T02:40:04.933Z [svc-search-1] closed idle connection after 293s
2026-02-21T02:40:04.935Z [svc-db-4] warning: slow query took 1676ms
2026-02-21T02:40:04.935Z [svc-billing-0] processed batch of 180 items
2026-02-21T02:40:04.935Z [svc-queue-3] health check ok
2026-02-21T02:40:04.938Z [svc-queue-3] connected to upstream in 18ms
2026-02-21T02:40:04.941Z [svc-cache-2] connected to upstream in 51ms
2026-02-21T02:40:04.942Z [pytest-xdist] gw3 test_sched.py::test_validate_attachment PASSED in 137ms trace=e7d4a665-f473-6f61-81d9-ea5b1eb8cd06
2026-02-21T02:40:04.942Z [svc-billing-4] health check ok
2026-02-21T02:40:04.943Z [svc-media-2] closed idle connection after 167s
2026-02-21T02:40:04.944Z [svc-queue-0] connected to upstream in 51ms
2026-02-21T02:40:04.946Z [svc-media-3] health check ok
2026-02-21T02:40:04.947Z [svc-billing-2] gc pause 10ms, heap 625MB
2026-02-21T02:40:04.948Z [svc-notify-4] health check ok
2026-02-21T02:40:04.949Z [svc-billing-4] closed idle connection after 35s
2026-02-21T02:40:04.952Z [svc-search-2] retrying connection to kafka (attempt 1/3)
2026-02-21T02:40:04.952Z [svc-queue-0] closed idle connection after 315s
2026-02-21T02:40:04.953Z [svc-auth-3] retrying connection to redis (attempt 1/3)
2026-02-21T02:40:04.960Z [pytest-xdist] gw3 test_gateway.py::test_sync_user PASSED in 188ms trace=b5bcb0c2-3203-bf83-84fa-bb57f72c31cf
2026-02-21T02:40:04.960Z [svc-auth-1] retrying connection to vault (attempt 3/3)
2026-02-21T02:40:04.962Z [svc-notify-2] warning: slow query took 1400ms
2026-02-21T02:40:04.962Z [svc-queue-0] gc pause 12ms, heap 441MB
2026-02-21T02:40:04.963Z [svc-notify-3] connected to upstream in 42ms
2026-02-21T02:40:04.964Z [svc-queue-1] health check ok
2026-02-21T02:40:04.967Z [svc-billing-3] processed batch of 83 items
2026-02-21T02:40:04.971Z [svc-sched-4] cache hit rate 85%
2026-02-21T02:40:04.972Z [svc-queue-1] closed idle connection after 248s
2026-02-21T02:40:04.972Z [svc-sched-3] connected to upstream in 52ms
2026-02-21T02:40:04.973Z [svc-sched-3] cache hit rate 90%
2026-02-21T02:40:04.974Z [svc-cache-1] warning: slow query took 1510ms
2026-02-21T02:40:04.974Z [svc-gateway-1] health check ok
2026-02-21T02:40:04.976Z [svc-media-0] closed idle connection after 150s
2026-02-21T02:40:04.977Z [svc-auth-2] closed idle connection after 256s
2026-02-21T02:40:04.978Z [pytest-xdist] gw5 test_search.py::test_parse_region PASSED in 137ms trace=134eebd8-93a1-87cc-321c-12d9e18ba680
2026-02-21T02:40:04.980Z [svc-billing-3] warning: slow query took 1857ms
2026-02-21T02:40:04.980Z [svc-search-0] processed batch of 131 items
2026-02-21T02:40:04.980Z [svc-queue-2] cache hit rate 95%
2026-02-21T02:40:04.982Z [svc-gateway-3] closed idle connection after 134s
2026-02-21T02:40:04.982Z [svc-media-3] warning: slow query took 1430ms
2026-02-21T02:40:04.983Z [svc-sched-3] retrying connection to kafka (attempt 1/3)
2026-02-21T02:40:04.984Z [pytest-xdist] gw4 test_queue.py::test_create_query PASSED in 234ms trace=a0530c47-87e9-ad1f-24f7-d7a029ceeba1
2026-02-21T02:40:04.985Z [svc-media-0] warning: slow query took 1475ms
2026-02-21T02:40:04.986Z [svc-media-3] warning: slow query took 1342ms
2026-02-21T02:40:04.987Z [svc-db-0] connected to upstream in 22ms
2026-02-21T02:40:04.989Z [svc-search-2] health check ok
2026-02-21T02:40:04.989Z [svc-notify-0] cache hit rate 88%
2026-02-21T02:40:04.989Z [svc-notify-1] connected to upstream in 74ms
2026-02-21T02:40:04.989Z [svc-notify-4] processed batch of 470 items
2026-02-21T02:40:04.990Z [svc-gateway-0] cache hit rate 85%
2026-02-21T02:40:04.991Z [svc-db-4] retrying connection to postgres (attempt 2/3)
2026-02-21T02:40:04.991Z [svc-notify-1] closed idle connection after 270s
2026-02-21T02:40:04.994Z [pytest-xdist] gw4 test_import.py::test_update_shipment PASSED in 158ms trace=df410840-25f0-00da-c31e-e97897561372
2026-02-21T02:40:04.996Z [svc-cache-1] processed batch of 459 items
2026-02-21T02:40:04.997Z [svc-auth-3] warning: slow query took 1623ms
2026-02-21T02:40:04.997Z [svc-gateway-0] retrying connection to redis (attempt 1/3)
2026-02-21T02:40:04.998Z [svc-search-3] warning: slow query took 231ms
2026-02-21T02:40:05.002Z [svc-cache-4] retrying connection to s3 (attempt 2/3)
2026-02-21T02:40:05.002Z [svc-sched-2] gc pause 57ms, heap 762MB
2026-02-21T02:40:05.003Z [svc-gateway-4] processed batch of 296 items
2026-02-21T02:40:05.004Z [svc-notify-0] health check ok
2026-02-21T02:40:05.004Z [svc-gateway-4] health check ok
2026-02-21T02:40:05.005Z [svc-billing-3] retrying connection to elasticsearch (attempt 2/3)
2026-02-21T02:40:05.006Z [svc-search-3] connected to upstream in 26ms
2026-02-21T02:40:05.007Z [svc-media-3] connected to upstream in 58ms
2026-02-21T02:40:05.008Z [svc-sched-4] warning: slow query took 1606ms
2026-02-21T02:40:05.010Z [svc-media-4] health check ok
2026-02-21T02:40:05.010Z [svc-queue-0] processed batch of 165 items
2026-02-21T02:40:05.011Z [pytest-xdist] gw4 test_export.py::test_list_index PASSED in 168ms trace=6a09f977-988f-ba50-c938-46e5423fed56
2026-02-21T02:40:05.011Z [svc-gateway-2] connected to upstream in 26ms
2026-02-21T02:40:05.013Z [svc-notify-3] connected to upstream in 27ms
2026-02-21T02:40:05.014Z [svc-auth-2] cache hit rate 90%
2026-02-21T02:40:05.014Z [svc-search-1] connected to upstream in 78ms
2026-02-21T02:40:05.015Z [svc-db-3] cache hit rate 92%
2026-02-21T02:40:05.018Z [svc-queue-3] closed idle connection after 101s
2026-02-21T02:40:05.018Z [svc-sched-2] health check ok
2026-02-21T02:40:05.019Z [svc-billing-0] closed idle connection after 206s
2026-02-21T02:40:05.020Z [pytest-xdist] gw4 test_webhooks.py::test_expire_coupon PASSED in 8ms trace=e4ffdace-5ef4-7cb7-689c-70a4c797412b
2026-02-21T02:40:05.020Z [svc-auth-1] warning: slow query took 438ms
2026-02-21T02:40:05.020Z [svc-cache-3] processed batch of 482 items
2026-02-21T02:40:05.020Z [svc-gateway-2] retrying connection to s3 (attempt 3/3)
2026-02-21T02:40:05.021Z [svc-auth-3] cache hit rate 85%
2026-02-21T02:40:05.021Z [svc-queue-2] retrying connection to redis (attempt 1/3)
2026-02-21T02:40:05.022Z [svc-search-2] cache hit rate 95%
2026-02-21T02:40:05.024Z [svc-auth-1] health check ok
2026-02-21T02:40:05.024Z [svc-media-1] retrying connection to postgres (attempt 2/3)
2026-02-21T02:40:05.025Z [svc-notify-1] closed idle connection after 288s
2026-02-21T02:40:05.029Z [svc-cache-2] cache hit rate 88%
2026-02-21T02:40:05.031Z [pytest-xdist] gw3 test_webhooks.py::test_parse_index PASSED in 149ms trace=0fe20813-cd78-85ab-efec-3d44e52a4204
2026-02-21T02:40:05.031Z [svc-notify-0] retrying connection to postgres (attempt 3/3)
2026-02-21T02:40:05.034Z [svc-queue-3] closed idle connection after 237s
2026-02-21T02:40:05.035Z [svc-db-1] closed idle connection after 158s
2026-02-21T02:40:05.036Z [svc-search-4] health check ok
2026-02-21T02:40:05.040Z [svc-sched-3] processed batch of 96 items
2026-02-21T02:40:05.041Z [svc-cache-3] warning: slow query took 467ms
2026-02-21T02:40:05.042Z [svc-cache-2] connected to upstream in 27ms
2026-02-21T02:40:05.044Z [pytest-xdist] gw3 test_reports.py::test_render_template PASSED in 172ms trace=c52d9ed0-23d9-ce2b-80e2-cbbb33a5050b
2026-02-21T02:40:05.044Z [svc-billing-2] cache hit rate 85%
2026-02-21T02:40:05.044Z [svc-gateway-3] cache hit rate 90%
2026-02-21T02:40:05.045Z [svc-gateway-1] health check ok
2026-02-21T02:40:05.046Z [svc-auth-1] warning: slow query took 1054ms
2026-02-21T02:40:05.046Z [svc-sched-1] retrying connection to postgres (attempt 1/3)
2026-02-21T02:40:05.047Z [svc-cache-2] retrying connection to redis (attempt 2/3)
2026-02-21T02:40:05.047Z [svc-search-3] gc pause 123ms, heap 168MB
2026-02-21T02:40:05.048Z [svc-media-2] closed idle connection after 217s
2026-02-21T02:40:05.049Z [svc-notify-1] cache hit rate 95%
2026-02-21T02:40:05.053Z [svc-db-0] gc pause 63ms, heap 436MB
2026-02-21T02:40:05.053Z [svc-billing-3] health check ok
2026-02-21T02:40:05.053Z [svc-media-0] cache hit rate 88%
2026-02-21T02:40:05.054Z [svc-cache-1] gc pause 110ms, heap 386MB
2026-02-21T02:40:05.061Z [svc-billing-0] health check ok
2026-02-21T02:40:05.061Z [svc-gateway-3] processed batch of 381 items
2026-02-21T02:40:05.063Z [pytest-xdist] gw3 test_media.py::test_authorize_subscription PASSED in 57ms trace=2e612d00-253c-0c62-b283-248e619d14aa
2026-02-21T02:40:05.065Z [svc-gateway-1] closed idle connection after 78s
2026-02-21T02:40:05.067Z [svc-notify-1] cache hit rate 90%
2026-02-21T02:40:05.069Z [svc-queue-0] warning: slow query took 1315ms
2026-02-21T02:40:05.070Z [pytest-xdist] gw5 test_search.py::test_parse_token PASSED in 146ms trace=84196d15-bc67-24c9-2d99-87d1953fd53f
2026-02-21T02:40:05.073Z [svc-sched-2] warning: slow query took 651ms
2026-02-21T02:40:05.075Z [svc-notify-0] health check ok
2026-02-21T02:40:05.077Z [svc-sched-4] processed batch of 407 items
2026-02-21T02:40:05.079Z [svc-billing-0] health check ok
2026-02-21T02:40:05.080Z [svc-db-3] closed idle connection after 242s
2026-02-21T02:40:05.081Z [svc-gateway-2] connected to upstream in 58ms
2026-02-21T02:40:05.083Z [svc-cache-1] cache hit rate 90%
2026-02-21T02:40:05.084Z [svc-gateway-1] retrying connection to kafka (attempt 1/3)
2026-02-21T02:40:05.084Z [svc-media-3] cache hit rate 92%
2026-02-21T02:40:05.087Z [pytest-xdist] gw1 test_webhooks.py::test_notify_session PASSED in 103ms trace=43e103f3-8ca9-0322-ea45-184156e7b5a8
2026-02-21T02:40:05.087Z [svc-notify-2] closed idle connection after 242s
2026-02-21T02:40:05.087Z [svc-sched-1] warning: slow query took 2076ms
2026-02-21T02:40:05.088Z [svc-db-2] warning: slow query took 301ms
2026-02-21T02:40:05.089Z [svc-cache-2] cache hit rate 90%
2026-02-21T02:40:05.089Z [svc-gateway-0] closed idle connection after 167s
2026-02-21T02:40:05.093Z [pytest-xdist] gw4 test_queue.py::test_validate_subscription PASSED in 117ms trace=b0327122-b6e1-4a67-3330-d188e1b958ce
2026-02-21T02:40:05.094Z [svc-queue-1] closed idle connection after 89s
2026-02-21T02:40:05.096Z [pytest-xdist] gw4 test_notify.py::test_delete_attachment PASSED in 217ms trace=ec8f861b-464e-f262-b360-6fcc4b3936ef
2026-02-21T02:40:05.098Z [svc-db-1] retrying connection to s3 (attempt 3/3)
2026-02-21T02:40:05.099Z [svc-media-1] connected to upstream in 46ms
2026-02-21T02:40:05.099Z [svc-sched-1] retrying connection to postgres (attempt 1/3)
2026-02-21T02:40:05.100Z [pytest-xdist] gw4 test_orders.py::test_validate_invoice PASSED in 64ms trace=15918140-401f-486f-4954-1b20e47e59e0
2026-02-21T02:40:05.102Z [svc-queue-0] retrying connection to vault (attempt 3/3)
2026-02-21T02:40:05.103Z [pytest-xdist] gw0 test_queue.py::test_expire_query PASSED in 87ms trace=fbe8c89d-aca9-b932-5c80-ed294d2c63e1
2026-02-21T02:40:05.103Z [svc-queue-4] cache hit rate 88%
2026-02-21T02:40:05.104Z [svc-media-1] closed idle connection after 219s
2026-02-21T02:40:05.104Z [svc-media-2] connected to upstream in 21ms
2026-02-21T02:40:05.105Z [svc-cache-1] gc pause 17ms, heap 758MB
2026-02-21T02:40:05.106Z [svc-notify-3] gc pause 103ms, heap 126MB
2026-02-21T02:40:05.106Z [svc-queue-0] health check ok
2026-02-21T02:40:05.107Z [svc-notify-0] gc pause 75ms, heap 494MB
2026-02-21T02:40:05.107Z [svc-notify-4] warning: slow query took 2189ms
2026-02-21T02:40:05.107Z [svc-gateway-2] connected to upstream in 76ms
2026-02-21T02:40:05.108Z [svc-notify-0] connected to upstream in 31ms
2026-02-21T02:40:05.108Z [svc-notify-4] connected to upstream in 55ms
2026-02-21T02:40:05.108Z [svc-gateway-2] retrying connection to s3 (attempt 1/3)
2026-02-21T02:40:05.108Z [svc-media-3] connected to upstream in 20ms
2026-02-21T02:40:05.110Z [svc-search-0] connected to upstream in 77ms
2026-02-21T02:40:05.111Z [pytest-xdist] gw4 test_auth.py::test_list_query PASSED in 45ms trace=40d96b2d-1437-18a3-4db5-3be1218c1ed8
2026-02-21T02:40:05.113Z [svc-billing-0] closed idle connection after 206s
2026-02-21T02:40:05.113Z [svc-search-4] retrying connection to elasticsearch (attempt 1/3)
2026-02-21T02:40:05.117Z [svc-db-1] connected to upstream in 21ms
2026-02-21T02:40:05.117Z [svc-notify-3] health check ok
2026-02-21T02:40:05.119Z [svc-cache-1] closed idle connection after 36s
2026-02-21T02:40:05.120Z [svc-cache-1] cache hit rate 88%
2026-02-21T02:40:05.120Z [svc-billing-1] warning: slow query took 1896ms
2026-02-21T02:40:05.121Z [svc-notify-3] cache hit rate 88%
2026-02-21T02:40:05.122Z [svc-db-0] health check ok
2026-02-21T02:40:05.123Z [svc-cache-2] warning: slow query took 1666ms
2026-02-21T02:40:05.124Z [svc-billing-2] health check ok
2026-02-21T02:40:05.125Z [svc-sched-3] cache hit rate 95%
2026-02-21T02:40:05.127Z [svc-sched-2] retrying connection to redis (attempt 2/3)
2026-02-21T02:40:05.128Z [pytest-xdist] gw3 test_search.py::test_delete_shipment PASSED in 185ms trace=39b9c170-1743-1d6d-7796-e8e127b6630f
2026-02-21T02:40:05.129Z [svc-search-1] processed batch of 288 items
2026-02-21T02:40:05.129Z [svc-sched-4] retrying connection to s3 (attempt 2/3)
2026-02-21T02:40:05.130Z [svc-media-1] warning: slow query took 555ms
2026-02-21T02:40:05.131Z [svc-media-4] cache hit rate 85%
2026-02-21T02:40:05.133Z [svc-cache-0] cache hit rate 92%
2026-02-21T02:40:05.135Z [svc-gateway-0] retrying connection to redis (attempt 2/3)
2026-02-21T02:40:05.137Z [svc-sched-3] closed idle connection after 308s
2026-02-21T02:40:05.139Z [svc-gateway-1] retrying connection to kafka (attempt 1/3)
2026-02-21T02:40:05.140Z [svc-auth-4] connected to upstream in 38ms
2026-02-21T02:40:05.142Z [svc-search-4] health check ok
2026-02-21T02:40:05.143Z [svc-media-4] connected to upstream in 29ms
2026-02-21T02:40:05.145Z [pytest-xdist] gw3 test_export.py::test_reconcile_index PASSED in 43ms trace=9d738802-5363-a7f2-641a-f518a3c69dd6
2026-02-21T02:40:05.146Z [svc-queue-0] processed batch of 143 items
2026-02-21T02:40:05.148Z [svc-notify-0] gc pause 94ms, heap 419MB
2026-02-21T02:40:05.149Z [svc-auth-4] retrying connection to kafka (attempt 2/3)
2026-02-21T02:40:05.149Z [svc-gateway-1] cache hit rate 90%
2026-02-21T02:40:05.149Z [svc-media-2] cache hit rate 95%
2026-02-21T02:40:05.150Z [svc-billing-2] health check ok
2026-02-21T02:40:05.150Z [svc-search-0] gc pause 89ms, heap 898MB
2026-02-21T02:40:05.153Z [svc-cache-0] cache hit rate 92%
2026-02-21T02:40:05.153Z [svc-cache-2] warning: slow query took 2156ms
2026-02-21T02:40:05.154Z [svc-cache-1] retrying connection to postgres (attempt 1/3)
2026-02-21T02:40:05.154Z [svc-cache-3] retrying connection to kafka (attempt 1/3)
2026-02-21T02:40:05.157Z [svc-gateway-3] retrying connection to elasticsearch (attempt 2/3)
2026-02-21T02:40:05.158Z [svc-billing-4] retrying connection to vault (attempt 1/3)
2026-02-21T02:40:05.158Z [svc-search-2] closed idle connection after 34s
2026-02-21T02:40:05.162Z [svc-cache-1] retrying connection to postgres (attempt 1/3)
2026-02-21T02:40:05.163Z [svc-db-0] cache hit rate 95%
2026-02-21T02:40:05.164Z [pytest-xdist] gw4 test_search.py::test_create_session PASSED in 58ms trace=e3f92ccf-cd5e-cc18-c5a8-eef2f4683614
2026-02-21T02:40:05.164Z [svc-cache-4] closed idle connection after 232s
2026-02-21T02:40:05.164Z [svc-queue-1] processed batch of 189 items
2026-02-21T02:40:05.165Z [svc-sched-2] connected to upstream in 36ms
2026-02-21T02:40:05.168Z [svc-billing-1] processed batch of 378 items
2026-02-21T02:40:05.171Z [svc-auth-0] closed idle connection after 190s
2026-02-21T02:40:05.173Z [svc-search-3] cache hit rate 92%
2026-02-21T02:40:05.173Z [svc-notify-0] cache hit rate 95%
2026-02-21T02:40:05.174Z [svc-cache-3] processed batch of 18 items
2026-02-21T02:40:05.178Z [svc-queue-0] warning: slow query took 2154ms
2026-02-21T02:40:05.181Z [svc-search-2] health check ok
2026-02-21T02:40:05.182Z [svc-search-1] gc pause 100ms, heap 238MB
2026-02-21T02:40:05.182Z [svc-notify-4] retrying connection to elasticsearch (attempt 2/3)
2026-02-21T02:40:05.183Z [pytest-xdist] gw5 test_webhooks.py::test_authorize_region PASSED in 219ms trace=d8cb44e0-3e85-1753-1740-3f680a5a961c
2026-02-21T02:40:05.184Z [svc-notify-1] processed batch of 123 items
2026-02-21T02:40:05.184Z [svc-gateway-2] connected to upstream in 41ms
2026-02-21T02:40:05.185Z [svc-gateway-3] gc pause 29ms, heap 927MB
2026-02-21T02:40:05.186Z [svc-auth-1] retrying connection to vault (attempt 1/3)
2026-02-21T02:40:05.187Z [svc-auth-0] warning: slow query took 820ms
2026-02-21T02:40:05.187Z [svc-queue-4] retrying connection to s3 (attempt 1/3)
2026-02-21T02:40:05.188Z [svc-search-4] retrying connection to elasticsearch (attempt 3/3)
2026-02-21T02:40:05.188Z [svc-sched-1] warning: slow query took 586ms
2026-02-21T02:40:05.189Z [svc-cache-3] closed idle connection after 93s
2026-02-21T02:40:05.189Z [svc-queue-1] retrying connection to postgres (attempt 3/3)
2026-02-21T02:40:05.189Z [svc-queue-2] health check ok
2026-02-21T02:40:05.190Z [svc-notify-1] connected to upstream in 21ms
2026-02-21T02:40:05.191Z [svc-gateway-0] warning: slow query took 1298ms
2026-02-21T02:40:05.192Z [svc-media-0] cache hit rate 90%
2026-02-21T02:40:05.192Z [svc-sched-4] cache hit rate 90%
2026-02-21T02:40:05.195Z [svc-search-2] health check ok
2026-02-21T02:40:05.196Z [svc-db-3] cache hit rate 90%
2026-02-21T02:40:05.198Z [svc-auth-2] retrying connection to postgres (attempt 2/3)
2026-02-21T02:40:05.198Z [svc-notify-1] retrying connection to redis (attempt 2/3)
2026-02-21T02:40:05.199Z [svc-queue-2] processed batch of 21 items
2026-02-21T02:40:05.200Z [pytest-xdist] gw1 test_queue.py::test_expire_coupon PASSED in 151ms trace=f124cd0a-5373-a8d0-4a1a-906db37fc87e
2026-02-21T02:40:05.202Z [svc-search-0] closed idle connection after 32s
2026-02-21T02:40:05.202Z [svc-media-2] retrying connection to redis (attempt 2/3)
2026-02-21T02:40:05.203Z [svc-search-0] processed batch of 58 items
2026-02-21T02:40:05.204Z [svc-gateway-0] processed batch of 131 items
2026-02-21T02:40:05.205Z [svc-auth-1] closed idle connection after 259s
2026-02-21T02:40:05.205Z [svc-cache-3] cache hit rate 88%
2026-02-21T02:40:05.206Z [svc-cache-4] health check ok
2026-02-21T02:40:05.208Z [svc-auth-3] cache hit rate 85%
2026-02-21T02:40:05.209Z [svc-cache-2] closed idle connection after 64s
2026-02-21T02:40:05.210Z [pytest-xdist] gw4 test_export.py::test_list_quota PASSED in 176ms trace=b1e3c536-66b1-5955-ac8c-a13b49ea8650
2026-02-21T02:40:05.210Z [svc-db-2] warning: slow query took 1407ms
2026-02-21T02:40:05.212Z [svc-media-2] retrying connection to redis (attempt 2/3)
2026-02-21T02:40:05.213Z [svc-db-4] closed idle connection after 117s
2026-02-21T02:40:05.213Z [svc-media-3] warning: slow query took 1522ms
2026-02-21T02:40:05.214Z [svc-cache-2] cache hit rate 88%
2026-02-21T02:40:05.216Z [svc-auth-0] warning: slow query took 692ms
2026-02-21T02:40:05.217Z [svc-search-4] warning: slow query took 1262ms
2026-02-21T02:40:05.217Z [svc-gateway-1] gc pause 102ms, heap 148MB
2026-02-21T02:40:05.217Z [svc-gateway-2] connected to upstream in 24ms
2026-02-21T02:40:05.218Z [svc-db-1] retrying connection to s3 (attempt 2/3)
2026-02-21T02:40:05.221Z [svc-db-0] connected to upstream in 78ms
2026-02-21T02:40:05.221Z [svc-search-1] cache hit rate 92%
2026-02-21T02:40:05.221Z [svc-gateway-2] health check ok
2026-02-21T02:40:05.221Z [svc-queue-0] gc pause 115ms, heap 912MB
2026-02-21T02:40:05.222Z [svc-search-3] retrying connection to s3 (attempt 1/3)
2026-02-21T02:40:05.223Z [svc-db-1] processed batch of 208 items
2026-02-21T02:40:05.223Z [svc-db-2] processed batch of 290 items
2026-02-21T02:40:05.223Z [svc-db-3] retrying connection to vault (attempt 3/3)
2026-02-21T02:40:05.224Z [svc-notify-1] connected to upstream in 58ms
2026-02-21T02:40:05.226Z [svc-auth-0] retrying connection to elasticsearch (attempt 1/3)
2026-02-21T02:40:05.228Z [pytest-xdist] gw3 test_users.py::test_authorize_user SKIPPED (reason: flaky-see-issue-482)
2026-02-21T02:40:05.228Z [svc-notify-0] closed idle connection after 326s
2026-02-21T02:40:05.229Z [svc-auth-1] health check ok
2026-02-21T02:40:05.229Z [svc-gateway-1] closed idle connection after 106s
2026-02-21T02:40:05.234Z [svc-auth-2] connected to upstream in 83ms
2026-02-21T02:40:05.237Z [svc-search-1] gc pause 23ms, heap 552MB
2026-02-21T02:40:05.237Z [svc-media-3] gc pause 6ms, heap 819MB
2026-02-21T02:40:05.238Z [svc-gateway-0] processed batch of 84 items
2026-02-21T02:40:05.238Z [svc-media-1] processed batch of 331 items
2026-02-21T02:40:05.239Z [svc-notify-2] closed idle connection after 132s
2026-02-21T02:40:05.241Z [svc-cache-0] gc pause 47ms, heap 117MB
2026-02-21T02:40:05.242Z [svc-billing-2] retrying connection to s3 (attempt 2/3)
2026-02-21T02:40:05.244Z [svc-media-2] closed idle connection after 298s
2026-02-21T02:40:05.247Z [pytest-xdist] gw3 test_search.py::test_update_shipment PASSED in 249ms trace=e102be56-44cb-c3a0-bcf2-6da06f9b5eb6
2026-02-21T02:40:05.248Z [svc-billing-0] closed idle connection after 285s
2026-02-21T02:40:05.248Z [svc-gateway-3] gc pause 18ms, heap 879MB
2026-02-21T02:40:05.250Z [pytest-xdist] gw5 test_queue.py::test_delete_token PASSED in 6ms trace=68cdd4c7-f49f-2092-e797-784d303174ab
2026-02-21T02:40:05.252Z [svc-db-0] gc pause 25ms, heap 922MB
2026-02-21T02:40:05.252Z [svc-db-2] cache hit rate 92%
2026-02-21T02:40:05.252Z [svc-notify-3] retrying connection to s3 (attempt 1/3)
2026-02-21T02:40:05.252Z [svc-media-2] retrying connection to redis (attempt 1/3)
2026-02-21T02:40:05.254Z [svc-db-3] connected to upstream in 29ms
2026-02-21T02:40:05.254Z [svc-search-2] processed batch of 279 items
2026-02-21T02:40:05.255Z [svc-billing-4] gc pause 33ms, heap 314MB
2026-02-21T02:40:05.256Z [svc-media-0] connected to upstream in 64ms
2026-02-21T02:40:05.257Z [svc-cache-2] closed idle connection after 161s
2026-02-21T02:40:05.257Z [svc-notify-4] warning: slow query took 1289ms
2026-02-21T02:40:05.260Z [svc-db-3] retrying connection to vault (attempt 1/3)
2026-02-21T02:40:05.260Z [svc-billing-1] closed idle connection after 192s
2026-02-21T02:40:05.261Z [svc-auth-3] health check ok
2026-02-21T02:40:05.261Z [svc-notify-3] processed batch of 25 items
2026-02-21T02:40:05.262Z [svc-auth-1] processed batch of 298 items
2026-02-21T02:40:05.263Z [svc-auth-4] processed batch of 35 items
2026-02-21T02:40:05.263Z [svc-db-4] retrying connection to postgres (attempt 1/3)
2026-02-21T02:40:05.264Z [svc-cache-2] connected to upstream in 69ms
2026-02-21T02:40:05.264Z [svc-cache-3] gc pause 79ms, heap 281MB
2026-02-21T02:40:05.265Z [svc-queue-0] retrying connection to vault (attempt 3/3)
2026-02-21T02:40:05.266Z [svc-gateway-2] closed idle connection after 80s
2026-02-21T02:40:05.267Z [svc-auth-1] health check ok
2026-02-21T02:40:05.267Z [svc-gateway-0] gc pause 94ms, heap 464MB
2026-02-21T02:40:05.270Z [svc-notify-2] processed batch of 349 items
2026-02-21T02:40:05.271Z [pytest-xdist] gw1 test_webhooks.py::test_list_quota PASSED in 136ms trace=381b84b8-34db-7116-ff4b-9d629da6993b
2026-02-21T02:40:05.271Z [svc-media-2] processed batch of 435 items
2026-02-21T02:40:05.274Z [svc-auth-4] gc pause 90ms, heap 217MB
2026-02-21T02:40:05.276Z [svc-cache-2] gc pause 9ms, heap 392MB
2026-02-21T02:40:05.278Z [svc-search-4] processed batch of 236 items
2026-02-21T02:40:05.278Z [svc-media-4] retrying connection to s3 (attempt 3/3)
2026-02-21T02:40:05.284Z [svc-billing-4] connected to upstream in 14ms
2026-02-21T02:40:05.286Z [svc-notify-3] cache hit rate 88%
2026-02-21T02:40:05.287Z [pytest-xdist] gw3 test_search.py::test_render_template PASSED in 186ms trace=0ab398dd-0977-32f2-c249-a4c4d41c29e8
2026-02-21T02:40:05.289Z [svc-cache-4] connected to upstream in 55ms
2026-02-21T02:40:05.289Z [svc-media-2] cache hit rate 90%
2026-02-21T02:40:05.290Z [svc-auth-0] cache hit rate 92%
2026-02-21T02:40:05.291Z [svc-search-2] gc pause 7ms, heap 547MB
2026-02-21T02:40:05.291Z [svc-gateway-3] warning: slow query took 365ms
2026-02-21T02:40:05.293Z [svc-gateway-3] health check ok
2026-02-21T02:40:05.294Z [svc-db-3] gc pause 76ms, heap 683MB
2026-02-21T02:40:05.295Z [svc-gateway-4] warning: slow query took 511ms
2026-02-21T02:40:05.297Z [svc-media-2] connected to upstream in 78ms
2026-02-21T02:40:05.299Z [svc-search-2] health check ok
2026-02-21T02:40:05.300Z [svc-media-4] warning: slow query took 379ms
2026-02-21T02:40:05.302Z [svc-auth-4] health check ok
2026-02-21T02:40:05.303Z [svc-billing-0] processed batch of 507 items
2026-02-21T02:40:05.303Z [svc-media-4] cache hit rate 95%
2026-02-21T02:40:05.305Z [svc-cache-3] retrying connection to kafka (attempt 3/3)
2026-02-21T02:40:05.306Z [svc-sched-1] connected to upstream in 41ms
2026-02-21T02:40:05.309Z [pytest-xdist] gw5 test_orders.py::test_expire_token PASSED in 139ms trace=02abe686-6da9-2d37-1b17-b5b83426d129
2026-02-21T02:40:05.309Z [svc-auth-4] processed batch of 470 items
2026-02-21T02:40:05.310Z [svc-db-3] warning: slow query took 2140ms
2026-02-21T02:40:05.310Z [svc-queue-2] warning: slow query took 2008ms
2026-02-21T02:40:05.311Z [svc-queue-4] connected to upstream in 58ms
2026-02-21T02:40:05.312Z [svc-cache-0] warning: slow query took 846ms
2026-02-21T02:40:05.312Z [svc-notify-0] retrying connection to postgres (attempt 1/3)
2026-02-21T02:40:05.313Z [pytest-xdist] gw5 test_users.py::test_retry_token PASSED in 234ms trace=8468989a-59bc-1cbc-499d-34a8c774f5fb
2026-02-21T02:40:05.313Z [svc-gateway-1] cache hit rate 95%
2026-02-21T02:40:05.314Z [svc-cache-0] closed idle connection after 195s
2026-02-21T02:40:05.314Z [svc-db-4] processed batch of 171 items
2026-02-21T02:40:05.319Z [svc-auth-2] cache hit rate 85%
2026-02-21T02:40:05.319Z [svc-gateway-0] warning: slow query took 712ms
2026-02-21T02:40:05.322Z [svc-notify-3] retrying connection to s3 (attempt 2/3)
2026-02-21T02:40:05.323Z [svc-search-3] retrying connection to s3 (attempt 2/3)
2026-02-21T02:40:05.323Z [svc-notify-3] health check ok
2026-02-21T02:40:05.328Z [svc-cache-1] gc pause 25ms, heap 136MB
2026-02-21T02:40:05.330Z [svc-search-2] connected to upstream in 56ms
2026-02-21T02:40:05.332Z [svc-cache-3] warning: slow query took 1806ms
2026-02-21T02:40:05.332Z [svc-media-2] connected to upstream in 80ms
2026-02-21T02:40:05.332Z [svc-queue-3] connected to upstream in 72ms
2026-02-21T02:40:05.333Z [pytest-xdist] gw3 test_search.py::test_cache_token PASSED in 68ms trace=47a554c7-8b4e-3471-84da-f5aea52a0ef4
2026-02-21T02:40:05.333Z [svc-cache-2] retrying connection to redis (attempt 1/3)
2026-02-21T02:40:05.333Z [svc-gateway-2] retrying connection to s3 (attempt 1/3)
2026-02-21T02:40:05.333Z [svc-sched-1] health check ok
2026-02-21T02:40:05.335Z [svc-billing-1] cache hit rate 90%
2026-02-21T02:40:05.337Z [svc-sched-1] health check ok
2026-02-21T02:40:05.339Z [svc-media-4] closed idle connection after 179s
2026-02-21T02:40:05.340Z [svc-queue-1] health check ok
2026-02-21T02:40:05.341Z [svc-media-1] processed batch of 317 items
2026-02-21T02:40:05.342Z [svc-db-2] closed idle connection after 309s
2026-02-21T02:40:05.342Z [svc-notify-3] closed idle connection after 320s
2026-02-21T02:40:05.343Z [svc-db-4] health check ok
2026-02-21T02:40:05.345Z [svc-db-3] closed idle connection after 313s
2026-02-21T02:40:05.348Z [pytest-xdist] gw2 test_billing.py::test_cache_refund PASSED in 48ms trace=947e15d8-63da-06c2-89c4-984357eabf2f
2026-02-21T02:40:05.350Z [svc-cache-0] health check ok
2026-02-21T02:40:05.350Z [svc-gateway-0] connected to upstream in 80ms
2026-02-21T02:40:05.352Z [svc-search-1] cache hit rate 92%
2026-02-21T02:40:05.353Z [svc-gateway-4] retrying connection to vault (attempt 3/3)
2026-02-21T02:40:05.353Z [svc-media-0] cache hit rate 88%
2026-02-21T02:40:05.357Z [svc-billing-0] health check ok
2026-02-21T02:40:05.357Z [svc-search-3] health check ok
2026-02-21T02:40:05.358Z [svc-sched-0] retrying connection to vault (attempt 2/3)
2026-02-21T02:40:05.359Z [svc-notify-0] cache hit rate 92%
2026-02-21T02:40:05.360Z [svc-search-3] warning: slow query took 1702ms
2026-02-21T02:40:05.360Z [svc-gateway-1] connected to upstream in 60ms
2026-02-21T02:40:05.362Z [pytest-xdist] gw3 test_auth.py::test_sync_refund PASSED in 106ms trace=0f2cc0e7-a458-c110-50d6-2a130c7871dd
2026-02-21T02:40:05.366Z [svc-auth-0] closed idle connection after 41s
2026-02-21T02:40:05.366Z [svc-queue-3] health check ok
2026-02-21T02:40:05.367Z [svc-gateway-1] closed idle connection after 252s
2026-02-21T02:40:05.370Z [pytest-xdist] gw1 test_media.py::test_create_coupon PASSED in 109ms trace=7b93e307-8251-5951-1223-76edb8df2588
2026-02-21T02:40:05.370Z [svc-cache-2] retrying connection to redis (attempt 1/3)
2026-02-21T02:40:05.371Z [svc-media-2] processed batch of 203 items
2026-02-21T02:40:05.372Z [svc-gateway-0] health check ok
2026-02-21T02:40:05.373Z [svc-cache-1] gc pause 68ms, heap 129MB
2026-02-21T02:40:05.373Z [svc-sched-0] connected to upstream in 10ms
2026-02-21T02:40:05.374Z [svc-sched-0] connected to upstream in 8ms
2026-02-21T02:40:05.378Z [pytest-xdist] gw3 test_auth.py::test_sync_subscription PASSED in 145ms trace=d0cc4da3-6526-a836-313b-8443e059f31d
2026-02-21T02:40:05.378Z [svc-cache-3] health check ok
2026-02-21T02:40:05.378Z [svc-sched-4] retrying connection to s3 (attempt 3/3)
2026-02-21T02:40:05.381Z [svc-auth-1] retrying connection to vault (attempt 1/3)
2026-02-21T02:40:05.382Z [svc-notify-4] retrying connection to elasticsearch (attempt 1/3)
2026-02-21T02:40:05.382Z [svc-queue-4] retrying connection to s3 (attempt 1/3)
2026-02-21T02:40:05.383Z [svc-gateway-3] cache hit rate 95%
2026-02-21T02:40:05.385Z [svc-db-1] connected to upstream in 35ms
2026-02-21T02:40:05.385Z [svc-gateway-1] connected to upstream in 70ms
2026-02-21T02:40:05.385Z [svc-sched-1] cache hit rate 95%
2026-02-21T02:40:05.386Z [svc-notify-4] processed batch of 374 items
2026-02-21T02:40:05.387Z [svc-cache-3] warning: slow query took 723ms
2026-02-21T02:40:05.388Z [svc-cache-3] warning: slow query took 1330ms
2026-02-21T02:40:05.388Z [svc-gateway-0] connected to upstream in 49ms
2026-02-21T02:40:05.389Z [svc-media-2] retrying connection to redis (attempt 2/3)
2026-02-21T02:40:05.392Z [svc-billing-3] closed idle connection after 42s
2026-02-21T02:40:05.393Z [svc-billing-1] gc pause 11ms, heap 644MB
2026-02-21T02:40:05.393Z [svc-sched-0] closed idle connection after 237s
2026-02-21T02:40:05.394Z [svc-sched-2] processed batch of 378 items
2026-02-21T02:40:05.395Z [svc-media-4] health check ok
2026-02-21T02:40:05.397Z [svc-cache-2] health check ok
2026-02-21T02:40:05.397Z [svc-queue-2] cache hit rate 90%
2026-02-21T02:40:05.400Z [pytest-xdist] gw4 test_payments.py::test_cache_attachment PASSED in 84ms trace=d9b9af57-abf7-7e25-76a0-6e49a6c08760
2026-02-21T02:40:05.400Z [svc-notify-4] closed idle connection after 229s
2026-02-21T02:40:05.400Z [svc-gateway-0] closed idle connection after 302s
2026-02-21T02:40:05.400Z [svc-gateway-4] retrying connection to vault (attempt 2/3)
2026-02-21T02:40:05.401Z [svc-billing-0] retrying connection to redis (attempt 2/3)
2026-02-21T02:40:05.402Z [svc-auth-0] retrying connection to elasticsearch (attempt 1/3)
2026-02-21T02:40:05.403Z [svc-notify-4] connected to upstream in 67ms
2026-02-21T02:40:05.403Z [svc-queue-2] closed idle connection after 171s
2026-02-21T02:40:05.404Z [svc-auth-0] processed batch of 132 items
2026-02-21T02:40:05.404Z [svc-billing-1] warning: slow query took 1447ms
2026-02-21T02:40:05.404Z [svc-notify-4] connected to upstream in 81ms
2026-02-21T02:40:05.405Z [svc-auth-0] retrying connection to elasticsearch (attempt 1/3)
2026-02-21T02:40:05.407Z [svc-sched-4] warning: slow query took 1802ms
2026-02-21T02:40:05.409Z [svc-queue-4] processed batch of 38 items
2026-02-21T02:40:05.412Z [svc-auth-1] gc pause 74ms, heap 746MB
2026-02-21T02:40:05.412Z [svc-sched-1] closed idle connection after 184s
2026-02-21T02:40:05.413Z [svc-queue-1] closed idle connection after 68s
2026-02-21T02:40:05.417Z [svc-auth-3] warning: slow query took 1257ms
2026-02-21T02:40:05.417Z [svc-queue-4] gc pause 45ms, heap 973MB
2026-02-21T02:40:05.418Z [svc-db-1] health check ok
2026-02-21T02:40:05.418Z [svc-db-3] retrying connection to vault (attempt 1/3)
2026-02-21T02:40:05.418Z [svc-gateway-1] warning: slow query took 980ms
2026-02-21T02:40:05.419Z [svc-queue-0] closed idle connection after 202s
2026-02-21T02:40:05.419Z [svc-queue-2] closed idle connection after 133s
2026-02-21T02:40:05.420Z [pytest-xdist] gw3 test_export.py::test_authorize_template PASSED in 102ms trace=91c60a0a-a7eb-5916-65cd-9096109db110
2026-02-21T02:40:05.420Z [svc-db-0] health check ok
2026-02-21T02:40:05.421Z [svc-cache-1] closed idle connection after 320s
2026-02-21T02:40:05.421Z [svc-billing-1] retrying connection to kafka (attempt 1/3)
2026-02-21T02:40:05.421Z [svc-billing-3] closed idle connection after 235s
2026-02-21T02:40:05.422Z [svc-cache-1] retrying connection to postgres (attempt 1/3)
2026-02-21T02:40:05.422Z [svc-queue-1] gc pause 24ms, heap 702MB
2026-02-21T02:40:05.424Z [svc-db-4] gc pause 66ms, heap 104MB
2026-02-21T02:40:05.425Z [svc-queue-1] warning: slow query took 1109ms
2026-02-21T02:40:05.426Z [svc-billing-0] connected to upstream in 70ms
2026-02-21T02:40:05.428Z [svc-search-3] health check ok
2026-02-21T02:40:05.429Z [svc-media-1] cache hit rate 92%
2026-02-21T02:40:05.430Z [svc-auth-2] cache hit rate 88%
2026-02-21T02:40:05.433Z [svc-db-2] closed idle connection after 289s
2026-02-21T02:40:05.433Z [svc-search-2] warning: slow query took 1656ms
2026-02-21T02:40:05.435Z [svc-cache-3] health check ok
2026-02-21T02:40:05.435Z [svc-gateway-4] processed batch of 204 items
2026-02-21T02:40:05.436Z [pytest-xdist] gw0 test_webhooks.py::test_reconcile_invoice PASSED in 101ms trace=aa6bb558-67ae-bdbd-b018-57762310bc5f
2026-02-21T02:40:05.437Z [svc-sched-0] warning: slow query took 2023ms
2026-02-21T02:40:05.441Z [svc-cache-3] cache hit rate 85%
2026-02-21T02:40:05.443Z [pytest-xdist] gw1 test_orders.py::test_list_query PASSED in 230ms trace=b0dbcbd8-3d74-3f7f-ecd0-fc8c3e039fec
2026-02-21T02:40:05.444Z [svc-gateway-4] connected to upstream in 64ms
2026-02-21T02:40:05.445Z [svc-auth-2] health check ok
2026-02-21T02:40:05.448Z [svc-auth-0] closed idle connection after 115s
2026-02-21T02:40:05.449Z [svc-notify-2] connected to upstream in 50ms
2026-02-21T02:40:05.449Z [svc-gateway-2] processed batch of 409 items
2026-02-21T02:40:05.449Z [svc-gateway-4] warning: slow query took 1313ms
2026-02-21T02:40:05.449Z [svc-queue-2] processed batch of 97 items
2026-02-21T02:40:05.449Z [svc-queue-3] warning: slow query took 1194ms
2026-02-21T02:40:05.450Z [svc-media-3] retrying connection to kafka (attempt 3/3)
2026-02-21T02:40:05.453Z [pytest-xdist] gw4 test_auth.py::test_list_index PASSED in 70ms trace=6f9d2213-d680-2663-d22b-a0380928c1db
2026-02-21T02:40:05.453Z [svc-notify-3] connected to upstream in 42ms
2026-02-21T02:40:05.453Z [svc-media-3] closed idle connection after 244s
2026-02-21T02:40:05.455Z [svc-billing-1] retrying connection to kafka (attempt 2/3)
2026-02-21T02:40:05.455Z [svc-notify-3] connected to upstream in 47ms
2026-02-21T02:40:05.456Z [svc-search-3] warning: slow query took 1808ms
2026-02-21T02:40:05.458Z [svc-search-4] processed batch of 21 items
2026-02-21T02:40:05.458Z [svc-notify-3] connected to upstream in 8ms
2026-02-21T02:40:05.461Z [svc-gateway-3] warning: slow query took 1787ms
2026-02-21T02:40:05.462Z [pytest-xdist] gw5 test_search.py::test_delete_webhook PASSED in 192ms trace=81390e58-ac83-d9e1-10cf-f4b219a60692
2026-02-21T02:40:05.464Z [svc-search-0] processed batch of 194 items
2026-02-21T02:40:05.465Z [svc-search-1] connected to upstream in 81ms
2026-02-21T02:40:05.465Z [svc-notify-3] processed batch of 508 items
2026-02-21T02:40:05.467Z [svc-auth-4] connected to upstream in 54ms
2026-02-21T02:40:05.469Z [svc-sched-1] retrying connection to postgres (attempt 2/3)
2026-02-21T02:40:05.471Z [svc-auth-2] retrying connection to postgres (attempt 1/3)
2026-02-21T02:40:05.471Z [svc-cache-1] processed batch of 273 items
2026-02-21T02:40:05.471Z [svc-sched-3] processed batch of 41 items
2026-02-21T02:40:05.476Z [svc-cache-0] gc pause 99ms, heap 466MB
2026-02-21T02:40:05.476Z [svc-notify-3] health check ok
2026-02-21T02:40:05.476Z [svc-sched-1] connected to upstream in 63ms
2026-02-21T02:40:05.477Z [svc-billing-4] cache hit rate 88%
2026-02-21T02:40:05.477Z [svc-notify-4] warning: slow query took 1986ms
2026-02-21T02:40:05.479Z [svc-gateway-1] closed idle connection after 44s
2026-02-21T02:40:05.480Z [svc-queue-1] processed batch of 209 items
2026-02-21T02:40:05.482Z [pytest-xdist] gw5 test_reports.py::test_delete_token PASSED in 234ms trace=68c5b832-8abd-0c43-a241-125d991b19a8
2026-02-21T02:40:05.482Z [svc-notify-3] closed idle connection after 248s
2026-02-21T02:40:05.484Z [svc-gateway-1] health check ok
2026-02-21T02:40:05.485Z [svc-gateway-3] warning: slow query took 380ms
2026-02-21T02:40:05.486Z [svc-gateway-3] gc pause 87ms, heap 252MB
2026-02-21T02:40:05.486Z [svc-queue-1] cache hit rate 92%
2026-02-21T02:40:05.488Z [svc-gateway-2] health check ok
2026-02-21T02:40:05.490Z [svc-cache-1] retrying connection to postgres (attempt 1/3)
2026-02-21T02:40:05.493Z [pytest-xdist] gw3 test_webhooks.py::test_sync_session PASSED in 76ms trace=09a066c6-f92c-591d-1145-2b9c305ee3c9
2026-02-21T02:40:05.493Z [svc-notify-4] cache hit rate 95%
2026-02-21T02:40:05.496Z [svc-db-2] connected to upstream in 78ms
2026-02-21T02:40:05.496Z [svc-billing-2] health check ok
2026-02-21T02:40:05.497Z [svc-search-2] retrying connection to kafka (attempt 1/3)
2026-02-21T02:40:05.498Z [svc-billing-2] health check ok
2026-02-21T02:40:05.500Z [svc-media-0] health check ok
2026-02-21T02:40:05.501Z [svc-media-0] gc pause 44ms, heap 922MB
2026-02-21T02:40:05.501Z [svc-queue-1] health check ok
2026-02-21T02:40:05.502Z [svc-billing-1] retrying connection to kafka (attempt 3/3)
2026-02-21T02:40:05.505Z [svc-notify-0] health check ok
2026-02-21T02:40:05.508Z [svc-db-1] warning: slow query took 1270ms
2026-02-21T02:40:05.508Z [svc-search-3] cache hit rate 88%
2026-02-21T02:40:05.509Z [svc-db-3] warning: slow query took 2145ms
2026-02-21T02:40:05.509Z [svc-queue-4] retrying connection to s3 (attempt 1/3)
2026-02-21T02:40:05.511Z [pytest-xdist] gw4 test_gateway.py::test_render_quota PASSED in 65ms trace=4064c5eb-5b12-f8d0-fd80-7ede49ada913
2026-02-21T02:40:05.511Z [svc-auth-1] gc pause 67ms, heap 205MB
2026-02-21T02:40:05.511Z [svc-billing-0] health check ok
2026-02-21T02:40:05.516Z [svc-billing-0] health check ok
2026-02-21T02:40:05.516Z [svc-billing-1] processed batch of 143 items
2026-02-21T02:40:05.516Z [svc-gateway-3] processed batch of 289 items
2026-02-21T02:40:05.519Z [svc-queue-2] retrying connection to redis (attempt 1/3)
2026-02-21T02:40:05.520Z [pytest-xdist] gw0 test_billing.py::test_sync_user PASSED in 140ms trace=62502dd8-5268-26cf-6ae9-f9007dc241ac
2026-02-21T02:40:05.520Z [svc-queue-3] gc pause 13ms, heap 465MB
2026-02-21T02:40:05.523Z [svc-db-3] warning: slow query took 317ms
2026-02-21T02:40:05.523Z [svc-notify-4] closed idle connection after 149s
2026-02-21T02:40:05.524Z [svc-sched-1] health check ok
2026-02-21T02:40:05.526Z [svc-notify-1] cache hit rate 92%
2026-02-21T02:40:05.530Z [pytest-xdist] gw2 test_notify.py::test_sync_user PASSED in 197ms trace=4432ed7e-7be5-4b9a-6623-e091b64b22e7
2026-02-21T02:40:05.534Z [svc-auth-2] warning: slow query took 410ms
2026-02-21T02:40:05.536Z [svc-db-0] gc pause 16ms, heap 792MB
2026-02-21T02:40:05.537Z [svc-search-3] closed idle connection after 316s
2026-02-21T02:40:05.538Z [svc-auth-3] retrying connection to redis (attempt 1/3)
2026-02-21T02:40:05.538Z [svc-gateway-2] warning: slow query took 1884ms
2026-02-21T02:40:05.538Z [svc-queue-0] retrying connection to vault (attempt 2/3)
2026-02-21T02:40:05.539Z [svc-cache-3] warning: slow query took 357ms
2026-02-21T02:40:05.539Z [svc-queue-1] health check ok
2026-02-21T02:40:05.541Z [svc-media-2] health check ok
2026-02-21T02:40:05.542Z [svc-sched-1] closed idle connection after 95s
2026-02-21T02:40:05.543Z [svc-db-0] cache hit rate 85%
2026-02-21T02:40:05.543Z [svc-gateway-1] health check ok
2026-02-21T02:40:05.543Z [svc-media-3] processed batch of 341 items
2026-02-21T02:40:05.544Z [svc-auth-1] cache hit rate 95%
2026-02-21T02:40:05.547Z [svc-auth-2] connected to upstream in 52ms
2026-02-21T02:40:05.547Z [svc-billing-4] cache hit rate 88%
2026-02-21T02:40:05.548Z [svc-sched-1] cache hit rate 92%
2026-02-21T02:40:05.550Z [pytest-xdist] gw3 test_reports.py::test_notify_index PASSED in 130ms trace=ab386b35-96bc-5e45-d07f-fb5023f0115a
2026-02-21T02:40:05.554Z [svc-auth-1] retrying connection to vault (attempt 2/3)
2026-02-21T02:40:05.555Z [svc-db-4] retrying connection to postgres (attempt 2/3)
2026-02-21T02:40:05.555Z [svc-billing-2] cache hit rate 88%
2026-02-21T02:40:05.555Z [svc-gateway-3] warning: slow query took 342ms
2026-02-21T02:40:05.556Z [svc-media-3] gc pause 105ms, heap 711MB
2026-02-21T02:40:05.557Z [svc-auth-3] cache hit rate 90%
2026-02-21T02:40:05.557Z [svc-search-2] closed idle connection after 255s
2026-02-21T02:40:05.558Z [svc-billing-4] retrying connection to vault (attempt 3/3)
2026-02-21T02:40:05.559Z [svc-queue-3] gc pause 82ms, heap 168MB
2026-02-21T02:40:05.560Z [svc-db-4] cache hit rate 92%
2026-02-21T02:40:05.560Z [svc-search-2] gc pause 118ms, heap 213MB
2026-02-21T02:40:05.560Z [svc-notify-0] health check ok
2026-02-21T02:40:05.560Z [svc-sched-3] connected to upstream in 20ms
2026-02-21T02:40:05.561Z [svc-billing-0] processed batch of 305 items
2026-02-21T02:40:05.563Z [svc-queue-1] health check ok
2026-02-21T02:40:05.564Z [svc-sched-4] retrying connection to s3 (attempt 3/3)
2026-02-21T02:40:05.565Z [pytest-xdist] gw1 test_sched.py::test_notify_quota PASSED in 58ms trace=b8e39c51-df0a-b49b-1267-59840ba99cb4
2026-02-21T02:40:05.566Z [svc-cache-2] cache hit rate 85%
2026-02-21T02:40:05.566Z [svc-queue-0] retrying connection to vault (attempt 3/3)
2026-02-21T02:40:05.567Z [svc-cache-2] retrying connection to redis (attempt 3/3)
2026-02-21T02:40:05.569Z [svc-cache-4] processed batch of 328 items
2026-02-21T02:40:05.569Z [svc-search-1] cache hit rate 88%
2026-02-21T02:40:05.570Z [pytest-xdist] gw2 test_auth.py::test_paginate_refund PASSED in 240ms trace=62d3a36f-1047-06b8-55e5-61d1f1163038
2026-02-21T02:40:05.570Z [svc-db-4] warning: slow query took 237ms
2026-02-21T02:40:05.570Z [svc-notify-1] processed batch of 47 items
2026-02-21T02:40:05.571Z [svc-auth-4] health check ok
2026-02-21T02:40:05.571Z [svc-cache-2] connected to upstream in 21ms
2026-02-21T02:40:05.573Z [pytest-xdist] gw4 test_queue.py::test_sync_quota SKIPPED (reason: not-implemented-here)
2026-02-21T02:40:05.573Z [svc-db-1] gc pause 111ms, heap 757MB
2026-02-21T02:40:05.576Z [pytest-xdist] gw3 test_search.py::test_reconcile_subscription PASSED in 12ms trace=44e0768b-0824-a54c-4e7c-4147c15a35db
2026-02-21T02:40:05.576Z [svc-search-2] gc pause 65ms, heap 923MB
2026-02-21T02:40:05.578Z [svc-billing-0] retrying connection to redis (attempt 2/3)
2026-02-21T02:40:05.582Z [svc-cache-0] connected to upstream in 10ms
2026-02-21T02:40:05.582Z [svc-db-0] cache hit rate 88%
2026-02-21T02:40:05.582Z [svc-queue-1] cache hit rate 90%
2026-02-21T02:40:05.583Z [svc-notify-4] cache hit rate 85%
2026-02-21T02:40:05.583Z [svc-notify-4] closed idle connection after 206s
2026-02-21T02:40:05.583Z [svc-sched-3] cache hit rate 92%
2026-02-21T02:40:05.585Z [svc-auth-3] processed batch of 400 items
2026-02-21T02:40:05.587Z [svc-auth-3] retrying connection to redis (attempt 2/3)
2026-02-21T02:40:05.587Z [svc-notify-4] retrying connection to elasticsearch (attempt 2/3)
2026-02-21T02:40:05.587Z [svc-gateway-3] connected to upstream in 61ms
2026-02-21T02:40:05.587Z [svc-queue-3] warning: slow query took 1688ms
2026-02-21T02:40:05.590Z [svc-media-1] gc pause 87ms, heap 581MB
2026-02-21T02:40:05.591Z [svc-gateway-1] connected to upstream in 38ms
2026-02-21T02:40:05.592Z [pytest-xdist] gw5 test_search.py::test_validate_token PASSED in 145ms trace=8dc4b917-052f-83b4-dbf9-543c2e1d5f21
2026-02-21T02:40:05.592Z [svc-db-2] health check ok
2026-02-21T02:40:05.594Z [svc-search-0] gc pause 78ms, heap 376MB
2026-02-21T02:40:05.597Z [svc-gateway-3] processed batch of 233 items
2026-02-21T02:40:05.599Z [svc-billing-3] health check ok
2026-02-21T02:40:05.599Z [svc-notify-3] cache hit rate 95%
2026-02-21T02:40:05.600Z [svc-notify-0] gc pause 93ms, heap 723MB
2026-02-21T02:40:05.601Z [svc-search-2] closed idle connection after 80s
2026-02-21T02:40:05.602Z [pytest-xdist] gw1 test_import.py::test_create_session PASSED in 35ms trace=43586db1-269a-2f91-f579-4edb31cb1667
2026-02-21T02:40:05.603Z [svc-gateway-2] health check ok
2026-02-21T02:40:05.604Z [svc-search-4] retrying connection to elasticsearch (attempt 1/3)
2026-02-21T02:40:05.605Z [svc-cache-2] warning: slow query took 213ms
2026-02-21T02:40:05.609Z [svc-cache-3] warning: slow query took 429ms
2026-02-21T02:40:05.609Z [svc-queue-2] cache hit rate 85%
2026-02-21T02:40:05.611Z [svc-billing-1] gc pause 17ms, heap 236MB
2026-02-21T02:40:05.614Z [svc-gateway-2] gc pause 54ms, heap 996MB
2026-02-21T02:40:05.615Z [svc-notify-1] closed idle connection after 37s
2026-02-21T02:40:05.616Z [svc-gateway-4] retrying connection to vault (attempt 2/3)
2026-02-21T02:40:05.618Z [svc-auth-3] retrying connection to redis (attempt 1/3)
2026-02-21T02:40:05.619Z [svc-auth-3] processed batch of 301 items
2026-02-21T02:40:05.619Z [svc-notify-2] retrying connection to kafka (attempt 1/3)
2026-02-21T02:40:05.620Z [svc-db-4] closed idle connection after 202s
2026-02-21T02:40:05.622Z [pytest-xdist] gw2 test_billing.py::test_expire_token PASSED in 66ms trace=a0b44ce1-aade-b0a3-515f-6712ca3b74b1
2026-02-21T02:40:05.625Z [svc-queue-3] processed batch of 286 items
2026-02-21T02:40:05.626Z [svc-cache-0] cache hit rate 92%
2026-02-21T02:40:05.626Z [svc-media-4] connected to upstream in 57ms
2026-02-21T02:40:05.632Z [svc-billing-0] warning: slow query took 800ms
2026-02-21T02:40:05.632Z [svc-gateway-0] gc pause 88ms, heap 447MB
2026-02-21T02:40:05.633Z [svc-db-3] warning: slow query took 1206ms
2026-02-21T02:40:05.635Z [svc-media-1] retrying connection to postgres (attempt 3/3)
2026-02-21T02:40:05.635Z [svc-queue-2] warning: slow query took 1522ms
2026-02-21T02:40:05.635Z [svc-sched-2] connected to upstream in 61ms
2026-02-21T02:40:05.638Z [svc-gateway-4] retrying connection to vault (attempt 2/3)
2026-02-21T02:40:05.639Z [pytest-xdist] gw3 test_reports.py::test_delete_query PASSED in 76ms trace=217724f9-d0da-71c0-a3f1-0f5f7e6bdf5d
2026-02-21T02:40:05.642Z [svc-billing-4] processed batch of 216 items
2026-02-21T02:40:05.644Z [svc-search-2] connected to upstream in 53ms
2026-02-21T02:40:05.645Z [svc-billing-0] connected to upstream in 61ms
2026-02-21T02:40:05.646Z [svc-notify-1] retrying connection to redis (attempt 2/3)
2026-02-21T02:40:05.646Z [svc-notify-3] cache hit rate 92%
2026-02-21T02:40:05.648Z [svc-cache-0] warning: slow query took 2179ms
2026-02-21T02:40:05.648Z [svc-billing-1] health check ok
2026-02-21T02:40:05.649Z [svc-cache-1] retrying connection to postgres (attempt 1/3)
2026-02-21T02:40:05.649Z [svc-cache-4] warning: slow query took 1997ms
2026-02-21T02:40:05.649Z [svc-db-4] processed batch of 328 items
2026-02-21T02:40:05.650Z [svc-db-1] processed batch of 60 items
2026-02-21T02:40:05.653Z [svc-media-4] warning: slow query took 1019ms
2026-02-21T02:40:05.656Z [svc-media-2] connected to upstream in 82ms
2026-02-21T02:40:05.657Z [svc-search-1] closed idle connection after 145s
2026-02-21T02:40:05.657Z [svc-media-1] gc pause 77ms, heap 556MB
2026-02-21T02:40:05.659Z [pytest-xdist] gw0 test_search.py::test_create_subscription PASSED in 38ms trace=e9477030-5973-2bdd-9e3c-9698606eb351
2026-02-21T02:40:05.659Z [svc-cache-0] processed batch of 402 items
2026-02-21T02:40:05.659Z [svc-queue-2] health check ok
2026-02-21T02:40:05.660Z [svc-media-4] retrying connection to s3 (attempt 2/3)
2026-02-21T02:40:05.663Z [svc-cache-0] gc pause 44ms, heap 490MB
2026-02-21T02:40:05.665Z [pytest-xdist] gw4 test_queue.py::test_reconcile_query PASSED in 44ms trace=97b41b71-3ff6-5533-5667-d5a240706ef0
2026-02-21T02:40:05.665Z [svc-sched-4] cache hit rate 85%
2026-02-21T02:40:05.666Z [svc-cache-1] retrying connection to postgres (attempt 3/3)
2026-02-21T02:40:05.667Z [svc-notify-4] retrying connection to elasticsearch (attempt 3/3)
2026-02-21T02:40:05.667Z [svc-gateway-0] gc pause 116ms, heap 437MB
2026-02-21T02:40:05.668Z [svc-auth-1] connected to upstream in 53ms
2026-02-21T02:40:05.669Z [svc-notify-1] cache hit rate 95%
2026-02-21T02:40:05.670Z [svc-auth-2] cache hit rate 95%
2026-02-21T02:40:05.673Z [svc-cache-4] health check ok
2026-02-21T02:40:05.673Z [svc-queue-4] health check ok
2026-02-21T02:40:05.674Z [svc-gateway-1] gc pause 45ms, heap 136MB
2026-02-21T02:40:05.675Z [svc-cache-0] health check ok
2026-02-21T02:40:05.675Z [svc-cache-0] health check ok
2026-02-21T02:40:05.677Z [svc-search-3] gc pause 5ms, heap 714MB
2026-02-21T02:40:05.677Z [svc-notify-4] health check ok
2026-02-21T02:40:05.678Z [svc-media-2] warning: slow query took 326ms
2026-02-21T02:40:05.681Z [pytest-xdist] gw5 test_search.py::test_render_query PASSED in 198ms trace=f8774b7a-d577-bd1c-b3a9-09e53c00ae38
2026-02-21T02:40:05.683Z [svc-auth-1] closed idle connection after 102s
2026-02-21T02:40:05.683Z [svc-media-1] connected to upstream in 18ms
2026-02-21T02:40:05.686Z [svc-auth-3] warning: slow query took 2178ms
2026-02-21T02:40:05.686Z [svc-db-3] health check ok
2026-02-21T02:40:05.687Z [svc-queue-1] retrying connection to postgres (attempt 1/3)
2026-02-21T02:40:05.691Z [svc-sched-4] warning: slow query took 555ms
2026-02-21T02:40:05.694Z [svc-auth-4] retrying connection to kafka (attempt 1/3)
2026-02-21T02:40:05.694Z [svc-cache-0] connected to upstream in 76ms
2026-02-21T02:40:05.694Z [svc-notify-1] retrying connection to redis (attempt 2/3)
2026-02-21T02:40:05.694Z [svc-gateway-4] retrying connection to vault (attempt 2/3)
2026-02-21T02:40:05.696Z [pytest-xdist] gw3 test_queue.py::test_create_template PASSED in 31ms trace=7efd4314-758a-c721-6324-f5f847b6075c
2026-02-21T02:40:05.697Z [svc-cache-4] warning: slow query took 1708ms
2026-02-21T02:40:05.697Z [svc-media-3] connected to upstream in 51ms
2026-02-21T02:40:05.700Z [svc-queue-1] closed idle connection after 212s
2026-02-21T02:40:05.704Z [svc-gateway-0] cache hit rate 95%
2026-02-21T02:40:05.705Z [svc-gateway-4] processed batch of 87 items
2026-02-21T02:40:05.706Z [svc-db-4] retrying connection to postgres (attempt 2/3)
2026-02-21T02:40:05.707Z [pytest-xdist] gw0 test_notify.py::test_authorize_template PASSED in 81ms trace=0bf7edf8-72e3-6ea6-51ea-1d5b2e1e4c73
2026-02-21T02:40:05.708Z [svc-media-0] retrying connection to vault (attempt 1/3)
2026-02-21T02:40:05.709Z [svc-db-0] gc pause 74ms, heap 188MB
2026-02-21T02:40:05.710Z [svc-auth-3] gc pause 10ms, heap 924MB
2026-02-21T02:40:05.710Z [svc-db-4] retrying connection to postgres (attempt 2/3)
2026-02-21T02:40:05.711Z [svc-notify-4] warning: slow query took 425ms
2026-02-21T02:40:05.713Z [svc-cache-1] retrying connection to postgres (attempt 3/3)
2026-02-21T02:40:05.713Z [svc-db-0] processed batch of 450 items
2026-02-21T02:40:05.713Z [svc-db-4] gc pause 76ms, heap 752MB
2026-02-21T02:40:05.714Z [svc-db-1] processed batch of 64 items
2026-02-21T02:40:05.714Z [svc-gateway-1] closed idle connection after 66s
2026-02-21T02:40:05.717Z [svc-db-2] connected to upstream in 16ms
2026-02-21T02:40:05.718Z [svc-auth-0] health check ok
2026-02-21T02:40:05.718Z [svc-billing-1] health check ok
2026-02-21T02:40:05.718Z [svc-search-4] warning: slow query took 1474ms
2026-02-21T02:40:05.719Z [svc-cache-4] closed idle connection after 109s
2026-02-21T02:40:05.719Z [svc-notify-4] connected to upstream in 57ms
2026-02-21T02:40:05.720Z [svc-gateway-0] retrying connection to redis (attempt 1/3)
2026-02-21T02:40:05.723Z [svc-cache-1] health check ok
2026-02-21T02:40:05.726Z [svc-sched-4] retrying connection to s3 (attempt 2/3)
2026-02-21T02:40:05.727Z [svc-db-3] processed batch of 56 items
2026-02-21T02:40:05.727Z [svc-db-3] gc pause 112ms, heap 516MB
2026-02-21T02:40:05.728Z [pytest-xdist] gw3 test_webhooks.py::test_reconcile_subscription PASSED in 206ms trace=ca346eaf-1261-a3ca-f7a8-2b39b720171e
2026-02-21T02:40:05.733Z [svc-notify-1] health check ok
2026-02-21T02:40:05.734Z [pytest-xdist] gw4 test_users.py::test_validate_session PASSED in 117ms trace=026929df-2794-80fd-b491-41abc7a38372
2026-02-21T02:40:05.734Z [svc-media-4] processed batch of 410 items
2026-02-21T02:40:05.735Z [svc-cache-2] gc pause 103ms, heap 107MB
2026-02-21T02:40:05.735Z [svc-gateway-1] cache hit rate 92%
2026-02-21T02:40:05.737Z [svc-gateway-4] retrying connection to vault (attempt 2/3)
2026-02-21T02:40:05.738Z [svc-cache-0] gc pause 102ms, heap 126MB
2026-02-21T02:40:05.738Z [svc-search-4] cache hit rate 85%
2026-02-21T02:40:05.739Z [svc-media-1] retrying connection to postgres (attempt 2/3)
2026-02-21T02:40:05.740Z [svc-db-0] closed idle connection after 63s
2026-02-21T02:40:05.740Z [svc-notify-1] warning: slow query took 1448ms
2026-02-21T02:40:05.742Z [svc-db-3] health check ok
2026-02-21T02:40:05.742Z [svc-notify-2] connected to upstream in 74ms
2026-02-21T02:40:05.744Z [svc-media-0] retrying connection to vault (attempt 1/3)
2026-02-21T02:40:05.744Z [svc-media-4] health check ok
2026-02-21T02:40:05.745Z [svc-queue-3] processed batch of 186 items
2026-02-21T02:40:05.746Z [pytest-xdist] gw1 test_search.py::test_expire_webhook PASSED in 44ms trace=f5449561-1a5b-bbf5-5e24-61a567a4cdb5
2026-02-21T02:40:05.746Z [svc-media-4] retrying connection to s3 (attempt 2/3)
2026-02-21T02:40:05.747Z [svc-search-3] closed idle connection after 258s
2026-02-21T02:40:05.749Z [svc-billing-3] gc pause 118ms, heap 845MB
2026-02-21T02:40:05.750Z [svc-cache-2] closed idle connection after 179s
2026-02-21T02:40:05.750Z [svc-gateway-4] warning: slow query took 555ms
2026-02-21T02:40:05.751Z [svc-billing-1] health check ok
2026-02-21T02:40:05.751Z [svc-notify-1] health check ok
2026-02-21T02:40:05.752Z [svc-notify-2] gc pause 16ms, heap 445MB
2026-02-21T02:40:05.754Z [svc-media-3] retrying connection to kafka (attempt 2/3)
2026-02-21T02:40:05.755Z [svc-billing-0] closed idle connection after 114s
2026-02-21T02:40:05.756Z [svc-gateway-2] retrying connection to s3 (attempt 3/3)
2026-02-21T02:40:05.756Z [svc-sched-0] gc pause 82ms, heap 311MB
2026-02-21T02:40:05.757Z [svc-cache-3] health check ok
2026-02-21T02:40:05.757Z [svc-search-2] health check ok
2026-02-21T02:40:05.757Z [svc-queue-0] connected to upstream in 51ms
2026-02-21T02:40:05.758Z [svc-search-0] retrying connection to postgres (attempt 2/3)
2026-02-21T02:40:05.758Z [svc-sched-3] gc pause 72ms, heap 381MB
2026-02-21T02:40:05.760Z [svc-cache-4] health check ok
2026-02-21T02:40:05.761Z [svc-auth-4] gc pause 106ms, heap 898MB
2026-02-21T02:40:05.761Z [svc-search-0] cache hit rate 85%
2026-02-21T02:40:05.762Z [svc-notify-2] processed batch of 218 items
2026-02-21T02:40:05.762Z [svc-gateway-3] closed idle connection after 39s
2026-02-21T02:40:05.765Z [pytest-xdist] gw1 test_import.py::test_paginate_attachment PASSED in 10ms trace=c94ddaa7-151c-1403-c79a-54408e60eaa1
2026-02-21T02:40:05.765Z [svc-cache-2] health check ok
2026-02-21T02:40:05.767Z [svc-cache-3] health check ok
2026-02-21T02:40:05.768Z [svc-auth-4] closed idle connection after 287s
2026-02-21T02:40:05.769Z [svc-db-2] closed idle connection after 83s
2026-02-21T02:40:05.772Z [svc-gateway-2] gc pause 52ms, heap 466MB
2026-02-21T02:40:05.773Z [svc-gateway-2] health check ok
2026-02-21T02:40:05.776Z [svc-auth-2] health check ok
2026-02-21T02:40:05.776Z [svc-media-1] health check ok
2026-02-21T02:40:05.777Z [svc-search-3] closed idle connection after 249s
2026-02-21T02:40:05.778Z [svc-cache-4] gc pause 15ms, heap 233MB
2026-02-21T02:40:05.778Z [svc-notify-3] connected to upstream in 83ms
2026-02-21T02:40:05.778Z [svc-sched-2] connected to upstream in 9ms
2026-02-21T02:40:05.779Z [svc-cache-4] closed idle connection after 157s
2026-02-21T02:40:05.781Z [pytest-xdist] gw1 test_notify.py::test_render_index PASSED in 165ms trace=82abf58c-c26e-b460-ff63-7d2c9e354e9d
2026-02-21T02:40:05.783Z [svc-media-3] closed idle connection after 311s
2026-02-21T02:40:05.784Z [svc-db-3] closed idle connection after 314s
2026-02-21T02:40:05.784Z [svc-db-4] cache hit rate 95%
2026-02-21T02:40:05.785Z [svc-search-0] cache hit rate 90%
2026-02-21T02:40:05.785Z [svc-sched-3] retrying connection to kafka (attempt 3/3)
2026-02-21T02:40:05.789Z [svc-search-0] gc pause 13ms, heap 641MB
2026-02-21T02:40:05.789Z [svc-sched-3] warning: slow query took 1804ms
2026-02-21T02:40:05.790Z [svc-sched-3] closed idle connection after 220s
2026-02-21T02:40:05.790Z [svc-sched-4] cache hit rate 90%
2026-02-21T02:40:05.791Z [svc-billing-2] warning: slow query took 464ms
2026-02-21T02:40:05.792Z [svc-media-4] closed idle connection after 265s
2026-02-21T02:40:05.794Z [svc-db-3] warning: slow query took 1916ms
2026-02-21T02:40:05.795Z [svc-billing-3] closed idle connection after 178s
2026-02-21T02:40:05.800Z [pytest-xdist] gw4 test_billing.py::test_update_template PASSED in 247ms trace=0cd831b7-07c9-6de1-43d4-10a8d4a07de5
2026-02-21T02:40:05.800Z [svc-notify-2] cache hit rate 95%
2026-02-21T02:40:05.802Z [svc-auth-2] retrying connection to postgres (attempt 3/3)
2026-02-21T02:40:05.803Z [svc-auth-3] cache hit rate 85%
2026-02-21T02:40:05.803Z [svc-cache-4] connected to upstream in 52ms
2026-02-21T02:40:05.803Z [svc-sched-4] closed idle connection after 67s
2026-02-21T02:40:05.806Z [svc-queue-4] retrying connection to s3 (attempt 1/3)
2026-02-21T02:40:05.808Z [pytest-xdist] gw5 test_export.py::test_render_invoice PASSED in 181ms trace=6e121e17-8495-979a-6b8c-e0b8fdf2891b
2026-02-21T02:40:05.810Z [svc-auth-3] health check ok
2026-02-21T02:40:05.811Z [svc-gateway-0] cache hit rate 95%
2026-02-21T02:40:05.812Z [svc-auth-3] cache hit rate 92%
2026-02-21T02:40:05.812Z [svc-gateway-3] closed idle connection after 252s
2026-02-21T02:40:05.814Z [svc-cache-3] closed idle connection after 46s
2026-02-21T02:40:05.814Z [svc-db-0] cache hit rate 92%
2026-02-21T02:40:05.815Z [svc-billing-2] health check ok
2026-02-21T02:40:05.815Z [svc-queue-2] connected to upstream in 13ms
2026-02-21T02:40:05.816Z [svc-billing-3] gc pause 105ms, heap 694MB
2026-02-21T02:40:05.819Z [svc-auth-4] cache hit rate 90%
2026-02-21T02:40:05.819Z [svc-notify-3] health check ok
2026-02-21T02:40:05.820Z [svc-queue-3] health check ok
2026-02-21T02:40:05.821Z [svc-cache-2] cache hit rate 95%
2026-02-21T02:40:05.822Z [svc-cache-3] cache hit rate 92%
2026-02-21T02:40:05.823Z [svc-queue-2] closed idle connection after 59s
2026-02-21T02:40:05.824Z [svc-search-4] processed batch of 129 items
2026-02-21T02:40:05.824Z [svc-notify-1] gc pause 80ms, heap 326MB
2026-02-21T02:40:05.827Z [pytest-xdist] gw0 test_auth.py::test_render_index PASSED in 13ms trace=cb7d2833-0c64-e346-262c-f576ed4a229f
2026-02-21T02:40:05.827Z [svc-billing-3] health check ok
2026-02-21T02:40:05.831Z [svc-queue-3] health check ok
2026-02-21T02:40:05.833Z [svc-sched-1] processed batch of 33 items
2026-02-21T02:40:05.834Z [svc-billing-1] cache hit rate 90%
2026-02-21T02:40:05.836Z [svc-db-4] connected to upstream in 56ms
2026-02-21T02:40:05.836Z [svc-media-0] health check ok
2026-02-21T02:40:05.838Z [svc-sched-4] cache hit rate 88%
2026-02-21T02:40:05.843Z [svc-cache-1] warning: slow query took 720ms
2026-02-21T02:40:05.844Z [svc-billing-1] cache hit rate 92%
2026-02-21T02:40:05.844Z [svc-sched-1] processed batch of 321 items
2026-02-21T02:40:05.846Z [pytest-xdist] gw3 test_queue.py::test_sync_invoice PASSED in 108ms trace=e28f76e5-8470-d987-7bd5-9d21f36a44eb
2026-02-21T02:40:05.846Z [svc-search-4] processed batch of 383 items
2026-02-21T02:40:05.850Z [svc-billing-2] retrying connection to s3 (attempt 1/3)
2026-02-21T02:40:05.851Z [pytest-xdist] gw4 test_notify.py::test_parse_coupon PASSED in 89ms trace=14fb16c7-2410-3f35-89ad-d10d76eced6b
2026-02-21T02:40:05.852Z [svc-media-3] processed batch of 193 items
2026-02-21T02:40:05.853Z [svc-auth-4] health check ok
2026-02-21T02:40:05.853Z [svc-media-4] closed idle connection after 249s
2026-02-21T02:40:05.855Z [svc-search-3] retrying connection to s3 (attempt 1/3)
2026-02-21T02:40:05.855Z [svc-search-4] health check ok
2026-02-21T02:40:05.856Z [svc-gateway-1] retrying connection to kafka (attempt 1/3)
2026-02-21T02:40:05.859Z [pytest-xdist] gw2 test_webhooks.py::test_render_query PASSED in 45ms trace=fcd6f730-057a-0dfa-0369-06b92510f26c
2026-02-21T02:40:05.859Z [svc-notify-3] closed idle connection after 202s
2026-02-21T02:40:05.859Z [svc-media-1] cache hit rate 88%
2026-02-21T02:40:05.860Z [svc-search-0] cache hit rate 85%
2026-02-21T02:40:05.860Z [svc-sched-4] retrying connection to s3 (attempt 3/3)
2026-02-21T02:40:05.864Z [svc-cache-3] closed idle connection after 82s
2026-02-21T02:40:05.864Z [svc-sched-0] gc pause 122ms, heap 257MB
2026-02-21T02:40:05.865Z [svc-queue-2] retrying connection to redis (attempt 3/3)
2026-02-21T02:40:05.866Z [svc-gateway-2] closed idle connection after 199s
2026-02-21T02:40:05.867Z [svc-db-1] warning: slow query took 1100ms
2026-02-21T02:40:05.868Z [svc-db-3] closed idle connection after 216s
2026-02-21T02:40:05.868Z [svc-queue-2] warning: slow query took 225ms
2026-02-21T02:40:05.871Z [svc-media-4] warning: slow query took 1725ms
2026-02-21T02:40:05.874Z [svc-auth-0] gc pause 55ms, heap 929MB
2026-02-21T02:40:05.874Z [svc-auth-1] cache hit rate 85%
2026-02-21T02:40:05.874Z [svc-search-0] connected to upstream in 71ms
2026-02-21T02:40:05.874Z [svc-search-2] closed idle connection after 322s
2026-02-21T02:40:05.874Z [svc-search-2] closed idle connection after 92s
2026-02-21T02:40:05.874Z [svc-search-2] closed idle connection after 206s
2026-02-21T02:40:05.874Z [svc-queue-2] health check ok
2026-02-21T02:40:05.875Z [svc-cache-3] gc pause 100ms, heap 252MB
2026-02-21T02:40:05.876Z [pytest-xdist] gw1 test_media.py::test_render_template PASSED in 112ms trace=3305bc11-2b5d-060b-5187-0db91317ef33
2026-02-21T02:40:05.881Z [svc-auth-4] warning: slow query took 793ms
2026-02-21T02:40:05.881Z [svc-billing-4] health check ok
2026-02-21T02:40:05.881Z [svc-sched-2] closed idle connection after 91s
2026-02-21T02:40:05.882Z [svc-notify-0] closed idle connection after 158s
2026-02-21T02:40:05.885Z [pytest-xdist] gw0 test_billing.py::test_update_token PASSED in 130ms trace=75837924-83f2-531b-f40b-02952c0e99ee
2026-02-21T02:40:05.885Z [svc-notify-3] warning: slow query took 368ms
2026-02-21T02:40:05.885Z [svc-media-4] retrying connection to s3 (attempt 1/3)
2026-02-21T02:40:05.887Z [svc-billing-2] gc pause 99ms, heap 861MB
2026-02-21T02:40:05.891Z [svc-billing-2] warning: slow query took 1015ms
2026-02-21T02:40:05.892Z [pytest-xdist] gw0 test_reports.py::test_delete_template PASSED in 129ms trace=1537a629-9f39-34c7-90f2-956b5b93ec71
2026-02-21T02:40:05.892Z [svc-auth-4] retrying connection to kafka (attempt 2/3)
2026-02-21T02:40:05.892Z [svc-search-4] gc pause 123ms, heap 479MB
2026-02-21T02:40:05.892Z [svc-gateway-2] cache hit rate 95%
2026-02-21T02:40:05.893Z [svc-gateway-1] closed idle connection after 80s
2026-02-21T02:40:05.893Z [svc-queue-2] closed idle connection after 50s
2026-02-21T02:40:05.896Z [svc-db-3] retrying connection to vault (attempt 2/3)
2026-02-21T02:40:05.897Z [svc-gateway-3] retrying connection to elasticsearch (attempt 2/3)
2026-02-21T02:40:05.898Z [svc-sched-1] processed batch of 213 items
2026-02-21T02:40:05.899Z [svc-db-4] cache hit rate 92%
2026-02-21T02:40:05.899Z [svc-billing-0] gc pause 120ms, heap 546MB
2026-02-21T02:40:05.899Z [svc-media-4] retrying connection to s3 (attempt 3/3)
2026-02-21T02:40:05.902Z [svc-sched-1] retrying connection to postgres (attempt 1/3)
2026-02-21T02:40:05.904Z [svc-db-3] health check ok
2026-02-21T02:40:05.906Z [svc-billing-1] gc pause 104ms, heap 159MB
2026-02-21T02:40:05.906Z [svc-search-1] health check ok
2026-02-21T02:40:05.907Z [svc-auth-1] warning: slow query took 272ms
2026-02-21T02:40:05.907Z [svc-notify-2] closed idle connection after 67s
2026-02-21T02:40:05.909Z [pytest-xdist] gw0 test_users.py::test_delete_shipment PASSED in 108ms trace=c8db3b11-cb86-6e8e-5a95-89946f4f9e5f
2026-02-21T02:40:05.910Z [svc-notify-3] processed batch of 389 items
2026-02-21T02:40:05.911Z [svc-auth-0] processed batch of 441 items
2026-02-21T02:40:05.914Z [svc-auth-4] health check ok
2026-02-21T02:40:05.914Z [svc-auth-4] gc pause 31ms, heap 687MB
2026-02-21T02:40:05.916Z [svc-notify-2] gc pause 64ms, heap 691MB
2026-02-21T02:40:05.918Z [svc-sched-3] warning: slow query took 2186ms
2026-02-21T02:40:05.919Z [svc-search-0] connected to upstream in 66ms
2026-02-21T02:40:05.921Z [svc-notify-1] connected to upstream in 78ms
2026-02-21T02:40:05.922Z [svc-db-3] closed idle connection after 101s
2026-02-21T02:40:05.927Z [svc-notify-2] cache hit rate 92%
2026-02-21T02:40:05.928Z [pytest-xdist] gw5 test_orders.py::test_update_template PASSED in 196ms trace=de0a7759-e5ac-2a24-165e-479f4557427a
2026-02-21T02:40:05.928Z [svc-search-4] cache hit rate 95%
2026-02-21T02:40:05.934Z [svc-db-1] connected to upstream in 18ms
2026-02-21T02:40:05.934Z [svc-queue-2] health check ok
2026-02-21T02:40:05.936Z [svc-notify-1] retrying connection to redis (attempt 1/3)
2026-02-21T02:40:05.936Z [svc-queue-2] closed idle connection after 266s
2026-02-21T02:40:05.942Z [svc-db-3] health check ok
2026-02-21T02:40:05.942Z [svc-queue-1] closed idle connection after 150s
2026-02-21T02:40:05.946Z [pytest-xdist] gw0 test_queue.py::test_notify_invoice SKIPPED (reason: requires-network)
2026-02-21T02:40:05.946Z [svc-billing-3] processed batch of 503 items
2026-02-21T02:40:05.946Z [svc-gateway-3] retrying connection to elasticsearch (attempt 2/3)
2026-02-21T02:40:05.948Z [svc-cache-1] retrying connection to postgres (attempt 1/3)
2026-02-21T02:40:05.948Z [svc-db-1] connected to upstream in 9ms
2026-02-21T02:40:05.948Z [svc-notify-2] warning: slow query took 751ms
2026-02-21T02:40:05.950Z [pytest-xdist] gw2 test_gateway.py::test_retry_refund PASSED in 138ms trace=e40719c7-a8a2-6156-9f97-792970f2543b
2026-02-21T02:40:05.950Z [svc-media-0] closed idle connection after 252s
2026-02-21T02:40:05.951Z [svc-billing-4] health check ok
2026-02-21T02:40:05.956Z [svc-search-0] retrying connection to postgres (attempt 3/3)
2026-02-21T02:40:05.956Z [svc-queue-0] gc pause 41ms, heap 291MB
2026-02-21T02:40:05.959Z [svc-auth-1] processed batch of 222 items
2026-02-21T02:40:05.960Z [svc-billing-1] cache hit rate 95%
2026-02-21T02:40:05.961Z [pytest-xdist] gw1 test_reports.py::test_authorize_subscription PASSED in 39ms trace=0823c0b1-9870-89e6-72f0-f2bb9d482711
2026-02-21T02:40:05.961Z [svc-sched-4] cache hit rate 95%
2026-02-21T02:40:05.963Z [svc-sched-1] health check ok
2026-02-21T02:40:05.963Z [svc-sched-3] gc pause 32ms, heap 131MB
2026-02-21T02:40:05.964Z [svc-gateway-1] connected to upstream in 47ms
2026-02-21T02:40:05.966Z [svc-cache-0] warning: slow query took 742ms
2026-02-21T02:40:05.966Z [svc-gateway-0] gc pause 22ms, heap 881MB
2026-02-21T02:40:05.967Z [svc-auth-3] gc pause 34ms, heap 607MB
2026-02-21T02:40:05.967Z [svc-gateway-2] gc pause 6ms, heap 523MB
2026-02-21T02:40:05.967Z [svc-media-1] gc pause 86ms, heap 292MB
2026-02-21T02:40:05.968Z [svc-search-0] health check ok
2026-02-21T02:40:05.971Z [svc-db-1] gc pause 14ms, heap 192MB
2026-02-21T02:40:05.976Z [pytest-xdist] gw0 test_webhooks.py::test_render_coupon PASSED in 157ms trace=2c901a24-e73a-a375-f03d-2d0ebdbfcbc3
2026-02-21T02:40:05.976Z [svc-billing-3] retrying connection to elasticsearch (attempt 3/3)
2026-02-21T02:40:05.976Z [svc-gateway-1] cache hit rate 85%
2026-02-21T02:40:05.979Z [svc-billing-3] closed idle connection after 277s
2026-02-21T02:40:05.980Z [pytest-xdist] gw2 test_auth.py::test_validate_user PASSED in 222ms trace=41b79324-fafc-e6da-5449-190a84d429ae
2026-02-21T02:40:05.981Z [svc-gateway-2] connected to upstream in 27ms
2026-02-21T02:40:05.981Z [svc-queue-0] connected to upstream in 61ms
2026-02-21T02:40:05.982Z [svc-auth-2] processed batch of 251 items
2026-02-21T02:40:05.982Z [svc-cache-4] gc pause 56ms, heap 495MB
2026-02-21T02:40:05.983Z [svc-sched-4] processed batch of 46 items
2026-02-21T02:40:05.984Z [pytest-xdist] gw0 test_export.py::test_expire_quota PASSED in 173ms trace=81f756e2-abcc-92be-1bd3-cc467e3d7637
2026-02-21T02:40:05.986Z [svc-billing-2] retrying connection to s3 (attempt 2/3)
2026-02-21T02:40:05.988Z [svc-auth-1] health check ok
2026-02-21T02:40:05.988Z [svc-queue-0] gc pause 73ms, heap 782MB
2026-02-21T02:40:05.989Z [svc-sched-4] cache hit rate 88%
2026-02-21T02:40:05.994Z [svc-gateway-4] retrying connection to vault (attempt 3/3)
2026-02-21T02:40:05.994Z [svc-media-3] retrying connection to kafka (attempt 3/3)
2026-02-21T02:40:05.995Z [svc-auth-1] retrying connection to vault (attempt 3/3)
2026-02-21T02:40:05.995Z [svc-db-4] warning: slow query took 936ms
2026-02-21T02:40:05.999Z [svc-auth-3] processed batch of 167 items
2026-02-21T02:40:06.000Z [svc-sched-0] health check ok
2026-02-21T02:40:06.001Z [svc-cache-0] closed idle connection after 33s
2026-02-21T02:40:06.003Z [svc-billing-4] processed batch of 330 items
2026-02-21T02:40:06.005Z [svc-gateway-4] retrying connection to vault (attempt 3/3)
2026-02-21T02:40:06.006Z [pytest-xdist] gw0 test_notify.py::test_notify_invoice PASSED in 118ms trace=46671cf6-c0bb-32c2-eabf-9ba0a0ef156a
2026-02-21T02:40:06.007Z [svc-cache-0] connected to upstream in 13ms
2026-02-21T02:40:06.011Z [svc-cache-3] connected to upstream in 67ms
2026-02-21T02:40:06.014Z [svc-cache-1] cache hit rate 90%
2026-02-21T02:40:06.015Z [svc-gateway-1] retrying connection to kafka (attempt 1/3)
2026-02-21T02:40:06.015Z [svc-media-4] gc pause 45ms, heap 148MB
2026-02-21T02:40:06.017Z [svc-media-0] cache hit rate 88%
2026-02-21T02:40:06.019Z [pytest-xdist] gw5 test_export.py::test_notify_index PASSED in 141ms trace=ef6c53ea-075c-c6bd-a99b-76480646fbe3
2026-02-21T02:40:06.019Z [svc-db-2] connected to upstream in 6ms
2026-02-21T02:40:06.019Z [svc-notify-1] gc pause 84ms, heap 910MB
2026-02-21T02:40:06.022Z [svc-search-1] retrying connection to redis (attempt 1/3)
2026-02-21T02:40:06.022Z [svc-queue-3] gc pause 99ms, heap 474MB
2026-02-21T02:40:06.024Z [svc-sched-2] processed batch of 226 items
2026-02-21T02:40:06.026Z [svc-auth-3] closed idle connection after 108s
2026-02-21T02:40:06.026Z [svc-media-4] health check ok
2026-02-21T02:40:06.027Z [svc-notify-3] health check ok
2026-02-21T02:40:06.027Z [svc-gateway-3] gc pause 58ms, heap 774MB
2026-02-21T02:40:06.030Z [svc-auth-2] gc pause 58ms, heap 981MB
2026-02-21T02:40:06.030Z [svc-search-4] health check ok
2026-02-21T02:40:06.031Z [svc-auth-1] cache hit rate 90%
2026-02-21T02:40:06.033Z [svc-cache-1] connected to upstream in 9ms
2026-02-21T02:40:06.033Z [svc-queue-1] closed idle connection after 158s
2026-02-21T02:40:06.034Z [svc-auth-3] closed idle connection after 54s
2026-02-21T02:40:06.037Z [svc-billing-3] retrying connection to elasticsearch (attempt 1/3)
2026-02-21T02:40:06.037Z [svc-billing-4] gc pause 23ms, heap 705MB
2026-02-21T02:40:06.037Z [svc-search-1] cache hit rate 85%
2026-02-21T02:40:06.037Z [svc-gateway-0] retrying connection to redis (attempt 2/3)
2026-02-21T02:40:06.038Z [pytest-xdist] gw4 test_notify.py::test_delete_webhook PASSED in 225ms trace=d479ec5b-44bf-f99e-e6a3-d6133f57ca96
2026-02-21T02:40:06.038Z [svc-search-1] connected to upstream in 15ms
2026-02-21T02:40:06.038Z [svc-search-3] connected to upstream in 52ms
2026-02-21T02:40:06.039Z [svc-media-4] gc pause 53ms, heap 529MB
2026-02-21T02:40:06.040Z [svc-media-3] gc pause 59ms, heap 299MB
2026-02-21T02:40:06.040Z [svc-sched-3] connected to upstream in 19ms
2026-02-21T02:40:06.041Z [svc-notify-2] processed batch of 480 items
2026-02-21T02:40:06.043Z [svc-cache-3] cache hit rate 90%
2026-02-21T02:40:06.044Z [svc-db-2] health check ok
2026-02-21T02:40:06.044Z [svc-db-4] health check ok
2026-02-21T02:40:06.044Z [svc-db-4] retrying connection to postgres (attempt 3/3)
2026-02-21T02:40:06.044Z [svc-billing-2] warning: slow query took 1212ms
2026-02-21T02:40:06.044Z [svc-search-4] retrying connection to elasticsearch (attempt 1/3)
2026-02-21T02:40:06.044Z [svc-sched-2] closed idle connection after 224s
2026-02-21T02:40:06.045Z [svc-gateway-2] closed idle connection after 129s
2026-02-21T02:40:06.045Z [svc-queue-4] connected to upstream in 54ms
2026-02-21T02:40:06.047Z [pytest-xdist] gw3 test_export.py::test_cache_subscription PASSED in 114ms trace=7579f83c-ad74-a8ab-0e86-92ea66b455bc
2026-02-21T02:40:06.047Z [svc-auth-0] cache hit rate 85%
2026-02-21T02:40:06.047Z [svc-db-0] retrying connection to kafka (attempt 3/3)
2026-02-21T02:40:06.047Z [svc-sched-3] warning: slow query took 258ms
2026-02-21T02:40:06.048Z [svc-gateway-2] warning: slow query took 750ms
2026-02-21T02:40:06.051Z [svc-auth-3] closed idle connection after 34s
2026-02-21T02:40:06.051Z [svc-cache-1] warning: slow query took 1548ms
2026-02-21T02:40:06.052Z [svc-sched-3] warning: slow query took 958ms
2026-02-21T02:40:06.053Z [svc-sched-3] closed idle connection after 191s
2026-02-21T02:40:06.056Z [svc-auth-3] processed batch of 24 items
2026-02-21T02:40:06.056Z [svc-cache-3] warning: slow query took 516ms
2026-02-21T02:40:06.056Z [svc-billing-3] cache hit rate 95%
2026-02-21T02:40:06.056Z [svc-media-0] retrying connection to vault (attempt 1/3)
2026-02-21T02:40:06.057Z [svc-billing-2] retrying connection to s3 (attempt 2/3)
2026-02-21T02:40:06.059Z [pytest-xdist] gw5 test_reports.py::test_paginate_session PASSED in 206ms trace=ff6f3d79-197b-c733-fd23-c13613c4ab46
2026-02-21T02:40:06.059Z [svc-cache-4] processed batch of 427 items
2026-02-21T02:40:06.059Z [svc-db-1] processed batch of 478 items
2026-02-21T02:40:06.059Z [svc-billing-4] connected to upstream in 76ms
2026-02-21T02:40:06.060Z [svc-billing-2] processed batch of 435 items
2026-02-21T02:40:06.060Z [svc-search-4] retrying connection to elasticsearch (attempt 3/3)
2026-02-21T02:40:06.061Z [svc-search-2] gc pause 46ms, heap 110MB
2026-02-21T02:40:06.061Z [svc-search-3] retrying connection to s3 (attempt 1/3)
2026-02-21T02:40:06.061Z [svc-notify-2] cache hit rate 90%
2026-02-21T02:40:06.062Z [svc-notify-0] gc pause 94ms, heap 670MB
2026-02-21T02:40:06.062Z [svc-notify-4] retrying connection to elasticsearch (attempt 3/3)
2026-02-21T02:40:06.063Z [svc-notify-0] warning: slow query took 807ms
2026-02-21T02:40:06.063Z [svc-queue-0] processed batch of 502 items
2026-02-21T02:40:06.064Z [svc-billing-1] processed batch of 18 items
2026-02-21T02:40:06.066Z [svc-notify-0] retrying connection to postgres (attempt 3/3)
2026-02-21T02:40:06.066Z [svc-gateway-3] closed idle connection after 292s
2026-02-21T02:40:06.066Z [svc-queue-3] health check ok
2026-02-21T02:40:06.068Z [svc-notify-0] closed idle connection after 189s
2026-02-21T02:40:06.069Z [svc-cache-1] warning: slow query took 2143ms
2026-02-21T02:40:06.070Z [pytest-xdist] gw4 test_export.py::test_sync_shipment PASSED in 152ms trace=367e719a-90ee-9eca-d9bd-e2ce438bf2b8
2026-02-21T02:40:06.070Z [svc-notify-4] retrying connection to elasticsearch (attempt 2/3)
2026-02-21T02:40:06.071Z [svc-gateway-4] warning: slow query took 2024ms
2026-02-21T02:40:06.073Z [svc-media-2] cache hit rate 95%
2026-02-21T02:40:06.074Z [svc-media-4] processed batch of 10 items
2026-02-21T02:40:06.076Z [svc-cache-0] warning: slow query took 1303ms
2026-02-21T02:40:06.076Z [svc-cache-2] health check ok
2026-02-21T02:40:06.076Z [svc-billing-4] warning: slow query took 1080ms
2026-02-21T02:40:06.078Z [svc-media-3] cache hit rate 88%
2026-02-21T02:40:06.079Z [svc-media-0] health check ok
2026-02-21T02:40:06.081Z [svc-queue-3] cache hit rate 92%
2026-02-21T02:40:06.082Z [svc-search-3] retrying connection to s3 (attempt 2/3)
2026-02-21T02:40:06.082Z [svc-queue-4] cache hit rate 85%
2026-02-21T02:40:06.083Z [svc-cache-0] closed idle connection after 89s
2026-02-21T02:40:06.086Z [svc-auth-4] cache hit rate 90%
2026-02-21T02:40:06.086Z [svc-sched-4] processed batch of 378 items
2026-02-21T02:40:06.087Z [svc-db-3] retrying connection to vault (attempt 2/3)
2026-02-21T02:40:06.087Z [svc-search-3] cache hit rate 95%
2026-02-21T02:40:06.088Z [pytest-xdist] gw2 test_export.py::test_retry_refund PASSED in 78ms trace=ab28f1e4-b67b-ce52-fdac-331da9d63a7f
2026-02-21T02:40:06.088Z [svc-notify-0] gc pause 47ms, heap 865MB
2026-02-21T02:40:06.095Z [pytest-xdist] gw0 test_import.py::test_create_coupon PASSED in 96ms trace=ca869231-dcd4-6d32-7285-0e671ceb3792
2026-02-21T02:40:06.096Z [svc-db-4] connected to upstream in 12ms
2026-02-21T02:40:06.097Z [svc-sched-0] connected to upstream in 44ms
2026-02-21T02:40:06.098Z [svc-db-0] processed batch of 308 items
2026-02-21T02:40:06.098Z [svc-gateway-0] closed idle connection after 293s
2026-02-21T02:40:06.103Z [svc-sched-2] retrying connection to redis (attempt 3/3)
2026-02-21T02:40:06.104Z [svc-search-0] warning: slow query took 1602ms
2026-02-21T02:40:06.104Z [svc-queue-2] processed batch of 167 items
2026-02-21T02:40:06.108Z [svc-billing-0] cache hit rate 95%
2026-02-21T02:40:06.109Z [svc-auth-2] health check ok
2026-02-21T02:40:06.110Z [svc-cache-4] retrying connection to s3 (attempt 1/3)
2026-02-21T02:40:06.111Z [svc-gateway-1] health check ok
2026-02-21T02:40:06.115Z [pytest-xdist] gw4 test_notify.py::test_list_query PASSED in 9ms trace=dfe1b5e9-cf6f-248a-e6ed-d4f535f9e105
2026-02-21T02:40:06.115Z [svc-db-3] health check ok
2026-02-21T02:40:06.115Z [svc-notify-0] gc pause 78ms, heap 640MB
2026-02-21T02:40:06.115Z [svc-notify-2] retrying connection to kafka (attempt 1/3)
2026-02-21T02:40:06.117Z [svc-search-3] closed idle connection after 231s
2026-02-21T02:40:06.118Z [svc-auth-2] closed idle connection after 168s
2026-02-21T02:40:06.118Z [svc-notify-0] closed idle connection after 303s
2026-02-21T02:40:06.120Z [svc-auth-1] closed idle connection after 54s
2026-02-21T02:40:06.120Z [svc-db-2] cache hit rate 90%
2026-02-21T02:40:06.120Z [svc-billing-2] connected to upstream in 55ms
2026-02-21T02:40:06.121Z [svc-search-0] processed batch of 422 items
2026-02-21T02:40:06.121Z [svc-media-1] processed batch of 157 items
2026-02-21T02:40:06.122Z [svc-auth-0] warning: slow query took 1987ms
2026-02-21T02:40:06.123Z [svc-notify-4] closed idle connection after 93s
2026-02-21T02:40:06.125Z [svc-search-1] health check ok
2026-02-21T02:40:06.125Z [svc-notify-4] health check ok
2026-02-21T02:40:06.127Z [pytest-xdist] gw0 test_queue.py::test_reconcile_invoice PASSED in 54ms trace=d9fa7212-829e-613c-3dcd-c37efa5c04d9
2026-02-21T02:40:06.127Z [svc-db-2] closed idle connection after 239s
2026-02-21T02:40:06.127Z [svc-media-4] warning: slow query took 1839ms
2026-02-21T02:40:06.128Z [svc-cache-3] cache hit rate 90%
2026-02-21T02:40:06.131Z [svc-db-1] health check ok
2026-02-21T02:40:06.132Z [svc-sched-2] cache hit rate 85%
2026-02-21T02:40:06.133Z [svc-billing-2] warning: slow query took 1944ms
2026-02-21T02:40:06.133Z [svc-gateway-1] retrying connection to kafka (attempt 3/3)
2026-02-21T02:40:06.133Z [svc-sched-2] processed batch of 230 items
2026-02-21T02:40:06.134Z [svc-search-0] health check ok
2026-02-21T02:40:06.135Z [svc-media-0] cache hit rate 90%
2026-02-21T02:40:06.138Z [svc-search-4] health check ok
2026-02-21T02:40:06.140Z [svc-auth-4] processed batch of 141 items
2026-02-21T02:40:06.141Z [svc-gateway-2] retrying connection to s3 (attempt 1/3)
2026-02-21T02:40:06.141Z [svc-sched-1] warning: slow query took 419ms
2026-02-21T02:40:06.143Z [svc-media-1] gc pause 40ms, heap 256MB
2026-02-21T02:40:06.143Z [svc-sched-3] health check ok
2026-02-21T02:40:06.144Z [pytest-xdist] gw3 test_webhooks.py::test_retry_invoice PASSED in 86ms trace=74ce2f8b-27ea-844a-076f-5a9d84cc50a7
2026-02-21T02:40:06.144Z [svc-notify-3] warning: slow query took 201ms
2026-02-21T02:40:06.145Z [svc-db-4] retrying connection to postgres (attempt 3/3)
2026-02-21T02:40:06.145Z [svc-queue-3] cache hit rate 90%
2026-02-21T02:40:06.146Z [svc-search-3] retrying connection to s3 (attempt 2/3)
2026-02-21T02:40:06.146Z [svc-queue-4] gc pause 72ms, heap 222MB
2026-02-21T02:40:06.147Z [svc-notify-2] connected to upstream in 74ms
2026-02-21T02:40:06.148Z [svc-media-4] health check ok
2026-02-21T02:40:06.149Z [svc-notify-3] gc pause 111ms, heap 412MB
2026-02-21T02:40:06.152Z [svc-sched-0] processed batch of 68 items
2026-02-21T02:40:06.153Z [svc-queue-1] processed batch of 162 items
2026-02-21T02:40:06.154Z [svc-sched-0] warning: slow query took 327ms
2026-02-21T02:40:06.155Z [svc-gateway-4] gc pause 40ms, heap 406MB
2026-02-21T02:40:06.156Z [svc-notify-0] retrying connection to postgres (attempt 1/3)
2026-02-21T02:40:06.156Z [svc-media-3] health check ok
2026-02-21T02:40:06.157Z [svc-billing-1] processed batch of 44 items
2026-02-21T02:40:06.158Z [svc-gateway-0] closed idle connection after 41s
2026-02-21T02:40:06.159Z [svc-notify-4] warning: slow query took 1225ms
2026-02-21T02:40:06.160Z [svc-billing-2] closed idle connection after 327s
2026-02-21T02:40:06.162Z [pytest-xdist] gw5 test_import.py::test_retry_token PASSED in 204ms trace=0a5954c2-8a57-f64d-1b6a-822b2334dfb3
2026-02-21T02:40:06.162Z [svc-sched-1] retrying connection to postgres (attempt 3/3)
2026-02-21T02:40:06.163Z [svc-search-1] connected to upstream in 76ms
2026-02-21T02:40:06.165Z [svc-notify-1] health check ok
2026-02-21T02:40:06.165Z [svc-gateway-3] warning: slow query took 739ms
2026-02-21T02:40:06.170Z [pytest-xdist] gw5 test_users.py::test_list_session PASSED in 213ms trace=9b47eae1-9fd1-d7fb-cae5-bb4f7fb41cfe
2026-02-21T02:40:06.170Z [svc-auth-4] health check ok
2026-02-21T02:40:06.170Z [svc-search-2] processed batch of 258 items
2026-02-21T02:40:06.170Z [svc-notify-0] warning: slow query took 1744ms
2026-02-21T02:40:06.172Z [svc-queue-4] health check ok
2026-02-21T02:40:06.173Z [svc-db-0] retrying connection to kafka (attempt 3/3)
2026-02-21T02:40:06.173Z [svc-queue-4] gc pause 122ms, heap 375MB
2026-02-21T02:40:06.174Z [svc-media-4] health check ok
2026-02-21T02:40:06.175Z [svc-sched-4] health check ok
2026-02-21T02:40:06.176Z [svc-queue-2] cache hit rate 92%
2026-02-21T02:40:06.176Z [svc-sched-0] gc pause 88ms, heap 251MB
2026-02-21T02:40:06.178Z [pytest-xdist] gw1 test_billing.py::test_paginate_region PASSED in 113ms trace=540a00ef-6593-94ac-5b05-3c912d827d4f
2026-02-21T02:40:06.182Z [svc-db-0] gc pause 55ms, heap 545MB
2026-02-21T02:40:06.183Z [pytest-xdist] gw4 test_import.py::test_reconcile_subscription PASSED in 149ms trace=22206cd9-df84-0067-a690-4170af4d882a
2026-02-21T02:40:06.184Z [svc-auth-3] health check ok
2026-02-21T02:40:06.184Z [svc-cache-4] processed batch of 346 items
2026-02-21T02:40:06.185Z [svc-cache-2] closed idle connection after 275s
2026-02-21T02:40:06.185Z [svc-notify-1] closed idle connection after 91s
2026-02-21T02:40:06.189Z [svc-auth-2] retrying connection to postgres (attempt 3/3)
2026-02-21T02:40:06.191Z [svc-queue-2] gc pause 73ms, heap 676MB
2026-02-21T02:40:06.194Z [pytest-xdist] gw5 test_media.py::test_list_attachment PASSED in 118ms trace=543dd57e-015a-6336-8cb5-32b3f45eca47
2026-02-21T02:40:06.196Z [svc-billing-4] retrying connection to vault (attempt 3/3)
2026-02-21T02:40:06.196Z [svc-notify-4] cache hit rate 88%
2026-02-21T02:40:06.198Z [svc-notify-1] connected to upstream in 31ms
2026-02-21T02:40:06.198Z [svc-media-0] gc pause 119ms, heap 682MB
2026-02-21T02:40:06.199Z [pytest-xdist] gw4 test_search.py::test_validate_invoice PASSED in 144ms trace=fa467c34-200b-0155-2d17-3d0970b4e9af
2026-02-21T02:40:06.199Z [svc-billing-3] connected to upstream in 48ms
2026-02-21T02:40:06.204Z [svc-billing-2] warning: slow query took 2024ms
2026-02-21T02:40:06.205Z [svc-auth-4] warning: slow query took 668ms
2026-02-21T02:40:06.205Z [svc-db-0] health check ok
2026-02-21T02:40:06.205Z [svc-gateway-0] closed idle connection after 145s
2026-02-21T02:40:06.206Z [svc-cache-0] retrying connection to vault (attempt 3/3)
2026-02-21T02:40:06.207Z [svc-media-2] gc pause 88ms, heap 999MB
2026-02-21T02:40:06.210Z [svc-search-3] processed batch of 500 items
2026-02-21T02:40:06.212Z [svc-auth-0] connected to upstream in 43ms
2026-02-21T02:40:06.213Z [svc-search-0] closed idle connection after 142s
2026-02-21T02:40:06.214Z [pytest-xdist] gw0 test_queue.py::test_retry_query PASSED in 201ms trace=20da5227-12ee-8a43-0716-941abc28436b
2026-02-21T02:40:06.214Z [svc-billing-2] connected to upstream in 33ms
2026-02-21T02:40:06.216Z [svc-billing-2] closed idle connection after 258s
2026-02-21T02:40:06.216Z [svc-notify-0] closed idle connection after 323s
2026-02-21T02:40:06.217Z [svc-auth-0] closed idle connection after 236s
2026-02-21T02:40:06.217Z [svc-search-1] gc pause 39ms, heap 640MB
2026-02-21T02:40:06.217Z [svc-sched-3] gc pause 19ms, heap 242MB
2026-02-21T02:40:06.218Z [svc-gateway-0] health check ok
2026-02-21T02:40:06.221Z [svc-queue-1] retrying connection to postgres (attempt 2/3)
2026-02-21T02:40:06.222Z [svc-search-1] warning: slow query took 1559ms
2026-02-21T02:40:06.224Z [svc-sched-2] closed idle connection after 215s
2026-02-21T02:40:06.229Z [svc-sched-3] gc pause 104ms, heap 406MB
2026-02-21T02:40:06.230Z [svc-media-1] warning: slow query took 945ms
2026-02-21T02:40:06.231Z [svc-queue-3] retrying connection to kafka (attempt 1/3)
2026-02-21T02:40:06.232Z [svc-billing-0] retrying connection to redis (attempt 2/3)
2026-02-21T02:40:06.232Z [svc-notify-3] cache hit rate 95%
2026-02-21T02:40:06.234Z [pytest-xdist] gw0 test_media.py::test_validate_shipment PASSED in 122ms trace=b06e0b07-4c2b-56bb-7c60-c9805cd763ba
2026-02-21T02:40:06.238Z [svc-db-2] connected to upstream in 21ms
2026-02-21T02:40:06.240Z [pytest-xdist] gw1 test_search.py::test_delete_index PASSED in 54ms trace=bdf55069-8879-a967-814f-a7b01c02bd4d
2026-02-21T02:40:06.241Z [svc-db-3] gc pause 96ms, heap 845MB
2026-02-21T02:40:06.242Z [svc-db-1] processed batch of 118 items
2026-02-21T02:40:06.243Z [svc-billing-2] processed batch of 36 items
2026-02-21T02:40:06.243Z [svc-gateway-2] cache hit rate 90%
2026-02-21T02:40:06.243Z [svc-queue-3] closed idle connection after 145s
2026-02-21T02:40:06.248Z [svc-auth-3] warning: slow query took 458ms
2026-02-21T02:40:06.248Z [svc-notify-3] closed idle connection after 256s
2026-02-21T02:40:06.249Z [svc-cache-2] processed batch of 233 items
2026-02-21T02:40:06.249Z [svc-cache-4] closed idle connection after 84s
2026-02-21T02:40:06.249Z [svc-notify-0] retrying connection to postgres (attempt 1/3)
2026-02-21T02:40:06.249Z [svc-gateway-3] health check ok
2026-02-21T02:40:06.250Z [svc-notify-0] retrying connection to postgres (attempt 1/3)
2026-02-21T02:40:06.251Z [svc-media-3] closed idle connection after 43s
2026-02-21T02:40:06.251Z [svc-queue-3] retrying connection to kafka (attempt 2/3)
2026-02-21T02:40:06.254Z [svc-notify-2] cache hit rate 92%
2026-02-21T02:40:06.254Z [svc-sched-0] gc pause 104ms, heap 394MB
2026-02-21T02:40:06.256Z [svc-notify-1] retrying connection to redis (attempt 3/3)
2026-02-21T02:40:06.256Z [svc-gateway-3] connected to upstream in 71ms
2026-02-21T02:40:06.257Z [svc-auth-3] retrying connection to redis (attempt 2/3)
2026-02-21T02:40:06.258Z [svc-db-3] health check ok
2026-02-21T02:40:06.258Z [svc-gateway-2] warning: slow query took 815ms
2026-02-21T02:40:06.259Z [pytest-xdist] gw5 test_billing.py::test_expire_session PASSED in 43ms trace=df4ed705-5b97-7dc5-7855-e0964ec384d2
2026-02-21T02:40:06.259Z [svc-auth-0] processed batch of 246 items
2026-02-21T02:40:06.262Z [pytest-xdist] gw1 test_payments.py::test_render_session PASSED in 109ms trace=e0c0a296-2c35-1d61-8021-af6935fe2514
2026-02-21T02:40:06.262Z [svc-billing-0] cache hit rate 95%
2026-02-21T02:40:06.263Z [svc-auth-2] cache hit rate 90%
2026-02-21T02:40:06.265Z [svc-db-3] cache hit rate 88%
2026-02-21T02:40:06.265Z [svc-db-3] warning: slow query took 2039ms
2026-02-21T02:40:06.266Z [svc-queue-0] cache hit rate 88%
2026-02-21T02:40:06.269Z [svc-auth-1] connected to upstream in 7ms
2026-02-21T02:40:06.271Z [svc-auth-4] retrying connection to kafka (attempt 3/3)
2026-02-21T02:40:06.271Z [svc-db-0] retrying connection to kafka (attempt 3/3)
2026-02-21T02:40:06.272Z [svc-search-3] cache hit rate 85%
2026-02-21T02:40:06.273Z [pytest-xdist] gw2 test_billing.py::test_retry_template PASSED in 183ms trace=ce610c56-38cc-2531-b102-ba2b568c91df
2026-02-21T02:40:06.273Z [svc-search-3] retrying connection to s3 (attempt 1/3)
2026-02-21T02:40:06.274Z [svc-cache-0] closed idle connection after 94s
2026-02-21T02:40:06.276Z [svc-queue-2] gc pause 42ms, heap 692MB
2026-02-21T02:40:06.276Z [svc-queue-4] gc pause 106ms, heap 807MB
2026-02-21T02:40:06.278Z [pytest-xdist] gw4 test_gateway.py::test_authorize_refund PASSED in 231ms trace=ab86a785-7667-c548-9762-c615d6f11452
2026-02-21T02:40:06.278Z [svc-billing-4] warning: slow query took 1638ms
2026-02-21T02:40:06.279Z [svc-billing-2] connected to upstream in 62ms
2026-02-21T02:40:06.281Z [pytest-xdist] gw4 test_webhooks.py::test_render_template PASSED in 60ms trace=a5fbb122-4d13-f39d-b284-42cabae5249e
2026-02-21T02:40:06.281Z [svc-db-2] gc pause 33ms, heap 441MB
2026-02-21T02:40:06.281Z [svc-billing-1] warning: slow query took 1495ms
2026-02-21T02:40:06.281Z [svc-search-3] retrying connection to s3 (attempt 3/3)
2026-02-21T02:40:06.281Z [svc-sched-0] warning: slow query took 1470ms
2026-02-21T02:40:06.281Z [svc-sched-1] connected to upstream in 84ms
2026-02-21T02:40:06.283Z [svc-gateway-4] closed idle connection after 307s
2026-02-21T02:40:06.284Z [svc-db-2] connected to upstream in 15ms
2026-02-21T02:40:06.286Z [svc-queue-3] warning: slow query took 377ms
2026-02-21T02:40:06.287Z [svc-auth-0] closed idle connection after 209s
2026-02-21T02:40:06.288Z [svc-auth-2] retrying connection to postgres (attempt 3/3)
2026-02-21T02:40:06.289Z [svc-db-4] processed batch of 28 items
2026-02-21T02:40:06.292Z [svc-cache-2] gc pause 98ms, heap 603MB
2026-02-21T02:40:06.292Z [svc-media-0] closed idle connection after 309s
2026-02-21T02:40:06.293Z [svc-auth-0] warning: slow query took 1649ms
2026-02-21T02:40:06.293Z [svc-gateway-0] connected to upstream in 76ms
2026-02-21T02:40:06.294Z [svc-cache-4] gc pause 121ms, heap 791MB
2026-02-21T02:40:06.294Z [svc-media-1] retrying connection to postgres (attempt 2/3)
2026-02-21T02:40:06.297Z [pytest-xdist] gw2 test_auth.py::test_create_quota PASSED in 210ms trace=e45eafd7-5ece-7542-621c-0614d19b0e02
2026-02-21T02:40:06.297Z [svc-search-4] health check ok
2026-02-21T02:40:06.297Z [svc-gateway-1] connected to upstream in 64ms
2026-02-21T02:40:06.298Z [svc-cache-2] gc pause 94ms, heap 532MB
2026-02-21T02:40:06.299Z [svc-notify-3] retrying connection to s3 (attempt 1/3)
2026-02-21T02:40:06.300Z [svc-cache-3] gc pause 80ms, heap 809MB
2026-02-21T02:40:06.300Z [svc-billing-4] cache hit rate 95%
2026-02-21T02:40:06.302Z [svc-db-0] retrying connection to kafka (attempt 2/3)
2026-02-21T02:40:06.303Z [svc-media-2] health check ok
2026-02-21T02:40:06.305Z [svc-cache-2] retrying connection to redis (attempt 2/3)
2026-02-21T02:40:06.305Z [svc-gateway-4] retrying connection to vault (attempt 2/3)
2026-02-21T02:40:06.306Z [svc-cache-3] closed idle connection after 150s
2026-02-21T02:40:06.306Z [svc-search-0] cache hit rate 90%
2026-02-21T02:40:06.307Z [pytest-xdist] gw1 test_orders.py::test_update_session PASSED in 63ms trace=03d1e087-2a28-97ea-6d89-bcbfd7428523
2026-02-21T02:40:06.308Z [svc-queue-1] cache hit rate 90%
2026-02-21T02:40:06.312Z [svc-db-1] retrying connection to s3 (attempt 1/3)
2026-02-21T02:40:06.312Z [svc-billing-1] warning: slow query took 1113ms
2026-02-21T02:40:06.312Z [svc-billing-4] warning: slow query took 837ms
2026-02-21T02:40:06.314Z [svc-gateway-2] retrying connection to s3 (attempt 3/3)
2026-02-21T02:40:06.315Z [svc-sched-4] retrying connection to s3 (attempt 3/3)
2026-02-21T02:40:06.317Z [svc-sched-3] warning: slow query took 1706ms
2026-02-21T02:40:06.317Z [svc-sched-4] warning: slow query took 252ms
2026-02-21T02:40:06.318Z [svc-gateway-3] retrying connection to elasticsearch (attempt 2/3)
2026-02-21T02:40:06.324Z [svc-billing-1] cache hit rate 95%
2026-02-21T02:40:06.325Z [pytest-xdist] gw2 test_auth.py::test_list_shipment PASSED in 113ms trace=cc1e3de5-fac9-94c9-1d05-9cc68c1f00db
2026-02-21T02:40:06.325Z [svc-cache-4] connected to upstream in 76ms
2026-02-21T02:40:06.325Z [svc-db-4] gc pause 58ms, heap 593MB
2026-02-21T02:40:06.325Z [svc-notify-3] processed batch of 480 items
2026-02-21T02:40:06.327Z [svc-auth-1] cache hit rate 85%
2026-02-21T02:40:06.327Z [svc-billing-3] processed batch of 17 items
2026-02-21T02:40:06.327Z [svc-gateway-3] retrying connection to elasticsearch (attempt 1/3)
2026-02-21T02:40:06.328Z [svc-notify-4] health check ok
2026-02-21T02:40:06.329Z [svc-sched-0] warning: slow query took 1208ms
2026-02-21T02:40:06.330Z [svc-gateway-3] gc pause 74ms, heap 667MB
2026-02-21T02:40:06.330Z [svc-queue-0] connected to upstream in 26ms
2026-02-21T02:40:06.331Z [svc-cache-4] processed batch of 161 items
2026-02-21T02:40:06.334Z [svc-sched-3] retrying connection to kafka (attempt 2/3)
2026-02-21T02:40:06.337Z [svc-search-1] health check ok
2026-02-21T02:40:06.338Z [svc-sched-4] health check ok
2026-02-21T02:40:06.339Z [svc-db-0] gc pause 19ms, heap 765MB
2026-02-21T02:40:06.340Z [pytest-xdist] gw4 test_auth.py::test_create_user PASSED in 40ms trace=3aa7c916-70a5-2bf8-ceef-9bfcfb80361b
2026-02-21T02:40:06.342Z [svc-billing-0] retrying connection to redis (attempt 2/3)
2026-02-21T02:40:06.345Z [svc-media-4] closed idle connection after 217s
2026-02-21T02:40:06.346Z [svc-search-2] cache hit rate 95%
2026-02-21T02:40:06.348Z [svc-cache-3] health check ok
2026-02-21T02:40:06.348Z [svc-media-0] closed idle connection after 320s
2026-02-21T02:40:06.348Z [svc-sched-3] retrying connection to kafka (attempt 2/3)
2026-02-21T02:40:06.349Z [svc-auth-0] processed batch of 367 items
2026-02-21T02:40:06.350Z [svc-cache-3] processed batch of 310 items
2026-02-21T02:40:06.351Z [pytest-xdist] gw5 test_notify.py::test_reconcile_invoice PASSED in 205ms trace=8aceb4b7-1416-babb-3180-fed61c137d17
2026-02-21T02:40:06.352Z [svc-auth-4] retrying connection to kafka (attempt 2/3)
2026-02-21T02:40:06.352Z [svc-sched-3] processed batch of 232 items
2026-02-21T02:40:06.353Z [svc-queue-1] warning: slow query took 308ms
2026-02-21T02:40:06.355Z [svc-search-2] closed idle connection after 37s
2026-02-21T02:40:06.357Z [svc-notify-0] retrying connection to postgres (attempt 2/3)
2026-02-21T02:40:06.360Z [svc-queue-2] connected to upstream in 16ms
2026-02-21T02:40:06.361Z [svc-sched-0] processed batch of 362 items
2026-02-21T02:40:06.362Z [pytest-xdist] gw3 test_reports.py::test_parse_shipment PASSED in 180ms trace=9dd831d8-0277-10d2-c683-c16fad02fe2a
2026-02-21T02:40:06.364Z [svc-gateway-1] closed idle connection after 222s
2026-02-21T02:40:06.367Z [pytest-xdist] gw4 test_sched.py::test_cache_region PASSED in 41ms trace=646b7be0-ee71-5a5a-322f-5c00edc4933b
2026-02-21T02:40:06.367Z [svc-gateway-1] warning: slow query took 1273ms
2026-02-21T02:40:06.367Z [svc-media-0] gc pause 71ms, heap 276MB
2026-02-21T02:40:06.368Z [svc-search-3] connected to upstream in 31ms
2026-02-21T02:40:06.369Z [svc-search-2] connected to upstream in 73ms
2026-02-21T02:40:06.369Z [svc-notify-0] processed batch of 132 items
2026-02-21T02:40:06.369Z [svc-sched-1] cache hit rate 88%
2026-02-21T02:40:06.372Z [svc-db-4] processed batch of 280 items
2026-02-21T02:40:06.374Z [svc-db-0] retrying connection to kafka (attempt 3/3)
2026-02-21T02:40:06.374Z [svc-billing-0] cache hit rate 95%
2026-02-21T02:40:06.376Z [svc-cache-3] processed batch of 249 items
2026-02-21T02:40:06.378Z [svc-auth-4] processed batch of 107 items
2026-02-21T02:40:06.378Z [svc-media-1] closed idle connection after 258s
2026-02-21T02:40:06.379Z [pytest-xdist] gw1 test_import.py::test_list_token PASSED in 186ms trace=1d970502-c6a2-bfeb-38a7-d0763a89ed0b
2026-02-21T02:40:06.379Z [svc-sched-3] gc pause 72ms, heap 727MB
2026-02-21T02:40:06.381Z [svc-auth-2] connected to upstream in 77ms
2026-02-21T02:40:06.381Z [svc-cache-2] connected to upstream in 59ms
2026-02-21T02:40:06.381Z [svc-gateway-1] warning: slow query took 1073ms
2026-02-21T02:40:06.381Z [svc-sched-1] processed batch of 347 items
2026-02-21T02:40:06.382Z [svc-queue-3] closed idle connection after 325s
2026-02-21T02:40:06.383Z [svc-search-4] connected to upstream in 57ms
2026-02-21T02:40:06.384Z [svc-billing-2] closed idle connection after 98s
2026-02-21T02:40:06.386Z [svc-notify-2] retrying connection to kafka (attempt 3/3)
2026-02-21T02:40:06.387Z [pytest-xdist] gw5 test_webhooks.py::test_create_quota PASSED in 2ms trace=5e71ffe9-c902-6eb2-c909-84b5cf833657
2026-02-21T02:40:06.389Z [svc-search-2] gc pause 45ms, heap 818MB
2026-02-21T02:40:06.393Z [svc-db-3] closed idle connection after 237s
2026-02-21T02:40:06.393Z [svc-billing-2] retrying connection to s3 (attempt 3/3)
2026-02-21T02:40:06.393Z [svc-notify-1] closed idle connection after 256s
2026-02-21T02:40:06.395Z [pytest-xdist] gw3 test_queue.py::test_retry_attachment PASSED in 166ms trace=c24ba510-b2e6-74c3-268f-14fa8f178995
2026-02-21T02:40:06.398Z [svc-auth-4] gc pause 30ms, heap 129MB
2026-02-21T02:40:06.402Z [svc-auth-4] gc pause 25ms, heap 882MB
2026-02-21T02:40:06.403Z [svc-notify-0] connected to upstream in 82ms
2026-02-21T02:40:06.406Z [svc-cache-0] retrying connection to vault (attempt 3/3)
2026-02-21T02:40:06.406Z [svc-search-2] gc pause 30ms, heap 165MB
2026-02-21T02:40:06.409Z [pytest-xdist] gw2 test_payments.py::test_authorize_subscription PASSED in 175ms trace=237b371f-1c61-4b2f-6453-566ecfb65431
2026-02-21T02:40:06.409Z [svc-gateway-2] cache hit rate 88%
2026-02-21T02:40:06.409Z [svc-media-4] processed batch of 179 items
2026-02-21T02:40:06.412Z [svc-notify-1] processed batch of 280 items
2026-02-21T02:40:06.412Z [svc-sched-3] warning: slow query took 1770ms
2026-02-21T02:40:06.419Z [svc-db-3] health check ok
2026-02-21T02:40:06.423Z [pytest-xdist] gw4 test_reports.py::test_paginate_template PASSED in 28ms trace=d5ea7682-905a-9e67-1a02-77cf7e844cdb
2026-02-21T02:40:06.423Z [svc-sched-4] gc pause 42ms, heap 224MB
2026-02-21T02:40:06.425Z [svc-db-1] connected to upstream in 80ms
2026-02-21T02:40:06.427Z [svc-media-2] warning: slow query took 1876ms
2026-02-21T02:40:06.428Z [svc-search-3] retrying connection to s3 (attempt 2/3)
2026-02-21T02:40:06.433Z [svc-queue-1] retrying connection to postgres (attempt 1/3)
2026-02-21T02:40:06.435Z [svc-gateway-3] health check ok
2026-02-21T02:40:06.436Z [svc-auth-0] health check ok
2026-02-21T02:40:06.436Z [svc-search-2] warning: slow query took 213ms
2026-02-21T02:40:06.438Z [pytest-xdist] gw4 test_media.py::test_authorize_shipment PASSED in 68ms trace=05d3e0cc-d9a6-0c62-6d13-5b9f77edea54
2026-02-21T02:40:06.438Z [svc-billing-0] gc pause 89ms, heap 302MB
2026-02-21T02:40:06.439Z [svc-db-2] processed batch of 163 items
2026-02-21T02:40:06.443Z [svc-gateway-0] health check ok
2026-02-21T02:40:06.443Z [svc-queue-3] connected to upstream in 28ms
2026-02-21T02:40:06.445Z [svc-billing-3] retrying connection to elasticsearch (attempt 3/3)
2026-02-21T02:40:06.450Z [svc-auth-3] health check ok
2026-02-21T02:40:06.450Z [svc-db-1] health check ok
2026-02-21T02:40:06.451Z [svc-db-1] gc pause 65ms, heap 701MB
2026-02-21T02:40:06.451Z [svc-media-1] warning: slow query took 856ms
2026-02-21T02:40:06.453Z [svc-sched-2] health check ok
2026-02-21T02:40:06.458Z [svc-search-3] retrying connection to s3 (attempt 2/3)
2026-02-21T02:40:06.460Z [pytest-xdist] gw4 test_gateway.py::test_reconcile_user PASSED in 156ms trace=2302253c-c4c6-441a-5980-722b613bdb47
2026-02-21T02:40:06.460Z [svc-auth-3] closed idle connection after 307s
2026-02-21T02:40:06.460Z [svc-billing-3] health check ok
2026-02-21T02:40:06.460Z [svc-notify-3] closed idle connection after 66s
2026-02-21T02:40:06.460Z [svc-gateway-3] cache hit rate 85%
2026-02-21T02:40:06.461Z [svc-db-2] cache hit rate 88%
2026-02-21T02:40:06.464Z [svc-sched-3] processed batch of 62 items
2026-02-21T02:40:06.465Z [svc-auth-2] closed idle connection after 283s
2026-02-21T02:40:06.466Z [svc-db-0] connected to upstream in 80ms
2026-02-21T02:40:06.470Z [pytest-xdist] gw2 test_import.py::test_reconcile_query PASSED in 190ms trace=e606ef18-d3d5-310b-d57f-cb13ccede847
2026-02-21T02:40:06.470Z [svc-auth-3] retrying connection to redis (attempt 3/3)
2026-02-21T02:40:06.470Z [svc-auth-4] warning: slow query took 1200ms
2026-02-21T02:40:06.470Z [svc-billing-4] processed batch of 171 items
2026-02-21T02:40:06.470Z [svc-gateway-0] connected to upstream in 49ms
2026-02-21T02:40:06.471Z [svc-gateway-1] retrying connection to kafka (attempt 3/3)
2026-02-21T02:40:06.472Z [svc-cache-2] health check ok
2026-02-21T02:40:06.472Z [svc-billing-4] retrying connection to vault (attempt 1/3)
2026-02-21T02:40:06.472Z [svc-search-1] gc pause 40ms, heap 356MB
2026-02-21T02:40:06.474Z [svc-cache-2] closed idle connection after 40s
2026-02-21T02:40:06.476Z [svc-search-0] cache hit rate 85%
2026-02-21T02:40:06.476Z [svc-queue-4] retrying connection to s3 (attempt 2/3)
2026-02-21T02:40:06.477Z [pytest-xdist] gw2 test_sched.py::test_delete_template PASSED in 61ms trace=852f2af5-b3fb-4f5e-1af2-a1416084a210
2026-02-21T02:40:06.478Z [svc-media-4] retrying connection to s3 (attempt 2/3)
2026-02-21T02:40:06.480Z [svc-sched-0] retrying connection to vault (attempt 3/3)
2026-02-21T02:40:06.481Z [pytest-xdist] gw5 test_sched.py::test_delete_webhook PASSED in 185ms trace=9c2d5e3d-9703-75b0-eb68-8b67e1243f72
2026-02-21T02:40:06.483Z [svc-billing-1] health check ok
2026-02-21T02:40:06.483Z [svc-gateway-4] retrying connection to vault (attempt 2/3)
2026-02-21T02:40:06.485Z [svc-sched-0] processed batch of 196 items
2026-02-21T02:40:06.485Z [svc-sched-3] retrying connection to kafka (attempt 2/3)
2026-02-21T02:40:06.486Z [svc-cache-4] cache hit rate 85%
2026-02-21T02:40:06.487Z [svc-auth-2] connected to upstream in 42ms
2026-02-21T02:40:06.489Z [svc-sched-0] connected to upstream in 33ms
2026-02-21T02:40:06.490Z [svc-billing-1] connected to upstream in 71ms
2026-02-21T02:40:06.490Z [svc-queue-3] retrying connection to kafka (attempt 3/3)
2026-02-21T02:40:06.491Z [pytest-xdist] gw0 test_reports.py::test_delete_coupon PASSED in 137ms trace=f7278526-5a57-3371-ca49-d52bac80f59d
2026-02-21T02:40:06.494Z [svc-queue-3] warning: slow query took 1428ms
2026-02-21T02:40:06.494Z [svc-sched-4] processed batch of 200 items
2026-02-21T02:40:06.497Z [svc-search-0] processed batch of 35 items
2026-02-21T02:40:06.497Z [svc-gateway-4] retrying connection to vault (attempt 2/3)
2026-02-21T02:40:06.497Z [svc-media-0] connected to upstream in 79ms
2026-02-21T02:40:06.498Z [svc-media-4] closed idle connection after 197s
2026-02-21T02:40:06.500Z [svc-media-3] health check ok
2026-02-21T02:40:06.500Z [svc-media-3] gc pause 74ms, heap 428MB
2026-02-21T02:40:06.502Z [svc-gateway-4] processed batch of 246 items
2026-02-21T02:40:06.503Z [svc-cache-2] closed idle connection after 257s
2026-02-21T02:40:06.505Z [svc-media-4] gc pause 10ms, heap 409MB
2026-02-21T02:40:06.506Z [pytest-xdist] gw1 test_users.py::test_delete_index PASSED in 77ms trace=81027336-d59a-5431-9aea-6362bacdc4f9
2026-02-21T02:40:06.506Z [svc-notify-1] connected to upstream in 78ms
2026-02-21T02:40:06.508Z [svc-auth-3] closed idle connection after 200s
2026-02-21T02:40:06.508Z [svc-queue-2] health check ok
2026-02-21T02:40:06.511Z [svc-billing-3] connected to upstream in 77ms
2026-02-21T02:40:06.513Z [svc-db-1] warning: slow query took 1134ms
2026-02-21T02:40:06.514Z [svc-media-1] retrying connection to postgres (attempt 3/3)
2026-02-21T02:40:06.515Z [svc-billing-0] retrying connection to redis (attempt 3/3)
2026-02-21T02:40:06.516Z [svc-sched-1] processed batch of 395 items
2026-02-21T02:40:06.517Z [svc-sched-0] cache hit rate 88%
2026-02-21T02:40:06.519Z [svc-gateway-2] retrying connection to s3 (attempt 2/3)
2026-02-21T02:40:06.521Z [svc-media-1] retrying connection to postgres (attempt 3/3)
2026-02-21T02:40:06.522Z [svc-cache-2] gc pause 64ms, heap 485MB
2026-02-21T02:40:06.522Z [svc-sched-1] processed batch of 156 items
2026-02-21T02:40:06.526Z [pytest-xdist] gw3 test_payments.py::test_retry_webhook PASSED in 126ms trace=0bc1fb0b-f028-cc58-1537-1410f2d0f30a
2026-02-21T02:40:06.528Z [svc-cache-0] health check ok
2026-02-21T02:40:06.529Z [svc-sched-1] connected to upstream in 68ms
2026-02-21T02:40:06.530Z [svc-cache-3] connected to upstream in 11ms
2026-02-21T02:40:06.530Z [svc-queue-2] retrying connection to redis (attempt 3/3)
2026-02-21T02:40:06.531Z [svc-db-3] warning: slow query took 788ms
2026-02-21T02:40:06.532Z [svc-db-4] warning: slow query took 1528ms
2026-02-21T02:40:06.534Z [svc-cache-4] health check ok
2026-02-21T02:40:06.534Z [svc-db-2] retrying connection to elasticsearch (attempt 3/3)
2026-02-21T02:40:06.534Z [svc-billing-4] retrying connection to vault (attempt 3/3)
2026-02-21T02:40:06.536Z [svc-search-1] closed idle connection after 302s
2026-02-21T02:40:06.537Z [svc-notify-1] health check ok
2026-02-21T02:40:06.538Z [svc-gateway-3] closed idle connection after 223s
2026-02-21T02:40:06.539Z [svc-gateway-3] closed idle connection after 237s
2026-02-21T02:40:06.540Z [svc-auth-1] closed idle connection after 272s
2026-02-21T02:40:06.540Z [svc-auth-4] cache hit rate 88%
2026-02-21T02:40:06.540Z [svc-search-2] warning: slow query took 1004ms
2026-02-21T02:40:06.543Z [svc-search-2] processed batch of 30 items
2026-02-21T02:40:06.545Z [pytest-xdist] gw1 test_payments.py::test_expire_session PASSED in 132ms trace=21fe5bf4-4966-4a6a-7328-1e148dbcb738
2026-02-21T02:40:06.546Z [svc-db-1] retrying connection to s3 (attempt 3/3)
2026-02-21T02:40:06.548Z [svc-auth-3] connected to upstream in 80ms
2026-02-21T02:40:06.549Z [svc-media-2] retrying connection to redis (attempt 1/3)
2026-02-21T02:40:06.553Z [svc-notify-4] gc pause 48ms, heap 456MB
2026-02-21T02:40:06.555Z [svc-billing-2] gc pause 98ms, heap 251MB
2026-02-21T02:40:06.557Z [svc-notify-3] connected to upstream in 32ms
2026-02-21T02:40:06.559Z [svc-search-1] processed batch of 241 items
2026-02-21T02:40:06.561Z [svc-notify-2] cache hit rate 88%
2026-02-21T02:40:06.561Z [svc-media-4] connected to upstream in 8ms
2026-02-21T02:40:06.562Z [svc-sched-4] retrying connection to s3 (attempt 3/3)
2026-02-21T02:40:06.563Z [svc-media-3] closed idle connection after 245s
2026-02-21T02:40:06.567Z [pytest-xdist] gw0 test_gateway.py::test_expire_attachment PASSED in 189ms trace=b7c57fb1-e18f-514b-1d9f-8c2755ae4760
2026-02-21T02:40:06.571Z [svc-auth-1] closed idle connection after 50s
2026-02-21T02:40:06.571Z [svc-billing-1] closed idle connection after 127s
2026-02-21T02:40:06.573Z [svc-media-2] connected to upstream in 26ms
2026-02-21T02:40:06.573Z [svc-sched-2] retrying connection to redis (attempt 3/3)
2026-02-21T02:40:06.574Z [svc-queue-1] retrying connection to postgres (attempt 3/3)
2026-02-21T02:40:06.574Z [svc-queue-4] cache hit rate 88%
2026-02-21T02:40:06.575Z [svc-billing-4] retrying connection to vault (attempt 2/3)
2026-02-21T02:40:06.575Z [svc-search-3] retrying connection to s3 (attempt 3/3)
2026-02-21T02:40:06.575Z [svc-media-0] closed idle connection after 213s
2026-02-21T02:40:06.575Z [svc-media-2] retrying connection to redis (attempt 3/3)
2026-02-21T02:40:06.577Z [svc-auth-4] health check ok
2026-02-21T02:40:06.578Z [svc-cache-1] closed idle connection after 123s
2026-02-21T02:40:06.578Z [svc-media-1] warning: slow query took 344ms
2026-02-21T02:40:06.580Z [svc-cache-4] processed batch of 256 items
2026-02-21T02:40:06.580Z [svc-db-4] processed batch of 453 items
2026-02-21T02:40:06.580Z [svc-media-2] processed batch of 381 items
2026-02-21T02:40:06.581Z [svc-sched-0] closed idle connection after 283s
2026-02-21T02:40:06.582Z [svc-cache-2] closed idle connection after 323s
2026-02-21T02:40:06.583Z [svc-notify-2] processed batch of 24 items
2026-02-21T02:40:06.583Z [svc-media-4] connected to upstream in 79ms
2026-02-21T02:40:06.583Z [svc-queue-4] cache hit rate 92%
2026-02-21T02:40:06.585Z [svc-billing-1] health check ok
2026-02-21T02:40:06.586Z [svc-search-2] retrying connection to kafka (attempt 2/3)
2026-02-21T02:40:06.586Z [svc-media-1] cache hit rate 90%
2026-02-21T02:40:06.587Z [svc-notify-0] warning: slow query took 1828ms
2026-02-21T02:40:06.588Z [pytest-xdist] gw4 test_billing.py::test_notify_subscription PASSED in 232ms trace=c7bc4bf9-2d1f-9d0e-47ef-ea1e83b303f5
2026-02-21T02:40:06.588Z [svc-media-4] warning: slow query took 1430ms
2026-02-21T02:40:06.590Z [svc-media-0] health check ok
2026-02-21T02:40:06.591Z [svc-auth-2] gc pause 52ms, heap 316MB
2026-02-21T02:40:06.592Z [svc-notify-1] health check ok
2026-02-21T02:40:06.595Z [svc-gateway-3] closed idle connection after 209s
2026-02-21T02:40:06.596Z [svc-cache-4] closed idle connection after 246s
2026-02-21T02:40:06.596Z [svc-search-1] connected to upstream in 80ms
2026-02-21T02:40:06.596Z [svc-sched-1] processed batch of 147 items
2026-02-21T02:40:06.598Z [svc-media-4] retrying connection to s3 (attempt 3/3)
2026-02-21T02:40:06.601Z [svc-db-2] closed idle connection after 205s
2026-02-21T02:40:06.604Z [svc-search-2] processed batch of 151 items
2026-02-21T02:40:06.605Z [svc-media-3] health check ok
2026-02-21T02:40:06.606Z [pytest-xdist] gw2 test_search.py::test_reconcile_region PASSED in 244ms trace=e0c5d6bd-6d8d-234a-fe79-8810ff4deb94
2026-02-21T02:40:06.606Z [svc-db-2] gc pause 98ms, heap 369MB
2026-02-21T02:40:06.608Z [svc-search-3] connected to upstream in 76ms
2026-02-21T02:40:06.610Z [svc-media-4] processed batch of 287 items
2026-02-21T02:40:06.611Z [svc-notify-1] processed batch of 149 items
2026-02-21T02:40:06.613Z [svc-billing-0] connected to upstream in 6ms
2026-02-21T02:40:06.613Z [svc-media-0] warning: slow query took 953ms
2026-02-21T02:40:06.613Z [svc-queue-2] gc pause 35ms, heap 605MB
2026-02-21T02:40:06.614Z [svc-search-0] health check ok
2026-02-21T02:40:06.615Z [svc-queue-3] closed idle connection after 99s
2026-02-21T02:40:06.618Z [svc-sched-1] retrying connection to postgres (attempt 1/3)
2026-02-21T02:40:06.621Z [svc-auth-1] connected to upstream in 72ms
2026-02-21T02:40:06.621Z [svc-auth-3] retrying connection to redis (attempt 3/3)
2026-02-21T02:40:06.621Z [svc-notify-0] warning: slow query took 206ms
2026-02-21T02:40:06.621Z [svc-gateway-0] closed idle connection after 250s
2026-02-21T02:40:06.622Z [svc-billing-3] health check ok
2026-02-21T02:40:06.622Z [svc-sched-2] health check ok
2026-02-21T02:40:06.622Z [svc-sched-4] connected to upstream in 71ms
2026-02-21T02:40:06.625Z [svc-cache-1] health check ok
2026-02-21T02:40:06.626Z [svc-search-0] gc pause 27ms, heap 292MB
2026-02-21T02:40:06.626Z [svc-media-3] processed batch of 378 items
2026-02-21T02:40:06.627Z [pytest-xdist] gw4 test_import.py::test_paginate_invoice PASSED in 71ms trace=0dbf4f61-8677-9cfd-b81c-c6d5d7099f9e
2026-02-21T02:40:06.627Z [svc-notify-3] warning: slow query took 1132ms
2026-02-21T02:40:06.628Z [svc-db-1] cache hit rate 90%
2026-02-21T02:40:06.629Z [svc-media-2] gc pause 103ms, heap 663MB
2026-02-21T02:40:06.629Z [svc-queue-4] connected to upstream in 38ms
2026-02-21T02:40:06.630Z [svc-cache-1] health check ok
2026-02-21T02:40:06.630Z [svc-media-4] processed batch of 130 items
2026-02-21T02:40:06.630Z [svc-queue-2] closed idle connection after 127s
2026-02-21T02:40:06.631Z [svc-notify-4] gc pause 119ms, heap 134MB
2026-02-21T02:40:06.632Z [svc-sched-1] closed idle connection after 100s
2026-02-21T02:40:06.633Z [pytest-xdist] gw3 test_import.py::test_parse_user PASSED in 239ms trace=cd0ded61-3ff3-8b37-a7ae-f822570a636c
2026-02-21T02:40:06.633Z [svc-auth-1] gc pause 124ms, heap 149MB
2026-02-21T02:40:06.633Z [svc-media-0] processed batch of 220 items
2026-02-21T02:40:06.634Z [svc-billing-3] retrying connection to elasticsearch (attempt 3/3)
2026-02-21T02:40:06.637Z [svc-billing-2] retrying connection to s3 (attempt 2/3)
2026-02-21T02:40:06.638Z [svc-sched-1] retrying connection to postgres (attempt 3/3)
2026-02-21T02:40:06.641Z [svc-cache-2] closed idle connection after 166s
2026-02-21T02:40:06.641Z [svc-sched-2] gc pause 56ms, heap 156MB
2026-02-21T02:40:06.642Z [svc-media-0] retrying connection to vault (attempt 2/3)
2026-02-21T02:40:06.643Z [svc-gateway-0] closed idle connection after 134s
2026-02-21T02:40:06.644Z [svc-cache-4] retrying connection to s3 (attempt 2/3)
2026-02-21T02:40:06.646Z [svc-auth-3] connected to upstream in 6ms
2026-02-21T02:40:06.647Z [svc-cache-0] health check ok
2026-02-21T02:40:06.649Z [svc-billing-2] gc pause 55ms, heap 728MB
2026-02-21T02:40:06.650Z [pytest-xdist] gw2 test_sched.py::test_sync_coupon PASSED in 157ms trace=7a05aaa9-78be-43d9-809e-f405cb057b94
2026-02-21T02:40:06.651Z [svc-cache-3] gc pause 38ms, heap 216MB
2026-02-21T02:40:06.652Z [svc-notify-2] cache hit rate 85%
2026-02-21T02:40:06.653Z [svc-db-3] retrying connection to vault (attempt 1/3)
2026-02-21T02:40:06.654Z [pytest-xdist] gw1 test_webhooks.py::test_delete_shipment PASSED in 30ms trace=d4115782-8e6e-0b2a-470c-332f3406bce8
2026-02-21T02:40:06.654Z [svc-notify-4] cache hit rate 90%
2026-02-21T02:40:06.655Z [svc-db-0] warning: slow query took 1698ms
2026-02-21T02:40:06.655Z [svc-db-4] health check ok
2026-02-21T02:40:06.656Z [svc-billing-1] retrying connection to kafka (attempt 2/3)
2026-02-21T02:40:06.656Z [svc-gateway-2] gc pause 80ms, heap 882MB
2026-02-21T02:40:06.657Z [svc-notify-3] warning: slow query took 2062ms
2026-02-21T02:40:06.659Z [svc-billing-2] retrying connection to s3 (attempt 2/3)
2026-02-21T02:40:06.660Z [svc-billing-1] health check ok
2026-02-21T02:40:06.660Z [svc-queue-3] retrying connection to kafka (attempt 2/3)
2026-02-21T02:40:06.661Z [svc-queue-1] retrying connection to postgres (attempt 2/3)
2026-02-21T02:40:06.662Z [svc-queue-3] gc pause 26ms, heap 201MB
2026-02-21T02:40:06.667Z [svc-sched-2] closed idle connection after 265s
2026-02-21T02:40:06.668Z [pytest-xdist] gw5 test_users.py::test_expire_region PASSED in 229ms trace=cb8a86e0-6511-a50d-58a3-0c1082a3fc47
2026-02-21T02:40:06.668Z [svc-notify-2] retrying connection to kafka (attempt 1/3)
2026-02-21T02:40:06.669Z [svc-search-0] warning: slow query took 1222ms
2026-02-21T02:40:06.670Z [svc-search-0] connected to upstream in 37ms
2026-02-21T02:40:06.672Z [svc-auth-2] cache hit rate 95%
2026-02-21T02:40:06.672Z [svc-search-1] retrying connection to redis (attempt 2/3)
2026-02-21T02:40:06.673Z [svc-gateway-3] connected to upstream in 37ms
2026-02-21T02:40:06.673Z [svc-queue-2] retrying connection to redis (attempt 3/3)
2026-02-21T02:40:06.675Z [svc-media-2] retrying connection to redis (attempt 2/3)
2026-02-21T02:40:06.676Z [svc-billing-0] closed idle connection after 166s
2026-02-21T02:40:06.677Z [svc-gateway-0] retrying connection to redis (attempt 2/3)
2026-02-21T02:40:06.679Z [svc-cache-0] connected to upstream in 19ms
2026-02-21T02:40:06.679Z [svc-db-4] processed batch of 439 items
2026-02-21T02:40:06.681Z [svc-queue-2] retrying connection to redis (attempt 1/3)
2026-02-21T02:40:06.681Z [svc-queue-2] gc pause 31ms, heap 311MB
2026-02-21T02:40:06.682Z [svc-sched-4] closed idle connection after 118s
2026-02-21T02:40:06.683Z [svc-cache-2] retrying connection to redis (attempt 2/3)
2026-02-21T02:40:06.684Z [svc-billing-4] processed batch of 278 items
2026-02-21T02:40:06.684Z [svc-sched-4] health check ok
2026-02-21T02:40:06.685Z [svc-db-0] warning: slow query took 1859ms
2026-02-21T02:40:06.685Z [svc-search-1] retrying connection to redis (attempt 2/3)
2026-02-21T02:40:06.685Z [svc-notify-1] warning: slow query took 1038ms
2026-02-21T02:40:06.687Z [pytest-xdist] gw4 test_reports.py::test_parse_session PASSED in 205ms trace=cc286979-41c8-9ee7-bfef-5a0832b9532c
2026-02-21T02:40:06.687Z [svc-queue-1] processed batch of 89 items
2026-02-21T02:40:06.689Z [svc-auth-4] warning: slow query took 519ms
2026-02-21T02:40:06.690Z [svc-auth-4] connected to upstream in 39ms
2026-02-21T02:40:06.690Z [svc-cache-4] warning: slow query took 1804ms
2026-02-21T02:40:06.693Z [svc-media-2] processed batch of 387 items
2026-02-21T02:40:06.695Z [svc-notify-3] retrying connection to s3 (attempt 1/3)
2026-02-21T02:40:06.696Z [svc-search-4] gc pause 16ms, heap 456MB
2026-02-21T02:40:06.697Z [svc-notify-3] cache hit rate 90%
2026-02-21T02:40:06.698Z [pytest-xdist] gw2 test_billing.py::test_update_session PASSED in 43ms trace=a5597c8f-c69a-16fa-6cf3-ca40fcf0b4f8
2026-02-21T02:40:06.698Z [svc-search-1] gc pause 80ms, heap 753MB
2026-02-21T02:40:06.699Z [svc-db-0] health check ok
2026-02-21T02:40:06.700Z [svc-cache-0] retrying connection to vault (attempt 2/3)
2026-02-21T02:40:06.701Z [svc-sched-1] cache hit rate 88%
2026-02-21T02:40:06.701Z [svc-sched-3] gc pause 45ms, heap 277MB
2026-02-21T02:40:06.703Z [svc-cache-1] warning: slow query took 1756ms
2026-02-21T02:40:06.703Z [svc-billing-4] connected to upstream in 69ms
2026-02-21T02:40:06.704Z [svc-cache-0] warning: slow query took 1940ms
2026-02-21T02:40:06.704Z [svc-db-1] retrying connection to s3 (attempt 2/3)
2026-02-21T02:40:06.707Z [svc-billing-0] closed idle connection after 229s
2026-02-21T02:40:06.708Z [svc-search-0] gc pause 92ms, heap 149MB
2026-02-21T02:40:06.708Z [svc-media-1] closed idle connection after 215s
2026-02-21T02:40:06.709Z [svc-db-3] closed idle connection after 251s
2026-02-21T02:40:06.711Z [pytest-xdist] gw5 test_notify.py::test_retry_subscription PASSED in 140ms trace=429035e9-1e53-da6d-dfff-76ef4c5c24ce
2026-02-21T02:40:06.714Z [svc-notify-2] processed batch of 395 items
2026-02-21T02:40:06.715Z [svc-media-1] connected to upstream in 11ms
2026-02-21T02:40:06.716Z [pytest-xdist] gw1 test_orders.py::test_paginate_index PASSED in 154ms trace=5dfb4501-9a21-d84d-2ade-e99a9317fd1f
2026-02-21T02:40:06.718Z [svc-billing-2] warning: slow query took 367ms
2026-02-21T02:40:06.718Z [svc-search-0] gc pause 96ms, heap 680MB
2026-02-21T02:40:06.721Z [pytest-xdist] gw1 test_billing.py::test_sync_session PASSED in 246ms trace=de4825d1-a4b8-ceb8-1648-399ddaf5401b
2026-02-21T02:40:06.721Z [svc-queue-2] retrying connection to redis (attempt 1/3)
2026-02-21T02:40:06.722Z [svc-search-4] retrying connection to elasticsearch (attempt 1/3)
2026-02-21T02:40:06.724Z [pytest-xdist] gw2 test_search.py::test_paginate_shipment PASSED in 111ms trace=789f3218-b99d-7a02-86b6-41aa67a38205
2026-02-21T02:40:06.724Z [svc-cache-4] cache hit rate 85%
2026-02-21T02:40:06.724Z [svc-sched-2] cache hit rate 95%
2026-02-21T02:40:06.725Z [svc-cache-3] closed idle connection after 230s
2026-02-21T02:40:06.726Z [svc-auth-3] processed batch of 387 items
2026-02-21T02:40:06.726Z [svc-sched-2] gc pause 37ms, heap 880MB
2026-02-21T02:40:06.728Z [svc-cache-1] gc pause 35ms, heap 454MB
2026-02-21T02:40:06.728Z [svc-media-4] processed batch of 337 items
2026-02-21T02:40:06.729Z [svc-auth-4] connected to upstream in 80ms
2026-02-21T02:40:06.730Z [svc-cache-0] retrying connection to vault (attempt 3/3)
2026-02-21T02:40:06.730Z [svc-billing-0] processed batch of 54 items
2026-02-21T02:40:06.732Z [svc-sched-3] warning: slow query took 2180ms
2026-02-21T02:40:06.734Z [svc-billing-4] health check ok
2026-02-21T02:40:06.734Z [svc-notify-2] cache hit rate 95%
2026-02-21T02:40:06.734Z [svc-queue-3] closed idle connection after 161s
2026-02-21T02:40:06.734Z [svc-sched-3] retrying connection to kafka (attempt 2/3)
2026-02-21T02:40:06.735Z [svc-search-0] retrying connection to postgres (attempt 3/3)
2026-02-21T02:40:06.736Z [svc-db-2] health check ok
2026-02-21T02:40:06.736Z [svc-gateway-2] warning: slow query took 1431ms
2026-02-21T02:40:06.738Z [svc-auth-2] warning: slow query took 1478ms
2026-02-21T02:40:06.738Z [svc-cache-1] health check ok
2026-02-21T02:40:06.738Z [svc-cache-1] retrying connection to postgres (attempt 3/3)
2026-02-21T02:40:06.740Z [svc-sched-0] warning: slow query took 347ms
2026-02-21T02:40:06.741Z [pytest-xdist] gw1 test_payments.py::test_paginate_attachment PASSED in 7ms trace=564454fe-5530-b9d4-584e-8f4e4e5b65aa
2026-02-21T02:40:06.741Z [svc-search-0] connected to upstream in 36ms
2026-02-21T02:40:06.741Z [svc-media-3] retrying connection to kafka (attempt 3/3)
2026-02-21T02:40:06.742Z [svc-media-3] retrying connection to kafka (attempt 1/3)
2026-02-21T02:40:06.743Z [svc-queue-4] connected to upstream in 72ms
2026-02-21T02:40:06.744Z [svc-db-0] warning: slow query took 1847ms
2026-02-21T02:40:06.745Z [pytest-xdist] gw0 test_export.py::test_expire_shipment PASSED in 49ms trace=944d2904-bb40-506f-73ae-42dd2fafa8ef
2026-02-21T02:40:06.745Z [svc-auth-1] cache hit rate 92%
2026-02-21T02:40:06.745Z [svc-db-3] connected to upstream in 10ms
2026-02-21T02:40:06.748Z [svc-queue-3] retrying connection to kafka (attempt 3/3)
2026-02-21T02:40:06.752Z [svc-sched-2] closed idle connection after 218s
2026-02-21T02:40:06.753Z [svc-sched-3] cache hit rate 88%
2026-02-21T02:40:06.754Z [svc-media-2] health check ok
2026-02-21T02:40:06.754Z [svc-sched-4] closed idle connection after 290s
2026-02-21T02:40:06.755Z [pytest-xdist] gw4 test_payments.py::test_reconcile_quota PASSED in 172ms trace=20954f86-a291-86bd-bd7e-3ff688ba15b8
2026-02-21T02:40:06.755Z [svc-billing-0] retrying connection to redis (attempt 3/3)
2026-02-21T02:40:06.756Z [svc-billing-0] gc pause 86ms, heap 401MB
2026-02-21T02:40:06.756Z [svc-billing-3] connected to upstream in 10ms
2026-02-21T02:40:06.758Z [svc-auth-3] gc pause 99ms, heap 187MB
2026-02-21T02:40:06.760Z [svc-search-0] retrying connection to postgres (attempt 3/3)
2026-02-21T02:40:06.760Z [svc-queue-4] cache hit rate 85%
2026-02-21T02:40:06.761Z [svc-auth-4] retrying connection to kafka (attempt 2/3)
2026-02-21T02:40:06.761Z [svc-sched-0] retrying connection to vault (attempt 3/3)
2026-02-21T02:40:06.763Z [svc-sched-3] processed batch of 485 items
2026-02-21T02:40:06.764Z [svc-queue-2] closed idle connection after 262s
2026-02-21T02:40:06.766Z [svc-queue-3] cache hit rate 90%
2026-02-21T02:40:06.767Z [svc-search-1] connected to upstream in 27ms
2026-02-21T02:40:06.767Z [svc-sched-3] cache hit rate 92%
2026-02-21T02:40:06.768Z [svc-db-3] cache hit rate 90%
2026-02-21T02:40:06.769Z [pytest-xdist] gw2 test_webhooks.py::test_authorize_token PASSED in 154ms trace=eaed4995-732c-e306-9ebb-c08b0332f6e9
2026-02-21T02:40:06.770Z [svc-auth-3] gc pause 90ms, heap 127MB
2026-02-21T02:40:06.770Z [svc-sched-4] gc pause 111ms, heap 927MB
2026-02-21T02:40:06.772Z [svc-queue-1] warning: slow query took 1239ms
2026-02-21T02:40:06.774Z [svc-db-4] warning: slow query took 300ms
2026-02-21T02:40:06.776Z [svc-queue-4] retrying connection to s3 (attempt 3/3)
2026-02-21T02:40:06.777Z [svc-cache-4] closed idle connection after 280s
2026-02-21T02:40:06.777Z [svc-db-0] health check ok
2026-02-21T02:40:06.777Z [svc-notify-0] processed batch of 376 items
2026-02-21T02:40:06.777Z [svc-queue-0] gc pause 29ms, heap 850MB
2026-02-21T02:40:06.777Z [svc-sched-3] retrying connection to kafka (attempt 3/3)
2026-02-21T02:40:06.778Z [svc-notify-1] health check ok
2026-02-21T02:40:06.780Z [svc-auth-2] warning: slow query took 1118ms
2026-02-21T02:40:06.780Z [svc-media-1] warning: slow query took 1315ms
2026-02-21T02:40:06.782Z [svc-notify-4] gc pause 116ms, heap 260MB
2026-02-21T02:40:06.784Z [svc-gateway-3] processed batch of 137 items
2026-02-21T02:40:06.784Z [svc-media-4] processed batch of 175 items
2026-02-21T02:40:06.786Z [svc-notify-3] gc pause 27ms, heap 863MB
2026-02-21T02:40:06.787Z [svc-billing-1] cache hit rate 88%
2026-02-21T02:40:06.787Z [svc-notify-0] connected to upstream in 79ms
2026-02-21T02:40:06.788Z [pytest-xdist] gw5 test_orders.py::test_retry_token PASSED in 230ms trace=e8a20a20-f29a-dada-dd9c-8b35e06d65b3
2026-02-21T02:40:06.788Z [svc-db-1] warning: slow query took 1964ms
2026-02-21T02:40:06.788Z [svc-gateway-2] processed batch of 407 items
2026-02-21T02:40:06.790Z [svc-auth-2] cache hit rate 92%
2026-02-21T02:40:06.791Z [pytest-xdist] gw1 test_auth.py::test_sync_shipment PASSED in 151ms trace=ff46c38a-5d9e-b01c-e112-2f2c6cec1d72
2026-02-21T02:40:06.791Z [svc-media-3] retrying connection to kafka (attempt 1/3)
2026-02-21T02:40:06.792Z [svc-billing-0] closed idle connection after 161s
2026-02-21T02:40:06.797Z [svc-media-0] connected to upstream in 34ms
2026-02-21T02:40:06.798Z [svc-db-1] closed idle connection after 92s
2026-02-21T02:40:06.798Z [svc-search-3] closed idle connection after 62s
2026-02-21T02:40:06.799Z [svc-auth-0] gc pause 51ms, heap 305MB
2026-02-21T02:40:06.799Z [svc-cache-0] processed batch of 17 items
2026-02-21T02:40:06.799Z [svc-search-1] health check ok
2026-02-21T02:40:06.799Z [svc-media-3] closed idle connection after 187s
2026-02-21T02:40:06.800Z [pytest-xdist] gw0 test_queue.py::test_cache_query PASSED in 119ms trace=5d46c686-2100-5525-84a5-4822fc06792e
2026-02-21T02:40:06.801Z [svc-sched-4] health check ok
2026-02-21T02:40:06.802Z [svc-cache-2] health check ok
2026-02-21T02:40:06.802Z [svc-queue-4] closed idle connection after 261s
2026-02-21T02:40:06.803Z [svc-db-3] closed idle connection after 232s
2026-02-21T02:40:06.805Z [pytest-xdist] gw0 test_orders.py::test_create_token PASSED in 72ms trace=18f6f5d3-c8d2-70a0-c8b3-305ab9f6164e
2026-02-21T02:40:06.805Z [svc-db-2] warning: slow query took 2171ms
2026-02-21T02:40:06.810Z [svc-auth-3] warning: slow query took 1240ms
2026-02-21T02:40:06.810Z [svc-db-1] health check ok
2026-02-21T02:40:06.811Z [svc-gateway-4] health check ok
2026-02-21T02:40:06.812Z [svc-billing-1] connected to upstream in 45ms
2026-02-21T02:40:06.813Z [svc-auth-0] closed idle connection after 30s
2026-02-21T02:40:06.813Z [svc-cache-0] closed idle connection after 220s
2026-02-21T02:40:06.813Z [svc-billing-1] processed batch of 314 items
2026-02-21T02:40:06.813Z [svc-sched-1] processed batch of 302 items
2026-02-21T02:40:06.815Z [svc-queue-1] gc pause 12ms, heap 930MB
2026-02-21T02:40:06.816Z [pytest-xdist] gw2 test_gateway.py::test_list_webhook PASSED in 97ms trace=9806649f-befa-8303-2f2f-928c47816ee7
2026-02-21T02:40:06.816Z [svc-notify-1] retrying connection to redis (attempt 1/3)
2026-02-21T02:40:06.817Z [svc-billing-4] gc pause 73ms, heap 971MB
2026-02-21T02:40:06.818Z [svc-auth-1] closed idle connection after 126s
2026-02-21T02:40:06.818Z [svc-auth-3] connected to upstream in 37ms
2026-02-21T02:40:06.818Z [svc-billing-4] health check ok
2026-02-21T02:40:06.819Z [svc-gateway-3] closed idle connection after 67s
2026-02-21T02:40:06.820Z [svc-auth-3] connected to upstream in 27ms
2026-02-21T02:40:06.820Z [svc-gateway-3] connected to upstream in 73ms
2026-02-21T02:40:06.820Z [svc-sched-0] connected to upstream in 40ms
2026-02-21T02:40:06.821Z [svc-media-3] health check ok
2026-02-21T02:40:06.821Z [svc-sched-4] warning: slow query took 1022ms
2026-02-21T02:40:06.823Z [svc-queue-3] processed batch of 174 items
2026-02-21T02:40:06.824Z [svc-gateway-2] closed idle connection after 105s
2026-02-21T02:40:06.827Z [pytest-xdist] gw2 test_orders.py::test_create_region PASSED in 102ms trace=cc4b091a-9afc-617d-2f89-257c931da5f4
2026-02-21T02:40:06.827Z [svc-search-1] connected to upstream in 12ms
2026-02-21T02:40:06.828Z [svc-search-1] health check ok
2026-02-21T02:40:06.829Z [svc-gateway-1] cache hit rate 90%
2026-02-21T02:40:06.829Z [svc-queue-2] health check ok
2026-02-21T02:40:06.830Z [svc-billing-1] processed batch of 234 items
2026-02-21T02:40:06.830Z [svc-sched-0] warning: slow query took 398ms
2026-02-21T02:40:06.831Z [svc-auth-2] warning: slow query took 2078ms
2026-02-21T02:40:06.831Z [svc-billing-3] processed batch of 392 items
2026-02-21T02:40:06.832Z [svc-notify-4] health check ok
2026-02-21T02:40:06.832Z [svc-gateway-0] health check ok
2026-02-21T02:40:06.836Z [pytest-xdist] gw4 test_payments.py::test_parse_coupon PASSED in 64ms trace=acfb481d-f40c-4c97-8c62-c12a3520ab80
2026-02-21T02:40:06.836Z [svc-cache-0] cache hit rate 90%
2026-02-21T02:40:06.836Z [svc-gateway-1] health check ok
2026-02-21T02:40:06.840Z [svc-billing-3] retrying connection to elasticsearch (attempt 3/3)
2026-02-21T02:40:06.840Z [svc-search-2] retrying connection to kafka (attempt 1/3)
2026-02-21T02:40:06.840Z [svc-search-4] retrying connection to elasticsearch (attempt 2/3)
2026-02-21T02:40:06.840Z [svc-media-4] connected to upstream in 30ms
2026-02-21T02:40:06.840Z [svc-sched-1] retrying connection to postgres (attempt 1/3)
2026-02-21T02:40:06.844Z [svc-auth-0] health check ok
2026-02-21T02:40:06.845Z [svc-cache-4] warning: slow query took 1105ms
2026-02-21T02:40:06.845Z [svc-sched-0] health check ok
2026-02-21T02:40:06.846Z [svc-cache-4] cache hit rate 95%
2026-02-21T02:40:06.846Z [svc-billing-3] connected to upstream in 33ms
2026-02-21T02:40:06.847Z [pytest-xdist] gw0 test_webhooks.py::test_sync_quota SKIPPED (reason: not-implemented-here)
2026-02-21T02:40:06.847Z [svc-cache-1] closed idle connection after 123s
2026-02-21T02:40:06.848Z [svc-db-1] health check ok
2026-02-21T02:40:06.848Z [svc-gateway-0] health check ok
2026-02-21T02:40:06.849Z [svc-cache-0] connected to upstream in 15ms
2026-02-21T02:40:06.849Z [svc-cache-3] retrying connection to kafka (attempt 2/3)
2026-02-21T02:40:06.853Z [svc-search-4] processed batch of 420 items
2026-02-21T02:40:06.854Z [pytest-xdist] gw5 test_auth.py::test_reconcile_attachment PASSED in 186ms trace=d41bed88-d1c2-e469-aae7-6dae34f150cc
2026-02-21T02:40:06.854Z [svc-db-4] connected to upstream in 79ms
2026-02-21T02:40:06.858Z [svc-queue-2] connected to upstream in 15ms
2026-02-21T02:40:06.859Z [svc-auth-4] retrying connection to kafka (attempt 2/3)
2026-02-21T02:40:06.859Z [svc-cache-2] warning: slow query took 1997ms
2026-02-21T02:40:06.859Z [svc-media-4] gc pause 21ms, heap 772MB
2026-02-21T02:40:06.860Z [svc-gateway-2] retrying connection to s3 (attempt 3/3)
2026-02-21T02:40:06.860Z [svc-sched-2] closed idle connection after 289s
2026-02-21T02:40:06.866Z [svc-search-3] health check ok
2026-02-21T02:40:06.869Z [pytest-xdist] gw5 test_import.py::test_sync_query PASSED in 215ms trace=bf01a6ad-0977-7bb7-a06d-4f15ffea4d88
2026-02-21T02:40:06.872Z [svc-cache-3] warning: slow query took 1517ms
2026-02-21T02:40:06.874Z [svc-notify-4] connected to upstream in 69ms
2026-02-21T02:40:06.875Z [svc-gateway-0] retrying connection to redis (attempt 2/3)
2026-02-21T02:40:06.876Z [svc-cache-2] closed idle connection after 49s
2026-02-21T02:40:06.877Z [svc-notify-2] processed batch of 308 items
2026-02-21T02:40:06.878Z [svc-sched-4] connected to upstream in 82ms
2026-02-21T02:40:06.879Z [svc-cache-1] health check ok
2026-02-21T02:40:06.880Z [svc-billing-2] cache hit rate 88%
2026-02-21T02:40:06.883Z [svc-notify-1] closed idle connection after 208s
2026-02-21T02:40:06.883Z [svc-notify-3] gc pause 13ms, heap 731MB
2026-02-21T02:40:06.884Z [svc-billing-1] gc pause 61ms, heap 781MB
2026-02-21T02:40:06.884Z [svc-billing-2] retrying connection to s3 (attempt 2/3)
2026-02-21T02:40:06.884Z [svc-sched-1] closed idle connection after 204s
2026-02-21T02:40:06.885Z [svc-queue-2] cache hit rate 90%
2026-02-21T02:40:06.886Z [svc-queue-1] closed idle connection after 168s
2026-02-21T02:40:06.887Z [svc-search-0] retrying connection to postgres (attempt 3/3)
2026-02-21T02:40:06.890Z [pytest-xdist] gw3 test_billing.py::test_cache_user PASSED in 144ms trace=e84ab394-d4bc-a327-fb5b-c86aa6e6b13b
2026-02-21T02:40:06.890Z [svc-billing-3] health check ok
2026-02-21T02:40:06.890Z [svc-gateway-3] retrying connection to elasticsearch (attempt 2/3)
2026-02-21T02:40:06.891Z [svc-queue-0] warning: slow query took 1668ms
2026-02-21T02:40:06.893Z [svc-sched-1] cache hit rate 92%
2026-02-21T02:40:06.894Z [svc-auth-3] closed idle connection after 166s
2026-02-21T02:40:06.896Z [pytest-xdist] gw0 test_media.py::test_reconcile_region PASSED in 57ms trace=2834ee8f-046f-516f-14bf-1384eacd5ff9
2026-02-21T02:40:06.896Z [svc-notify-3] processed batch of 73 items
2026-02-21T02:40:06.900Z [svc-db-4] retrying connection to postgres (attempt 1/3)
2026-02-21T02:40:06.901Z [svc-db-4] retrying connection to postgres (attempt 1/3)
2026-02-21T02:40:06.903Z [svc-sched-3] processed batch of 147 items
2026-02-21T02:40:06.906Z [svc-notify-1] cache hit rate 95%
2026-02-21T02:40:06.907Z [svc-billing-0] closed idle connection after 260s
2026-02-21T02:40:06.908Z [svc-billing-1] connected to upstream in 9ms
2026-02-21T02:40:06.909Z [svc-db-1] processed batch of 176 items
2026-02-21T02:40:06.909Z [svc-queue-0] closed idle connection after 74s
2026-02-21T02:40:06.910Z [svc-cache-3] connected to upstream in 29ms
2026-02-21T02:40:06.910Z [svc-gateway-0] health check ok
2026-02-21T02:40:06.912Z [pytest-xdist] gw2 test_gateway.py::test_authorize_user PASSED in 205ms trace=08f2d193-fdcc-b095-6885-6a9ca6b3d3f1
2026-02-21T02:40:06.912Z [svc-notify-4] processed batch of 59 items
2026-02-21T02:40:06.912Z [svc-media-4] connected to upstream in 42ms
2026-02-21T02:40:06.912Z [svc-queue-4] processed batch of 252 items
2026-02-21T02:40:06.915Z [svc-search-4] connected to upstream in 60ms
2026-02-21T02:40:06.916Z [svc-db-3] cache hit rate 95%
2026-02-21T02:40:06.917Z [svc-auth-0] retrying connection to elasticsearch (attempt 1/3)
2026-02-21T02:40:06.917Z [svc-search-4] retrying connection to elasticsearch (attempt 2/3)
2026-02-21T02:40:06.917Z [svc-notify-4] closed idle connection after 60s
2026-02-21T02:40:06.918Z [svc-auth-4] warning: slow query took 1938ms
2026-02-21T02:40:06.919Z [svc-media-4] cache hit rate 95%
2026-02-21T02:40:06.920Z [svc-gateway-2] gc pause 23ms, heap 254MB
2026-02-21T02:40:06.921Z [svc-search-2] processed batch of 282 items
2026-02-21T02:40:06.922Z [svc-search-1] warning: slow query took 1870ms
2026-02-21T02:40:06.923Z [svc-cache-0] connected to upstream in 45ms
2026-02-21T02:40:06.924Z [pytest-xdist] gw3 test_orders.py::test_notify_shipment PASSED in 97ms trace=2f64fe3d-ccba-651b-aece-7a69accf9d91
2026-02-21T02:40:06.925Z [svc-notify-4] gc pause 69ms, heap 608MB
2026-02-21T02:40:06.926Z [svc-billing-2] connected to upstream in 27ms
2026-02-21T02:40:06.931Z [pytest-xdist] gw1 test_auth.py::test_parse_token PASSED in 5ms trace=baf810f1-a3a7-4589-fb18-aefa14786c89
2026-02-21T02:40:06.931Z [svc-sched-2] closed idle connection after 296s
2026-02-21T02:40:06.934Z [svc-queue-4] health check ok
2026-02-21T02:40:06.936Z [svc-search-2] gc pause 27ms, heap 663MB
2026-02-21T02:40:06.937Z [svc-db-4] cache hit rate 85%
2026-02-21T02:40:06.938Z [pytest-xdist] gw2 test_users.py::test_create_subscription PASSED in 39ms trace=91d09b1b-0cd3-919d-ad49-da457c53ccdf
2026-02-21T02:40:06.938Z [svc-auth-1] connected to upstream in 64ms
2026-02-21T02:40:06.939Z [svc-gateway-4] processed batch of 282 items
2026-02-21T02:40:06.941Z [svc-queue-4] warning: slow query took 991ms
2026-02-21T02:40:06.942Z [svc-notify-3] gc pause 39ms, heap 128MB
2026-02-21T02:40:06.945Z [svc-gateway-4] health check ok
2026-02-21T02:40:06.949Z [svc-billing-0] health check ok
2026-02-21T02:40:06.949Z [svc-queue-1] connected to upstream in 73ms
2026-02-21T02:40:06.950Z [svc-cache-2] connected to upstream in 23ms
2026-02-21T02:40:06.951Z [svc-cache-4] closed idle connection after 222s
2026-02-21T02:40:06.956Z [pytest-xdist] gw3 test_sched.py::test_delete_quota PASSED in 14ms trace=312fc25c-d0c9-cbdd-7a47-6f97cc13391c
2026-02-21T02:40:06.956Z [svc-auth-1] warning: slow query took 1669ms
2026-02-21T02:40:06.960Z [svc-auth-4] processed batch of 326 items
2026-02-21T02:40:06.960Z [svc-sched-4] processed batch of 272 items
2026-02-21T02:40:06.961Z [svc-cache-2] processed batch of 21 items
2026-02-21T02:40:06.963Z [svc-billing-1] processed batch of 197 items
2026-02-21T02:40:06.965Z [pytest-xdist] gw2 test_search.py::test_cache_shipment PASSED in 144ms trace=5f0c0b04-594c-913e-b465-02e4f2c57cf9
2026-02-21T02:40:06.965Z [svc-billing-4] retrying connection to vault (attempt 1/3)
2026-02-21T02:40:06.965Z [svc-media-0] processed batch of 268 items
2026-02-21T02:40:06.967Z [svc-auth-1] retrying connection to vault (attempt 2/3)
2026-02-21T02:40:06.968Z [svc-search-0] gc pause 122ms, heap 112MB
2026-02-21T02:40:06.968Z [svc-notify-0] cache hit rate 92%
2026-02-21T02:40:06.969Z [svc-media-1] processed batch of 382 items
2026-02-21T02:40:06.969Z [svc-queue-3] processed batch of 43 items
2026-02-21T02:40:06.969Z [svc-sched-2] gc pause 18ms, heap 216MB
2026-02-21T02:40:06.970Z [svc-search-2] closed idle connection after 165s
2026-02-21T02:40:06.971Z [pytest-xdist] gw0 test_auth.py::test_update_query PASSED in 173ms trace=953963d2-6ed2-b1d3-7a1d-0c4d7c10e8ea
2026-02-21T02:40:06.971Z [svc-sched-2] closed idle connection after 269s
2026-02-21T02:40:06.973Z [svc-notify-3] cache hit rate 95%
2026-02-21T02:40:06.974Z [svc-sched-4] closed idle connection after 89s
2026-02-21T02:40:06.976Z [svc-auth-2] health check ok
2026-02-21T02:40:06.978Z [svc-billing-1] cache hit rate 95%
2026-02-21T02:40:06.979Z [svc-auth-0] warning: slow query took 1723ms
2026-02-21T02:40:06.981Z [svc-notify-1] connected to upstream in 66ms
2026-02-21T02:40:06.982Z [svc-billing-3] connected to upstream in 26ms
2026-02-21T02:40:06.982Z [svc-search-0] retrying connection to postgres (attempt 3/3)
2026-02-21T02:40:06.982Z [svc-search-1] retrying connection to redis (attempt 2/3)
2026-02-21T02:40:06.985Z [svc-media-0] gc pause 27ms, heap 814MB
2026-02-21T02:40:06.987Z [svc-billing-3] processed batch of 386 items
2026-02-21T02:40:06.987Z [svc-search-1] cache hit rate 95%
2026-02-21T02:40:06.988Z [svc-sched-4] warning: slow query took 767ms
2026-02-21T02:40:06.989Z [pytest-xdist] gw5 test_media.py::test_create_index PASSED in 161ms trace=e5eece0c-c36c-26f4-f25e-12a4c46ed24b
2026-02-21T02:40:06.990Z [svc-queue-4] processed batch of 154 items
2026-02-21T02:40:06.991Z [svc-gateway-3] retrying connection to elasticsearch (attempt 3/3)
2026-02-21T02:40:06.991Z [svc-queue-1] connected to upstream in 23ms
2026-02-21T02:40:06.992Z [pytest-xdist] gw3 test_orders.py::test_authorize_index PASSED in 18ms trace=a7195030-ce7f-b048-fc6b-98d35f0a1a15
2026-02-21T02:40:06.993Z [svc-queue-2] closed idle connection after 106s
2026-02-21T02:40:06.995Z [pytest-xdist] gw3 test_users.py::test_cache_session PASSED in 133ms trace=4338245a-5684-80c6-e1d8-778d813e255d
2026-02-21T02:40:06.995Z [svc-gateway-2] retrying connection to s3 (attempt 1/3)
2026-02-21T02:40:07.002Z [svc-auth-4] connected to upstream in 30ms
2026-02-21T02:40:07.002Z [svc-gateway-2] processed batch of 207 items
2026-02-21T02:40:07.003Z [svc-cache-1] connected to upstream in 23ms
2026-02-21T02:40:07.004Z [svc-queue-4] processed batch of 225 items
2026-02-21T02:40:07.005Z [svc-sched-0] health check ok
2026-02-21T02:40:07.007Z [svc-cache-1] retrying connection to postgres (attempt 3/3)
2026-02-21T02:40:07.007Z [svc-cache-3] warning: slow query took 531ms
2026-02-21T02:40:07.008Z [svc-auth-3] gc pause 30ms, heap 839MB
2026-02-21T02:40:07.009Z [svc-search-3] retrying connection to s3 (attempt 3/3)
2026-02-21T02:40:07.012Z [svc-notify-2] health check ok
2026-02-21T02:40:07.012Z [svc-queue-2] retrying connection to redis (attempt 3/3)
2026-02-21T02:40:07.012Z [svc-queue-3] retrying connection to kafka (attempt 2/3)
2026-02-21T02:40:07.013Z [pytest-xdist] gw2 test_import.py::test_cache_subscription PASSED in 218ms trace=4997351c-1491-3a61-0d3f-47bc32b6a929
2026-02-21T02:40:07.016Z [svc-notify-4] connected to upstream in 19ms
2026-02-21T02:40:07.018Z [svc-sched-4] gc pause 105ms, heap 341MB
2026-02-21T02:40:07.019Z [svc-cache-3] closed idle connection after 55s
2026-02-21T02:40:07.019Z [svc-notify-1] cache hit rate 92%
2026-02-21T02:40:07.020Z [svc-media-0] cache hit rate 92%
2026-02-21T02:40:07.020Z [svc-media-2] health check ok
2026-02-21T02:40:07.020Z [svc-queue-4] warning: slow query took 1722ms
2026-02-21T02:40:07.021Z [svc-gateway-3] retrying connection to elasticsearch (attempt 2/3)
2026-02-21T02:40:07.023Z [svc-cache-3] cache hit rate 92%
2026-02-21T02:40:07.023Z [svc-sched-4] retrying connection to s3 (attempt 2/3)
2026-02-21T02:40:07.024Z [svc-queue-1] cache hit rate 88%
2026-02-21T02:40:07.027Z [pytest-xdist] gw0 test_webhooks.py::test_authorize_session PASSED in 231ms trace=e1460b00-7319-6b2a-6518-0c0fe108234c
2026-02-21T02:40:07.027Z [svc-queue-0] processed batch of 344 items
2026-02-21T02:40:07.028Z [svc-auth-1] retrying connection to vault (attempt 1/3)
2026-02-21T02:40:07.029Z [svc-media-4] gc pause 120ms, heap 588MB
2026-02-21T02:40:07.034Z [svc-sched-1] retrying connection to postgres (attempt 1/3)
2026-02-21T02:40:07.035Z [svc-gateway-1] closed idle connection after 153s
2026-02-21T02:40:07.036Z [svc-auth-4] warning: slow query took 520ms
2026-02-21T02:40:07.036Z [svc-cache-3] gc pause 54ms, heap 614MB
2026-02-21T02:40:07.036Z [svc-db-4] health check ok
2026-02-21T02:40:07.036Z [svc-search-4] gc pause 25ms, heap 117MB
2026-02-21T02:40:07.036Z [svc-gateway-2] connected to upstream in 58ms
2026-02-21T02:40:07.036Z [svc-gateway-2] closed idle connection after 35s
2026-02-21T02:40:07.036Z [svc-queue-3] retrying connection to kafka (attempt 1/3)
2026-02-21T02:40:07.037Z [svc-auth-4] retrying connection to kafka (attempt 3/3)
2026-02-21T02:40:07.037Z [svc-queue-3] warning: slow query took 1025ms
2026-02-21T02:40:07.043Z [pytest-xdist] gw0 test_webhooks.py::test_validate_region PASSED in 5ms trace=1b8339b6-dabd-5e6b-6c54-82668f6f1817
2026-02-21T02:40:07.043Z [svc-notify-2] closed idle connection after 130s
2026-02-21T02:40:07.046Z [svc-auth-2] closed idle connection after 35s
2026-02-21T02:40:07.047Z [svc-sched-3] cache hit rate 88%
2026-02-21T02:40:07.051Z [svc-notify-2] retrying connection to kafka (attempt 2/3)
2026-02-21T02:40:07.059Z [pytest-xdist] gw0 test_billing.py::test_notify_shipment PASSED in 61ms trace=91859c28-3f81-4a3e-6f83-09a41bb11b88
2026-02-21T02:40:07.060Z [svc-cache-3] warning: slow query took 1625ms
2026-02-21T02:40:07.060Z [svc-media-1] cache hit rate 95%
2026-02-21T02:40:07.060Z [svc-media-1] gc pause 13ms, heap 129MB
2026-02-21T02:40:07.063Z [svc-cache-4] processed batch of 95 items
2026-02-21T02:40:07.067Z [svc-auth-2] connected to upstream in 27ms
2026-02-21T02:40:07.067Z [svc-db-2] closed idle connection after 248s
2026-02-21T02:40:07.070Z [pytest-xdist] gw2 test_media.py::test_create_refund PASSED in 238ms trace=32979903-e433-8f5f-9610-5660ae89b232
2026-02-21T02:40:07.073Z [svc-auth-2] retrying connection to postgres (attempt 1/3)
2026-02-21T02:40:07.074Z [pytest-xdist] gw2 test_payments.py::test_create_coupon PASSED in 97ms trace=f1bcd51c-99b9-b06e-4da1-3186acd225a7
2026-02-21T02:40:07.076Z [svc-notify-0] connected to upstream in 76ms
2026-02-21T02:40:07.076Z [svc-media-3] connected to upstream in 30ms
2026-02-21T02:40:07.076Z [svc-sched-4] gc pause 26ms, heap 853MB
2026-02-21T02:40:07.077Z [svc-cache-4] processed batch of 71 items
2026-02-21T02:40:07.077Z [svc-queue-3] connected to upstream in 14ms
2026-02-21T02:40:07.080Z [svc-cache-4] connected to upstream in 13ms
2026-02-21T02:40:07.082Z [svc-auth-3] closed idle connection after 198s
2026-02-21T02:40:07.082Z [svc-db-2] gc pause 106ms, heap 164MB
2026-02-21T02:40:07.084Z [svc-billing-4] retrying connection to vault (attempt 3/3)
2026-02-21T02:40:07.085Z [svc-sched-0] processed batch of 28 items
2026-02-21T02:40:07.086Z [svc-db-2] connected to upstream in 68ms
2026-02-21T02:40:07.086Z [svc-search-0] cache hit rate 95%
2026-02-21T02:40:07.087Z [svc-queue-3] closed idle connection after 259s
2026-02-21T02:40:07.088Z [svc-notify-1] connected to upstream in 62ms
2026-02-21T02:40:07.089Z [svc-media-0] retrying connection to vault (attempt 2/3)
2026-02-21T02:40:07.090Z [svc-sched-0] health check ok
2026-02-21T02:40:07.091Z [pytest-xdist] gw4 test_import.py::test_reconcile_index PASSED in 107ms trace=3d90f585-c6f9-51bb-075c-2b3a0573f610
2026-02-21T02:40:07.092Z [svc-auth-1] retrying connection to vault (attempt 2/3)
2026-02-21T02:40:07.093Z [svc-media-3] gc pause 123ms, heap 518MB
2026-02-21T02:40:07.099Z [svc-cache-0] gc pause 113ms, heap 826MB
2026-02-21T02:40:07.099Z [svc-billing-4] warning: slow query took 1184ms
2026-02-21T02:40:07.099Z [svc-notify-2] health check ok
2026-02-21T02:40:07.099Z [svc-queue-2] connected to upstream in 25ms
2026-02-21T02:40:07.101Z [svc-search-1] processed batch of 328 items
2026-02-21T02:40:07.102Z [svc-auth-3] retrying connection to redis (attempt 3/3)
2026-02-21T02:40:07.102Z [svc-cache-4] processed batch of 437 items
2026-02-21T02:40:07.102Z [svc-sched-4] gc pause 19ms, heap 477MB
2026-02-21T02:40:07.103Z [svc-media-2] warning: slow query took 490ms
2026-02-21T02:40:07.104Z [svc-search-4] closed idle connection after 47s
2026-02-21T02:40:07.105Z [svc-search-1] retrying connection to redis (attempt 2/3)
2026-02-21T02:40:07.107Z [svc-media-2] warning: slow query took 1018ms
2026-02-21T02:40:07.108Z [svc-cache-2] gc pause 115ms, heap 646MB
2026-02-21T02:40:07.108Z [svc-db-4] gc pause 15ms, heap 168MB
2026-02-21T02:40:07.108Z [svc-billing-4] health check ok
2026-02-21T02:40:07.110Z [pytest-xdist] gw3 test_payments.py::test_paginate_token PASSED in 10ms trace=25a4b119-7d2f-a52a-c7a9-9578e3bb97a9
2026-02-21T02:40:07.112Z [svc-search-4] warning: slow query took 1730ms
2026-02-21T02:40:07.112Z [svc-gateway-1] warning: slow query took 874ms
2026-02-21T02:40:07.115Z [svc-billing-1] cache hit rate 92%
2026-02-21T02:40:07.118Z [svc-db-3] processed batch of 91 items
2026-02-21T02:40:07.120Z [pytest-xdist] gw1 test_gateway.py::test_cache_subscription PASSED in 227ms trace=c73633be-df6d-b44a-0550-192f7aff54fd
2026-02-21T02:40:07.121Z [svc-auth-4] retrying connection to kafka (attempt 1/3)
2026-02-21T02:40:07.122Z [svc-cache-0] gc pause 122ms, heap 160MB
2026-02-21T02:40:07.122Z [svc-db-1] closed idle connection after 178s
2026-02-21T02:40:07.123Z [svc-cache-3] processed batch of 437 items
2026-02-21T02:40:07.126Z [svc-auth-2] retrying connection to postgres (attempt 3/3)
2026-02-21T02:40:07.126Z [svc-billing-1] gc pause 48ms, heap 828MB
2026-02-21T02:40:07.126Z [svc-search-1] gc pause 95ms, heap 156MB
2026-02-21T02:40:07.126Z [svc-sched-4] connected to upstream in 23ms
2026-02-21T02:40:07.129Z [svc-search-3] warning: slow query took 295ms
2026-02-21T02:40:07.132Z [svc-db-2] warning: slow query took 1431ms
2026-02-21T02:40:07.135Z [svc-search-0] closed idle connection after 205s
2026-02-21T02:40:07.135Z [svc-search-2] closed idle connection after 177s
2026-02-21T02:40:07.137Z [svc-db-3] retrying connection to vault (attempt 2/3)
2026-02-21T02:40:07.138Z [pytest-xdist] gw3 test_reports.py::test_notify_template PASSED in 158ms trace=d5b885ba-35fe-be66-d8af-a05f8a684481
2026-02-21T02:40:07.138Z [svc-media-0] retrying connection to vault (attempt 2/3)
2026-02-21T02:40:07.139Z [svc-cache-4] closed idle connection after 294s
2026-02-21T02:40:07.139Z [svc-db-4] cache hit rate 85%
2026-02-21T02:40:07.139Z [svc-notify-3] retrying connection to s3 (attempt 3/3)
2026-02-21T02:40:07.140Z [svc-gateway-2] cache hit rate 85%
2026-02-21T02:40:07.142Z [svc-notify-0] connected to upstream in 38ms
2026-02-21T02:40:07.143Z [svc-media-2] health check ok
2026-02-21T02:40:07.145Z [svc-db-1] closed idle connection after 36s
2026-02-21T02:40:07.145Z [svc-gateway-1] closed idle connection after 240s
2026-02-21T02:40:07.146Z [svc-gateway-4] retrying connection to vault (attempt 1/3)
2026-02-21T02:40:07.146Z [svc-media-2] processed batch of 131 items
2026-02-21T02:40:07.147Z [svc-db-1] retrying connection to s3 (attempt 2/3)
2026-02-21T02:40:07.149Z [svc-db-3] processed batch of 412 items
2026-02-21T02:40:07.151Z [svc-search-4] cache hit rate 95%
2026-02-21T02:40:07.153Z [svc-cache-1] warning: slow query took 648ms
2026-02-21T02:40:07.153Z [svc-notify-4] retrying connection to elasticsearch (attempt 2/3)
2026-02-21T02:40:07.153Z [svc-gateway-0] retrying connection to redis (attempt 1/3)
2026-02-21T02:40:07.153Z [svc-sched-1] retrying connection to postgres (attempt 1/3)
2026-02-21T02:40:07.155Z [svc-sched-0] cache hit rate 95%
2026-02-21T02:40:07.156Z [svc-cache-2] connected to upstream in 53ms
2026-02-21T02:40:07.159Z [pytest-xdist] gw1 test_gateway.py::test_validate_invoice PASSED in 63ms trace=56505206-e42d-6bb8-4da4-94132e7714f3
2026-02-21T02:40:07.164Z [svc-gateway-0] processed batch of 222 items
2026-02-21T02:40:07.166Z [svc-db-0] connected to upstream in 43ms
2026-02-21T02:40:07.167Z [svc-auth-4] connected to upstream in 13ms
2026-02-21T02:40:07.171Z [svc-cache-1] health check ok
2026-02-21T02:40:07.175Z [pytest-xdist] gw0 test_webhooks.py::test_create_refund PASSED in 61ms trace=347512df-41c7-3101-314f-c8195a7d81ef
2026-02-21T02:40:07.175Z [svc-sched-1] processed batch of 482 items
2026-02-21T02:40:07.177Z [svc-search-1] connected to upstream in 58ms
2026-02-21T02:40:07.178Z [svc-sched-0] cache hit rate 88%
2026-02-21T02:40:07.180Z [svc-auth-3] cache hit rate 95%
2026-02-21T02:40:07.180Z [svc-search-1] closed idle connection after 195s
2026-02-21T02:40:07.185Z [svc-billing-2] gc pause 86ms, heap 616MB
2026-02-21T02:40:07.185Z [svc-search-2] warning: slow query took 1233ms
2026-02-21T02:40:07.188Z [svc-notify-4] cache hit rate 90%
2026-02-21T02:40:07.191Z [svc-media-4] connected to upstream in 57ms
2026-02-21T02:40:07.192Z [pytest-xdist] gw0 test_orders.py::test_notify_attachment PASSED in 17ms trace=590be67d-9301-08d3-6690-dd7dc23133a6
2026-02-21T02:40:07.192Z [svc-media-0] retrying connection to vault (attempt 2/3)
2026-02-21T02:40:07.193Z [svc-db-2] processed batch of 233 items
2026-02-21T02:40:07.193Z [svc-media-1] connected to upstream in 46ms
2026-02-21T02:40:07.197Z [svc-media-3] health check ok
2026-02-21T02:40:07.199Z [svc-notify-0] retrying connection to postgres (attempt 3/3)
2026-02-21T02:40:07.199Z [svc-notify-3] health check ok
2026-02-21T02:40:07.199Z [svc-queue-4] connected to upstream in 52ms
2026-02-21T02:40:07.200Z [svc-gateway-2] gc pause 31ms, heap 310MB
2026-02-21T02:40:07.201Z [svc-auth-1] cache hit rate 88%
2026-02-21T02:40:07.201Z [svc-db-4] closed idle connection after 215s
2026-02-21T02:40:07.201Z [svc-billing-0] cache hit rate 85%
2026-02-21T02:40:07.201Z [svc-gateway-4] cache hit rate 88%
2026-02-21T02:40:07.202Z [svc-db-2] connected to upstream in 48ms
2026-02-21T02:40:07.204Z [svc-auth-4] closed idle connection after 220s
2026-02-21T02:40:07.207Z [pytest-xdist] gw3 test_billing.py::test_notify_query PASSED in 250ms trace=3a09da2d-4b56-9748-9560-31ff1cdff701
2026-02-21T02:40:07.207Z [svc-search-0] retrying connection to postgres (attempt 3/3)
2026-02-21T02:40:07.208Z [svc-auth-1] connected to upstream in 78ms
2026-02-21T02:40:07.208Z [svc-search-2] health check ok
2026-02-21T02:40:07.208Z [svc-media-3] cache hit rate 88%
2026-02-21T02:40:07.209Z [svc-sched-3] health check ok
2026-02-21T02:40:07.212Z [svc-gateway-2] health check ok
2026-02-21T02:40:07.212Z [svc-media-4] closed idle connection after 258s
2026-02-21T02:40:07.212Z [svc-sched-1] warning: slow query took 1780ms
2026-02-21T02:40:07.213Z [svc-notify-0] processed batch of 455 items
2026-02-21T02:40:07.213Z [svc-media-0] processed batch of 131 items
2026-02-21T02:40:07.215Z [svc-gateway-1] processed batch of 420 items
2026-02-21T02:40:07.219Z [svc-cache-3] cache hit rate 85%
2026-02-21T02:40:07.220Z [svc-billing-1] cache hit rate 88%
2026-02-21T02:40:07.220Z [svc-gateway-1] processed batch of 91 items
2026-02-21T02:40:07.221Z [svc-cache-4] warning: slow query took 459ms
2026-02-21T02:40:07.221Z [svc-db-0] closed idle connection after 35s
2026-02-21T02:40:07.221Z [svc-media-2] warning: slow query took 2108ms
2026-02-21T02:40:07.223Z [svc-db-3] cache hit rate 85%
2026-02-21T02:40:07.223Z [svc-billing-0] closed idle connection after 178s
2026-02-21T02:40:07.223Z [svc-sched-1] connected to upstream in 80ms
2026-02-21T02:40:07.224Z [pytest-xdist] gw0 test_media.py::test_render_subscription PASSED in 219ms trace=ef1cb952-507d-e4f0-0bf0-223c9aa0fe3d
2026-02-21T02:40:07.224Z [svc-notify-1] processed batch of 178 items
2026-02-21T02:40:07.225Z [svc-billing-0] retrying connection to redis (attempt 3/3)
2026-02-21T02:40:07.225Z [svc-media-3] connected to upstream in 13ms
2026-02-21T02:40:07.226Z [svc-auth-0] warning: slow query took 561ms
2026-02-21T02:40:07.227Z [svc-media-3] warning: slow query took 1277ms
2026-02-21T02:40:07.228Z [pytest-xdist] gw5 test_reports.py::test_update_subscription PASSED in 149ms trace=12e0aac5-38f2-9cfe-c4a4-af2479a25a44
2026-02-21T02:40:07.228Z [svc-billing-0] health check ok
2026-02-21T02:40:07.229Z [svc-sched-2] cache hit rate 88%
2026-02-21T02:40:07.233Z [pytest-xdist] gw1 test_reports.py::test_list_session PASSED in 97ms trace=bc82fed1-9c3b-bedb-e729-ab0559a14e3f
2026-02-21T02:40:07.235Z [svc-search-3] warning: slow query took 1881ms
2026-02-21T02:40:07.237Z [svc-search-4] gc pause 54ms, heap 994MB
2026-02-21T02:40:07.240Z [svc-billing-3] cache hit rate 92%
2026-02-21T02:40:07.240Z [svc-gateway-4] gc pause 22ms, heap 406MB
2026-02-21T02:40:07.241Z [pytest-xdist] gw0 test_media.py::test_parse_template PASSED in 128ms trace=a070157e-d62c-a04d-9ac3-7266eb7ecc90
2026-02-21T02:40:07.242Z [svc-auth-4] warning: slow query took 1077ms
2026-02-21T02:40:07.242Z [svc-notify-2] processed batch of 25 items
2026-02-21T02:40:07.242Z [svc-sched-4] connected to upstream in 67ms
2026-02-21T02:40:07.244Z [svc-queue-4] closed idle connection after 210s
2026-02-21T02:40:07.246Z [svc-notify-3] health check ok
2026-02-21T02:40:07.246Z [svc-queue-4] retrying connection to s3 (attempt 3/3)
2026-02-21T02:40:07.246Z [svc-sched-0] closed idle connection after 47s
2026-02-21T02:40:07.247Z [svc-search-3] closed idle connection after 236s
2026-02-21T02:40:07.247Z [svc-search-4] connected to upstream in 79ms
2026-02-21T02:40:07.247Z [svc-sched-4] connected to upstream in 37ms
2026-02-21T02:40:07.247Z [svc-sched-4] connected to upstream in 61ms
2026-02-21T02:40:07.251Z [svc-sched-2] processed batch of 479 items
2026-02-21T02:40:07.252Z [svc-notify-1] processed batch of 62 items
2026-02-21T02:40:07.252Z [svc-media-0] processed batch of 506 items
2026-02-21T02:40:07.259Z [svc-billing-4] cache hit rate 85%
2026-02-21T02:40:07.259Z [svc-media-0] gc pause 114ms, heap 628MB
2026-02-21T02:40:07.259Z [svc-queue-3] warning: slow query took 601ms
2026-02-21T02:40:07.261Z [pytest-xdist] gw1 test_import.py::test_validate_session PASSED in 86ms trace=73ed27f4-714c-1e9a-6f39-47b671cee22d
2026-02-21T02:40:07.261Z [svc-cache-0] processed batch of 457 items
2026-02-21T02:40:07.261Z [svc-db-3] cache hit rate 85%
2026-02-21T02:40:07.262Z [svc-notify-3] retrying connection to s3 (attempt 2/3)
2026-02-21T02:40:07.263Z [svc-billing-3] cache hit rate 92%
2026-02-21T02:40:07.264Z [svc-db-0] retrying connection to kafka (attempt 3/3)
2026-02-21T02:40:07.264Z [svc-db-3] gc pause 15ms, heap 328MB
2026-02-21T02:40:07.266Z [svc-notify-1] cache hit rate 95%
2026-02-21T02:40:07.266Z [svc-queue-0] retrying connection to vault (attempt 2/3)
2026-02-21T02:40:07.267Z [svc-auth-2] processed batch of 22 items
2026-02-21T02:40:07.268Z [svc-cache-4] gc pause 82ms, heap 759MB
2026-02-21T02:40:07.272Z [svc-auth-3] processed batch of 330 items
2026-02-21T02:40:07.273Z [svc-db-4] retrying connection to postgres (attempt 2/3)
2026-02-21T02:40:07.274Z [svc-auth-2] gc pause 35ms, heap 871MB
2026-02-21T02:40:07.274Z [svc-media-4] retrying connection to s3 (attempt 2/3)
2026-02-21T02:40:07.275Z [svc-cache-2] cache hit rate 88%
2026-02-21T02:40:07.275Z [svc-db-1] closed idle connection after 186s
2026-02-21T02:40:07.275Z [svc-db-2] closed idle connection after 149s
2026-02-21T02:40:07.275Z [svc-sched-0] warning: slow query took 1442ms
2026-02-21T02:40:07.276Z [svc-auth-1] cache hit rate 88%
2026-02-21T02:40:07.276Z [svc-db-1] cache hit rate 90%
2026-02-21T02:40:07.277Z [pytest-xdist] gw0 test_users.py::test_list_refund PASSED in 199ms trace=1c94b4d6-22e3-7b1c-8b86-d9473a5ce1e8
2026-02-21T02:40:07.278Z [svc-search-1] closed idle connection after 254s
2026-02-21T02:40:07.280Z [svc-auth-0] cache hit rate 95%
2026-02-21T02:40:07.280Z [svc-gateway-3] cache hit rate 90%
2026-02-21T02:40:07.283Z [svc-notify-3] health check ok
2026-02-21T02:40:07.287Z [svc-media-1] connected to upstream in 79ms
2026-02-21T02:40:07.287Z [svc-sched-0] cache hit rate 85%
2026-02-21T02:40:07.287Z [svc-sched-2] warning: slow query took 724ms
2026-02-21T02:40:07.289Z [svc-auth-3] gc pause 36ms, heap 366MB
2026-02-21T02:40:07.289Z [svc-search-4] processed batch of 169 items
2026-02-21T02:40:07.290Z [svc-auth-0] cache hit rate 88%
2026-02-21T02:40:07.290Z [svc-billing-2] closed idle connection after 210s
2026-02-21T02:40:07.291Z [svc-billing-3] retrying connection to elasticsearch (attempt 2/3)
2026-02-21T02:40:07.291Z [svc-billing-4] health check ok
2026-02-21T02:40:07.292Z [svc-cache-4] connected to upstream in 40ms
2026-02-21T02:40:07.293Z [svc-queue-0] retrying connection to vault (attempt 2/3)
2026-02-21T02:40:07.293Z [svc-queue-1] gc pause 5ms, heap 882MB
2026-02-21T02:40:07.294Z [pytest-xdist] gw4 test_payments.py::test_expire_quota PASSED in 181ms trace=81fd9a44-d8a1-8eec-5072-4cdfa9550c1a
2026-02-21T02:40:07.294Z [svc-queue-3] cache hit rate 90%
2026-02-21T02:40:07.296Z [svc-billing-2] health check ok
2026-02-21T02:40:07.297Z [svc-db-2] connected to upstream in 82ms
2026-02-21T02:40:07.297Z [svc-gateway-0] cache hit rate 90%
2026-02-21T02:40:07.298Z [svc-gateway-1] processed batch of 352 items
2026-02-21T02:40:07.298Z [svc-sched-0] health check ok
2026-02-21T02:40:07.300Z [svc-search-1] processed batch of 72 items
2026-02-21T02:40:07.301Z [svc-db-4] closed idle connection after 182s
2026-02-21T02:40:07.302Z [svc-media-4] health check ok
2026-02-21T02:40:07.306Z [svc-cache-4] closed idle connection after 182s
2026-02-21T02:40:07.306Z [svc-db-1] retrying connection to s3 (attempt 2/3)
2026-02-21T02:40:07.309Z [svc-cache-3] connected to upstream in 45ms
2026-02-21T02:40:07.311Z [pytest-xdist] gw0 test_orders.py::test_authorize_query PASSED in 165ms trace=e86857e6-4bba-d574-fda8-7133b633fa84
2026-02-21T02:40:07.313Z [svc-queue-2] gc pause 9ms, heap 581MB
2026-02-21T02:40:07.313Z [svc-sched-2] processed batch of 415 items
2026-02-21T02:40:07.314Z [svc-billing-2] gc pause 58ms, heap 433MB
2026-02-21T02:40:07.315Z [svc-notify-4] warning: slow query took 203ms
2026-02-21T02:40:07.317Z [svc-search-2] processed batch of 212 items
2026-02-21T02:40:07.317Z [svc-sched-0] closed idle connection after 58s
2026-02-21T02:40:07.317Z [svc-sched-1] gc pause 63ms, heap 878MB
2026-02-21T02:40:07.319Z [svc-search-4] closed idle connection after 101s
2026-02-21T02:40:07.322Z [svc-auth-1] gc pause 94ms, heap 130MB
2026-02-21T02:40:07.323Z [pytest-xdist] gw5 test_queue.py::test_cache_index PASSED in 229ms trace=22ab956c-6428-c5f8-1f95-b9e54225ae44
2026-02-21T02:40:07.323Z [svc-db-2] health check ok
2026-02-21T02:40:07.323Z [svc-db-3] retrying connection to vault (attempt 1/3)
2026-02-21T02:40:07.324Z [svc-notify-4] warning: slow query took 1461ms
2026-02-21T02:40:07.325Z [svc-search-4] health check ok
2026-02-21T02:40:07.326Z [svc-cache-2] processed batch of 391 items
2026-02-21T02:40:07.328Z [svc-search-4] cache hit rate 95%
2026-02-21T02:40:07.329Z [svc-queue-3] warning: slow query took 1701ms
2026-02-21T02:40:07.330Z [svc-billing-4] warning: slow query took 1387ms
2026-02-21T02:40:07.331Z [svc-queue-2] processed batch of 428 items
2026-02-21T02:40:07.333Z [svc-cache-3] warning: slow query took 821ms
2026-02-21T02:40:07.333Z [svc-notify-2] connected to upstream in 66ms
2026-02-21T02:40:07.335Z [svc-media-2] processed batch of 125 items
2026-02-21T02:40:07.335Z [svc-queue-2] retrying connection to redis (attempt 2/3)
2026-02-21T02:40:07.336Z [svc-search-0] retrying connection to postgres (attempt 1/3)
2026-02-21T02:40:07.337Z [pytest-xdist] gw5 test_users.py::test_delete_region PASSED in 92ms trace=59da2a71-ab21-82ae-c6f1-026e9fd0d058
2026-02-21T02:40:07.339Z [svc-search-0] closed idle connection after 125s
2026-02-21T02:40:07.342Z [pytest-xdist] gw4 test_queue.py::test_create_user PASSED in 162ms trace=d33441c6-9924-5fa2-fb26-c753e21a359f
2026-02-21T02:40:07.344Z [svc-media-4] health check ok
2026-02-21T02:40:07.345Z [svc-sched-0] processed batch of 256 items
2026-02-21T02:40:07.348Z [svc-cache-2] cache hit rate 95%
2026-02-21T02:40:07.348Z [svc-media-3] processed batch of 366 items
2026-02-21T02:40:07.348Z [svc-queue-2] closed idle connection after 174s
2026-02-21T02:40:07.350Z [svc-notify-3] connected to upstream in 52ms
2026-02-21T02:40:07.351Z [svc-media-4] connected to upstream in 51ms
2026-02-21T02:40:07.354Z [svc-gateway-0] health check ok
2026-02-21T02:40:07.355Z [svc-billing-2] retrying connection to s3 (attempt 2/3)
2026-02-21T02:40:07.356Z [svc-media-3] connected to upstream in 27ms
2026-02-21T02:40:07.357Z [pytest-xdist] gw4 test_auth.py::test_create_token PASSED in 79ms trace=ded1155a-70c3-5966-f019-434092056429
2026-02-21T02:40:07.357Z [svc-gateway-0] cache hit rate 88%
2026-02-21T02:40:07.360Z [svc-notify-3] gc pause 54ms, heap 257MB
2026-02-21T02:40:07.360Z [svc-media-1] gc pause 115ms, heap 603MB
2026-02-21T02:40:07.360Z [svc-queue-0] retrying connection to vault (attempt 3/3)
2026-02-21T02:40:07.361Z [pytest-xdist] gw0 test_orders.py::test_render_quota PASSED in 147ms trace=366ca1cc-1112-8847-fc95-d25f47d31826
2026-02-21T02:40:07.362Z [svc-queue-1] cache hit rate 90%
2026-02-21T02:40:07.363Z [svc-media-2] gc pause 5ms, heap 856MB
2026-02-21T02:40:07.367Z [svc-media-0] processed batch of 17 items
2026-02-21T02:40:07.369Z [svc-gateway-3] cache hit rate 90%
2026-02-21T02:40:07.371Z [svc-cache-2] connected to upstream in 6ms
2026-02-21T02:40:07.371Z [svc-billing-3] retrying connection to elasticsearch (attempt 2/3)
2026-02-21T02:40:07.372Z [svc-db-2] cache hit rate 92%
2026-02-21T02:40:07.373Z [pytest-xdist] gw5 test_orders.py::test_update_shipment PASSED in 148ms trace=5ebf9680-6b56-0c8b-4d2d-46d9d13c6d4e
2026-02-21T02:40:07.375Z [svc-db-2] health check ok
2026-02-21T02:40:07.375Z [svc-sched-1] gc pause 110ms, heap 159MB
2026-02-21T02:40:07.376Z [svc-db-3] cache hit rate 88%
2026-02-21T02:40:07.377Z [svc-auth-2] processed batch of 339 items
2026-02-21T02:40:07.377Z [svc-search-2] retrying connection to kafka (attempt 2/3)
2026-02-21T02:40:07.380Z [svc-db-4] connected to upstream in 68ms
2026-02-21T02:40:07.383Z [svc-auth-1] retrying connection to vault (attempt 1/3)
2026-02-21T02:40:07.383Z [svc-queue-2] cache hit rate 85%
2026-02-21T02:40:07.384Z [svc-db-4] closed idle connection after 243s
2026-02-21T02:40:07.385Z [svc-auth-4] closed idle connection after 141s
2026-02-21T02:40:07.386Z [svc-cache-3] retrying connection to kafka (attempt 2/3)
2026-02-21T02:40:07.386Z [svc-media-2] retrying connection to redis (attempt 1/3)
2026-02-21T02:40:07.387Z [pytest-xdist] gw3 test_payments.py::test_create_session PASSED in 27ms trace=292b50b5-0a49-0a62-a347-865c6b31a48a
2026-02-21T02:40:07.387Z [svc-db-0] connected to upstream in 55ms
2026-02-21T02:40:07.387Z [svc-queue-1] cache hit rate 95%
2026-02-21T02:40:07.387Z [svc-sched-2] retrying connection to redis (attempt 3/3)
2026-02-21T02:40:07.388Z [svc-db-3] closed idle connection after 168s
2026-02-21T02:40:07.388Z [svc-gateway-4] retrying connection to vault (attempt 1/3)
2026-02-21T02:40:07.389Z [svc-queue-0] connected to upstream in 74ms
2026-02-21T02:40:07.389Z [svc-sched-2] retrying connection to redis (attempt 2/3)
2026-02-21T02:40:07.391Z [svc-notify-3] closed idle connection after 323s
2026-02-21T02:40:07.393Z [svc-queue-2] processed batch of 309 items
2026-02-21T02:40:07.395Z [svc-gateway-4] warning: slow query took 2156ms
2026-02-21T02:40:07.396Z [pytest-xdist] gw5 test_notify.py::test_notify_refund PASSED in 102ms trace=61ee9394-30a9-b644-1920-19e7babfd2d8
2026-02-21T02:40:07.399Z [svc-queue-1] gc pause 44ms, heap 272MB
2026-02-21T02:40:07.400Z [svc-media-4] gc pause 81ms, heap 925MB
2026-02-21T02:40:07.401Z [svc-billing-4] connected to upstream in 8ms
2026-02-21T02:40:07.402Z [svc-billing-3] processed batch of 113 items
2026-02-21T02:40:07.404Z [svc-media-3] health check ok
2026-02-21T02:40:07.406Z [svc-cache-4] retrying connection to s3 (attempt 3/3)
2026-02-21T02:40:07.406Z [svc-search-4] closed idle connection after 108s
2026-02-21T02:40:07.406Z [svc-media-0] processed batch of 21 items
2026-02-21T02:40:07.406Z [svc-sched-3] health check ok
2026-02-21T02:40:07.407Z [pytest-xdist] gw1 test_export.py::test_create_subscription PASSED in 216ms trace=d9ef6ef4-37d5-4ae9-11e6-d8c867712976
2026-02-21T02:40:07.407Z [svc-search-4] health check ok
2026-02-21T02:40:07.408Z [svc-db-2] gc pause 52ms, heap 839MB
2026-02-21T02:40:07.408Z [svc-queue-4] connected to upstream in 19ms
2026-02-21T02:40:07.409Z [svc-billing-2] connected to upstream in 7ms
2026-02-21T02:40:07.411Z [pytest-xdist] gw3 test_export.py::test_parse_attachment PASSED in 169ms trace=083b7faa-d254-311e-97a8-06f6235912d4
2026-02-21T02:40:07.414Z [svc-billing-1] closed idle connection after 324s
2026-02-21T02:40:07.415Z [svc-sched-4] retrying connection to s3 (attempt 1/3)
2026-02-21T02:40:07.417Z [svc-billing-4] gc pause 11ms, heap 206MB
2026-02-21T02:40:07.421Z [svc-billing-3] health check ok
2026-02-21T02:40:07.422Z [svc-auth-1] connected to upstream in 8ms
2026-02-21T02:40:07.423Z [svc-gateway-1] warning: slow query took 910ms
2026-02-21T02:40:07.425Z [svc-sched-2] retrying connection to redis (attempt 1/3)
2026-02-21T02:40:07.426Z [svc-auth-2] health check ok
2026-02-21T02:40:07.426Z [svc-media-4] gc pause 62ms, heap 687MB
2026-02-21T02:40:07.427Z [svc-billing-0] warning: slow query took 2108ms
2026-02-21T02:40:07.427Z [svc-billing-4] processed batch of 193 items
2026-02-21T02:40:07.427Z [svc-search-0] health check ok
2026-02-21T02:40:07.427Z [svc-search-4] connected to upstream in 69ms
2026-02-21T02:40:07.429Z [pytest-xdist] gw1 test_export.py::test_delete_coupon PASSED in 173ms trace=ad1a25b9-37a6-53be-ef31-729a439f3661
2026-02-21T02:40:07.429Z [svc-notify-1] gc pause 83ms, heap 442MB
2026-02-21T02:40:07.433Z [svc-cache-1] processed batch of 468 items
2026-02-21T02:40:07.434Z [svc-queue-1] warning: slow query took 1782ms
2026-02-21T02:40:07.439Z [svc-auth-3] health check ok
2026-02-21T02:40:07.439Z [svc-gateway-3] connected to upstream in 45ms
2026-02-21T02:40:07.442Z [pytest-xdist] gw3 test_queue.py::test_notify_webhook PASSED in 90ms trace=47b364d7-43b0-12e5-a9c6-f4a159ad04e5
2026-02-21T02:40:07.442Z [svc-notify-1] retrying connection to redis (attempt 1/3)
2026-02-21T02:40:07.442Z [svc-gateway-2] cache hit rate 88%
2026-02-21T02:40:07.443Z [svc-notify-4] gc pause 33ms, heap 529MB
2026-02-21T02:40:07.445Z [svc-db-2] warning: slow query took 1811ms
2026-02-21T02:40:07.446Z [svc-cache-0] retrying connection to vault (attempt 3/3)
2026-02-21T02:40:07.446Z [svc-notify-2] health check ok
2026-02-21T02:40:07.446Z [svc-notify-3] gc pause 42ms, heap 494MB
2026-02-21T02:40:07.453Z [svc-billing-1] closed idle connection after 131s
2026-02-21T02:40:07.453Z [svc-gateway-0] cache hit rate 90%
2026-02-21T02:40:07.456Z [svc-auth-0] cache hit rate 92%
2026-02-21T02:40:07.458Z [svc-auth-4] retrying connection to kafka (attempt 2/3)
2026-02-21T02:40:07.458Z [svc-sched-2] processed batch of 317 items
2026-02-21T02:40:07.459Z [svc-billing-2] connected to upstream in 51ms
2026-02-21T02:40:07.459Z [svc-notify-4] health check ok
2026-02-21T02:40:07.460Z [svc-notify-2] health check ok
2026-02-21T02:40:07.460Z [svc-gateway-3] processed batch of 331 items
2026-02-21T02:40:07.462Z [svc-db-3] connected to upstream in 29ms
2026-02-21T02:40:07.464Z [pytest-xdist] gw1 test_webhooks.py::test_create_session PASSED in 39ms trace=641128db-ac58-e620-198b-efd6fa519327
2026-02-21T02:40:07.466Z [svc-gateway-0] cache hit rate 85%
2026-02-21T02:40:07.467Z [svc-billing-1] closed idle connection after 82s
2026-02-21T02:40:07.467Z [svc-media-0] processed batch of 90 items
2026-02-21T02:40:07.471Z [svc-gateway-1] retrying connection to kafka (attempt 3/3)
2026-02-21T02:40:07.471Z [svc-sched-2] health check ok
2026-02-21T02:40:07.474Z [svc-db-1] gc pause 36ms, heap 957MB
2026-02-21T02:40:07.474Z [svc-notify-3] closed idle connection after 217s
2026-02-21T02:40:07.476Z [pytest-xdist] gw0 test_users.py::test_expire_invoice PASSED in 32ms trace=6bf616eb-4308-73fc-a87a-17edfca656d8
2026-02-21T02:40:07.477Z [svc-auth-0] gc pause 75ms, heap 394MB
2026-02-21T02:40:07.477Z [svc-gateway-2] processed batch of 366 items
2026-02-21T02:40:07.479Z [pytest-xdist] gw3 test_payments.py::test_notify_refund PASSED in 227ms trace=22cfdead-779b-ba4b-13f3-79308f52eb6c
2026-02-21T02:40:07.480Z [svc-gateway-4] closed idle connection after 236s
2026-02-21T02:40:07.481Z [svc-auth-1] warning: slow query took 1960ms
2026-02-21T02:40:07.482Z [svc-media-2] closed idle connection after 238s
2026-02-21T02:40:07.484Z [svc-notify-3] processed batch of 168 items
2026-02-21T02:40:07.484Z [svc-queue-3] warning: slow query took 754ms
2026-02-21T02:40:07.486Z [svc-billing-3] connected to upstream in 62ms
2026-02-21T02:40:07.486Z [svc-queue-4] connected to upstream in 21ms
2026-02-21T02:40:07.489Z [svc-search-2] connected to upstream in 82ms
2026-02-21T02:40:07.490Z [svc-queue-3] cache hit rate 92%
2026-02-21T02:40:07.491Z [svc-billing-2] closed idle connection after 216s
2026-02-21T02:40:07.493Z [svc-billing-4] retrying connection to vault (attempt 3/3)
2026-02-21T02:40:07.493Z [svc-sched-0] gc pause 69ms, heap 338MB
2026-02-21T02:40:07.493Z [svc-sched-2] gc pause 51ms, heap 838MB
2026-02-21T02:40:07.494Z [pytest-xdist] gw3 test_export.py::test_sync_refund PASSED in 44ms trace=860dbbd9-8336-170f-956c-bbe0567a2981
2026-02-21T02:40:07.495Z [svc-notify-4] processed batch of 57 items
2026-02-21T02:40:07.498Z [svc-auth-4] warning: slow query took 952ms
2026-02-21T02:40:07.500Z [svc-db-0] closed idle connection after 290s
2026-02-21T02:40:07.501Z [svc-search-0] gc pause 13ms, heap 260MB
2026-02-21T02:40:07.501Z [svc-media-1] retrying connection to postgres (attempt 1/3)
2026-02-21T02:40:07.501Z [svc-media-3] warning: slow query took 240ms
2026-02-21T02:40:07.502Z [pytest-xdist] gw1 test_billing.py::test_delete_attachment PASSED in 216ms trace=8fa16e66-27d8-a22d-22d3-69aa9cf2ec37
2026-02-21T02:40:07.502Z [svc-db-3] closed idle connection after 51s
2026-02-21T02:40:07.502Z [svc-gateway-4] cache hit rate 88%
2026-02-21T02:40:07.504Z [svc-notify-1] retrying connection to redis (attempt 2/3)
2026-02-21T02:40:07.509Z [pytest-xdist] gw5 test_payments.py::test_authorize_template PASSED in 25ms trace=2b151ed9-f16a-419f-ba8f-87ad9a4a6ecc
2026-02-21T02:40:07.509Z [svc-sched-2] closed idle connection after 30s
2026-02-21T02:40:07.511Z [svc-notify-4] retrying connection to elasticsearch (attempt 3/3)
2026-02-21T02:40:07.512Z [svc-db-4] processed batch of 330 items
2026-02-21T02:40:07.513Z [svc-auth-3] warning: slow query took 1078ms
2026-02-21T02:40:07.514Z [svc-sched-0] retrying connection to vault (attempt 2/3)
2026-02-21T02:40:07.515Z [svc-cache-3] closed idle connection after 274s
2026-02-21T02:40:07.515Z [svc-billing-0] connected to upstream in 48ms
2026-02-21T02:40:07.516Z [pytest-xdist] gw1 test_import.py::test_expire_refund PASSED in 183ms trace=eaa131b8-8da9-e59a-ff89-ee5b8dc724e3
