2026-02-21T02:40:00.000Z [svc-auth-3] health check ok
2026-02-21T02:40:00.001Z [svc-media-1] retrying connection to postgres (attempt 3/3)
2026-02-21T02:40:00.004Z [svc-notify-1] cache hit rate 90%
2026-02-21T02:40:00.005Z [svc-search-2] warning: slow query took 600ms
2026-02-21T02:40:00.005Z [svc-search-3] retrying connection to s3 (attempt 2/3)
2026-02-21T02:40:00.005Z [svc-gateway-0] gc pause 70ms, heap 310MB
2026-02-21T02:40:00.006Z [svc-db-3] health check ok
2026-02-21T02:40:00.007Z [svc-cache-1] gc pause 71ms, heap 628MB
2026-02-21T02:40:00.010Z [svc-billing-3] gc pause 51ms, heap 420MB
2026-02-21T02:40:00.010Z [svc-search-1] retrying connection to redis (attempt 2/3)
2026-02-21T02:40:00.012Z [pytest-xdist] gw2 test_auth.py::test_paginate_index PASSED in 76ms trace=ecb900a8-2aef-ea10-c5af-27a8bfb61c7e
2026-02-21T02:40:00.016Z [svc-queue-0] gc pause 97ms, heap 658MB
2026-02-21T02:40:00.017Z [svc-media-2] cache hit rate 90%
2026-02-21T02:40:00.018Z [svc-auth-2] warning: slow query took 1578ms
2026-02-21T02:40:00.020Z [svc-sched-0] closed idle connection after 64s
2026-02-21T02:40:00.022Z [svc-auth-0] connected to upstream in 81ms
2026-02-21T02:40:00.024Z [svc-search-2] connected to upstream in 34ms
2026-02-21T02:40:00.024Z [svc-media-0] connected to upstream in 21ms
2026-02-21T02:40:00.026Z [pytest-xdist] gw4 test_notify.py::test_cache_quota PASSED in 69ms trace=c0ac5f44-9094-e1d8-378d-f6c8dc66970d
2026-02-21T02:40:00.026Z [svc-auth-1] retrying connection to vault (attempt 3/3)
2026-02-21T02:40:00.027Z [svc-db-1] gc pause 36ms, heap 241MB
2026-02-21T02:40:00.028Z [svc-cache-2] gc pause 41ms, heap 337MB
2026-02-21T02:40:00.028Z [svc-queue-2] gc pause 44ms, heap 110MB
2026-02-21T02:40:00.030Z [svc-gateway-3] closed idle connection after 103s
2026-02-21T02:40:00.031Z [svc-search-2] health check ok
2026-02-21T02:40:00.032Z [pytest-xdist] gw1 test_search.py::test_list_webhook PASSED in 241ms trace=18efb151-be7d-2a97-7519-c04e9a0fd385
2026-02-21T02:40:00.033Z [svc-db-4] connected to upstream in 63ms
2026-02-21T02:40:00.034Z [svc-gateway-4] health check ok
2026-02-21T02:40:00.035Z [pytest-xdist] gw1 test_media.py::test_create_refund PASSED in 65ms trace=b0323971-73c3-5350-f639-c8614b5b2f97
2026-02-21T02:40:00.036Z [svc-db-2] cache hit rate 88%
2026-02-21T02:40:00.036Z [svc-gateway-2] retrying connection to s3 (attempt 1/3)
2026-02-21T02:40:00.036Z [svc-media-3] connected to upstream in 45ms
2026-02-21T02:40:00.039Z [svc-cache-3] health check ok
2026-02-21T02:40:00.039Z [svc-search-0] connected to upstream in 35ms
2026-02-21T02:40:00.040Z [svc-notify-1] cache hit rate 85%
2026-02-21T02:40:00.040Z [svc-notify-1] gc pause 76ms, heap 528MB
2026-02-21T02:40:00.040Z [svc-gateway-2] health check ok
2026-02-21T02:40:00.042Z [svc-sched-0] cache hit rate 95%
2026-02-21T02:40:00.044Z [svc-billing-2] processed batch of 396 items
2026-02-21T02:40:00.046Z [svc-gateway-3] health check ok
2026-02-21T02:40:00.048Z [svc-billing-4] processed batch of 311 items
2026-02-21T02:40:00.052Z [svc-cache-3] health check ok
2026-02-21T02:40:00.055Z [svc-sched-3] connected to upstream in 35ms
2026-02-21T02:40:00.056Z [svc-auth-4] cache hit rate 92%
2026-02-21T02:40:00.056Z [svc-cache-4] health check ok
2026-02-21T02:40:00.056Z [svc-gateway-1] closed idle connection after 199s
2026-02-21T02:40:00.057Z [pytest-xdist] gw2 test_orders.py::test_render_coupon PASSED in 102ms trace=bb5c3fa2-55c8-089e-cc76-9172f650c836
2026-02-21T02:40:00.057Z [svc-auth-4] retrying connection to kafka (attempt 3/3)
2026-02-21T02:40:00.060Z [svc-cache-0] processed batch of 229 items
2026-02-21T02:40:00.062Z [svc-notify-0] processed batch of 40 items
2026-02-21T02:40:00.062Z [svc-notify-2] connected to upstream in 50ms
2026-02-21T02:40:00.065Z [svc-cache-0] processed batch of 442 items
2026-02-21T02:40:00.065Z [svc-billing-2] connected to upstream in 28ms
2026-02-21T02:40:00.065Z [svc-search-1] connected to upstream in 42ms
2026-02-21T02:40:00.066Z [svc-media-4] connected to upstream in 30ms
2026-02-21T02:40:00.069Z [svc-db-4] processed batch of 141 items
2026-02-21T02:40:00.070Z [svc-notify-2] retrying connection to kafka (attempt 1/3)
2026-02-21T02:40:00.073Z [svc-billing-3] health check ok
2026-02-21T02:40:00.074Z [svc-search-1] gc pause 22ms, heap 647MB
2026-02-21T02:40:00.076Z [svc-search-0] health check ok
2026-02-21T02:40:00.077Z [pytest-xdist] gw0 test_notify.py::test_create_template PASSED in 24ms trace=ab3b9252-1781-5b1d-e11e-7c49e8873da0
2026-02-21T02:40:00.080Z [svc-gateway-3] cache hit rate 95%
2026-02-21T02:40:00.081Z [svc-media-2] health check ok
2026-02-21T02:40:00.083Z [svc-cache-1] health check ok
2026-02-21T02:40:00.084Z [svc-db-3] closed idle connection after 219s
2026-02-21T02:40:00.084Z [svc-billing-0] closed idle connection after 136s
2026-02-21T02:40:00.085Z [svc-cache-3] gc pause 17ms, heap 674MB
2026-02-21T02:40:00.085Z [svc-db-2] cache hit rate 92%
2026-02-21T02:40:00.085Z [svc-billing-2] gc pause 121ms, heap 976MB
2026-02-21T02:40:00.086Z [pytest-xdist] gw2 test_auth.py::test_sync_refund PASSED in 40ms trace=cc266dc8-af4b-c829-f7c5-d9258a8026f1
2026-02-21T02:40:00.087Z [svc-cache-4] connected to upstream in 31ms
2026-02-21T02:40:00.088Z [svc-media-0] retrying connection to vault (attempt 2/3)
2026-02-21T02:40:00.089Z [svc-billing-0] cache hit rate 90%
2026-02-21T02:40:00.089Z [svc-search-1] warning: slow query took 566ms
2026-02-21T02:40:00.089Z [svc-queue-1] health check ok
2026-02-21T02:40:00.090Z [svc-queue-3] health check ok
2026-02-21T02:40:00.091Z [svc-db-4] retrying connection to postgres (attempt 2/3)
2026-02-21T02:40:00.092Z [svc-notify-2] warning: slow query took 410ms
2026-02-21T02:40:00.094Z [pytest-xdist] gw4 test_billing.py::test_reconcile_token PASSED in 167ms trace=90df492b-0586-2e3a-ac89-f4cf43f65cbe
2026-02-21T02:40:00.094Z [svc-notify-2] retrying connection to kafka (attempt 2/3)
2026-02-21T02:40:00.094Z [svc-notify-4] warning: slow query took 992ms
2026-02-21T02:40:00.096Z [svc-gateway-2] processed batch of 220 items
2026-02-21T02:40:00.098Z [svc-search-0] cache hit rate 95%
2026-02-21T02:40:00.098Z [svc-gateway-4] connected to upstream in 53ms
2026-02-21T02:40:00.099Z [svc-search-3] health check ok
2026-02-21T02:40:00.100Z [svc-media-2] cache hit rate 88%
2026-02-21T02:40:00.109Z [svc-cache-2] connected to upstream in 70ms
2026-02-21T02:40:00.111Z [svc-gateway-4] warning: slow query took 275ms
2026-02-21T02:40:00.113Z [pytest-xdist] gw2 test_auth.py::test_reconcile_user PASSED in 28ms trace=349e3a58-f8d7-963d-0cdf-bd38132d3e48
2026-02-21T02:40:00.115Z [svc-notify-2] connected to upstream in 6ms
2026-02-21T02:40:00.115Z [svc-notify-3] warning: slow query took 1765ms
2026-02-21T02:40:00.117Z [svc-sched-2] gc pause 67ms, heap 504MB
2026-02-21T02:40:00.120Z [svc-cache-0] processed batch of 147 items
2026-02-21T02:40:00.121Z [svc-gateway-3] warning: slow query took 1565ms
2026-02-21T02:40:00.123Z [pytest-xdist] gw3 test_users.py::test_parse_refund PASSED in 77ms trace=ca4c1ff0-5258-3d7b-7e76-1f077f225206
2026-02-21T02:40:00.123Z [svc-db-3] connected to upstream in 55ms
2026-02-21T02:40:00.123Z [svc-queue-0] retrying connection to vault (attempt 3/3)
2026-02-21T02:40:00.125Z [svc-sched-0] warning: slow query took 631ms
2026-02-21T02:40:00.127Z [svc-media-2] warning: slow query took 1134ms
2026-02-21T02:40:00.131Z [svc-search-3] warning: slow query took 915ms
2026-02-21T02:40:00.132Z [svc-queue-1] warning: slow query took 2130ms
2026-02-21T02:40:00.132Z [svc-queue-2] health check ok
2026-02-21T02:40:00.132Z [svc-queue-4] closed idle connection after 169s
2026-02-21T02:40:00.134Z [svc-notify-3] retrying connection to s3 (attempt 3/3)
2026-02-21T02:40:00.136Z [pytest-xdist] gw1 test_users.py::test_expire_region PASSED in 175ms trace=915c33c6-8d65-83c4-63d6-34da24c4356d
2026-02-21T02:40:00.136Z [svc-search-2] processed batch of 41 items
2026-02-21T02:40:00.137Z [svc-db-0] retrying connection to kafka (attempt 2/3)
2026-02-21T02:40:00.137Z [svc-queue-1] connected to upstream in 56ms
2026-02-21T02:40:00.138Z [svc-sched-0] retrying connection to vault (attempt 1/3)
2026-02-21T02:40:00.140Z [svc-queue-4] health check ok
2026-02-21T02:40:00.141Z [pytest-xdist] gw0 test_notify.py::test_delete_attachment PASSED in 51ms trace=f09e6e6f-a214-c379-9f13-9257affb4571
2026-02-21T02:40:00.142Z [svc-auth-2] closed idle connection after 326s
2026-02-21T02:40:00.144Z [svc-queue-4] cache hit rate 90%
2026-02-21T02:40:00.145Z [pytest-xdist] gw3 test_webhooks.py::test_sync_quota SKIPPED (reason: not-implemented-here)
2026-02-21T02:40:00.145Z [svc-notify-2] processed batch of 205 items
2026-02-21T02:40:00.146Z [svc-sched-3] gc pause 64ms, heap 419MB
2026-02-21T02:40:00.148Z [svc-notify-2] retrying connection to kafka (attempt 3/3)
2026-02-21T02:40:00.150Z [pytest-xdist] gw1 test_webhooks.py::test_create_refund PASSED in 134ms trace=ce9aab84-c32e-fbae-1317-52dc16fbe7b9
2026-02-21T02:40:00.151Z [svc-billing-2] retrying connection to s3 (attempt 3/3)
2026-02-21T02:40:00.154Z [svc-sched-3] connected to upstream in 11ms
2026-02-21T02:40:00.155Z [svc-billing-4] warning: slow query took 1607ms
2026-02-21T02:40:00.156Z [svc-search-0] processed batch of 165 items
2026-02-21T02:40:00.156Z [svc-gateway-2] health check ok
2026-02-21T02:40:00.156Z [svc-queue-3] health check ok
2026-02-21T02:40:00.156Z [svc-queue-4] health check ok
2026-02-21T02:40:00.157Z [svc-auth-3] cache hit rate 88%
2026-02-21T02:40:00.157Z [svc-notify-3] closed idle connection after 143s
2026-02-21T02:40:00.160Z [svc-cache-0] retrying connection to vault (attempt 3/3)
2026-02-21T02:40:00.160Z [svc-db-1] gc pause 115ms, heap 627MB
2026-02-21T02:40:00.160Z [svc-billing-2] gc pause 52ms, heap 537MB
2026-02-21T02:40:00.161Z [svc-media-1] processed batch of 11 items
2026-02-21T02:40:00.162Z [svc-search-4] gc pause 10ms, heap 505MB
2026-02-21T02:40:00.163Z [svc-billing-2] closed idle connection after 274s
2026-02-21T02:40:00.165Z [svc-db-4] cache hit rate 92%
2026-02-21T02:40:00.168Z [svc-cache-2] gc pause 43ms, heap 606MB
2026-02-21T02:40:00.168Z [svc-billing-1] connected to upstream in 49ms
2026-02-21T02:40:00.172Z [pytest-xdist] gw5 test_export.py::test_parse_attachment PASSED in 74ms trace=884e913c-58fd-e1fd-5ff8-3990b9bea26a
2026-02-21T02:40:00.176Z [svc-auth-0] health check ok
2026-02-21T02:40:00.176Z [svc-auth-4] retrying connection to kafka (attempt 3/3)
2026-02-21T02:40:00.177Z [pytest-xdist] gw1 test_media.py::test_create_token PASSED in 228ms trace=f1ffbcef-17e9-99cb-e5a8-ab8d4f295fc4
2026-02-21T02:40:00.177Z [svc-cache-0] cache hit rate 88%
2026-02-21T02:40:00.178Z [svc-queue-4] connected to upstream in 71ms
2026-02-21T02:40:00.178Z [svc-sched-3] health check ok
2026-02-21T02:40:00.179Z [svc-sched-2] health check ok
2026-02-21T02:40:00.182Z [svc-media-0] gc pause 9ms, heap 672MB
2026-02-21T02:40:00.184Z [svc-search-3] gc pause 90ms, heap 298MB
2026-02-21T02:40:00.185Z [svc-billing-0] cache hit rate 92%
2026-02-21T02:40:00.188Z [pytest-xdist] gw0 test_billing.py::test_sync_session PASSED in 243ms trace=84d89a62-c653-d103-8477-3124a57bc9b8
2026-02-21T02:40:00.188Z [svc-billing-2] processed batch of 322 items
2026-02-21T02:40:00.191Z [svc-db-4] health check ok
2026-02-21T02:40:00.194Z [svc-gateway-1] connected to upstream in 49ms
2026-02-21T02:40:00.194Z [svc-gateway-1] cache hit rate 95%
2026-02-21T02:40:00.196Z [svc-billing-2] processed batch of 478 items
2026-02-21T02:40:00.196Z [svc-notify-4] cache hit rate 88%
2026-02-21T02:40:00.196Z [svc-media-1] closed idle connection after 87s
2026-02-21T02:40:00.196Z [svc-media-4] gc pause 6ms, heap 201MB
2026-02-21T02:40:00.197Z [svc-cache-1] closed idle connection after 110s
2026-02-21T02:40:00.197Z [svc-media-1] closed idle connection after 63s
2026-02-21T02:40:00.198Z [svc-media-4] connected to upstream in 73ms
2026-02-21T02:40:00.199Z [svc-search-4] processed batch of 210 items
2026-02-21T02:40:00.202Z [pytest-xdist] gw5 test_sched.py::test_parse_invoice PASSED in 70ms trace=be6f61d0-34b9-f9da-ad78-44552dd22af3
2026-02-21T02:40:00.204Z [svc-gateway-3] gc pause 84ms, heap 818MB
2026-02-21T02:40:00.204Z [svc-queue-2] connected to upstream in 68ms
2026-02-21T02:40:00.205Z [svc-gateway-0] gc pause 19ms, heap 523MB
2026-02-21T02:40:00.206Z [pytest-xdist] gw2 test_search.py::test_validate_query PASSED in 22ms trace=3c80b104-e5fb-991d-c204-863e910ad360
2026-02-21T02:40:00.207Z [svc-media-0] gc pause 63ms, heap 651MB
2026-02-21T02:40:00.208Z [svc-auth-3] warning: slow query took 1105ms
2026-02-21T02:40:00.208Z [svc-gateway-2] warning: slow query took 728ms
2026-02-21T02:40:00.208Z [svc-queue-3] warning: slow query took 1413ms
2026-02-21T02:40:00.209Z [svc-search-0] closed idle connection after 226s
2026-02-21T02:40:00.209Z [svc-gateway-4] cache hit rate 95%
2026-02-21T02:40:00.210Z [svc-search-3] connected to upstream in 13ms
2026-02-21T02:40:00.211Z [pytest-xdist] gw0 test_webhooks.py::test_delete_index PASSED in 170ms trace=227fe287-6d78-11e1-b4a4-24a546dcad78
2026-02-21T02:40:00.213Z [svc-auth-0] retrying connection to elasticsearch (attempt 2/3)
2026-02-21T02:40:00.214Z [svc-media-0] connected to upstream in 39ms
2026-02-21T02:40:00.218Z [svc-auth-4] connected to upstream in 16ms
2026-02-21T02:40:00.220Z [svc-media-1] cache hit rate 88%
2026-02-21T02:40:00.220Z [svc-queue-0] processed batch of 464 items
2026-02-21T02:40:00.221Z [svc-media-4] processed batch of 330 items
2026-02-21T02:40:00.222Z [svc-cache-3] closed idle connection after 258s
2026-02-21T02:40:00.222Z [svc-notify-4] retrying connection to elasticsearch (attempt 3/3)
2026-02-21T02:40:00.223Z [svc-auth-4] gc pause 114ms, heap 765MB
2026-02-21T02:40:00.223Z [svc-db-4] connected to upstream in 57ms
2026-02-21T02:40:00.223Z [svc-search-2] retrying connection to kafka (attempt 1/3)
2026-02-21T02:40:00.223Z [svc-gateway-4] processed batch of 438 items
2026-02-21T02:40:00.223Z [svc-queue-3] cache hit rate 95%
2026-02-21T02:40:00.227Z [svc-auth-2] warning: slow query took 1078ms
2026-02-21T02:40:00.228Z [pytest-xdist] gw0 test_orders.py::test_cache_coupon PASSED in 148ms trace=e8bcdc14-b1a3-7330-d623-e6c31b8b5d39
2026-02-21T02:40:00.230Z [svc-auth-0] connected to upstream in 23ms
2026-02-21T02:40:00.233Z [svc-billing-3] warning: slow query took 388ms
2026-02-21T02:40:00.234Z [svc-queue-0] health check ok
2026-02-21T02:40:00.237Z [svc-cache-2] retrying connection to redis (attempt 2/3)
2026-02-21T02:40:00.238Z [svc-billing-2] processed batch of 51 items
2026-02-21T02:40:00.238Z [svc-media-0] closed idle connection after 114s
2026-02-21T02:40:00.239Z [pytest-xdist] gw4 test_auth.py::test_create_user PASSED in 37ms trace=6d041c14-0ec9-e5f4-fad7-2f858f83994e
2026-02-21T02:40:00.239Z [svc-cache-1] connected to upstream in 30ms
2026-02-21T02:40:00.239Z [svc-gateway-3] connected to upstream in 51ms
2026-02-21T02:40:00.243Z [svc-db-4] processed batch of 266 items
2026-02-21T02:40:00.245Z [svc-billing-4] gc pause 20ms, heap 438MB
2026-02-21T02:40:00.247Z [svc-db-0] connected to upstream in 82ms
2026-02-21T02:40:00.247Z [svc-queue-0] connected to upstream in 22ms
2026-02-21T02:40:00.248Z [svc-auth-4] warning: slow query took 1723ms
2026-02-21T02:40:00.249Z [svc-media-1] closed idle connection after 239s
2026-02-21T02:40:00.251Z [svc-search-3] connected to upstream in 63ms
2026-02-21T02:40:00.252Z [svc-gateway-1] retrying connection to kafka (attempt 2/3)
2026-02-21T02:40:00.253Z [svc-notify-2] cache hit rate 88%
2026-02-21T02:40:00.256Z [svc-cache-2] health check ok
2026-02-21T02:40:00.256Z [svc-db-2] gc pause 120ms, heap 914MB
2026-02-21T02:40:00.256Z [svc-sched-4] health check ok
2026-02-21T02:40:00.257Z [svc-gateway-4] health check ok
2026-02-21T02:40:00.258Z [svc-gateway-2] connected to upstream in 65ms
2026-02-21T02:40:00.259Z [pytest-xdist] gw5 test_billing.py::test_paginate_template PASSED in 66ms trace=d9c69bcc-0ed4-19cd-6e6a-ad43a3895274
2026-02-21T02:40:00.260Z [svc-gateway-2] health check ok
2026-02-21T02:40:00.262Z [svc-notify-0] health check ok
2026-02-21T02:40:00.263Z [svc-cache-1] health check ok
2026-02-21T02:40:00.264Z [svc-search-3] health check ok
2026-02-21T02:40:00.264Z [svc-sched-3] warning: slow query took 540ms
2026-02-21T02:40:00.265Z [svc-billing-3] warning: slow query took 1779ms
2026-02-21T02:40:00.265Z [svc-sched-3] closed idle connection after 240s
2026-02-21T02:40:00.266Z [svc-auth-4] warning: slow query took 827ms
2026-02-21T02:40:00.270Z [svc-queue-1] warning: slow query took 1764ms
2026-02-21T02:40:00.271Z [pytest-xdist] gw3 test_payments.py::test_expire_template PASSED in 132ms trace=b84dead5-b4d6-1d6d-c477-832817afbdee
2026-02-21T02:40:00.271Z [svc-search-0] warning: slow query took 626ms
2026-02-21T02:40:00.271Z [svc-notify-1] warning: slow query took 1814ms
2026-02-21T02:40:00.271Z [svc-sched-2] warning: slow query took 2100ms
2026-02-21T02:40:00.274Z [svc-cache-0] processed batch of 371 items
2026-02-21T02:40:00.277Z [svc-cache-2] connected to upstream in 42ms
2026-02-21T02:40:00.278Z [svc-cache-1] gc pause 95ms, heap 521MB
2026-02-21T02:40:00.281Z [svc-db-0] retrying connection to kafka (attempt 3/3)
2026-02-21T02:40:00.281Z [svc-media-4] connected to upstream in 56ms
2026-02-21T02:40:00.282Z [svc-notify-3] warning: slow query took 1104ms
2026-02-21T02:40:00.285Z [svc-gateway-4] processed batch of 413 items
2026-02-21T02:40:00.286Z [svc-auth-4] warning: slow query took 1043ms
2026-02-21T02:40:00.287Z [svc-media-1] closed idle connection after 283s
2026-02-21T02:40:00.288Z [svc-cache-1] health check ok
2026-02-21T02:40:00.290Z [svc-media-2] health check ok
2026-02-21T02:40:00.291Z [pytest-xdist] gw5 test_queue.py::test_delete_subscription SKIPPED (reason: not-implemented-here)
2026-02-21T02:40:00.291Z [svc-search-4] connected to upstream in 25ms
2026-02-21T02:40:00.291Z [svc-queue-0] warning: slow query took 1618ms
2026-02-21T02:40:00.292Z [svc-queue-4] health check ok
2026-02-21T02:40:00.297Z [svc-auth-3] processed batch of 130 items
2026-02-21T02:40:00.302Z [svc-notify-0] processed batch of 460 items
2026-02-21T02:40:00.303Z [svc-notify-0] warning: slow query took 1293ms
2026-02-21T02:40:00.303Z [svc-notify-3] processed batch of 488 items
2026-02-21T02:40:00.305Z [pytest-xdist] gw5 test_webhooks.py::test_delete_shipment PASSED in 95ms trace=12ef0757-8509-d455-ec8b-f269e81a38d6
2026-02-21T02:40:00.305Z [svc-sched-1] processed batch of 210 items
2026-02-21T02:40:00.306Z [svc-gateway-4] cache hit rate 92%
2026-02-21T02:40:00.306Z [svc-media-2] gc pause 96ms, heap 413MB
2026-02-21T02:40:00.307Z [svc-auth-0] closed idle connection after 181s
2026-02-21T02:40:00.308Z [pytest-xdist] gw1 test_media.py::test_update_quota PASSED in 25ms trace=46707628-37cb-880e-d86e-92eb97947e1d
2026-02-21T02:40:00.308Z [svc-queue-0] processed batch of 491 items
2026-02-21T02:40:00.309Z [svc-billing-0] connected to upstream in 15ms
2026-02-21T02:40:00.309Z [svc-media-3] processed batch of 302 items
2026-02-21T02:40:00.309Z [svc-queue-2] cache hit rate 85%
2026-02-21T02:40:00.314Z [pytest-xdist] gw3 test_notify.py::test_render_attachment PASSED in 166ms trace=b1dfd9cc-6fe5-c5d7-7961-5e67f003c1ca
2026-02-21T02:40:00.315Z [svc-billing-1] retrying connection to kafka (attempt 2/3)
2026-02-21T02:40:00.315Z [svc-media-3] health check ok
2026-02-21T02:40:00.316Z [svc-auth-0] warning: slow query took 448ms
2026-02-21T02:40:00.317Z [svc-db-0] warning: slow query took 1367ms
2026-02-21T02:40:00.318Z [svc-sched-2] warning: slow query took 1928ms
2026-02-21T02:40:00.319Z [svc-search-4] health check ok
2026-02-21T02:40:00.319Z [svc-queue-0] retrying connection to vault (attempt 2/3)
2026-02-21T02:40:00.322Z [svc-auth-2] cache hit rate 88%
2026-02-21T02:40:00.322Z [svc-queue-2] processed batch of 228 items
2026-02-21T02:40:00.322Z [svc-sched-4] health check ok
2026-02-21T02:40:00.323Z [svc-search-2] gc pause 11ms, heap 574MB
2026-02-21T02:40:00.325Z [svc-sched-3] connected to upstream in 78ms
2026-02-21T02:40:00.326Z [svc-notify-0] cache hit rate 88%
2026-02-21T02:40:00.326Z [svc-notify-2] closed idle connection after 179s
2026-02-21T02:40:00.326Z [svc-media-1] gc pause 11ms, heap 915MB
2026-02-21T02:40:00.329Z [svc-media-0] processed batch of 371 items
2026-02-21T02:40:00.334Z [pytest-xdist] gw1 test_export.py::test_reconcile_shipment PASSED in 114ms trace=1bbb6c79-ed72-a34a-2cb8-f7c714019c0d
2026-02-21T02:40:00.336Z [svc-gateway-2] health check ok
2026-02-21T02:40:00.337Z [svc-search-2] health check ok
2026-02-21T02:40:00.338Z [pytest-xdist] gw4 test_import.py::test_update_shipment PASSED in 122ms trace=ef5c4887-0398-d0c5-3649-b6e33b3e742a
2026-02-21T02:40:00.339Z [svc-db-3] health check ok
2026-02-21T02:40:00.344Z [svc-billing-4] closed idle connection after 47s
2026-02-21T02:40:00.345Z [pytest-xdist] gw5 test_sched.py::test_delete_template PASSED in 132ms trace=cb25a874-9d8b-5810-b9d6-aeaeaae16f46
2026-02-21T02:40:00.346Z [svc-db-3] retrying connection to vault (attempt 2/3)
2026-02-21T02:40:00.347Z [svc-sched-4] health check ok
2026-02-21T02:40:00.352Z [svc-cache-0] health check ok
2026-02-21T02:40:00.352Z [svc-search-3] cache hit rate 95%
2026-02-21T02:40:00.355Z [pytest-xdist] gw1 test_orders.py::test_notify_shipment PASSED in 40ms trace=42cd8eb7-a69a-e478-5476-7d5d1948529d
2026-02-21T02:40:00.355Z [svc-db-1] connected to upstream in 37ms
2026-02-21T02:40:00.357Z [svc-notify-1] gc pause 59ms, heap 361MB
2026-02-21T02:40:00.357Z [svc-gateway-3] cache hit rate 88%
2026-02-21T02:40:00.363Z [svc-search-1] warning: slow query took 1241ms
2026-02-21T02:40:00.363Z [svc-notify-2] connected to upstream in 69ms
2026-02-21T02:40:00.364Z [svc-queue-4] cache hit rate 85%
2026-02-21T02:40:00.367Z [svc-db-0] gc pause 29ms, heap 633MB
2026-02-21T02:40:00.368Z [pytest-xdist] gw1 test_queue.py::test_reconcile_region PASSED in 100ms trace=efeaed1e-7029-07e4-4fb2-79eaaaea523e
2026-02-21T02:40:00.368Z [svc-auth-1] cache hit rate 90%
2026-02-21T02:40:00.369Z [svc-search-2] closed idle connection after 191s
2026-02-21T02:40:00.372Z [svc-notify-1] gc pause 15ms, heap 749MB
2026-02-21T02:40:00.372Z [svc-gateway-4] health check ok
2026-02-21T02:40:00.375Z [pytest-xdist] gw3 test_sched.py::test_authorize_refund PASSED in 71ms trace=93472253-d442-faee-898a-41053cc9b4a0
2026-02-21T02:40:00.375Z [svc-billing-1] processed batch of 223 items
2026-02-21T02:40:00.375Z [svc-sched-0] retrying connection to vault (attempt 1/3)
2026-02-21T02:40:00.377Z [svc-queue-4] gc pause 100ms, heap 651MB
2026-02-21T02:40:00.380Z [svc-cache-3] closed idle connection after 321s
2026-02-21T02:40:00.382Z [svc-sched-0] connected to upstream in 70ms
2026-02-21T02:40:00.385Z [svc-billing-0] processed batch of 24 items
2026-02-21T02:40:00.385Z [svc-search-4] warning: slow query took 760ms
2026-02-21T02:40:00.386Z [svc-gateway-4] connected to upstream in 50ms
2026-02-21T02:40:00.387Z [pytest-xdist] gw2 test_queue.py::test_expire_coupon PASSED in 181ms trace=3b4bba5c-ed30-38ea-8a15-ecaadd51c651
2026-02-21T02:40:00.387Z [svc-gateway-0] warning: slow query took 1885ms
2026-02-21T02:40:00.388Z [svc-billing-2] warning: slow query took 1308ms
2026-02-21T02:40:00.393Z [svc-db-2] health check ok
2026-02-21T02:40:00.397Z [pytest-xdist] gw0 test_auth.py::test_render_index PASSED in 79ms trace=c7f8e0d0-63a2-5a8e-f6d8-4485219c6d27
2026-02-21T02:40:00.400Z [svc-auth-0] processed batch of 157 items
2026-02-21T02:40:00.400Z [svc-db-0] health check ok
2026-02-21T02:40:00.400Z [svc-media-3] connected to upstream in 12ms
2026-02-21T02:40:00.401Z [pytest-xdist] gw0 test_search.py::test_parse_attachment PASSED in 156ms trace=13c18823-6600-633c-e62e-34d2adf43c21
2026-02-21T02:40:00.401Z [svc-notify-0] processed batch of 384 items
2026-02-21T02:40:00.401Z [svc-media-0] retrying connection to vault (attempt 1/3)
2026-02-21T02:40:00.402Z [svc-db-1] processed batch of 223 items
2026-02-21T02:40:00.403Z [svc-media-0] connected to upstream in 63ms
2026-02-21T02:40:00.404Z [svc-sched-3] closed idle connection after 174s
2026-02-21T02:40:00.405Z [svc-gateway-3] warning: slow query took 1222ms
2026-02-21T02:40:00.406Z [svc-gateway-3] processed batch of 228 items
2026-02-21T02:40:00.408Z [svc-sched-4] closed idle connection after 193s
2026-02-21T02:40:00.409Z [svc-cache-4] cache hit rate 90%
2026-02-21T02:40:00.409Z [svc-gateway-4] warning: slow query took 1077ms
2026-02-21T02:40:00.411Z [svc-cache-3] connected to upstream in 13ms
2026-02-21T02:40:00.411Z [svc-notify-0] connected to upstream in 11ms
2026-02-21T02:40:00.414Z [svc-search-1] gc pause 111ms, heap 442MB
2026-02-21T02:40:00.418Z [svc-queue-3] retrying connection to kafka (attempt 1/3)
2026-02-21T02:40:00.418Z [svc-queue-4] warning: slow query took 1508ms
2026-02-21T02:40:00.419Z [svc-auth-4] gc pause 115ms, heap 867MB
2026-02-21T02:40:00.421Z [svc-billing-4] warning: slow query took 1283ms
2026-02-21T02:40:00.421Z [svc-search-0] retrying connection to postgres (attempt 1/3)
2026-02-21T02:40:00.422Z [pytest-xdist] gw2 test_media.py::test_delete_quota PASSED in 230ms trace=51175f7b-a56e-0cb7-334d-d28ef0380c5c
2026-02-21T02:40:00.427Z [svc-db-0] warning: slow query took 1274ms
2026-02-21T02:40:00.427Z [svc-sched-2] processed batch of 341 items
2026-02-21T02:40:00.429Z [svc-cache-4] cache hit rate 92%
2026-02-21T02:40:00.429Z [svc-search-1] connected to upstream in 39ms
2026-02-21T02:40:00.429Z [svc-search-3] processed batch of 166 items
2026-02-21T02:40:00.430Z [svc-db-4] warning: slow query took 1939ms
2026-02-21T02:40:00.431Z [svc-db-3] connected to upstream in 30ms
2026-02-21T02:40:00.434Z [svc-queue-4] warning: slow query took 798ms
2026-02-21T02:40:00.435Z [svc-auth-2] connected to upstream in 48ms
2026-02-21T02:40:00.437Z [svc-search-4] retrying connection to elasticsearch (attempt 3/3)
2026-02-21T02:40:00.438Z [svc-gateway-3] processed batch of 280 items
2026-02-21T02:40:00.439Z [svc-media-4] warning: slow query took 748ms
2026-02-21T02:40:00.440Z [svc-cache-3] connected to upstream in 16ms
2026-02-21T02:40:00.441Z [svc-cache-0] connected to upstream in 46ms
2026-02-21T02:40:00.442Z [svc-search-4] processed batch of 10 items
2026-02-21T02:40:00.443Z [pytest-xdist] gw5 test_export.py::test_notify_index PASSED in 89ms trace=567e15e7-a474-fe67-72fc-8b8bcb8fe597
2026-02-21T02:40:00.443Z [svc-db-3] closed idle connection after 76s
2026-02-21T02:40:00.446Z [svc-auth-2] closed idle connection after 318s
2026-02-21T02:40:00.448Z [svc-search-3] gc pause 111ms, heap 829MB
2026-02-21T02:40:00.450Z [svc-gateway-0] warning: slow query took 1733ms
2026-02-21T02:40:00.450Z [svc-gateway-3] health check ok
2026-02-21T02:40:00.451Z [svc-search-2] closed idle connection after 171s
2026-02-21T02:40:00.451Z [svc-gateway-3] closed idle connection after 241s
2026-02-21T02:40:00.456Z [svc-sched-2] gc pause 117ms, heap 723MB
2026-02-21T02:40:00.457Z [pytest-xdist] gw5 test_import.py::test_paginate_attachment PASSED in 51ms trace=38080aa5-89e2-1216-aa8c-d49c7df54779
2026-02-21T02:40:00.457Z [svc-auth-2] processed batch of 216 items
2026-02-21T02:40:00.458Z [svc-cache-1] health check ok
2026-02-21T02:40:00.458Z [svc-db-3] gc pause 111ms, heap 354MB
2026-02-21T02:40:00.461Z [svc-auth-3] health check ok
2026-02-21T02:40:00.462Z [svc-cache-0] connected to upstream in 57ms
2026-02-21T02:40:00.462Z [svc-db-0] health check ok
2026-02-21T02:40:00.463Z [svc-notify-3] processed batch of 185 items
2026-02-21T02:40:00.464Z [svc-sched-2] warning: slow query took 1273ms
2026-02-21T02:40:00.465Z [svc-db-4] closed idle connection after 106s
2026-02-21T02:40:00.469Z [svc-db-0] connected to upstream in 28ms
2026-02-21T02:40:00.474Z [svc-media-0] cache hit rate 85%
2026-02-21T02:40:00.475Z [svc-db-3] health check ok
2026-02-21T02:40:00.477Z [svc-media-1] health check ok
2026-02-21T02:40:00.478Z [pytest-xdist] gw0 test_auth.py::test_authorize_shipment PASSED in 149ms trace=0e1b3cc8-b3c6-73a0-4822-a2d507027cf6
2026-02-21T02:40:00.478Z [svc-queue-2] cache hit rate 92%
2026-02-21T02:40:00.479Z [svc-notify-0] gc pause 38ms, heap 100MB
2026-02-21T02:40:00.481Z [svc-auth-1] processed batch of 145 items
2026-02-21T02:40:00.481Z [svc-billing-3] warning: slow query took 632ms
2026-02-21T02:40:00.481Z [svc-billing-4] connected to upstream in 6ms
2026-02-21T02:40:00.481Z [svc-gateway-3] gc pause 109ms, heap 302MB
2026-02-21T02:40:00.483Z [svc-db-2] retrying connection to elasticsearch (attempt 2/3)
2026-02-21T02:40:00.483Z [svc-billing-2] processed batch of 214 items
2026-02-21T02:40:00.484Z [svc-db-2] processed batch of 174 items
2026-02-21T02:40:00.484Z [svc-notify-2] processed batch of 263 items
2026-02-21T02:40:00.485Z [svc-gateway-3] retrying connection to elasticsearch (attempt 1/3)
2026-02-21T02:40:00.486Z [svc-notify-1] health check ok
2026-02-21T02:40:00.486Z [svc-notify-3] closed idle connection after 251s
2026-02-21T02:40:00.489Z [svc-sched-3] warning: slow query took 944ms
2026-02-21T02:40:00.490Z [pytest-xdist] gw5 test_export.py::test_reconcile_index PASSED in 246ms trace=2ab1cd19-33f5-7812-3545-25626a6bef85
2026-02-21T02:40:00.492Z [svc-billing-3] cache hit rate 95%
2026-02-21T02:40:00.492Z [svc-search-2] retrying connection to kafka (attempt 3/3)
2026-02-21T02:40:00.493Z [svc-notify-0] processed batch of 93 items
2026-02-21T02:40:00.493Z [svc-media-3] processed batch of 176 items
2026-02-21T02:40:00.494Z [svc-billing-1] cache hit rate 85%
2026-02-21T02:40:00.494Z [svc-search-2] health check ok
2026-02-21T02:40:00.494Z [svc-notify-4] processed batch of 68 items
2026-02-21T02:40:00.496Z [svc-search-4] warning: slow query took 2127ms
2026-02-21T02:40:00.498Z [svc-queue-2] retrying connection to redis (attempt 1/3)
2026-02-21T02:40:00.498Z [svc-queue-3] retrying connection to kafka (attempt 3/3)
2026-02-21T02:40:00.499Z [svc-cache-1] warning: slow query took 1948ms
2026-02-21T02:40:00.504Z [svc-queue-2] processed batch of 268 items
2026-02-21T02:40:00.505Z [svc-media-4] cache hit rate 85%
2026-02-21T02:40:00.506Z [svc-media-3] warning: slow query took 261ms
2026-02-21T02:40:00.507Z [pytest-xdist] gw5 test_auth.py::test_create_quota PASSED in 209ms trace=6178fddf-a33d-56a3-fa32-67a9831f0dcd
2026-02-21T02:40:00.507Z [svc-notify-0] closed idle connection after 275s
2026-02-21T02:40:00.507Z [svc-media-0] gc pause 104ms, heap 762MB
2026-02-21T02:40:00.508Z [svc-media-3] warning: slow query took 767ms
2026-02-21T02:40:00.509Z [svc-search-3] gc pause 6ms, heap 232MB
2026-02-21T02:40:00.513Z [svc-auth-3] retrying connection to redis (attempt 2/3)
2026-02-21T02:40:00.515Z [svc-search-2] closed idle connection after 93s
2026-02-21T02:40:00.519Z [pytest-xdist] gw4 test_billing.py::test_delete_webhook PASSED in 218ms trace=d9fe12cd-eff2-9cde-9d3d-249b64c92283
2026-02-21T02:40:00.520Z [svc-notify-4] health check ok
2026-02-21T02:40:00.520Z [svc-media-2] processed batch of 321 items
2026-02-21T02:40:00.521Z [svc-notify-1] health check ok
2026-02-21T02:40:00.525Z [svc-auth-1] health check ok
2026-02-21T02:40:00.530Z [svc-gateway-3] retrying connection to elasticsearch (attempt 2/3)
2026-02-21T02:40:00.530Z [svc-sched-2] connected to upstream in 35ms
2026-02-21T02:40:00.531Z [pytest-xdist] gw5 test_sched.py::test_paginate_index PASSED in 138ms trace=e4ba7660-07f8-f8f1-bd55-4406386f94df
2026-02-21T02:40:00.533Z [svc-notify-3] gc pause 15ms, heap 748MB
2026-02-21T02:40:00.536Z [svc-billing-4] cache hit rate 88%
2026-02-21T02:40:00.536Z [svc-media-2] closed idle connection after 152s
2026-02-21T02:40:00.537Z [svc-notify-2] warning: slow query took 1971ms
2026-02-21T02:40:00.538Z [svc-media-4] gc pause 88ms, heap 703MB
2026-02-21T02:40:00.538Z [svc-queue-1] closed idle connection after 69s
2026-02-21T02:40:00.540Z [svc-billing-0] retrying connection to redis (attempt 3/3)
2026-02-21T02:40:00.544Z [svc-queue-2] health check ok
2026-02-21T02:40:00.548Z [svc-search-1] warning: slow query took 1003ms
2026-02-21T02:40:00.549Z [svc-media-3] cache hit rate 85%
2026-02-21T02:40:00.550Z [svc-search-4] warning: slow query took 933ms
2026-02-21T02:40:00.551Z [pytest-xdist] gw2 test_orders.py::test_cache_refund PASSED in 147ms trace=bae6bbf6-cd2f-7194-f3a8-6cf6f4dad1f8
2026-02-21T02:40:00.555Z [svc-auth-1] warning: slow query took 1393ms
2026-02-21T02:40:00.555Z [svc-gateway-0] health check ok
2026-02-21T02:40:00.555Z [svc-media-4] closed idle connection after 44s
2026-02-21T02:40:00.557Z [svc-db-2] health check ok
2026-02-21T02:40:00.557Z [svc-billing-3] closed idle connection after 180s
2026-02-21T02:40:00.559Z [svc-cache-0] processed batch of 357 items
2026-02-21T02:40:00.565Z [pytest-xdist] gw3 test_export.py::test_list_index PASSED in 180ms trace=36ebb060-ee2e-7951-d919-e56e3d707078
2026-02-21T02:40:00.571Z [svc-cache-0] connected to upstream in 30ms
2026-02-21T02:40:00.571Z [svc-billing-1] gc pause 123ms, heap 550MB
2026-02-21T02:40:00.572Z [svc-queue-2] gc pause 80ms, heap 583MB
2026-02-21T02:40:00.576Z [svc-queue-4] cache hit rate 85%
2026-02-21T02:40:00.577Z [svc-auth-2] closed idle connection after 110s
2026-02-21T02:40:00.577Z [svc-notify-3] closed idle connection after 140s
2026-02-21T02:40:00.577Z [svc-sched-2] warning: slow query took 1318ms
2026-02-21T02:40:00.580Z [svc-billing-4] cache hit rate 90%
2026-02-21T02:40:00.580Z [svc-media-2] gc pause 72ms, heap 653MB
2026-02-21T02:40:00.582Z [pytest-xdist] gw5 test_webhooks.py::test_create_session PASSED in 3ms trace=900d4d30-9602-0bfe-b5a2-0196f8d82777
2026-02-21T02:40:00.582Z [svc-search-2] processed batch of 338 items
2026-02-21T02:40:00.582Z [svc-sched-4] cache hit rate 92%
2026-02-21T02:40:00.583Z [svc-search-1] processed batch of 98 items
2026-02-21T02:40:00.585Z [svc-media-3] cache hit rate 95%
2026-02-21T02:40:00.588Z [svc-gateway-1] warning: slow query took 439ms
2026-02-21T02:40:00.589Z [svc-db-1] connected to upstream in 13ms
2026-02-21T02:40:00.589Z [svc-sched-0] health check ok
2026-02-21T02:40:00.591Z [svc-queue-2] gc pause 10ms, heap 517MB
2026-02-21T02:40:00.592Z [svc-auth-4] warning: slow query took 1395ms
2026-02-21T02:40:00.592Z [svc-queue-2] closed idle connection after 102s
2026-02-21T02:40:00.593Z [svc-notify-4] warning: slow query took 1104ms
2026-02-21T02:40:00.594Z [svc-billing-0] gc pause 7ms, heap 761MB
2026-02-21T02:40:00.596Z [pytest-xdist] gw1 test_gateway.py::test_validate_invoice PASSED in 31ms trace=e4be85a1-ce12-ad87-d0cf-45f6672ab1e7
2026-02-21T02:40:00.598Z [svc-cache-4] retrying connection to s3 (attempt 3/3)
2026-02-21T02:40:00.599Z [svc-media-4] connected to upstream in 74ms
2026-02-21T02:40:00.601Z [svc-notify-4] closed idle connection after 296s
2026-02-21T02:40:00.602Z [svc-auth-2] closed idle connection after 266s
2026-02-21T02:40:00.603Z [svc-media-4] cache hit rate 92%
2026-02-21T02:40:00.604Z [svc-search-3] cache hit rate 88%
2026-02-21T02:40:00.608Z [svc-notify-1] health check ok
2026-02-21T02:40:00.613Z [svc-billing-3] gc pause 105ms, heap 156MB
2026-02-21T02:40:00.614Z [svc-auth-2] warning: slow query took 648ms
2026-02-21T02:40:00.616Z [svc-sched-4] closed idle connection after 306s
2026-02-21T02:40:00.618Z [pytest-xdist] gw0 test_billing.py::test_delete_shipment PASSED in 228ms trace=f6b04869-69a8-7fe9-2718-5f0e755ceda2
2026-02-21T02:40:00.618Z [svc-db-4] retrying connection to postgres (attempt 3/3)
2026-02-21T02:40:00.619Z [svc-billing-0] health check ok
2026-02-21T02:40:00.620Z [svc-cache-1] processed batch of 449 items
2026-02-21T02:40:00.620Z [svc-gateway-3] retrying connection to elasticsearch (attempt 1/3)
2026-02-21T02:40:00.621Z [svc-billing-0] warning: slow query took 521ms
2026-02-21T02:40:00.625Z [svc-search-0] closed idle connection after 206s
2026-02-21T02:40:00.625Z [svc-notify-1] closed idle connection after 305s
2026-02-21T02:40:00.626Z [svc-sched-2] cache hit rate 85%
2026-02-21T02:40:00.627Z [pytest-xdist] gw4 test_import.py::test_retry_region PASSED in 16ms trace=50d5dad8-6576-c692-f20e-ec1cff95d5ff
2026-02-21T02:40:00.627Z [svc-media-2] retrying connection to redis (attempt 2/3)
2026-02-21T02:40:00.630Z [svc-gateway-4] health check ok
2026-02-21T02:40:00.633Z [svc-notify-4] closed idle connection after 258s
2026-02-21T02:40:00.636Z [svc-auth-1] gc pause 121ms, heap 520MB
2026-02-21T02:40:00.637Z [svc-queue-3] cache hit rate 85%
2026-02-21T02:40:00.638Z [svc-cache-2] processed batch of 215 items
2026-02-21T02:40:00.638Z [svc-queue-0] warning: slow query took 1287ms
2026-02-21T02:40:00.640Z [pytest-xdist] gw0 test_export.py::test_validate_region PASSED in 217ms trace=c1652e1c-19cf-6ff2-24ef-fd0be669fbb2
2026-02-21T02:40:00.642Z [svc-sched-2] health check ok
2026-02-21T02:40:00.643Z [svc-search-4] processed batch of 308 items
2026-02-21T02:40:00.644Z [svc-billing-3] gc pause 36ms, heap 497MB
2026-02-21T02:40:00.644Z [svc-media-1] retrying connection to postgres (attempt 3/3)
2026-02-21T02:40:00.645Z [svc-notify-4] health check ok
2026-02-21T02:40:00.646Z [svc-billing-2] connected to upstream in 53ms
2026-02-21T02:40:00.647Z [svc-auth-2] retrying connection to postgres (attempt 3/3)
2026-02-21T02:40:00.647Z [svc-db-1] gc pause 90ms, heap 944MB
2026-02-21T02:40:00.648Z [svc-gateway-2] connected to upstream in 39ms
2026-02-21T02:40:00.649Z [svc-notify-3] warning: slow query took 1887ms
2026-02-21T02:40:00.650Z [svc-media-2] connected to upstream in 69ms
2026-02-21T02:40:00.652Z [svc-billing-1] cache hit rate 85%
2026-02-21T02:40:00.652Z [svc-queue-2] warning: slow query took 613ms
2026-02-21T02:40:00.654Z [svc-search-2] warning: slow query took 2199ms
2026-02-21T02:40:00.656Z [svc-db-4] processed batch of 443 items
2026-02-21T02:40:00.656Z [svc-gateway-2] retrying connection to s3 (attempt 2/3)
2026-02-21T02:40:00.657Z [pytest-xdist] gw3 test_payments.py::test_render_template PASSED in 237ms trace=010c8258-aa29-db56-d873-59106f75c80d
2026-02-21T02:40:00.657Z [svc-cache-4] health check ok
2026-02-21T02:40:00.658Z [svc-auth-1] retrying connection to vault (attempt 3/3)
2026-02-21T02:40:00.659Z [svc-auth-2] health check ok
2026-02-21T02:40:00.660Z [svc-cache-2] warning: slow query took 1691ms
2026-02-21T02:40:00.662Z [svc-gateway-2] gc pause 92ms, heap 182MB
2026-02-21T02:40:00.663Z [svc-gateway-4] warning: slow query took 1603ms
2026-02-21T02:40:00.664Z [svc-media-3] health check ok
2026-02-21T02:40:00.665Z [svc-media-4] warning: slow query took 1906ms
2026-02-21T02:40:00.666Z [pytest-xdist] gw3 test_sched.py::test_paginate_shipment PASSED in 28ms trace=4ef2ca81-d121-4b22-7b5b-db22211f158e
2026-02-21T02:40:00.667Z [svc-search-0] gc pause 35ms, heap 152MB
2026-02-21T02:40:00.667Z [svc-search-2] warning: slow query took 1972ms
2026-02-21T02:40:00.668Z [svc-search-4] warning: slow query took 1235ms
2026-02-21T02:40:00.668Z [svc-media-2] closed idle connection after 204s
2026-02-21T02:40:00.669Z [svc-media-4] health check ok
2026-02-21T02:40:00.671Z [svc-search-4] closed idle connection after 311s
2026-02-21T02:40:00.671Z [svc-media-2] warning: slow query took 1055ms
2026-02-21T02:40:00.673Z [svc-billing-2] gc pause 86ms, heap 989MB
2026-02-21T02:40:00.674Z [svc-gateway-1] health check ok
2026-02-21T02:40:00.676Z [pytest-xdist] gw5 test_notify.py::test_create_coupon PASSED in 203ms trace=509c1cdf-ba0b-59c0-aec5-367dd386d0a5
2026-02-21T02:40:00.676Z [svc-media-1] retrying connection to postgres (attempt 3/3)
2026-02-21T02:40:00.677Z [svc-auth-3] cache hit rate 95%
2026-02-21T02:40:00.680Z [svc-gateway-1] warning: slow query took 1282ms
2026-02-21T02:40:00.681Z [svc-media-4] gc pause 52ms, heap 524MB
2026-02-21T02:40:00.682Z [svc-cache-3] warning: slow query took 596ms
2026-02-21T02:40:00.684Z [svc-notify-0] closed idle connection after 203s
2026-02-21T02:40:00.685Z [svc-auth-2] closed idle connection after 55s
2026-02-21T02:40:00.687Z [svc-sched-1] gc pause 88ms, heap 584MB
2026-02-21T02:40:00.688Z [svc-media-1] processed batch of 243 items
2026-02-21T02:40:00.689Z [pytest-xdist] gw3 test_sched.py::test_expire_index PASSED in 141ms trace=fe0fe10b-fc83-16c2-00e7-aa25187b553d
2026-02-21T02:40:00.690Z [svc-queue-0] health check ok
2026-02-21T02:40:00.692Z [svc-sched-0] closed idle connection after 172s
2026-02-21T02:40:00.693Z [svc-cache-0] gc pause 5ms, heap 938MB
2026-02-21T02:40:00.694Z [svc-db-2] warning: slow query took 1538ms
2026-02-21T02:40:00.695Z [svc-auth-4] connected to upstream in 23ms
2026-02-21T02:40:00.695Z [svc-db-1] warning: slow query took 604ms
2026-02-21T02:40:00.695Z [svc-search-2] connected to upstream in 64ms
2026-02-21T02:40:00.696Z [svc-notify-2] processed batch of 499 items
2026-02-21T02:40:00.698Z [svc-billing-1] retrying connection to kafka (attempt 3/3)
2026-02-21T02:40:00.701Z [svc-db-3] closed idle connection after 321s
2026-02-21T02:40:00.701Z [svc-search-2] gc pause 14ms, heap 331MB
2026-02-21T02:40:00.701Z [svc-media-1] connected to upstream in 68ms
2026-02-21T02:40:00.702Z [pytest-xdist] gw2 test_queue.py::test_expire_query PASSED in 15ms trace=37ab4eb1-c529-19f4-27d3-8e9247526e3b
2026-02-21T02:40:00.704Z [svc-auth-2] warning: slow query took 729ms
2026-02-21T02:40:00.706Z [svc-sched-3] cache hit rate 88%
2026-02-21T02:40:00.711Z [svc-cache-2] connected to upstream in 34ms
2026-02-21T02:40:00.713Z [svc-db-0] cache hit rate 85%
2026-02-21T02:40:00.715Z [svc-notify-1] connected to upstream in 81ms
2026-02-21T02:40:00.715Z [svc-sched-4] warning: slow query took 244ms
2026-02-21T02:40:00.716Z [svc-gateway-0] warning: slow query took 1305ms
2026-02-21T02:40:00.718Z [pytest-xdist] gw3 test_queue.py::test_notify_subscription PASSED in 93ms trace=355c8ff1-c672-b3be-ad3c-c157790c4952
2026-02-21T02:40:00.719Z [svc-search-0] health check ok
2026-02-21T02:40:00.722Z [svc-auth-0] warning: slow query took 268ms
2026-02-21T02:40:00.722Z [svc-media-2] cache hit rate 92%
2026-02-21T02:40:00.724Z [svc-queue-1] cache hit rate 95%
2026-02-21T02:40:00.725Z [svc-db-4] warning: slow query took 1643ms
2026-02-21T02:40:00.728Z [svc-search-2] retrying connection to kafka (attempt 1/3)
2026-02-21T02:40:00.730Z [svc-notify-0] cache hit rate 95%
2026-02-21T02:40:00.731Z [svc-queue-0] warning: slow query took 1541ms
2026-02-21T02:40:00.733Z [svc-auth-1] gc pause 113ms, heap 276MB
2026-02-21T02:40:00.734Z [svc-media-1] health check ok
2026-02-21T02:40:00.736Z [svc-auth-0] gc pause 24ms, heap 264MB
2026-02-21T02:40:00.736Z [svc-notify-4] gc pause 29ms, heap 824MB
2026-02-21T02:40:00.737Z [pytest-xdist] gw0 test_billing.py::test_validate_region PASSED in 202ms trace=fe9ea2d0-adc8-1fdf-f59e-e7844a688358
2026-02-21T02:40:00.737Z [svc-search-4] health check ok
2026-02-21T02:40:00.737Z [svc-queue-4] warning: slow query took 1075ms
2026-02-21T02:40:00.739Z [svc-cache-1] processed batch of 343 items
2026-02-21T02:40:00.739Z [svc-search-1] cache hit rate 85%
2026-02-21T02:40:00.739Z [svc-search-3] processed batch of 249 items
2026-02-21T02:40:00.742Z [svc-auth-0] warning: slow query took 776ms
2026-02-21T02:40:00.743Z [svc-gateway-3] health check ok
2026-02-21T02:40:00.744Z [svc-auth-2] health check ok
2026-02-21T02:40:00.744Z [svc-media-1] warning: slow query took 846ms
2026-02-21T02:40:00.744Z [svc-media-3] retrying connection to kafka (attempt 3/3)
2026-02-21T02:40:00.747Z [svc-gateway-3] closed idle connection after 57s
2026-02-21T02:40:00.747Z [svc-media-3] gc pause 19ms, heap 633MB
2026-02-21T02:40:00.749Z [pytest-xdist] gw3 test_media.py::test_parse_coupon PASSED in 51ms trace=3cb6652c-169e-3234-6c52-f20f332aaf3b
2026-02-21T02:40:00.750Z [svc-queue-1] cache hit rate 90%
2026-02-21T02:40:00.752Z [svc-cache-4] closed idle connection after 33s
2026-02-21T02:40:00.752Z [svc-db-4] gc pause 102ms, heap 728MB
2026-02-21T02:40:00.756Z [svc-db-1] health check ok
2026-02-21T02:40:00.757Z [svc-db-2] closed idle connection after 328s
2026-02-21T02:40:00.760Z [svc-gateway-1] retrying connection to kafka (attempt 3/3)
2026-02-21T02:40:00.761Z [svc-sched-1] health check ok
2026-02-21T02:40:00.762Z [svc-sched-2] connected to upstream in 72ms
2026-02-21T02:40:00.763Z [svc-notify-4] gc pause 92ms, heap 308MB
2026-02-21T02:40:00.763Z [svc-queue-4] processed batch of 330 items
2026-02-21T02:40:00.764Z [svc-billing-1] cache hit rate 90%
2026-02-21T02:40:00.765Z [pytest-xdist] gw0 test_sched.py::test_retry_template PASSED in 144ms trace=a9ad197c-6bb6-42b9-80f1-8e717b5dd73a
2026-02-21T02:40:00.765Z [svc-cache-4] processed batch of 270 items
2026-02-21T02:40:00.766Z [svc-cache-1] retrying connection to postgres (attempt 1/3)
2026-02-21T02:40:00.767Z [svc-billing-4] closed idle connection after 204s
2026-02-21T02:40:00.769Z [svc-billing-3] closed idle connection after 81s
2026-02-21T02:40:00.770Z [svc-search-2] warning: slow query took 334ms
2026-02-21T02:40:00.770Z [svc-sched-0] warning: slow query took 1282ms
2026-02-21T02:40:00.772Z [pytest-xdist] gw0 test_gateway.py::test_paginate_invoice PASSED in 23ms trace=e9632adc-5dfb-66da-541b-4f9cce361cd5
2026-02-21T02:40:00.772Z [svc-queue-3] closed idle connection after 208s
2026-02-21T02:40:00.775Z [svc-notify-3] cache hit rate 95%
2026-02-21T02:40:00.776Z [svc-sched-2] gc pause 35ms, heap 959MB
2026-02-21T02:40:00.778Z [svc-auth-3] processed batch of 258 items
2026-02-21T02:40:00.778Z [svc-gateway-4] connected to upstream in 27ms
2026-02-21T02:40:00.779Z [svc-gateway-2] cache hit rate 88%
2026-02-21T02:40:00.781Z [svc-db-0] retrying connection to kafka (attempt 2/3)
2026-02-21T02:40:00.781Z [svc-sched-2] processed batch of 492 items
2026-02-21T02:40:00.782Z [pytest-xdist] gw3 test_users.py::test_reconcile_index PASSED in 37ms trace=0fab402d-b855-ac5b-c3d3-2eaffe3f9a35
2026-02-21T02:40:00.787Z [svc-db-0] closed idle connection after 280s
2026-02-21T02:40:00.787Z [svc-queue-1] connected to upstream in 50ms
2026-02-21T02:40:00.789Z [svc-gateway-0] connected to upstream in 52ms
2026-02-21T02:40:00.792Z [svc-search-3] connected to upstream in 73ms
2026-02-21T02:40:00.793Z [svc-cache-1] warning: slow query took 1947ms
2026-02-21T02:40:00.793Z [svc-search-3] gc pause 27ms, heap 374MB
2026-02-21T02:40:00.793Z [svc-gateway-2] processed batch of 160 items
2026-02-21T02:40:00.794Z [svc-search-0] warning: slow query took 1604ms
2026-02-21T02:40:00.796Z [svc-auth-2] connected to upstream in 16ms
2026-02-21T02:40:00.798Z [pytest-xdist] gw5 test_reports.py::test_validate_coupon PASSED in 199ms trace=87e1533d-1324-866c-b25a-c3437e1fecce
2026-02-21T02:40:00.798Z [svc-cache-3] gc pause 77ms, heap 645MB
2026-02-21T02:40:00.799Z [svc-billing-2] gc pause 14ms, heap 777MB
2026-02-21T02:40:00.799Z [svc-sched-1] warning: slow query took 1862ms
2026-02-21T02:40:00.801Z [svc-queue-4] gc pause 56ms, heap 996MB
2026-02-21T02:40:00.805Z [svc-billing-1] cache hit rate 95%
2026-02-21T02:40:00.805Z [svc-sched-1] gc pause 6ms, heap 558MB
2026-02-21T02:40:00.806Z [svc-media-0] cache hit rate 90%
2026-02-21T02:40:00.806Z [svc-queue-3] warning: slow query took 1561ms
2026-02-21T02:40:00.808Z [svc-notify-4] cache hit rate 88%
2026-02-21T02:40:00.809Z [svc-db-0] health check ok
2026-02-21T02:40:00.809Z [svc-search-2] warning: slow query took 848ms
2026-02-21T02:40:00.810Z [svc-cache-1] closed idle connection after 126s
2026-02-21T02:40:00.812Z [svc-sched-3] connected to upstream in 44ms
2026-02-21T02:40:00.818Z [svc-queue-4] processed batch of 32 items
2026-02-21T02:40:00.819Z [svc-auth-4] processed batch of 214 items
2026-02-21T02:40:00.820Z [pytest-xdist] gw2 test_billing.py::test_sync_user PASSED in 189ms trace=87103d88-389a-c0c1-e2c4-4ee2bca433da
2026-02-21T02:40:00.825Z [svc-cache-3] health check ok
2026-02-21T02:40:00.826Z [pytest-xdist] gw3 test_users.py::test_render_region PASSED in 99ms trace=9d8b399e-1324-7084-f7d9-b2afedcf4fce
2026-02-21T02:40:00.827Z [svc-queue-2] closed idle connection after 41s
2026-02-21T02:40:00.828Z [svc-db-0] gc pause 116ms, heap 495MB
2026-02-21T02:40:00.828Z [svc-billing-2] warning: slow query took 1457ms
2026-02-21T02:40:00.830Z [svc-billing-4] cache hit rate 92%
2026-02-21T02:40:00.830Z [svc-media-3] retrying connection to kafka (attempt 1/3)
2026-02-21T02:40:00.832Z [svc-auth-0] health check ok
2026-02-21T02:40:00.832Z [svc-notify-3] health check ok
2026-02-21T02:40:00.833Z [pytest-xdist] gw5 test_payments.py::test_reconcile_webhook PASSED in 73ms trace=dbe5994a-fec6-c6ee-5040-935da2356501
2026-02-21T02:40:00.833Z [svc-queue-3] health check ok
2026-02-21T02:40:00.835Z [svc-notify-0] gc pause 6ms, heap 129MB
2026-02-21T02:40:00.835Z [svc-queue-3] connected to upstream in 71ms
2026-02-21T02:40:00.836Z [pytest-xdist] gw4 test_import.py::test_paginate_webhook PASSED in 186ms trace=ab48334c-40f7-50f4-8e43-f408da1ea79b
2026-02-21T02:40:00.837Z [svc-media-1] gc pause 27ms, heap 486MB
2026-02-21T02:40:00.837Z [svc-queue-0] cache hit rate 92%
2026-02-21T02:40:00.842Z [svc-notify-3] cache hit rate 90%
2026-02-21T02:40:00.843Z [svc-notify-3] processed batch of 83 items
2026-02-21T02:40:00.844Z [svc-media-2] gc pause 47ms, heap 749MB
2026-02-21T02:40:00.846Z [svc-media-0] connected to upstream in 76ms
2026-02-21T02:40:00.847Z [svc-notify-4] gc pause 65ms, heap 841MB
2026-02-21T02:40:00.847Z [svc-sched-1] cache hit rate 90%
2026-02-21T02:40:00.848Z [svc-auth-0] gc pause 97ms, heap 120MB
2026-02-21T02:40:00.848Z [svc-billing-4] cache hit rate 85%
2026-02-21T02:40:00.851Z [svc-billing-0] retrying connection to redis (attempt 2/3)
2026-02-21T02:40:00.851Z [svc-queue-3] health check ok
2026-02-21T02:40:00.851Z [svc-sched-1] closed idle connection after 115s
2026-02-21T02:40:00.852Z [svc-search-4] warning: slow query took 1601ms
2026-02-21T02:40:00.854Z [pytest-xdist] gw0 test_import.py::test_sync_query PASSED in 3ms trace=85d9daed-5b41-501c-8fbe-2a43aa2989c5
2026-02-21T02:40:00.856Z [svc-cache-3] connected to upstream in 8ms
2026-02-21T02:40:00.856Z [svc-search-4] cache hit rate 90%
2026-02-21T02:40:00.857Z [pytest-xdist] gw4 test_search.py::test_expire_quota PASSED in 203ms trace=917b2ead-35b3-de68-9059-0336712751e0
2026-02-21T02:40:00.858Z [svc-db-3] warning: slow query took 755ms
2026-02-21T02:40:00.858Z [svc-notify-3] retrying connection to s3 (attempt 3/3)
2026-02-21T02:40:00.859Z [svc-auth-1] processed batch of 276 items
2026-02-21T02:40:00.859Z [svc-notify-4] retrying connection to elasticsearch (attempt 2/3)
2026-02-21T02:40:00.860Z [svc-db-3] gc pause 56ms, heap 692MB
2026-02-21T02:40:00.861Z [svc-notify-1] processed batch of 339 items
2026-02-21T02:40:00.862Z [svc-gateway-1] warning: slow query took 1643ms
2026-02-21T02:40:00.863Z [svc-notify-4] retrying connection to elasticsearch (attempt 3/3)
2026-02-21T02:40:00.863Z [svc-queue-1] processed batch of 34 items
2026-02-21T02:40:00.865Z [pytest-xdist] gw4 test_notify.py::test_parse_template PASSED in 227ms trace=41e75063-afae-384e-7032-3b87f4040c10
2026-02-21T02:40:00.866Z [svc-gateway-1] retrying connection to kafka (attempt 2/3)
2026-02-21T02:40:00.868Z [svc-gateway-1] processed batch of 413 items
2026-02-21T02:40:00.868Z [svc-queue-2] connected to upstream in 43ms
2026-02-21T02:40:00.870Z [svc-notify-1] connected to upstream in 72ms
2026-02-21T02:40:00.871Z [svc-cache-4] connected to upstream in 48ms
2026-02-21T02:40:00.873Z [svc-gateway-1] health check ok
2026-02-21T02:40:00.874Z [svc-notify-0] health check ok
2026-02-21T02:40:00.875Z [svc-notify-2] closed idle connection after 157s
2026-02-21T02:40:00.876Z [svc-notify-0] connected to upstream in 32ms
2026-02-21T02:40:00.877Z [svc-auth-0] gc pause 37ms, heap 341MB
2026-02-21T02:40:00.877Z [svc-cache-0] gc pause 15ms, heap 367MB
2026-02-21T02:40:00.878Z [pytest-xdist] gw5 test_search.py::test_reconcile_refund PASSED in 8ms trace=687954c1-8d84-e19f-fde8-b7a062f4563d
2026-02-21T02:40:00.878Z [svc-sched-1] processed batch of 230 items
2026-02-21T02:40:00.879Z [svc-gateway-4] cache hit rate 92%
2026-02-21T02:40:00.882Z [svc-db-0] warning: slow query took 589ms
2026-02-21T02:40:00.883Z [svc-gateway-2] gc pause 17ms, heap 793MB
2026-02-21T02:40:00.884Z [svc-notify-0] cache hit rate 90%
2026-02-21T02:40:00.885Z [svc-notify-0] warning: slow query took 1774ms
2026-02-21T02:40:00.886Z [svc-sched-4] processed batch of 146 items
2026-02-21T02:40:00.890Z [svc-db-0] closed idle connection after 236s
2026-02-21T02:40:00.891Z [svc-queue-0] retrying connection to vault (attempt 2/3)
2026-02-21T02:40:00.894Z [svc-cache-4] warning: slow query took 1314ms
2026-02-21T02:40:00.896Z [pytest-xdist] gw5 test_orders.py::test_update_template PASSED in 36ms trace=115f31a1-f566-3e5d-abc0-9eb8ee9624d2
2026-02-21T02:40:00.896Z [svc-billing-3] warning: slow query took 965ms
2026-02-21T02:40:00.900Z [pytest-xdist] gw0 test_sched.py::test_expire_user PASSED in 62ms trace=2afe2560-9512-2347-616f-d887d140623d
2026-02-21T02:40:00.900Z [svc-notify-4] cache hit rate 95%
2026-02-21T02:40:00.900Z [svc-media-1] retrying connection to postgres (attempt 3/3)
2026-02-21T02:40:00.901Z [svc-billing-3] closed idle connection after 30s
2026-02-21T02:40:00.901Z [svc-gateway-3] health check ok
2026-02-21T02:40:00.902Z [svc-cache-1] processed batch of 365 items
2026-02-21T02:40:00.902Z [svc-db-1] health check ok
2026-02-21T02:40:00.903Z [svc-db-0] health check ok
2026-02-21T02:40:00.904Z [svc-search-2] health check ok
2026-02-21T02:40:00.905Z [svc-db-4] retrying connection to postgres (attempt 3/3)
2026-02-21T02:40:00.906Z [svc-auth-1] closed idle connection after 203s
2026-02-21T02:40:00.906Z [svc-gateway-1] warning: slow query took 795ms
2026-02-21T02:40:00.907Z [svc-search-4] gc pause 37ms, heap 260MB
2026-02-21T02:40:00.908Z [svc-search-2] processed batch of 114 items
2026-02-21T02:40:00.909Z [svc-queue-0] warning: slow query took 1296ms
2026-02-21T02:40:00.910Z [svc-auth-1] retrying connection to vault (attempt 2/3)
2026-02-21T02:40:00.916Z [pytest-xdist] gw2 test_webhooks.py::test_reconcile_invoice PASSED in 236ms trace=b97d700a-ce33-f06b-95a7-335f51373882
2026-02-21T02:40:00.916Z [svc-db-0] connected to upstream in 70ms
2026-02-21T02:40:00.917Z [svc-db-3] cache hit rate 92%
2026-02-21T02:40:00.919Z [svc-gateway-3] gc pause 21ms, heap 381MB
2026-02-21T02:40:00.919Z [svc-media-3] closed idle connection after 35s
2026-02-21T02:40:00.921Z [svc-gateway-0] warning: slow query took 502ms
2026-02-21T02:40:00.921Z [svc-queue-4] processed batch of 203 items
2026-02-21T02:40:00.922Z [svc-notify-4] connected to upstream in 70ms
2026-02-21T02:40:00.924Z [svc-auth-4] connected to upstream in 77ms
2026-02-21T02:40:00.925Z [svc-search-3] cache hit rate 95%
2026-02-21T02:40:00.926Z [svc-media-1] warning: slow query took 1708ms
2026-02-21T02:40:00.927Z [svc-search-2] retrying connection to kafka (attempt 3/3)
2026-02-21T02:40:00.928Z [svc-search-4] health check ok
2026-02-21T02:40:00.928Z [svc-notify-3] retrying connection to s3 (attempt 3/3)
2026-02-21T02:40:00.931Z [svc-gateway-3] gc pause 96ms, heap 375MB
2026-02-21T02:40:00.933Z [pytest-xdist] gw4 test_reports.py::test_reconcile_template PASSED in 61ms trace=f7e52d35-de0e-75a6-7092-6ec8b2c5862d
2026-02-21T02:40:00.934Z [svc-auth-3] gc pause 79ms, heap 954MB
2026-02-21T02:40:00.936Z [svc-billing-0] connected to upstream in 28ms
2026-02-21T02:40:00.936Z [svc-billing-2] processed batch of 371 items
2026-02-21T02:40:00.938Z [svc-search-0] cache hit rate 85%
2026-02-21T02:40:00.939Z [svc-auth-0] warning: slow query took 475ms
2026-02-21T02:40:00.940Z [pytest-xdist] gw4 test_users.py::test_notify_coupon PASSED in 24ms trace=175f169b-c824-5360-266c-7a8e9c47580b
2026-02-21T02:40:00.940Z [svc-cache-2] health check ok
2026-02-21T02:40:00.944Z [svc-db-2] processed batch of 287 items
2026-02-21T02:40:00.944Z [svc-sched-2] gc pause 22ms, heap 867MB
2026-02-21T02:40:00.945Z [svc-search-2] cache hit rate 85%
2026-02-21T02:40:00.945Z [svc-queue-1] gc pause 12ms, heap 944MB
2026-02-21T02:40:00.949Z [svc-sched-3] health check ok
2026-02-21T02:40:00.952Z [svc-sched-2] health check ok
2026-02-21T02:40:00.953Z [svc-notify-2] warning: slow query took 535ms
2026-02-21T02:40:00.953Z [svc-queue-0] cache hit rate 85%
2026-02-21T02:40:00.956Z [svc-auth-3] processed batch of 171 items
2026-02-21T02:40:00.957Z [svc-auth-1] connected to upstream in 56ms
2026-02-21T02:40:00.957Z [svc-queue-4] retrying connection to s3 (attempt 2/3)
2026-02-21T02:40:00.958Z [svc-search-0] warning: slow query took 1823ms
2026-02-21T02:40:00.959Z [svc-media-1] processed batch of 283 items
2026-02-21T02:40:00.962Z [pytest-xdist] gw5 test_sched.py::test_delete_webhook PASSED in 233ms trace=681969a4-1de1-a90e-2aac-aa0c24b230e3
2026-02-21T02:40:00.962Z [svc-auth-3] processed batch of 275 items
2026-02-21T02:40:00.963Z [svc-db-0] gc pause 42ms, heap 739MB
2026-02-21T02:40:00.964Z [svc-billing-1] health check ok
2026-02-21T02:40:00.965Z [svc-auth-2] warning: slow query took 1856ms
2026-02-21T02:40:00.967Z [svc-db-4] closed idle connection after 63s
2026-02-21T02:40:00.968Z [pytest-xdist] gw3 test_gateway.py::test_create_shipment PASSED in 228ms trace=85dbccc8-1cd1-b993-0e80-6fca447353b8
2026-02-21T02:40:00.968Z [svc-cache-3] cache hit rate 88%
2026-02-21T02:40:00.968Z [svc-search-0] gc pause 106ms, heap 829MB
2026-02-21T02:40:00.970Z [svc-notify-1] gc pause 123ms, heap 201MB
2026-02-21T02:40:00.971Z [svc-gateway-1] health check ok
2026-02-21T02:40:00.971Z [svc-queue-0] closed idle connection after 304s
2026-02-21T02:40:00.973Z [svc-db-2] cache hit rate 88%
2026-02-21T02:40:00.973Z [svc-billing-3] closed idle connection after 161s
2026-02-21T02:40:00.974Z [svc-sched-4] gc pause 12ms, heap 651MB
2026-02-21T02:40:00.975Z [svc-search-4] closed idle connection after 118s
2026-02-21T02:40:00.975Z [svc-notify-4] cache hit rate 90%
2026-02-21T02:40:00.976Z [svc-media-1] closed idle connection after 296s
2026-02-21T02:40:00.978Z [svc-notify-4] gc pause 33ms, heap 844MB
2026-02-21T02:40:00.978Z [svc-sched-0] cache hit rate 92%
2026-02-21T02:40:00.980Z [svc-auth-1] retrying connection to vault (attempt 1/3)
2026-02-21T02:40:00.981Z [svc-db-2] closed idle connection after 308s
2026-02-21T02:40:00.983Z [svc-queue-4] gc pause 98ms, heap 142MB
2026-02-21T02:40:00.985Z [svc-sched-4] closed idle connection after 58s
2026-02-21T02:40:00.986Z [svc-auth-4] retrying connection to kafka (attempt 3/3)
2026-02-21T02:40:00.988Z [svc-billing-4] health check ok
2026-02-21T02:40:00.989Z [svc-billing-2] connected to upstream in 16ms
2026-02-21T02:40:00.990Z [pytest-xdist] gw2 test_orders.py::test_render_subscription PASSED in 208ms trace=ec3a0e9b-cbd2-99e9-5d3f-d7c6cbe856e6
2026-02-21T02:40:00.990Z [svc-search-4] processed batch of 203 items
2026-02-21T02:40:00.991Z [svc-notify-4] connected to upstream in 28ms
2026-02-21T02:40:00.991Z [svc-media-2] gc pause 97ms, heap 627MB
2026-02-21T02:40:00.993Z [svc-search-1] retrying connection to redis (attempt 1/3)
2026-02-21T02:40:00.993Z [svc-sched-2] cache hit rate 92%
2026-02-21T02:40:00.995Z [svc-auth-4] closed idle connection after 311s
2026-02-21T02:40:00.996Z [svc-search-1] warning: slow query took 2006ms
2026-02-21T02:40:00.998Z [svc-billing-1] gc pause 60ms, heap 634MB
2026-02-21T02:40:00.999Z [pytest-xdist] gw2 test_payments.py::test_paginate_token PASSED in 59ms trace=ad3d0195-4cce-5648-eacb-93ecd0791993
2026-02-21T02:40:00.999Z [svc-auth-3] connected to upstream in 74ms
2026-02-21T02:40:01.000Z [svc-notify-0] connected to upstream in 78ms
2026-02-21T02:40:01.001Z [svc-queue-0] processed batch of 180 items
2026-02-21T02:40:01.005Z [svc-notify-3] gc pause 112ms, heap 541MB
2026-02-21T02:40:01.007Z [svc-cache-1] closed idle connection after 89s
2026-02-21T02:40:01.009Z [svc-billing-4] gc pause 66ms, heap 309MB
2026-02-21T02:40:01.010Z [svc-notify-2] cache hit rate 92%
2026-02-21T02:40:01.013Z [svc-cache-2] warning: slow query took 1869ms
2026-02-21T02:40:01.013Z [svc-notify-1] processed batch of 283 items
2026-02-21T02:40:01.013Z [svc-notify-2] retrying connection to kafka (attempt 2/3)
2026-02-21T02:40:01.014Z [pytest-xdist] gw5 test_billing.py::test_cache_token PASSED in 3ms trace=b3c012ad-e3ee-2383-cc61-3300c3d3c14c
2026-02-21T02:40:01.016Z [svc-notify-0] warning: slow query took 271ms
2026-02-21T02:40:01.016Z [svc-queue-1] retrying connection to postgres (attempt 2/3)
2026-02-21T02:40:01.018Z [svc-db-3] closed idle connection after 90s
2026-02-21T02:40:01.019Z [svc-auth-0] gc pause 82ms, heap 505MB
2026-02-21T02:40:01.021Z [svc-db-4] retrying connection to postgres (attempt 3/3)
2026-02-21T02:40:01.021Z [svc-billing-0] health check ok
2026-02-21T02:40:01.022Z [svc-auth-2] gc pause 124ms, heap 350MB
2026-02-21T02:40:01.025Z [svc-cache-0] connected to upstream in 6ms
2026-02-21T02:40:01.025Z [svc-sched-3] gc pause 39ms, heap 875MB
2026-02-21T02:40:01.028Z [svc-auth-0] processed batch of 78 items
2026-02-21T02:40:01.029Z [svc-notify-3] warning: slow query took 882ms
2026-02-21T02:40:01.030Z [pytest-xdist] gw0 test_webhooks.py::test_notify_invoice PASSED in 101ms trace=1567d21e-c75e-60a9-007a-8cc4c2a6b5ba
2026-02-21T02:40:01.030Z [svc-auth-0] cache hit rate 88%
2026-02-21T02:40:01.032Z [svc-gateway-3] retrying connection to elasticsearch (attempt 3/3)
2026-02-21T02:40:01.033Z [svc-billing-4] warning: slow query took 2018ms
2026-02-21T02:40:01.033Z [svc-queue-2] closed idle connection after 273s
2026-02-21T02:40:01.034Z [svc-queue-4] connected to upstream in 63ms
2026-02-21T02:40:01.035Z [svc-billing-3] retrying connection to elasticsearch (attempt 1/3)
2026-02-21T02:40:01.035Z [svc-billing-4] retrying connection to vault (attempt 3/3)
2026-02-21T02:40:01.036Z [svc-cache-3] closed idle connection after 184s
2026-02-21T02:40:01.038Z [pytest-xdist] gw3 test_sched.py::test_sync_user PASSED in 163ms trace=612562d8-ead7-3971-e4a0-fc1dffe9b84e
2026-02-21T02:40:01.038Z [svc-cache-2] closed idle connection after 241s
2026-02-21T02:40:01.038Z [svc-billing-3] connected to upstream in 27ms
2026-02-21T02:40:01.038Z [svc-sched-3] gc pause 29ms, heap 847MB
2026-02-21T02:40:01.040Z [svc-sched-0] connected to upstream in 8ms
2026-02-21T02:40:01.042Z [svc-sched-0] closed idle connection after 225s
2026-02-21T02:40:01.045Z [svc-cache-3] health check ok
2026-02-21T02:40:01.046Z [svc-auth-3] connected to upstream in 33ms
2026-02-21T02:40:01.049Z [svc-notify-2] connected to upstream in 51ms
2026-02-21T02:40:01.051Z [svc-media-2] processed batch of 320 items
2026-02-21T02:40:01.052Z [svc-cache-3] retrying connection to kafka (attempt 1/3)
2026-02-21T02:40:01.052Z [svc-media-2] health check ok
2026-02-21T02:40:01.053Z [svc-billing-4] connected to upstream in 15ms
2026-02-21T02:40:01.053Z [svc-notify-0] gc pause 117ms, heap 575MB
2026-02-21T02:40:01.053Z [svc-notify-1] connected to upstream in 62ms
2026-02-21T02:40:01.053Z [svc-notify-2] retrying connection to kafka (attempt 1/3)
2026-02-21T02:40:01.056Z [svc-notify-3] gc pause 32ms, heap 804MB
2026-02-21T02:40:01.056Z [svc-media-3] gc pause 102ms, heap 769MB
2026-02-21T02:40:01.057Z [pytest-xdist] gw2 test_sched.py::test_create_token PASSED in 85ms trace=5fd268c9-7506-dbd4-6b8c-5c3e1bda116b
2026-02-21T02:40:01.058Z [svc-billing-3] connected to upstream in 42ms
2026-02-21T02:40:01.058Z [svc-queue-1] cache hit rate 90%
2026-02-21T02:40:01.059Z [svc-sched-0] cache hit rate 95%
2026-02-21T02:40:01.061Z [svc-queue-2] cache hit rate 90%
2026-02-21T02:40:01.063Z [svc-cache-2] closed idle connection after 72s
2026-02-21T02:40:01.067Z [svc-search-0] connected to upstream in 39ms
2026-02-21T02:40:01.067Z [svc-queue-2] gc pause 74ms, heap 778MB
2026-02-21T02:40:01.067Z [svc-sched-0] closed idle connection after 90s
2026-02-21T02:40:01.068Z [svc-db-2] closed idle connection after 115s
2026-02-21T02:40:01.070Z [svc-billing-3] warning: slow query took 1440ms
2026-02-21T02:40:01.071Z [svc-cache-4] warning: slow query took 1947ms
2026-02-21T02:40:01.071Z [svc-notify-1] retrying connection to redis (attempt 2/3)
2026-02-21T02:40:01.074Z [svc-notify-2] closed idle connection after 295s
2026-02-21T02:40:01.074Z [svc-queue-0] processed batch of 336 items
2026-02-21T02:40:01.075Z [svc-billing-3] health check ok
2026-02-21T02:40:01.076Z [svc-billing-0] gc pause 27ms, heap 157MB
2026-02-21T02:40:01.078Z [svc-cache-1] cache hit rate 95%
2026-02-21T02:40:01.079Z [pytest-xdist] gw4 test_export.py::test_cache_quota PASSED in 82ms trace=6bd76370-4167-6739-c9cf-120b205786ec
2026-02-21T02:40:01.081Z [svc-auth-1] health check ok
2026-02-21T02:40:01.086Z [svc-gateway-0] connected to upstream in 35ms
2026-02-21T02:40:01.089Z [svc-gateway-0] cache hit rate 88%
2026-02-21T02:40:01.091Z [svc-auth-3] health check ok
2026-02-21T02:40:01.091Z [svc-db-1] retrying connection to s3 (attempt 2/3)
2026-02-21T02:40:01.092Z [svc-media-2] cache hit rate 88%
2026-02-21T02:40:01.093Z [svc-notify-4] connected to upstream in 17ms
2026-02-21T02:40:01.094Z [pytest-xdist] gw0 test_webhooks.py::test_render_user PASSED in 11ms trace=76c04c2b-9764-3010-2677-c2b85e5d40bb
2026-02-21T02:40:01.094Z [svc-billing-4] health check ok
2026-02-21T02:40:01.099Z [svc-billing-2] warning: slow query took 1432ms
2026-02-21T02:40:01.100Z [svc-gateway-4] retrying connection to vault (attempt 1/3)
2026-02-21T02:40:01.102Z [pytest-xdist] gw2 test_billing.py::test_cache_user PASSED in 190ms trace=d0d2ab0b-f603-5984-f212-588d89eb40a8
2026-02-21T02:40:01.102Z [svc-gateway-0] connected to upstream in 73ms
2026-02-21T02:40:01.104Z [svc-notify-4] warning: slow query took 1602ms
2026-02-21T02:40:01.110Z [svc-db-4] connected to upstream in 46ms
2026-02-21T02:40:01.110Z [svc-notify-0] gc pause 65ms, heap 323MB
2026-02-21T02:40:01.111Z [svc-search-0] warning: slow query took 636ms
2026-02-21T02:40:01.114Z [svc-cache-2] connected to upstream in 18ms
2026-02-21T02:40:01.114Z [svc-cache-3] closed idle connection after 294s
2026-02-21T02:40:01.115Z [svc-queue-0] gc pause 33ms, heap 222MB
2026-02-21T02:40:01.117Z [svc-cache-0] retrying connection to vault (attempt 2/3)
2026-02-21T02:40:01.117Z [svc-queue-2] gc pause 23ms, heap 863MB
2026-02-21T02:40:01.118Z [svc-db-1] cache hit rate 95%
2026-02-21T02:40:01.118Z [svc-db-1] health check ok
2026-02-21T02:40:01.119Z [pytest-xdist] gw1 test_orders.py::test_list_template PASSED in 82ms trace=96c7f139-94a4-15d0-1b88-a505a026be28
2026-02-21T02:40:01.119Z [svc-auth-3] connected to upstream in 58ms
2026-02-21T02:40:01.119Z [svc-billing-2] processed batch of 34 items
2026-02-21T02:40:01.120Z [svc-notify-0] cache hit rate 95%
2026-02-21T02:40:01.120Z [svc-sched-3] closed idle connection after 45s
2026-02-21T02:40:01.123Z [svc-sched-3] warning: slow query took 1774ms
2026-02-21T02:40:01.125Z [svc-search-3] health check ok
2026-02-21T02:40:01.125Z [svc-sched-1] gc pause 66ms, heap 123MB
2026-02-21T02:40:01.128Z [svc-search-1] health check ok
2026-02-21T02:40:01.130Z [pytest-xdist] gw3 test_search.py::test_paginate_user PASSED in 87ms trace=9efd4cbe-69d4-a1de-1a44-8dd7f487baa4
2026-02-21T02:40:01.134Z [svc-cache-4] gc pause 50ms, heap 323MB
2026-02-21T02:40:01.137Z [svc-db-4] gc pause 92ms, heap 564MB
2026-02-21T02:40:01.138Z [svc-auth-2] processed batch of 105 items
2026-02-21T02:40:01.139Z [svc-auth-0] closed idle connection after 231s
2026-02-21T02:40:01.139Z [svc-gateway-2] health check ok
2026-02-21T02:40:01.140Z [svc-billing-4] closed idle connection after 248s
2026-02-21T02:40:01.142Z [pytest-xdist] gw3 test_search.py::test_expire_invoice PASSED in 48ms trace=d095f56c-f0d5-34c8-33a7-46ce637968a8
2026-02-21T02:40:01.144Z [svc-gateway-1] gc pause 96ms, heap 435MB
2026-02-21T02:40:01.145Z [svc-billing-0] connected to upstream in 20ms
2026-02-21T02:40:01.146Z [svc-queue-2] closed idle connection after 206s
2026-02-21T02:40:01.147Z [svc-sched-2] cache hit rate 85%
2026-02-21T02:40:01.150Z [svc-cache-4] connected to upstream in 24ms
2026-02-21T02:40:01.150Z [svc-media-4] processed batch of 336 items
2026-02-21T02:40:01.152Z [svc-billing-0] cache hit rate 90%
2026-02-21T02:40:01.152Z [svc-media-3] health check ok
2026-02-21T02:40:01.153Z [svc-db-3] cache hit rate 85%
2026-02-21T02:40:01.153Z [svc-sched-1] gc pause 116ms, heap 582MB
2026-02-21T02:40:01.154Z [svc-media-2] connected to upstream in 79ms
2026-02-21T02:40:01.157Z [pytest-xdist] gw0 test_notify.py::test_sync_region PASSED in 111ms trace=a2ebe58b-f1dc-db7f-58a0-5ecc3069471e
2026-02-21T02:40:01.161Z [svc-gateway-2] cache hit rate 88%
2026-02-21T02:40:01.161Z [svc-sched-1] connected to upstream in 43ms
2026-02-21T02:40:01.165Z [svc-search-0] closed idle connection after 135s
2026-02-21T02:40:01.166Z [svc-db-4] warning: slow query took 633ms
2026-02-21T02:40:01.166Z [svc-queue-0] health check ok
2026-02-21T02:40:01.167Z [svc-search-0] health check ok
2026-02-21T02:40:01.171Z [svc-billing-2] cache hit rate 85%
2026-02-21T02:40:01.178Z [pytest-xdist] gw5 test_reports.py::test_cache_refund PASSED in 84ms trace=7afcf520-2093-5a63-4af4-356fac37c505
2026-02-21T02:40:01.178Z [svc-notify-2] warning: slow query took 1499ms
2026-02-21T02:40:01.178Z [svc-media-4] warning: slow query took 1587ms
2026-02-21T02:40:01.179Z [svc-notify-3] closed idle connection after 146s
2026-02-21T02:40:01.181Z [svc-billing-3] processed batch of 223 items
2026-02-21T02:40:01.182Z [svc-media-3] processed batch of 12 items
2026-02-21T02:40:01.189Z [svc-gateway-3] cache hit rate 88%
2026-02-21T02:40:01.189Z [svc-media-2] cache hit rate 90%
2026-02-21T02:40:01.190Z [svc-search-0] closed idle connection after 186s
2026-02-21T02:40:01.191Z [svc-billing-0] warning: slow query took 1279ms
2026-02-21T02:40:01.191Z [svc-search-1] connected to upstream in 13ms
2026-02-21T02:40:01.192Z [svc-notify-0] retrying connection to postgres (attempt 1/3)
2026-02-21T02:40:01.192Z [svc-media-0] closed idle connection after 172s
2026-02-21T02:40:01.193Z [pytest-xdist] gw3 test_sched.py::test_expire_query PASSED in 151ms trace=73a10f6d-be5a-7ae7-c3f9-4dc9b43af302
2026-02-21T02:40:01.198Z [pytest-xdist] gw1 test_reports.py::test_retry_token PASSED in 134ms trace=5a555bae-c511-c084-7c77-361575f6ecdf
2026-02-21T02:40:01.198Z [svc-billing-1] gc pause 38ms, heap 704MB
2026-02-21T02:40:01.201Z [svc-gateway-3] processed batch of 421 items
2026-02-21T02:40:01.202Z [svc-queue-1] cache hit rate 88%
2026-02-21T02:40:01.204Z [svc-db-1] processed batch of 166 items
2026-02-21T02:40:01.205Z [pytest-xdist] gw1 test_queue.py::test_create_invoice PASSED in 214ms trace=9f2da9bd-d8c8-5527-c4ed-563917961007
2026-02-21T02:40:01.207Z [svc-sched-1] health check ok
2026-02-21T02:40:01.208Z [svc-db-1] health check ok
2026-02-21T02:40:01.209Z [svc-sched-3] connected to upstream in 28ms
2026-02-21T02:40:01.210Z [svc-billing-2] closed idle connection after 110s
2026-02-21T02:40:01.211Z [svc-auth-1] gc pause 24ms, heap 723MB
2026-02-21T02:40:01.211Z [svc-queue-0] cache hit rate 95%
2026-02-21T02:40:01.211Z [svc-sched-0] cache hit rate 88%
2026-02-21T02:40:01.212Z [svc-auth-4] processed batch of 360 items
2026-02-21T02:40:01.215Z [svc-auth-4] gc pause 99ms, heap 255MB
2026-02-21T02:40:01.215Z [svc-queue-0] gc pause 25ms, heap 194MB
2026-02-21T02:40:01.217Z [svc-notify-4] health check ok
2026-02-21T02:40:01.218Z [svc-gateway-1] warning: slow query took 2028ms
2026-02-21T02:40:01.220Z [svc-billing-0] health check ok
2026-02-21T02:40:01.222Z [svc-auth-2] connected to upstream in 65ms
2026-02-21T02:40:01.222Z [svc-media-4] gc pause 112ms, heap 964MB
2026-02-21T02:40:01.226Z [svc-db-0] closed idle connection after 118s
2026-02-21T02:40:01.226Z [svc-billing-0] cache hit rate 90%
2026-02-21T02:40:01.227Z [pytest-xdist] gw3 test_auth.py::test_authorize_template PASSED in 138ms trace=446de399-a5e7-8a8f-b988-76f103ee4ab3
2026-02-21T02:40:01.227Z [svc-gateway-0] closed idle connection after 232s
2026-02-21T02:40:01.228Z [svc-auth-4] cache hit rate 95%
2026-02-21T02:40:01.229Z [svc-db-3] health check ok
2026-02-21T02:40:01.229Z [svc-sched-3] processed batch of 436 items
2026-02-21T02:40:01.230Z [svc-auth-2] gc pause 12ms, heap 422MB
2026-02-21T02:40:01.234Z [svc-auth-0] retrying connection to elasticsearch (attempt 3/3)
2026-02-21T02:40:01.234Z [svc-auth-2] connected to upstream in 83ms
2026-02-21T02:40:01.236Z [svc-notify-0] cache hit rate 90%
2026-02-21T02:40:01.237Z [svc-auth-3] cache hit rate 85%
2026-02-21T02:40:01.240Z [svc-auth-1] connected to upstream in 33ms
2026-02-21T02:40:01.240Z [svc-gateway-1] retrying connection to kafka (attempt 3/3)
2026-02-21T02:40:01.242Z [svc-search-4] gc pause 88ms, heap 939MB
2026-02-21T02:40:01.243Z [svc-db-0] cache hit rate 95%
2026-02-21T02:40:01.246Z [pytest-xdist] gw2 test_gateway.py::test_parse_token PASSED in 49ms trace=5c3d1a08-2a62-7ff9-b724-7d0a61cc281f
2026-02-21T02:40:01.248Z [svc-cache-4] cache hit rate 90%
2026-02-21T02:40:01.249Z [svc-cache-3] retrying connection to kafka (attempt 3/3)
2026-02-21T02:40:01.250Z [svc-gateway-0] health check ok
2026-02-21T02:40:01.254Z [svc-db-3] warning: slow query took 604ms
2026-02-21T02:40:01.254Z [svc-queue-4] warning: slow query took 2147ms
2026-02-21T02:40:01.260Z [svc-db-0] health check ok
2026-02-21T02:40:01.260Z [svc-billing-1] retrying connection to kafka (attempt 2/3)
2026-02-21T02:40:01.260Z [svc-notify-1] connected to upstream in 37ms
2026-02-21T02:40:01.262Z [pytest-xdist] gw2 test_auth.py::test_expire_subscription PASSED in 62ms trace=46a0760e-f238-133f-a7af-86dc6293aded
2026-02-21T02:40:01.262Z [svc-queue-3] retrying connection to kafka (attempt 2/3)
2026-02-21T02:40:01.264Z [svc-cache-0] warning: slow query took 1490ms
2026-02-21T02:40:01.265Z [svc-sched-2] cache hit rate 92%
2026-02-21T02:40:01.270Z [svc-media-3] closed idle connection after 218s
2026-02-21T02:40:01.278Z [pytest-xdist] gw2 test_sched.py::test_cache_session PASSED in 57ms trace=f812b85d-150c-3442-09b8-1e490552fefe
2026-02-21T02:40:01.279Z [svc-billing-4] cache hit rate 90%
2026-02-21T02:40:01.281Z [svc-db-0] cache hit rate 88%
2026-02-21T02:40:01.283Z [svc-search-3] cache hit rate 85%
2026-02-21T02:40:01.283Z [svc-gateway-0] retrying connection to redis (attempt 3/3)
2026-02-21T02:40:01.284Z [svc-gateway-4] warning: slow query took 340ms
2026-02-21T02:40:01.287Z [svc-billing-3] gc pause 28ms, heap 658MB
2026-02-21T02:40:01.287Z [svc-search-3] health check ok
2026-02-21T02:40:01.291Z [svc-notify-3] closed idle connection after 138s
2026-02-21T02:40:01.293Z [svc-cache-0] gc pause 73ms, heap 516MB
2026-02-21T02:40:01.293Z [svc-sched-3] processed batch of 175 items
2026-02-21T02:40:01.294Z [svc-auth-1] health check ok
2026-02-21T02:40:01.294Z [svc-search-1] gc pause 94ms, heap 301MB
2026-02-21T02:40:01.295Z [svc-gateway-3] warning: slow query took 1149ms
2026-02-21T02:40:01.296Z [svc-billing-3] retrying connection to elasticsearch (attempt 1/3)
2026-02-21T02:40:01.296Z [svc-notify-2] cache hit rate 88%
2026-02-21T02:40:01.298Z [svc-cache-3] warning: slow query took 2081ms
2026-02-21T02:40:01.299Z [pytest-xdist] gw3 test_auth.py::test_create_token PASSED in 244ms trace=7ddd30aa-6934-8580-d253-1bf24a86916f
2026-02-21T02:40:01.302Z [svc-billing-0] health check ok
2026-02-21T02:40:01.302Z [svc-search-3] closed idle connection after 272s
2026-02-21T02:40:01.303Z [svc-auth-1] warning: slow query took 720ms
2026-02-21T02:40:01.307Z [svc-search-3] health check ok
2026-02-21T02:40:01.309Z [pytest-xdist] gw4 test_payments.py::test_update_refund PASSED in 135ms trace=c12fffd6-27e7-7354-9496-99d6c8976aac
2026-02-21T02:40:01.311Z [svc-queue-2] warning: slow query took 1542ms
2026-02-21T02:40:01.313Z [svc-auth-0] warning: slow query took 1843ms
2026-02-21T02:40:01.314Z [svc-media-4] cache hit rate 95%
2026-02-21T02:40:01.315Z [svc-billing-1] health check ok
2026-02-21T02:40:01.319Z [svc-queue-0] gc pause 18ms, heap 513MB
2026-02-21T02:40:01.320Z [svc-notify-0] warning: slow query took 1553ms
2026-02-21T02:40:01.320Z [svc-gateway-1] processed batch of 93 items
2026-02-21T02:40:01.321Z [svc-cache-0] cache hit rate 95%
2026-02-21T02:40:01.321Z [svc-sched-1] retrying connection to postgres (attempt 3/3)
2026-02-21T02:40:01.323Z [svc-sched-2] connected to upstream in 33ms
2026-02-21T02:40:01.324Z [svc-cache-2] retrying connection to redis (attempt 3/3)
2026-02-21T02:40:01.324Z [svc-media-4] closed idle connection after 276s
2026-02-21T02:40:01.326Z [pytest-xdist] gw1 test_search.py::test_render_user PASSED in 122ms trace=d4735004-e785-5360-38df-bc305c3b8bc2
2026-02-21T02:40:01.327Z [svc-sched-0] gc pause 109ms, heap 684MB
2026-02-21T02:40:01.330Z [svc-search-0] cache hit rate 88%
2026-02-21T02:40:01.331Z [pytest-xdist] gw5 test_export.py::test_create_invoice PASSED in 102ms trace=11c757fa-5d54-6d14-40d3-8c87e7779c7a
2026-02-21T02:40:01.331Z [svc-db-3] gc pause 57ms, heap 224MB
2026-02-21T02:40:01.331Z [svc-media-1] health check ok
2026-02-21T02:40:01.332Z [svc-gateway-1] gc pause 62ms, heap 939MB
2026-02-21T02:40:01.333Z [svc-db-0] connected to upstream in 8ms
2026-02-21T02:40:01.337Z [svc-gateway-0] gc pause 17ms, heap 428MB
2026-02-21T02:40:01.338Z [svc-gateway-2] retrying connection to s3 (attempt 1/3)
2026-02-21T02:40:01.340Z [svc-sched-1] warning: slow query took 1514ms
2026-02-21T02:40:01.342Z [svc-billing-4] health check ok
2026-02-21T02:40:01.344Z [svc-queue-1] closed idle connection after 317s
2026-02-21T02:40:01.345Z [svc-db-2] retrying connection to elasticsearch (attempt 2/3)
2026-02-21T02:40:01.345Z [svc-queue-3] retrying connection to kafka (attempt 3/3)
2026-02-21T02:40:01.347Z [svc-gateway-1] closed idle connection after 199s
2026-02-21T02:40:01.349Z [pytest-xdist] gw3 test_payments.py::test_render_refund PASSED in 82ms trace=0d4c802b-e607-d387-0844-c79a376dd14f
2026-02-21T02:40:01.351Z [svc-queue-1] closed idle connection after 277s
2026-02-21T02:40:01.352Z [svc-auth-3] connected to upstream in 9ms
2026-02-21T02:40:01.352Z [svc-notify-3] cache hit rate 90%
2026-02-21T02:40:01.352Z [svc-sched-2] closed idle connection after 76s
2026-02-21T02:40:01.354Z [svc-sched-4] connected to upstream in 70ms
2026-02-21T02:40:01.356Z [svc-queue-0] warning: slow query took 2166ms
2026-02-21T02:40:01.357Z [svc-cache-3] closed idle connection after 275s
2026-02-21T02:40:01.360Z [svc-sched-1] gc pause 9ms, heap 905MB
2026-02-21T02:40:01.364Z [svc-queue-2] connected to upstream in 35ms
2026-02-21T02:40:01.365Z [pytest-xdist] gw1 test_sched.py::test_expire_coupon SKIPPED (reason: not-implemented-here)
2026-02-21T02:40:01.366Z [svc-notify-0] connected to upstream in 72ms
2026-02-21T02:40:01.366Z [svc-gateway-3] retrying connection to elasticsearch (attempt 3/3)
2026-02-21T02:40:01.370Z [pytest-xdist] gw3 test_media.py::test_delete_shipment PASSED in 221ms trace=eafa1fed-94b7-c2b7-9876-ac90053b79f4
2026-02-21T02:40:01.370Z [svc-search-3] processed batch of 82 items
2026-02-21T02:40:01.370Z [svc-queue-3] cache hit rate 95%
2026-02-21T02:40:01.371Z [svc-billing-0] gc pause 77ms, heap 993MB
2026-02-21T02:40:01.372Z [svc-auth-1] warning: slow query took 760ms
2026-02-21T02:40:01.373Z [svc-auth-1] processed batch of 205 items
2026-02-21T02:40:01.375Z [svc-media-0] processed batch of 409 items
2026-02-21T02:40:01.375Z [svc-sched-1] gc pause 124ms, heap 508MB
2026-02-21T02:40:01.375Z [svc-sched-3] gc pause 98ms, heap 907MB
2026-02-21T02:40:01.378Z [pytest-xdist] gw5 test_import.py::test_render_refund PASSED in 247ms trace=9e7e4ff8-55eb-509c-3496-f235ef94a46d
2026-02-21T02:40:01.378Z [svc-media-4] processed batch of 492 items
2026-02-21T02:40:01.383Z [svc-billing-3] retrying connection to elasticsearch (attempt 2/3)
2026-02-21T02:40:01.383Z [svc-sched-4] processed batch of 11 items
2026-02-21T02:40:01.385Z [svc-auth-4] health check ok
2026-02-21T02:40:01.386Z [svc-search-0] warning: slow query took 1689ms
2026-02-21T02:40:01.387Z [pytest-xdist] gw5 test_notify.py::test_parse_subscription PASSED in 6ms trace=ef4ce62b-079b-4fd1-fe99-c2ee308f8ba8
2026-02-21T02:40:01.389Z [svc-media-4] warning: slow query took 207ms
2026-02-21T02:40:01.390Z [svc-auth-1] health check ok
2026-02-21T02:40:01.390Z [svc-cache-4] warning: slow query took 651ms
2026-02-21T02:40:01.391Z [svc-cache-3] health check ok
2026-02-21T02:40:01.394Z [pytest-xdist] gw2 test_sched.py::test_render_session PASSED in 12ms trace=91f0e0d0-be11-a6fb-f6b4-222152557dd1
2026-02-21T02:40:01.394Z [svc-queue-1] health check ok
2026-02-21T02:40:01.395Z [svc-notify-1] processed batch of 250 items
2026-02-21T02:40:01.399Z [svc-auth-3] warning: slow query took 1026ms
2026-02-21T02:40:01.401Z [svc-auth-4] gc pause 112ms, heap 585MB
2026-02-21T02:40:01.401Z [svc-db-3] processed batch of 286 items
2026-02-21T02:40:01.402Z [svc-gateway-4] processed batch of 498 items
2026-02-21T02:40:01.405Z [svc-db-0] processed batch of 109 items
2026-02-21T02:40:01.405Z [svc-search-0] retrying connection to postgres (attempt 1/3)
2026-02-21T02:40:01.405Z [svc-sched-1] health check ok
2026-02-21T02:40:01.410Z [svc-notify-0] closed idle connection after 241s
2026-02-21T02:40:01.411Z [svc-auth-1] retrying connection to vault (attempt 3/3)
2026-02-21T02:40:01.411Z [svc-cache-4] gc pause 110ms, heap 382MB
2026-02-21T02:40:01.412Z [svc-notify-1] connected to upstream in 35ms
2026-02-21T02:40:01.414Z [pytest-xdist] gw1 test_sched.py::test_expire_template PASSED in 55ms trace=0ac8e56e-e67a-8224-7e2c-5d4b20ec7f54
2026-02-21T02:40:01.415Z [svc-media-3] closed idle connection after 272s
2026-02-21T02:40:01.415Z [svc-media-4] processed batch of 33 items
2026-02-21T02:40:01.417Z [svc-media-4] closed idle connection after 208s
2026-02-21T02:40:01.418Z [svc-media-0] closed idle connection after 164s
2026-02-21T02:40:01.420Z [svc-gateway-4] cache hit rate 90%
2026-02-21T02:40:01.424Z [svc-notify-3] cache hit rate 85%
2026-02-21T02:40:01.427Z [svc-auth-1] health check ok
2026-02-21T02:40:01.428Z [svc-billing-3] processed batch of 415 items
2026-02-21T02:40:01.430Z [svc-queue-2] closed idle connection after 192s
2026-02-21T02:40:01.432Z [pytest-xdist] gw2 test_webhooks.py::test_expire_coupon PASSED in 237ms trace=e7c94857-ca8c-a8c7-d578-027159ac14f7
2026-02-21T02:40:01.434Z [svc-db-0] processed batch of 214 items
2026-02-21T02:40:01.434Z [svc-gateway-2] connected to upstream in 36ms
2026-02-21T02:40:01.434Z [svc-media-3] processed batch of 439 items
2026-02-21T02:40:01.435Z [svc-notify-0] processed batch of 186 items
2026-02-21T02:40:01.435Z [svc-notify-3] gc pause 96ms, heap 627MB
2026-02-21T02:40:01.435Z [svc-notify-4] health check ok
2026-02-21T02:40:01.436Z [svc-auth-0] closed idle connection after 215s
2026-02-21T02:40:01.437Z [svc-gateway-3] health check ok
2026-02-21T02:40:01.438Z [svc-db-4] retrying connection to postgres (attempt 1/3)
2026-02-21T02:40:01.438Z [svc-notify-2] health check ok
2026-02-21T02:40:01.439Z [svc-gateway-3] cache hit rate 88%
2026-02-21T02:40:01.441Z [svc-cache-1] cache hit rate 85%
2026-02-21T02:40:01.442Z [pytest-xdist] gw4 test_search.py::test_create_subscription PASSED in 78ms trace=1f722610-0edb-16cb-0f2e-8b7ef8ad3b47
2026-02-21T02:40:01.442Z [svc-search-2] health check ok
2026-02-21T02:40:01.443Z [svc-notify-1] warning: slow query took 1350ms
2026-02-21T02:40:01.445Z [svc-notify-1] closed idle connection after 205s
2026-02-21T02:40:01.445Z [svc-media-1] connected to upstream in 59ms
2026-02-21T02:40:01.446Z [svc-search-0] connected to upstream in 21ms
2026-02-21T02:40:01.447Z [svc-auth-1] connected to upstream in 63ms
2026-02-21T02:40:01.447Z [svc-search-3] cache hit rate 85%
2026-02-21T02:40:01.448Z [pytest-xdist] gw2 test_sched.py::test_notify_quota PASSED in 24ms trace=bd332661-d4e5-611a-9bf4-3596fdc45314
2026-02-21T02:40:01.448Z [svc-search-3] health check ok
2026-02-21T02:40:01.448Z [svc-sched-2] connected to upstream in 15ms
2026-02-21T02:40:01.450Z [svc-sched-4] health check ok
2026-02-21T02:40:01.453Z [svc-notify-2] connected to upstream in 17ms
2026-02-21T02:40:01.454Z [pytest-xdist] gw3 test_webhooks.py::test_list_token PASSED in 166ms trace=121408b7-992d-6c34-7cf4-984f533d2969
2026-02-21T02:40:01.454Z [svc-db-4] closed idle connection after 321s
2026-02-21T02:40:01.456Z [svc-search-0] warning: slow query took 1031ms
2026-02-21T02:40:01.457Z [svc-gateway-4] connected to upstream in 22ms
2026-02-21T02:40:01.460Z [svc-gateway-2] closed idle connection after 40s
2026-02-21T02:40:01.462Z [svc-sched-3] gc pause 26ms, heap 118MB
2026-02-21T02:40:01.462Z [svc-sched-4] cache hit rate 85%
2026-02-21T02:40:01.466Z [svc-media-2] processed batch of 78 items
2026-02-21T02:40:01.467Z [pytest-xdist] gw2 test_search.py::test_parse_webhook PASSED in 136ms trace=aa1ab16a-70d3-e080-b341-f667dbeffbe9
2026-02-21T02:40:01.467Z [svc-auth-3] warning: slow query took 2068ms
2026-02-21T02:40:01.467Z [svc-search-2] warning: slow query took 488ms
2026-02-21T02:40:01.468Z [svc-gateway-2] warning: slow query took 798ms
2026-02-21T02:40:01.469Z [svc-search-0] processed batch of 198 items
2026-02-21T02:40:01.470Z [svc-auth-4] warning: slow query took 1982ms
2026-02-21T02:40:01.470Z [svc-sched-0] processed batch of 72 items
2026-02-21T02:40:01.472Z [svc-notify-1] gc pause 45ms, heap 373MB
2026-02-21T02:40:01.473Z [svc-db-0] gc pause 9ms, heap 247MB
2026-02-21T02:40:01.475Z [svc-auth-0] closed idle connection after 212s
2026-02-21T02:40:01.475Z [svc-gateway-3] closed idle connection after 147s
2026-02-21T02:40:01.476Z [svc-cache-2] gc pause 85ms, heap 992MB
2026-02-21T02:40:01.476Z [svc-sched-0] gc pause 104ms, heap 339MB
2026-02-21T02:40:01.479Z [svc-billing-2] retrying connection to s3 (attempt 1/3)
2026-02-21T02:40:01.480Z [svc-cache-0] retrying connection to vault (attempt 3/3)
2026-02-21T02:40:01.480Z [svc-db-1] retrying connection to s3 (attempt 1/3)
2026-02-21T02:40:01.481Z [svc-auth-2] gc pause 36ms, heap 370MB
2026-02-21T02:40:01.481Z [svc-search-2] closed idle connection after 161s
2026-02-21T02:40:01.482Z [svc-billing-3] closed idle connection after 277s
2026-02-21T02:40:01.484Z [svc-search-4] gc pause 80ms, heap 686MB
2026-02-21T02:40:01.485Z [pytest-xdist] gw0 test_billing.py::test_expire_session PASSED in 102ms trace=65d63ae4-a461-6604-3688-c1e96bed5d8c
2026-02-21T02:40:01.485Z [svc-db-3] health check ok
2026-02-21T02:40:01.486Z [svc-gateway-1] warning: slow query took 1419ms
2026-02-21T02:40:01.486Z [svc-media-1] warning: slow query took 1734ms
2026-02-21T02:40:01.490Z [svc-cache-1] connected to upstream in 47ms
2026-02-21T02:40:01.490Z [svc-db-2] processed batch of 415 items
2026-02-21T02:40:01.490Z [svc-billing-1] warning: slow query took 925ms
2026-02-21T02:40:01.491Z [svc-auth-1] cache hit rate 95%
2026-02-21T02:40:01.493Z [svc-search-4] retrying connection to elasticsearch (attempt 1/3)
2026-02-21T02:40:01.495Z [svc-billing-2] cache hit rate 92%
2026-02-21T02:40:01.497Z [svc-queue-2] cache hit rate 85%
2026-02-21T02:40:01.499Z [svc-media-4] cache hit rate 90%
2026-02-21T02:40:01.500Z [pytest-xdist] gw0 test_orders.py::test_paginate_coupon PASSED in 49ms trace=04d2fe18-c52a-b1f0-a001-90880f55e10e
2026-02-21T02:40:01.501Z [svc-db-0] cache hit rate 92%
2026-02-21T02:40:01.501Z [svc-search-3] gc pause 88ms, heap 244MB
2026-02-21T02:40:01.501Z [svc-notify-2] gc pause 109ms, heap 479MB
2026-02-21T02:40:01.503Z [svc-queue-2] health check ok
2026-02-21T02:40:01.505Z [svc-cache-4] processed batch of 305 items
2026-02-21T02:40:01.506Z [svc-cache-1] warning: slow query took 2135ms
2026-02-21T02:40:01.506Z [svc-sched-4] health check ok
2026-02-21T02:40:01.509Z [pytest-xdist] gw3 test_webhooks.py::test_reconcile_attachment PASSED in 114ms trace=cb582eb4-69ce-fc96-f446-0df40553abd7
2026-02-21T02:40:01.510Z [svc-queue-3] closed idle connection after 297s
2026-02-21T02:40:01.511Z [svc-db-3] warning: slow query took 344ms
2026-02-21T02:40:01.511Z [svc-notify-2] cache hit rate 88%
2026-02-21T02:40:01.512Z [svc-db-3] processed batch of 19 items
2026-02-21T02:40:01.514Z [svc-billing-4] cache hit rate 88%
2026-02-21T02:40:01.515Z [svc-search-2] gc pause 70ms, heap 292MB
2026-02-21T02:40:01.515Z [svc-queue-0] gc pause 115ms, heap 402MB
2026-02-21T02:40:01.517Z [svc-db-4] processed batch of 416 items
2026-02-21T02:40:01.518Z [svc-media-2] retrying connection to redis (attempt 2/3)
2026-02-21T02:40:01.520Z [svc-auth-3] gc pause 103ms, heap 744MB
2026-02-21T02:40:01.521Z [svc-cache-2] gc pause 35ms, heap 146MB
2026-02-21T02:40:01.521Z [svc-gateway-4] gc pause 80ms, heap 889MB
2026-02-21T02:40:01.522Z [svc-cache-0] cache hit rate 85%
2026-02-21T02:40:01.523Z [svc-gateway-2] warning: slow query took 2018ms
2026-02-21T02:40:01.524Z [svc-cache-2] warning: slow query took 1879ms
2026-02-21T02:40:01.524Z [svc-search-2] warning: slow query took 883ms
2026-02-21T02:40:01.525Z [svc-auth-1] cache hit rate 85%
2026-02-21T02:40:01.525Z [svc-gateway-0] closed idle connection after 167s
2026-02-21T02:40:01.526Z [svc-auth-3] closed idle connection after 33s
2026-02-21T02:40:01.526Z [svc-cache-1] cache hit rate 92%
2026-02-21T02:40:01.527Z [svc-notify-3] connected to upstream in 23ms
2026-02-21T02:40:01.529Z [pytest-xdist] gw1 test_notify.py::test_authorize_token PASSED in 60ms trace=486733e3-0665-3cd0-d669-7b6962bdcfc6
2026-02-21T02:40:01.529Z [svc-search-0] health check ok
2026-02-21T02:40:01.529Z [svc-media-3] warning: slow query took 2115ms
2026-02-21T02:40:01.530Z [svc-sched-3] health check ok
2026-02-21T02:40:01.531Z [svc-auth-4] health check ok
2026-02-21T02:40:01.532Z [svc-cache-1] health check ok
2026-02-21T02:40:01.535Z [svc-cache-3] retrying connection to kafka (attempt 3/3)
2026-02-21T02:40:01.537Z [svc-sched-2] health check ok
2026-02-21T02:40:01.539Z [pytest-xdist] gw2 test_webhooks.py::test_sync_session PASSED in 110ms trace=5ad712bc-43ea-ff6f-11c8-a1293f4f91a9
2026-02-21T02:40:01.540Z [svc-sched-3] cache hit rate 90%
2026-02-21T02:40:01.542Z [svc-search-0] closed idle connection after 75s
2026-02-21T02:40:01.542Z [svc-media-0] cache hit rate 95%
2026-02-21T02:40:01.543Z [svc-media-0] cache hit rate 85%
2026-02-21T02:40:01.543Z [svc-media-2] processed batch of 303 items
2026-02-21T02:40:01.544Z [svc-media-1] health check ok
2026-02-21T02:40:01.544Z [svc-queue-4] cache hit rate 88%
2026-02-21T02:40:01.548Z [svc-cache-3] cache hit rate 90%
2026-02-21T02:40:01.548Z [svc-notify-2] warning: slow query took 2162ms
2026-02-21T02:40:01.548Z [svc-gateway-2] health check ok
2026-02-21T02:40:01.548Z [svc-gateway-4] cache hit rate 88%
2026-02-21T02:40:01.555Z [pytest-xdist] gw0 test_notify.py::test_list_coupon PASSED in 112ms trace=3e351787-b0ba-e0bf-d130-fd1f5ceeb220
2026-02-21T02:40:01.555Z [svc-billing-4] closed idle connection after 100s
2026-02-21T02:40:01.555Z [svc-billing-4] closed idle connection after 83s
2026-02-21T02:40:01.555Z [svc-queue-1] connected to upstream in 26ms
2026-02-21T02:40:01.556Z [svc-billing-0] closed idle connection after 97s
2026-02-21T02:40:01.557Z [svc-notify-0] retrying connection to postgres (attempt 2/3)
2026-02-21T02:40:01.558Z [pytest-xdist] gw1 test_import.py::test_list_token PASSED in 133ms trace=1b9f117d-3579-444a-474a-74fa0ebc5583
2026-02-21T02:40:01.559Z [svc-search-4] gc pause 94ms, heap 983MB
2026-02-21T02:40:01.560Z [svc-gateway-0] gc pause 111ms, heap 335MB
2026-02-21T02:40:01.562Z [pytest-xdist] gw4 test_auth.py::test_list_query PASSED in 23ms trace=85b5474d-8c03-470c-a70d-46c2a8c66c62
2026-02-21T02:40:01.562Z [svc-gateway-0] closed idle connection after 112s
2026-02-21T02:40:01.564Z [svc-search-0] warning: slow query took 989ms
2026-02-21T02:40:01.566Z [svc-cache-0] connected to upstream in 20ms
2026-02-21T02:40:01.566Z [svc-notify-2] warning: slow query took 1441ms
2026-02-21T02:40:01.566Z [svc-queue-3] cache hit rate 90%
2026-02-21T02:40:01.567Z [svc-auth-3] retrying connection to redis (attempt 3/3)
2026-02-21T02:40:01.567Z [svc-auth-4] cache hit rate 85%
2026-02-21T02:40:01.567Z [svc-search-0] closed idle connection after 104s
2026-02-21T02:40:01.567Z [svc-queue-3] health check ok
2026-02-21T02:40:01.568Z [svc-media-3] cache hit rate 85%
2026-02-21T02:40:01.568Z [svc-sched-2] retrying connection to redis (attempt 1/3)
2026-02-21T02:40:01.571Z [svc-auth-2] health check ok
2026-02-21T02:40:01.571Z [svc-notify-4] closed idle connection after 167s
2026-02-21T02:40:01.571Z [svc-media-1] cache hit rate 88%
2026-02-21T02:40:01.573Z [svc-media-3] health check ok
2026-02-21T02:40:01.574Z [svc-cache-2] processed batch of 102 items
2026-02-21T02:40:01.574Z [svc-notify-4] health check ok
2026-02-21T02:40:01.576Z [pytest-xdist] gw4 test_orders.py::test_paginate_index PASSED in 8ms trace=e2bd337c-a95c-b01e-a3e3-fca6bd231e84
2026-02-21T02:40:01.576Z [svc-queue-3] gc pause 69ms, heap 536MB
2026-02-21T02:40:01.577Z [svc-sched-1] warning: slow query took 463ms
2026-02-21T02:40:01.578Z [svc-gateway-3] health check ok
2026-02-21T02:40:01.581Z [svc-auth-4] health check ok
2026-02-21T02:40:01.582Z [svc-queue-2] health check ok
2026-02-21T02:40:01.584Z [svc-billing-3] warning: slow query took 1402ms
2026-02-21T02:40:01.585Z [svc-db-2] cache hit rate 95%
2026-02-21T02:40:01.585Z [svc-db-2] gc pause 36ms, heap 755MB
2026-02-21T02:40:01.586Z [svc-notify-2] gc pause 59ms, heap 597MB
2026-02-21T02:40:01.586Z [svc-gateway-3] processed batch of 227 items
2026-02-21T02:40:01.587Z [svc-notify-4] closed idle connection after 185s
2026-02-21T02:40:01.588Z [svc-db-4] connected to upstream in 77ms
2026-02-21T02:40:01.588Z [svc-media-1] gc pause 63ms, heap 884MB
2026-02-21T02:40:01.589Z [svc-notify-1] gc pause 12ms, heap 945MB
2026-02-21T02:40:01.590Z [svc-cache-3] cache hit rate 85%
2026-02-21T02:40:01.591Z [svc-auth-4] cache hit rate 88%
2026-02-21T02:40:01.595Z [svc-notify-1] gc pause 6ms, heap 570MB
2026-02-21T02:40:01.596Z [svc-auth-1] closed idle connection after 83s
2026-02-21T02:40:01.598Z [pytest-xdist] gw4 test_import.py::test_create_coupon SKIPPED (reason: requires-network)
2026-02-21T02:40:01.600Z [svc-gateway-0] cache hit rate 90%
2026-02-21T02:40:01.600Z [svc-sched-1] connected to upstream in 53ms
2026-02-21T02:40:01.603Z [svc-media-0] cache hit rate 90%
2026-02-21T02:40:01.604Z [svc-db-3] retrying connection to vault (attempt 1/3)
2026-02-21T02:40:01.604Z [svc-notify-1] warning: slow query took 238ms
2026-02-21T02:40:01.605Z [svc-cache-4] processed batch of 395 items
2026-02-21T02:40:01.605Z [svc-billing-4] warning: slow query took 903ms
2026-02-21T02:40:01.608Z [svc-auth-1] health check ok
2026-02-21T02:40:01.608Z [svc-db-2] warning: slow query took 324ms
2026-02-21T02:40:01.608Z [svc-db-3] cache hit rate 88%
2026-02-21T02:40:01.609Z [svc-cache-4] retrying connection to s3 (attempt 1/3)
2026-02-21T02:40:01.609Z [svc-billing-1] processed batch of 20 items
2026-02-21T02:40:01.611Z [svc-billing-0] health check ok
2026-02-21T02:40:01.613Z [svc-db-4] retrying connection to postgres (attempt 3/3)
2026-02-21T02:40:01.614Z [svc-notify-0] connected to upstream in 27ms
2026-02-21T02:40:01.617Z [pytest-xdist] gw2 test_orders.py::test_reconcile_coupon PASSED in 106ms trace=20305407-6f17-1085-a71c-0bb9d20c30ca
2026-02-21T02:40:01.617Z [svc-notify-0] retrying connection to postgres (attempt 2/3)
2026-02-21T02:40:01.618Z [svc-billing-1] processed batch of 460 items
2026-02-21T02:40:01.619Z [svc-auth-3] connected to upstream in 6ms
2026-02-21T02:40:01.620Z [svc-cache-4] health check ok
2026-02-21T02:40:01.623Z [svc-auth-3] cache hit rate 88%
2026-02-21T02:40:01.623Z [svc-search-2] closed idle connection after 263s
2026-02-21T02:40:01.623Z [svc-notify-4] closed idle connection after 207s
2026-02-21T02:40:01.623Z [svc-queue-1] gc pause 31ms, heap 585MB
2026-02-21T02:40:01.625Z [svc-media-2] health check ok
2026-02-21T02:40:01.626Z [pytest-xdist] gw5 test_search.py::test_parse_token PASSED in 119ms trace=08306a92-2b7e-6006-d24f-fc6acb285516
2026-02-21T02:40:01.626Z [svc-billing-1] health check ok
2026-02-21T02:40:01.627Z [svc-gateway-1] connected to upstream in 17ms
2026-02-21T02:40:01.627Z [svc-sched-4] warning: slow query took 732ms
2026-02-21T02:40:01.628Z [svc-db-0] warning: slow query took 1552ms
2026-02-21T02:40:01.628Z [svc-db-3] warning: slow query took 1354ms
2026-02-21T02:40:01.629Z [svc-auth-0] health check ok
2026-02-21T02:40:01.633Z [svc-billing-1] gc pause 99ms, heap 792MB
2026-02-21T02:40:01.633Z [svc-queue-2] warning: slow query took 1690ms
2026-02-21T02:40:01.634Z [svc-search-0] processed batch of 378 items
2026-02-21T02:40:01.636Z [svc-gateway-1] retrying connection to kafka (attempt 3/3)
2026-02-21T02:40:01.638Z [svc-db-3] health check ok
2026-02-21T02:40:01.641Z [svc-billing-4] cache hit rate 85%
2026-02-21T02:40:01.641Z [svc-search-0] warning: slow query took 2190ms
2026-02-21T02:40:01.642Z [svc-gateway-1] cache hit rate 95%
2026-02-21T02:40:01.642Z [svc-media-0] connected to upstream in 14ms
2026-02-21T02:40:01.644Z [pytest-xdist] gw1 test_export.py::test_authorize_template PASSED in 46ms trace=8e6941cd-685c-d2a1-ce2e-735f08b7e45e
2026-02-21T02:40:01.645Z [svc-auth-1] gc pause 92ms, heap 709MB
2026-02-21T02:40:01.647Z [pytest-xdist] gw4 test_sched.py::test_parse_webhook PASSED in 235ms trace=22210251-a6e3-6a8a-e9b3-e9bb59af7339
2026-02-21T02:40:01.647Z [svc-auth-2] warning: slow query took 1815ms
2026-02-21T02:40:01.648Z [svc-cache-1] warning: slow query took 1480ms
2026-02-21T02:40:01.649Z [svc-cache-4] gc pause 27ms, heap 116MB
2026-02-21T02:40:01.649Z [svc-queue-3] retrying connection to kafka (attempt 1/3)
2026-02-21T02:40:01.650Z [pytest-xdist] gw3 test_auth.py::test_cache_subscription PASSED in 14ms trace=3adb0e8e-5175-5fd3-05c7-8d68e631c388
2026-02-21T02:40:01.650Z [svc-queue-2] health check ok
2026-02-21T02:40:01.652Z [svc-search-1] gc pause 111ms, heap 616MB
2026-02-21T02:40:01.652Z [svc-notify-3] processed batch of 499 items
2026-02-21T02:40:01.652Z [svc-sched-2] connected to upstream in 75ms
2026-02-21T02:40:01.656Z [svc-db-4] health check ok
2026-02-21T02:40:01.657Z [svc-cache-0] cache hit rate 88%
2026-02-21T02:40:01.657Z [svc-queue-2] gc pause 74ms, heap 796MB
2026-02-21T02:40:01.658Z [pytest-xdist] gw2 test_gateway.py::test_notify_attachment PASSED in 149ms trace=a24b145b-5ebb-97ba-015e-0266cd6a781a
2026-02-21T02:40:01.658Z [svc-sched-2] warning: slow query took 899ms
2026-02-21T02:40:01.659Z [svc-notify-1] health check ok
2026-02-21T02:40:01.660Z [svc-auth-3] health check ok
2026-02-21T02:40:01.662Z [svc-db-2] warning: slow query took 581ms
2026-02-21T02:40:01.663Z [svc-queue-0] processed batch of 175 items
2026-02-21T02:40:01.664Z [svc-queue-0] cache hit rate 95%
2026-02-21T02:40:01.664Z [svc-sched-1] connected to upstream in 71ms
2026-02-21T02:40:01.665Z [svc-gateway-0] health check ok
2026-02-21T02:40:01.666Z [svc-cache-1] warning: slow query took 349ms
2026-02-21T02:40:01.666Z [svc-gateway-1] warning: slow query took 1597ms
2026-02-21T02:40:01.667Z [pytest-xdist] gw0 test_queue.py::test_sync_quota SKIPPED (reason: not-implemented-here)
2026-02-21T02:40:01.668Z [svc-search-2] warning: slow query took 1791ms
2026-02-21T02:40:01.668Z [svc-queue-2] cache hit rate 90%
2026-02-21T02:40:01.671Z [svc-search-2] cache hit rate 90%
2026-02-21T02:40:01.673Z [pytest-xdist] gw4 test_media.py::test_authorize_shipment PASSED in 64ms trace=7dac2055-a14c-8d5f-45af-e0adf1f8abe0
2026-02-21T02:40:01.674Z [svc-sched-0] closed idle connection after 101s
2026-02-21T02:40:01.678Z [svc-db-3] gc pause 61ms, heap 847MB
2026-02-21T02:40:01.679Z [svc-db-4] cache hit rate 95%
2026-02-21T02:40:01.679Z [svc-search-1] closed idle connection after 242s
2026-02-21T02:40:01.679Z [svc-notify-2] warning: slow query took 1391ms
2026-02-21T02:40:01.680Z [svc-queue-0] closed idle connection after 319s
2026-02-21T02:40:01.683Z [pytest-xdist] gw5 test_payments.py::test_reconcile_subscription PASSED in 92ms trace=395937dc-0636-31b1-49ec-ad348cbbbf57
2026-02-21T02:40:01.684Z [svc-billing-2] gc pause 53ms, heap 582MB
2026-02-21T02:40:01.687Z [svc-cache-4] gc pause 114ms, heap 484MB
2026-02-21T02:40:01.687Z [svc-queue-3] health check ok
2026-02-21T02:40:01.688Z [svc-billing-1] cache hit rate 85%
2026-02-21T02:40:01.688Z [svc-media-3] retrying connection to kafka (attempt 3/3)
2026-02-21T02:40:01.689Z [pytest-xdist] gw3 test_orders.py::test_authorize_index PASSED in 220ms trace=64f3be23-b8a2-37c8-cd62-065a65919bbe
2026-02-21T02:40:01.690Z [svc-db-1] retrying connection to s3 (attempt 3/3)
2026-02-21T02:40:01.692Z [svc-notify-1] cache hit rate 95%
2026-02-21T02:40:01.693Z [svc-auth-4] closed idle connection after 285s
2026-02-21T02:40:01.693Z [svc-notify-4] health check ok
2026-02-21T02:40:01.693Z [svc-queue-2] gc pause 77ms, heap 162MB
2026-02-21T02:40:01.693Z [svc-sched-4] closed idle connection after 223s
2026-02-21T02:40:01.694Z [svc-queue-4] warning: slow query took 1688ms
2026-02-21T02:40:01.695Z [svc-auth-4] processed batch of 108 items
2026-02-21T02:40:01.697Z [svc-media-4] health check ok
2026-02-21T02:40:01.701Z [svc-auth-2] closed idle connection after 271s
2026-02-21T02:40:01.701Z [svc-queue-0] health check ok
2026-02-21T02:40:01.702Z [svc-gateway-4] health check ok
2026-02-21T02:40:01.703Z [pytest-xdist] gw5 test_media.py::test_cache_subscription PASSED in 187ms trace=dc1dd1c2-3ed7-be17-263e-ed8df817dbad
2026-02-21T02:40:01.709Z [svc-notify-1] closed idle connection after 152s
2026-02-21T02:40:01.711Z [svc-cache-4] connected to upstream in 80ms
2026-02-21T02:40:01.711Z [svc-sched-3] closed idle connection after 56s
2026-02-21T02:40:01.712Z [svc-sched-4] cache hit rate 88%
2026-02-21T02:40:01.713Z [svc-queue-2] warning: slow query took 1823ms
2026-02-21T02:40:01.714Z [svc-gateway-1] cache hit rate 85%
2026-02-21T02:40:01.720Z [svc-cache-0] warning: slow query took 1762ms
2026-02-21T02:40:01.722Z [pytest-xdist] gw5 test_users.py::test_validate_index PASSED in 77ms trace=a53c582e-8234-c0b8-b7d6-880ddafb3dee
2026-02-21T02:40:01.722Z [svc-notify-1] processed batch of 154 items
2026-02-21T02:40:01.723Z [svc-cache-3] warning: slow query took 1184ms
2026-02-21T02:40:01.724Z [svc-search-0] warning: slow query took 671ms
2026-02-21T02:40:01.724Z [svc-notify-0] warning: slow query took 261ms
2026-02-21T02:40:01.726Z [svc-cache-0] closed idle connection after 290s
2026-02-21T02:40:01.726Z [svc-sched-1] closed idle connection after 238s
2026-02-21T02:40:01.729Z [svc-notify-3] health check ok
2026-02-21T02:40:01.730Z [pytest-xdist] gw4 test_media.py::test_validate_shipment PASSED in 47ms trace=26709a42-f654-ee34-4896-3c2d09843c4b
2026-02-21T02:40:01.731Z [svc-billing-3] closed idle connection after 135s
2026-02-21T02:40:01.732Z [svc-search-4] closed idle connection after 272s
2026-02-21T02:40:01.734Z [pytest-xdist] gw5 test_webhooks.py::test_render_query PASSED in 148ms trace=b837d002-e8d6-aac1-ca37-c09a18ed584d
2026-02-21T02:40:01.734Z [svc-db-4] connected to upstream in 5ms
2026-02-21T02:40:01.735Z [svc-db-1] closed idle connection after 90s
2026-02-21T02:40:01.738Z [svc-queue-3] connected to upstream in 53ms
2026-02-21T02:40:01.739Z [svc-queue-0] retrying connection to vault (attempt 2/3)
2026-02-21T02:40:01.742Z [svc-billing-3] closed idle connection after 179s
2026-02-21T02:40:01.744Z [svc-auth-2] processed batch of 47 items
2026-02-21T02:40:01.745Z [svc-db-0] gc pause 40ms, heap 576MB
2026-02-21T02:40:01.748Z [svc-db-1] warning: slow query took 2137ms
2026-02-21T02:40:01.748Z [svc-media-4] retrying connection to s3 (attempt 3/3)
2026-02-21T02:40:01.750Z [svc-auth-4] warning: slow query took 1746ms
2026-02-21T02:40:01.750Z [svc-gateway-2] connected to upstream in 50ms
2026-02-21T02:40:01.753Z [pytest-xdist] gw2 test_auth.py::test_validate_shipment PASSED in 14ms trace=7e2c9b4d-9c85-968b-8ace-6a7d05e03a8c
2026-02-21T02:40:01.753Z [svc-db-4] gc pause 25ms, heap 354MB
2026-02-21T02:40:01.753Z [svc-media-3] retrying connection to kafka (attempt 2/3)
2026-02-21T02:40:01.753Z [svc-sched-0] connected to upstream in 68ms
2026-02-21T02:40:01.755Z [svc-cache-3] closed idle connection after 136s
2026-02-21T02:40:01.755Z [svc-db-3] gc pause 73ms, heap 999MB
2026-02-21T02:40:01.756Z [svc-media-1] warning: slow query took 1121ms
2026-02-21T02:40:01.758Z [pytest-xdist] gw1 test_reports.py::test_cache_user PASSED in 159ms trace=300781ca-91ca-8e4e-0c1b-0d52fec76ae8
2026-02-21T02:40:01.759Z [svc-auth-4] closed idle connection after 241s
2026-02-21T02:40:01.759Z [svc-cache-3] gc pause 52ms, heap 638MB
2026-02-21T02:40:01.761Z [svc-gateway-3] processed batch of 260 items
2026-02-21T02:40:01.761Z [svc-sched-3] closed idle connection after 147s
2026-02-21T02:40:01.762Z [svc-media-4] connected to upstream in 19ms
2026-02-21T02:40:01.763Z [svc-gateway-4] processed batch of 410 items
2026-02-21T02:40:01.764Z [pytest-xdist] gw4 test_billing.py::test_expire_token PASSED in 31ms trace=9f884941-0f2e-b5e7-6c7f-29be47995a62
2026-02-21T02:40:01.765Z [svc-search-3] gc pause 29ms, heap 500MB
2026-02-21T02:40:01.765Z [svc-sched-0] warning: slow query took 626ms
2026-02-21T02:40:01.768Z [svc-queue-0] warning: slow query took 1005ms
2026-02-21T02:40:01.769Z [svc-notify-3] health check ok
2026-02-21T02:40:01.772Z [svc-gateway-2] closed idle connection after 283s
2026-02-21T02:40:01.775Z [svc-sched-2] retrying connection to redis (attempt 3/3)
2026-02-21T02:40:01.777Z [svc-auth-2] cache hit rate 88%
2026-02-21T02:40:01.779Z [svc-notify-2] cache hit rate 92%
2026-02-21T02:40:01.781Z [svc-search-0] closed idle connection after 320s
2026-02-21T02:40:01.782Z [svc-auth-0] warning: slow query took 322ms
2026-02-21T02:40:01.783Z [svc-gateway-3] connected to upstream in 7ms
2026-02-21T02:40:01.784Z [pytest-xdist] gw2 test_orders.py::test_list_query PASSED in 76ms trace=b93af156-1119-4c21-3c84-f6ccafb912c9
2026-02-21T02:40:01.784Z [svc-billing-3] closed idle connection after 263s
2026-02-21T02:40:01.784Z [svc-gateway-2] processed batch of 423 items
2026-02-21T02:40:01.784Z [svc-gateway-3] processed batch of 58 items
2026-02-21T02:40:01.787Z [svc-cache-2] warning: slow query took 482ms
2026-02-21T02:40:01.787Z [svc-cache-3] warning: slow query took 1979ms
2026-02-21T02:40:01.788Z [svc-db-1] closed idle connection after 130s
2026-02-21T02:40:01.790Z [pytest-xdist] gw5 test_sched.py::test_paginate_token PASSED in 173ms trace=712ef521-b77d-8876-e5dc-1a02392daf2c
2026-02-21T02:40:01.790Z [svc-auth-2] warning: slow query took 1403ms
2026-02-21T02:40:01.792Z [svc-auth-1] cache hit rate 88%
2026-02-21T02:40:01.792Z [svc-db-0] connected to upstream in 42ms
2026-02-21T02:40:01.793Z [svc-db-4] cache hit rate 90%
2026-02-21T02:40:01.794Z [svc-gateway-0] retrying connection to redis (attempt 1/3)
2026-02-21T02:40:01.795Z [pytest-xdist] gw2 test_orders.py::test_create_region PASSED in 123ms trace=c4854edd-58d0-0771-fd4e-494d9a545d06
2026-02-21T02:40:01.795Z [svc-db-1] health check ok
2026-02-21T02:40:01.796Z [svc-auth-2] retrying connection to postgres (attempt 1/3)
2026-02-21T02:40:01.798Z [svc-notify-4] processed batch of 15 items
2026-02-21T02:40:01.798Z [svc-queue-4] cache hit rate 95%
2026-02-21T02:40:01.799Z [svc-cache-2] processed batch of 165 items
2026-02-21T02:40:01.800Z [svc-gateway-4] processed batch of 28 items
2026-02-21T02:40:01.803Z [svc-gateway-4] closed idle connection after 249s
2026-02-21T02:40:01.807Z [svc-billing-2] health check ok
2026-02-21T02:40:01.807Z [svc-search-2] warning: slow query took 1222ms
2026-02-21T02:40:01.807Z [svc-notify-4] health check ok
2026-02-21T02:40:01.808Z [pytest-xdist] gw2 test_users.py::test_retry_invoice PASSED in 103ms trace=9e5d8b0d-995b-f303-2a37-dd40d64204c7
2026-02-21T02:40:01.808Z [svc-billing-3] health check ok
2026-02-21T02:40:01.809Z [svc-gateway-1] connected to upstream in 13ms
2026-02-21T02:40:01.810Z [svc-cache-0] gc pause 13ms, heap 970MB
2026-02-21T02:40:01.811Z [svc-search-3] retrying connection to s3 (attempt 3/3)
2026-02-21T02:40:01.812Z [svc-search-0] closed idle connection after 314s
2026-02-21T02:40:01.813Z [svc-gateway-2] health check ok
2026-02-21T02:40:01.817Z [svc-gateway-4] closed idle connection after 255s
2026-02-21T02:40:01.817Z [svc-queue-2] warning: slow query took 2012ms
2026-02-21T02:40:01.817Z [svc-sched-1] retrying connection to postgres (attempt 1/3)
2026-02-21T02:40:01.819Z [svc-notify-3] warning: slow query took 1771ms
2026-02-21T02:40:01.819Z [svc-media-3] warning: slow query took 617ms
2026-02-21T02:40:01.821Z [svc-db-0] retrying connection to kafka (attempt 1/3)
2026-02-21T02:40:01.824Z [svc-db-1] connected to upstream in 24ms
2026-02-21T02:40:01.825Z [svc-auth-4] cache hit rate 88%
2026-02-21T02:40:01.827Z [svc-cache-1] retrying connection to postgres (attempt 1/3)
2026-02-21T02:40:01.828Z [pytest-xdist] gw0 test_gateway.py::test_reconcile_user PASSED in 244ms trace=052ef3e4-051b-b1ad-2299-d76d139db0ec
2026-02-21T02:40:01.829Z [svc-gateway-3] connected to upstream in 62ms
2026-02-21T02:40:01.829Z [svc-queue-4] connected to upstream in 10ms
2026-02-21T02:40:01.830Z [svc-queue-3] warning: slow query took 903ms
2026-02-21T02:40:01.832Z [pytest-xdist] gw5 test_gateway.py::test_sync_template PASSED in 61ms trace=0bba13a0-c85d-e83e-6b48-bef10fd840f1
2026-02-21T02:40:01.832Z [svc-gateway-2] connected to upstream in 57ms
2026-02-21T02:40:01.834Z [svc-auth-3] retrying connection to redis (attempt 2/3)
2026-02-21T02:40:01.834Z [svc-notify-4] warning: slow query took 295ms
2026-02-21T02:40:01.835Z [svc-media-4] closed idle connection after 77s
2026-02-21T02:40:01.838Z [svc-media-3] gc pause 73ms, heap 327MB
2026-02-21T02:40:01.838Z [svc-sched-2] gc pause 86ms, heap 272MB
2026-02-21T02:40:01.840Z [svc-queue-3] cache hit rate 95%
2026-02-21T02:40:01.842Z [svc-gateway-4] gc pause 52ms, heap 665MB
2026-02-21T02:40:01.845Z [svc-auth-4] cache hit rate 85%
2026-02-21T02:40:01.847Z [svc-sched-4] gc pause 52ms, heap 575MB
2026-02-21T02:40:01.850Z [svc-db-1] connected to upstream in 56ms
2026-02-21T02:40:01.851Z [pytest-xdist] gw3 test_queue.py::test_notify_webhook PASSED in 144ms trace=7fcf9e58-9246-8fe7-104c-584fa49eef2e
2026-02-21T02:40:01.853Z [svc-media-3] cache hit rate 88%
2026-02-21T02:40:01.854Z [svc-queue-0] gc pause 16ms, heap 285MB
2026-02-21T02:40:01.854Z [svc-queue-3] retrying connection to kafka (attempt 2/3)
2026-02-21T02:40:01.855Z [svc-cache-0] health check ok
2026-02-21T02:40:01.855Z [svc-notify-4] connected to upstream in 12ms
2026-02-21T02:40:01.857Z [svc-gateway-1] processed batch of 282 items
2026-02-21T02:40:01.859Z [svc-search-3] connected to upstream in 40ms
2026-02-21T02:40:01.862Z [svc-gateway-1] processed batch of 184 items
2026-02-21T02:40:01.862Z [svc-media-0] gc pause 61ms, heap 918MB
2026-02-21T02:40:01.863Z [svc-billing-3] retrying connection to elasticsearch (attempt 1/3)
2026-02-21T02:40:01.863Z [svc-notify-1] health check ok
2026-02-21T02:40:01.869Z [svc-search-0] cache hit rate 95%
2026-02-21T02:40:01.871Z [pytest-xdist] gw5 test_users.py::test_delete_region PASSED in 233ms trace=37fd7333-8ece-c317-5cd7-ade118279870
2026-02-21T02:40:01.871Z [svc-billing-1] processed batch of 387 items
2026-02-21T02:40:01.872Z [svc-billing-0] connected to upstream in 38ms
2026-02-21T02:40:01.872Z [svc-sched-2] gc pause 29ms, heap 122MB
2026-02-21T02:40:01.873Z [svc-db-1] warning: slow query took 542ms
2026-02-21T02:40:01.876Z [svc-queue-1] health check ok
2026-02-21T02:40:01.878Z [svc-billing-3] health check ok
2026-02-21T02:40:01.879Z [svc-search-0] cache hit rate 88%
2026-02-21T02:40:01.882Z [svc-media-4] health check ok
2026-02-21T02:40:01.887Z [svc-gateway-2] retrying connection to s3 (attempt 3/3)
2026-02-21T02:40:01.889Z [pytest-xdist] gw0 test_users.py::test_paginate_user PASSED in 54ms trace=2dc3597b-9d96-de25-4438-8f688d48a88a
2026-02-21T02:40:01.889Z [svc-notify-1] closed idle connection after 211s
2026-02-21T02:40:01.890Z [svc-db-0] closed idle connection after 309s
2026-02-21T02:40:01.891Z [svc-media-0] retrying connection to vault (attempt 1/3)
2026-02-21T02:40:01.892Z [svc-search-4] gc pause 86ms, heap 237MB
2026-02-21T02:40:01.893Z [pytest-xdist] gw1 test_webhooks.py::test_reconcile_quota PASSED in 202ms trace=45d1a7c1-0d48-9970-bb04-31296b53e609
2026-02-21T02:40:01.894Z [svc-sched-1] gc pause 83ms, heap 846MB
2026-02-21T02:40:01.895Z [svc-media-3] connected to upstream in 47ms
2026-02-21T02:40:01.896Z [svc-auth-2] connected to upstream in 77ms
2026-02-21T02:40:01.897Z [svc-db-2] closed idle connection after 276s
2026-02-21T02:40:01.898Z [svc-db-4] closed idle connection after 125s
2026-02-21T02:40:01.898Z [svc-billing-0] warning: slow query took 2093ms
2026-02-21T02:40:01.898Z [svc-queue-2] gc pause 120ms, heap 941MB
2026-02-21T02:40:01.898Z [svc-queue-3] warning: slow query took 2000ms
2026-02-21T02:40:01.906Z [svc-db-0] warning: slow query took 1138ms
2026-02-21T02:40:01.911Z [svc-db-3] connected to upstream in 70ms
2026-02-21T02:40:01.912Z [svc-db-4] warning: slow query took 1039ms
2026-02-21T02:40:01.913Z [svc-auth-2] cache hit rate 95%
2026-02-21T02:40:01.914Z [pytest-xdist] gw1 test_media.py::test_parse_shipment PASSED in 219ms trace=422cb06c-66f6-aba5-d1a5-c82f84fbc992
2026-02-21T02:40:01.915Z [svc-db-4] warning: slow query took 1347ms
2026-02-21T02:40:01.917Z [svc-auth-1] gc pause 54ms, heap 437MB
2026-02-21T02:40:01.918Z [svc-cache-2] connected to upstream in 32ms
2026-02-21T02:40:01.918Z [svc-queue-0] processed batch of 467 items
2026-02-21T02:40:01.918Z [svc-queue-3] connected to upstream in 29ms
2026-02-21T02:40:01.919Z [svc-sched-4] processed batch of 282 items
2026-02-21T02:40:01.923Z [pytest-xdist] gw4 test_users.py::test_notify_shipment PASSED in 224ms trace=7584d3d8-8009-9960-cffa-506bf9ed287c
2026-02-21T02:40:01.923Z [svc-search-2] connected to upstream in 58ms
2026-02-21T02:40:01.923Z [svc-sched-4] processed batch of 32 items
2026-02-21T02:40:01.925Z [svc-gateway-3] health check ok
2026-02-21T02:40:01.926Z [svc-search-4] processed batch of 277 items
2026-02-21T02:40:01.927Z [svc-billing-2] processed batch of 90 items
2026-02-21T02:40:01.928Z [svc-search-0] gc pause 6ms, heap 130MB
2026-02-21T02:40:01.928Z [svc-sched-1] closed idle connection after 248s
2026-02-21T02:40:01.930Z [svc-queue-1] closed idle connection after 287s
2026-02-21T02:40:01.931Z [svc-billing-4] retrying connection to vault (attempt 2/3)
2026-02-21T02:40:01.933Z [svc-media-0] warning: slow query took 1564ms
2026-02-21T02:40:01.933Z [svc-media-2] cache hit rate 90%
2026-02-21T02:40:01.934Z [svc-billing-2] gc pause 55ms, heap 389MB
2026-02-21T02:40:01.935Z [svc-db-2] gc pause 88ms, heap 243MB
2026-02-21T02:40:01.936Z [svc-gateway-4] warning: slow query took 2011ms
2026-02-21T02:40:01.939Z [svc-gateway-3] warning: slow query took 1547ms
2026-02-21T02:40:01.941Z [pytest-xdist] gw4 test_reports.py::test_paginate_template PASSED in 2ms trace=989c7e89-aef7-ce08-5b6c-da098901eecf
2026-02-21T02:40:01.941Z [svc-billing-1] health check ok
2026-02-21T02:40:01.941Z [svc-media-3] cache hit rate 95%
2026-02-21T02:40:01.942Z [svc-billing-2] closed idle connection after 199s
2026-02-21T02:40:01.942Z [svc-queue-3] processed batch of 476 items
2026-02-21T02:40:01.942Z [svc-queue-4] closed idle connection after 88s
2026-02-21T02:40:01.943Z [svc-sched-4] processed batch of 117 items
2026-02-21T02:40:01.944Z [svc-cache-3] processed batch of 440 items
2026-02-21T02:40:01.944Z [svc-gateway-1] health check ok
2026-02-21T02:40:01.944Z [svc-media-2] connected to upstream in 61ms
2026-02-21T02:40:01.945Z [svc-cache-4] retrying connection to s3 (attempt 1/3)
2026-02-21T02:40:01.945Z [svc-media-1] cache hit rate 90%
2026-02-21T02:40:01.947Z [svc-cache-0] connected to upstream in 43ms
2026-02-21T02:40:01.950Z [svc-billing-4] warning: slow query took 1210ms
2026-02-21T02:40:01.951Z [svc-gateway-1] connected to upstream in 52ms
2026-02-21T02:40:01.952Z [svc-db-3] gc pause 84ms, heap 247MB
2026-02-21T02:40:01.952Z [svc-billing-1] connected to upstream in 81ms
2026-02-21T02:40:01.954Z [pytest-xdist] gw1 test_gateway.py::test_paginate_user PASSED in 131ms trace=8114e9d2-0186-ea3d-576d-d6f42e02c6f0
2026-02-21T02:40:01.955Z [svc-billing-1] closed idle connection after 226s
2026-02-21T02:40:01.956Z [svc-search-2] health check ok
2026-02-21T02:40:01.957Z [svc-gateway-2] closed idle connection after 145s
2026-02-21T02:40:01.958Z [pytest-xdist] gw5 test_search.py::test_render_query PASSED in 49ms trace=9efe59a7-3202-0cb0-2864-3301720ed977
2026-02-21T02:40:01.962Z [pytest-xdist] gw1 test_queue.py::test_create_query PASSED in 150ms trace=ca307950-54cd-0654-edda-346459261dc0
2026-02-21T02:40:01.962Z [svc-db-4] connected to upstream in 48ms
2026-02-21T02:40:01.969Z [svc-queue-3] connected to upstream in 62ms
2026-02-21T02:40:01.971Z [svc-search-2] retrying connection to kafka (attempt 2/3)
2026-02-21T02:40:01.972Z [svc-cache-3] connected to upstream in 37ms
2026-02-21T02:40:01.972Z [svc-media-2] closed idle connection after 244s
2026-02-21T02:40:01.972Z [svc-sched-0] health check ok
2026-02-21T02:40:01.974Z [svc-auth-2] closed idle connection after 293s
2026-02-21T02:40:01.975Z [svc-queue-0] closed idle connection after 223s
2026-02-21T02:40:01.976Z [svc-db-1] processed batch of 183 items
2026-02-21T02:40:01.977Z [svc-notify-2] gc pause 9ms, heap 946MB
2026-02-21T02:40:01.978Z [svc-media-2] closed idle connection after 306s
2026-02-21T02:40:01.981Z [pytest-xdist] gw4 test_search.py::test_authorize_region PASSED in 40ms trace=cd7af1cd-d061-6aa8-628b-48332f3bb1d8
2026-02-21T02:40:01.981Z [svc-gateway-1] warning: slow query took 1180ms
2026-02-21T02:40:01.983Z [svc-billing-0] processed batch of 89 items
2026-02-21T02:40:01.983Z [svc-search-1] health check ok
2026-02-21T02:40:01.984Z [svc-media-4] health check ok
2026-02-21T02:40:01.985Z [svc-queue-1] connected to upstream in 29ms
2026-02-21T02:40:01.986Z [svc-cache-0] cache hit rate 90%
2026-02-21T02:40:01.986Z [svc-notify-4] processed batch of 501 items
2026-02-21T02:40:01.988Z [svc-queue-0] processed batch of 12 items
2026-02-21T02:40:01.991Z [svc-auth-4] connected to upstream in 45ms
2026-02-21T02:40:01.991Z [svc-db-4] gc pause 113ms, heap 613MB
2026-02-21T02:40:01.991Z [svc-gateway-2] gc pause 100ms, heap 775MB
2026-02-21T02:40:01.991Z [svc-queue-3] processed batch of 475 items
2026-02-21T02:40:01.994Z [svc-cache-3] warning: slow query took 1712ms
2026-02-21T02:40:01.994Z [svc-sched-3] processed batch of 354 items
2026-02-21T02:40:01.995Z [pytest-xdist] gw0 test_payments.py::test_update_subscription PASSED in 105ms trace=6ef3e5c8-8926-e4d2-6345-242fb4f6aa39
2026-02-21T02:40:01.995Z [svc-sched-4] connected to upstream in 82ms
2026-02-21T02:40:01.997Z [svc-notify-3] health check ok
2026-02-21T02:40:02.000Z [svc-notify-3] connected to upstream in 50ms
2026-02-21T02:40:02.001Z [svc-search-2] retrying connection to kafka (attempt 1/3)
2026-02-21T02:40:02.001Z [svc-queue-3] closed idle connection after 318s
2026-02-21T02:40:02.002Z [svc-notify-1] warning: slow query took 407ms
2026-02-21T02:40:02.003Z [svc-db-4] connected to upstream in 48ms
2026-02-21T02:40:02.003Z [svc-search-2] cache hit rate 85%
2026-02-21T02:40:02.006Z [svc-media-2] retrying connection to redis (attempt 3/3)
2026-02-21T02:40:02.011Z [svc-notify-2] connected to upstream in 30ms
2026-02-21T02:40:02.011Z [svc-gateway-4] closed idle connection after 317s
2026-02-21T02:40:02.012Z [svc-db-4] closed idle connection after 223s
2026-02-21T02:40:02.012Z [svc-search-4] connected to upstream in 46ms
2026-02-21T02:40:02.014Z [pytest-xdist] gw2 test_payments.py::test_sync_template SKIPPED (reason: flaky-see-issue-482)
2026-02-21T02:40:02.017Z [svc-sched-3] processed batch of 271 items
2026-02-21T02:40:02.018Z [svc-cache-4] gc pause 6ms, heap 808MB
2026-02-21T02:40:02.018Z [svc-gateway-0] warning: slow query took 2163ms
2026-02-21T02:40:02.019Z [svc-auth-3] processed batch of 384 items
2026-02-21T02:40:02.019Z [svc-media-0] processed batch of 280 items
2026-02-21T02:40:02.020Z [svc-gateway-4] processed batch of 194 items
2026-02-21T02:40:02.021Z [svc-sched-0] retrying connection to vault (attempt 3/3)
2026-02-21T02:40:02.021Z [svc-sched-2] cache hit rate 90%
2026-02-21T02:40:02.023Z [svc-billing-3] connected to upstream in 73ms
2026-02-21T02:40:02.025Z [svc-notify-3] closed idle connection after 326s
2026-02-21T02:40:02.026Z [svc-notify-0] connected to upstream in 48ms
2026-02-21T02:40:02.028Z [pytest-xdist] gw1 test_media.py::test_create_coupon PASSED in 162ms trace=4cd31b62-4977-8ac2-9cb4-976921fa0e56
2026-02-21T02:40:02.028Z [svc-cache-0] gc pause 65ms, heap 121MB
2026-02-21T02:40:02.028Z [svc-db-1] connected to upstream in 76ms
2026-02-21T02:40:02.028Z [svc-gateway-3] closed idle connection after 313s
2026-02-21T02:40:02.029Z [svc-media-3] gc pause 84ms, heap 190MB
2026-02-21T02:40:02.035Z [svc-media-0] closed idle connection after 274s
2026-02-21T02:40:02.038Z [pytest-xdist] gw0 test_orders.py::test_validate_invoice PASSED in 198ms trace=16d57a81-b215-d55c-e8d4-c7b6943cf5bb
2026-02-21T02:40:02.038Z [svc-media-4] health check ok
2026-02-21T02:40:02.040Z [svc-gateway-0] connected to upstream in 63ms
2026-02-21T02:40:02.041Z [svc-notify-2] cache hit rate 90%
2026-02-21T02:40:02.041Z [svc-queue-1] processed batch of 329 items
2026-02-21T02:40:02.050Z [pytest-xdist] gw1 test_reports.py::test_notify_quota PASSED in 238ms trace=78d7f892-ac30-bd61-a489-3be2b748cb61
2026-02-21T02:40:02.051Z [svc-notify-0] warning: slow query took 1216ms
2026-02-21T02:40:02.051Z [svc-media-1] gc pause 111ms, heap 317MB
2026-02-21T02:40:02.054Z [svc-sched-0] gc pause 12ms, heap 701MB
2026-02-21T02:40:02.058Z [svc-auth-4] health check ok
2026-02-21T02:40:02.058Z [svc-billing-2] warning: slow query took 1531ms
2026-02-21T02:40:02.058Z [svc-media-0] gc pause 72ms, heap 667MB
2026-02-21T02:40:02.059Z [svc-cache-0] processed batch of 288 items
2026-02-21T02:40:02.061Z [svc-db-4] health check ok
2026-02-21T02:40:02.064Z [svc-notify-1] warning: slow query took 1825ms
2026-02-21T02:40:02.065Z [svc-search-4] cache hit rate 88%
2026-02-21T02:40:02.066Z [svc-billing-1] health check ok
2026-02-21T02:40:02.067Z [svc-media-2] processed batch of 112 items
2026-02-21T02:40:02.067Z [svc-sched-1] retrying connection to postgres (attempt 2/3)
2026-02-21T02:40:02.068Z [svc-notify-2] closed idle connection after 240s
2026-02-21T02:40:02.069Z [pytest-xdist] gw3 test_reports.py::test_reconcile_shipment PASSED in 179ms trace=d3354da6-653f-94ec-3f13-972f3b3ff030
2026-02-21T02:40:02.071Z [svc-db-3] connected to upstream in 61ms
2026-02-21T02:40:02.073Z [svc-auth-4] closed idle connection after 201s
2026-02-21T02:40:02.073Z [svc-db-2] retrying connection to elasticsearch (attempt 3/3)
2026-02-21T02:40:02.074Z [pytest-xdist] gw3 test_import.py::test_update_region PASSED in 169ms trace=082bc030-98b5-0042-a836-4b1dee3a9aac
2026-02-21T02:40:02.074Z [svc-queue-2] gc pause 39ms, heap 568MB
2026-02-21T02:40:02.075Z [svc-auth-0] connected to upstream in 37ms
2026-02-21T02:40:02.075Z [svc-media-1] cache hit rate 95%
2026-02-21T02:40:02.077Z [svc-sched-3] connected to upstream in 58ms
2026-02-21T02:40:02.078Z [svc-auth-2] warning: slow query took 535ms
2026-02-21T02:40:02.078Z [svc-gateway-2] gc pause 16ms, heap 977MB
2026-02-21T02:40:02.079Z [svc-search-1] closed idle connection after 264s
2026-02-21T02:40:02.081Z [svc-sched-2] gc pause 62ms, heap 576MB
2026-02-21T02:40:02.085Z [svc-sched-0] retrying connection to vault (attempt 3/3)
2026-02-21T02:40:02.086Z [svc-media-2] connected to upstream in 25ms
2026-02-21T02:40:02.087Z [svc-search-1] gc pause 120ms, heap 574MB
2026-02-21T02:40:02.089Z [svc-billing-4] processed batch of 62 items
2026-02-21T02:40:02.090Z [pytest-xdist] gw5 test_billing.py::test_delete_attachment PASSED in 11ms trace=0e87ec60-336e-ec8e-08c6-619a7de66979
2026-02-21T02:40:02.090Z [svc-sched-2] retrying connection to redis (attempt 2/3)
2026-02-21T02:40:02.092Z [svc-billing-2] health check ok
2026-02-21T02:40:02.093Z [svc-search-1] cache hit rate 85%
2026-02-21T02:40:02.095Z [svc-queue-2] gc pause 122ms, heap 391MB
2026-02-21T02:40:02.100Z [svc-search-2] processed batch of 496 items
2026-02-21T02:40:02.100Z [svc-notify-0] gc pause 55ms, heap 263MB
2026-02-21T02:40:02.101Z [pytest-xdist] gw3 test_payments.py::test_expire_quota PASSED in 32ms trace=16d3fb7f-63ce-43ab-efa6-7bbaaa862796
2026-02-21T02:40:02.101Z [svc-gateway-4] cache hit rate 95%
2026-02-21T02:40:02.101Z [svc-sched-1] health check ok
2026-02-21T02:40:02.105Z [svc-sched-2] health check ok
2026-02-21T02:40:02.106Z [svc-sched-4] processed batch of 390 items
2026-02-21T02:40:02.109Z [pytest-xdist] gw5 test_reports.py::test_parse_shipment PASSED in 65ms trace=a0d55a23-6a5d-0c24-4ba2-7848dfc08161
2026-02-21T02:40:02.109Z [svc-billing-2] gc pause 106ms, heap 225MB
2026-02-21T02:40:02.110Z [svc-search-4] health check ok
2026-02-21T02:40:02.111Z [svc-cache-1] warning: slow query took 407ms
2026-02-21T02:40:02.111Z [svc-gateway-1] processed batch of 138 items
2026-02-21T02:40:02.113Z [svc-db-3] connected to upstream in 8ms
2026-02-21T02:40:02.114Z [svc-cache-1] health check ok
2026-02-21T02:40:02.116Z [svc-db-4] cache hit rate 95%
2026-02-21T02:40:02.118Z [svc-db-1] cache hit rate 90%
2026-02-21T02:40:02.121Z [svc-auth-1] cache hit rate 95%
2026-02-21T02:40:02.122Z [svc-db-0] processed batch of 415 items
2026-02-21T02:40:02.123Z [pytest-xdist] gw0 test_export.py::test_paginate_user PASSED in 232ms trace=a19142b2-ee4a-8096-1ff3-f2297bbf3872
2026-02-21T02:40:02.124Z [svc-notify-0] cache hit rate 88%
2026-02-21T02:40:02.124Z [svc-queue-3] gc pause 33ms, heap 299MB
2026-02-21T02:40:02.126Z [svc-auth-1] gc pause 55ms, heap 226MB
2026-02-21T02:40:02.127Z [svc-db-2] closed idle connection after 119s
2026-02-21T02:40:02.128Z [svc-cache-1] cache hit rate 95%
2026-02-21T02:40:02.129Z [svc-queue-2] processed batch of 18 items
2026-02-21T02:40:02.131Z [svc-queue-0] processed batch of 171 items
2026-02-21T02:40:02.135Z [pytest-xdist] gw0 test_payments.py::test_retry_webhook PASSED in 166ms trace=548a2c36-05bb-7b98-24ac-64dccacd0839
2026-02-21T02:40:02.135Z [svc-auth-1] processed batch of 23 items
2026-02-21T02:40:02.136Z [svc-search-3] cache hit rate 92%
2026-02-21T02:40:02.137Z [svc-queue-0] processed batch of 117 items
2026-02-21T02:40:02.140Z [svc-cache-2] processed batch of 120 items
2026-02-21T02:40:02.140Z [svc-search-2] warning: slow query took 648ms
2026-02-21T02:40:02.141Z [pytest-xdist] gw4 test_export.py::test_notify_attachment PASSED in 187ms trace=39ea12a8-52c0-7505-eef2-1d4689b90eca
2026-02-21T02:40:02.143Z [svc-cache-1] cache hit rate 95%
2026-02-21T02:40:02.143Z [svc-queue-0] connected to upstream in 51ms
2026-02-21T02:40:02.143Z [svc-sched-4] connected to upstream in 28ms
2026-02-21T02:40:02.144Z [svc-gateway-0] gc pause 32ms, heap 665MB
2026-02-21T02:40:02.145Z [svc-db-2] health check ok
2026-02-21T02:40:02.147Z [svc-auth-2] health check ok
2026-02-21T02:40:02.147Z [svc-cache-0] connected to upstream in 61ms
2026-02-21T02:40:02.148Z [svc-search-1] cache hit rate 85%
2026-02-21T02:40:02.148Z [svc-media-4] retrying connection to s3 (attempt 3/3)
2026-02-21T02:40:02.151Z [svc-auth-0] closed idle connection after 172s
2026-02-21T02:40:02.151Z [svc-notify-3] processed batch of 40 items
2026-02-21T02:40:02.151Z [svc-gateway-4] retrying connection to vault (attempt 2/3)
2026-02-21T02:40:02.152Z [svc-auth-3] gc pause 5ms, heap 503MB
2026-02-21T02:40:02.153Z [svc-auth-0] health check ok
2026-02-21T02:40:02.153Z [svc-db-1] retrying connection to s3 (attempt 1/3)
2026-02-21T02:40:02.154Z [svc-auth-2] connected to upstream in 51ms
2026-02-21T02:40:02.154Z [svc-gateway-1] closed idle connection after 207s
2026-02-21T02:40:02.157Z [svc-queue-1] cache hit rate 92%
2026-02-21T02:40:02.158Z [svc-sched-3] connected to upstream in 52ms
2026-02-21T02:40:02.160Z [svc-cache-4] cache hit rate 88%
2026-02-21T02:40:02.160Z [svc-billing-3] warning: slow query took 1277ms
2026-02-21T02:40:02.161Z [svc-media-0] warning: slow query took 1683ms
2026-02-21T02:40:02.161Z [svc-media-1] cache hit rate 92%
2026-02-21T02:40:02.162Z [pytest-xdist] gw2 test_search.py::test_parse_region PASSED in 171ms trace=f1e8d7fc-df0d-7e85-c987-2bfcf87a21c2
2026-02-21T02:40:02.162Z [svc-queue-2] connected to upstream in 56ms
2026-02-21T02:40:02.163Z [svc-queue-4] warning: slow query took 511ms
2026-02-21T02:40:02.164Z [svc-gateway-0] cache hit rate 88%
2026-02-21T02:40:02.169Z [svc-cache-1] closed idle connection after 35s
2026-02-21T02:40:02.170Z [svc-queue-1] gc pause 114ms, heap 414MB
2026-02-21T02:40:02.171Z [svc-cache-2] processed batch of 442 items
2026-02-21T02:40:02.171Z [svc-gateway-0] health check ok
2026-02-21T02:40:02.173Z [svc-auth-3] closed idle connection after 85s
2026-02-21T02:40:02.177Z [svc-queue-4] closed idle connection after 287s
2026-02-21T02:40:02.178Z [svc-sched-1] cache hit rate 92%
2026-02-21T02:40:02.179Z [pytest-xdist] gw0 test_queue.py::test_update_refund PASSED in 139ms trace=76f80f45-cd39-0dde-8e6d-1d09200b085a
2026-02-21T02:40:02.181Z [svc-db-2] cache hit rate 90%
2026-02-21T02:40:02.181Z [svc-search-3] processed batch of 94 items
2026-02-21T02:40:02.183Z [svc-auth-2] cache hit rate 88%
2026-02-21T02:40:02.184Z [svc-sched-0] health check ok
2026-02-21T02:40:02.185Z [svc-gateway-3] closed idle connection after 120s
2026-02-21T02:40:02.190Z [svc-cache-1] health check ok
2026-02-21T02:40:02.190Z [svc-billing-4] processed batch of 234 items
2026-02-21T02:40:02.191Z [svc-db-2] gc pause 74ms, heap 238MB
2026-02-21T02:40:02.192Z [svc-cache-0] processed batch of 474 items
2026-02-21T02:40:02.192Z [svc-sched-2] warning: slow query took 2101ms
2026-02-21T02:40:02.193Z [svc-notify-3] processed batch of 380 items
2026-02-21T02:40:02.195Z [pytest-xdist] gw1 test_auth.py::test_list_coupon PASSED in 133ms trace=ae9836f6-d60c-ca7e-dafa-097583cf3e5f
2026-02-21T02:40:02.196Z [svc-db-3] cache hit rate 88%
2026-02-21T02:40:02.196Z [svc-billing-4] health check ok
2026-02-21T02:40:02.197Z [svc-db-1] retrying connection to s3 (attempt 1/3)
2026-02-21T02:40:02.197Z [svc-queue-1] gc pause 91ms, heap 368MB
2026-02-21T02:40:02.201Z [svc-cache-3] warning: slow query took 1973ms
2026-02-21T02:40:02.204Z [svc-sched-0] gc pause 122ms, heap 485MB
2026-02-21T02:40:02.205Z [pytest-xdist] gw4 test_export.py::test_render_quota PASSED in 151ms trace=4765a77a-9984-3caf-44ea-8adf532471dd
2026-02-21T02:40:02.207Z [svc-media-1] connected to upstream in 71ms
2026-02-21T02:40:02.208Z [svc-sched-2] retrying connection to redis (attempt 2/3)
2026-02-21T02:40:02.211Z [svc-search-1] retrying connection to redis (attempt 1/3)
2026-02-21T02:40:02.212Z [pytest-xdist] gw5 test_export.py::test_notify_subscription PASSED in 147ms trace=df2cea8a-0fe6-5cc9-7cfe-0518b073ccf1
2026-02-21T02:40:02.214Z [svc-media-0] warning: slow query took 1467ms
2026-02-21T02:40:02.215Z [svc-media-4] gc pause 86ms, heap 753MB
2026-02-21T02:40:02.216Z [svc-db-1] closed idle connection after 178s
2026-02-21T02:40:02.220Z [svc-media-2] cache hit rate 92%
2026-02-21T02:40:02.220Z [svc-sched-1] warning: slow query took 1937ms
2026-02-21T02:40:02.222Z [svc-media-0] retrying connection to vault (attempt 1/3)
2026-02-21T02:40:02.223Z [svc-auth-4] health check ok
2026-02-21T02:40:02.225Z [svc-cache-0] warning: slow query took 611ms
2026-02-21T02:40:02.225Z [svc-db-1] connected to upstream in 26ms
2026-02-21T02:40:02.229Z [svc-notify-0] cache hit rate 85%
2026-02-21T02:40:02.230Z [svc-gateway-2] cache hit rate 88%
2026-02-21T02:40:02.232Z [svc-search-4] cache hit rate 88%
2026-02-21T02:40:02.232Z [svc-sched-4] connected to upstream in 54ms
2026-02-21T02:40:02.234Z [pytest-xdist] gw2 test_import.py::test_reconcile_subscription PASSED in 66ms trace=d3c380c0-6ede-cc25-69b2-363b48cd2d1e
2026-02-21T02:40:02.235Z [svc-cache-4] health check ok
2026-02-21T02:40:02.237Z [svc-cache-3] cache hit rate 88%
2026-02-21T02:40:02.237Z [svc-db-0] health check ok
2026-02-21T02:40:02.239Z [svc-gateway-1] retrying connection to kafka (attempt 2/3)
2026-02-21T02:40:02.240Z [svc-auth-0] cache hit rate 95%
2026-02-21T02:40:02.241Z [svc-billing-4] cache hit rate 92%
2026-02-21T02:40:02.242Z [pytest-xdist] gw5 test_webhooks.py::test_notify_template PASSED in 116ms trace=53be997c-ba67-e525-0ecb-8864f7bf08e9
2026-02-21T02:40:02.242Z [svc-db-0] processed batch of 254 items
2026-02-21T02:40:02.242Z [svc-billing-4] processed batch of 450 items
2026-02-21T02:40:02.242Z [svc-search-2] warning: slow query took 659ms
2026-02-21T02:40:02.243Z [svc-billing-2] connected to upstream in 69ms
2026-02-21T02:40:02.244Z [svc-cache-3] health check ok
2026-02-21T02:40:02.244Z [svc-db-1] health check ok
2026-02-21T02:40:02.244Z [svc-sched-2] processed batch of 416 items
2026-02-21T02:40:02.248Z [pytest-xdist] gw3 test_gateway.py::test_update_token PASSED in 224ms trace=1d0bca79-d7ec-482f-4714-b803fc0b5fcd
2026-02-21T02:40:02.248Z [svc-cache-2] health check ok
2026-02-21T02:40:02.254Z [svc-sched-0] cache hit rate 85%
2026-02-21T02:40:02.257Z [pytest-xdist] gw2 test_notify.py::test_notify_region PASSED in 238ms trace=67b0c086-d27a-2909-eb37-d904a71ad6a9
2026-02-21T02:40:02.257Z [svc-queue-3] retrying connection to kafka (attempt 2/3)
2026-02-21T02:40:02.260Z [svc-gateway-4] closed idle connection after 169s
2026-02-21T02:40:02.261Z [svc-billing-0] cache hit rate 90%
2026-02-21T02:40:02.262Z [svc-billing-4] retrying connection to vault (attempt 1/3)
2026-02-21T02:40:02.263Z [svc-db-4] processed batch of 58 items
2026-02-21T02:40:02.263Z [svc-search-4] health check ok
2026-02-21T02:40:02.263Z [svc-sched-4] warning: slow query took 1620ms
2026-02-21T02:40:02.267Z [svc-notify-2] connected to upstream in 7ms
2026-02-21T02:40:02.271Z [svc-cache-3] retrying connection to kafka (attempt 3/3)
2026-02-21T02:40:02.271Z [svc-sched-0] processed batch of 305 items
2026-02-21T02:40:02.272Z [svc-queue-0] health check ok
2026-02-21T02:40:02.274Z [svc-cache-4] closed idle connection after 209s
2026-02-21T02:40:02.275Z [pytest-xdist] gw0 test_search.py::test_delete_webhook PASSED in 52ms trace=bc23d04d-c9cd-7cf1-52d5-94318e460c59
2026-02-21T02:40:02.275Z [svc-media-4] closed idle connection after 223s
2026-02-21T02:40:02.276Z [svc-queue-1] health check ok
2026-02-21T02:40:02.282Z [pytest-xdist] gw2 test_queue.py::test_paginate_invoice PASSED in 181ms trace=5e3c0771-95cf-179b-37c6-21c512736c1d
2026-02-21T02:40:02.282Z [svc-auth-4] retrying connection to kafka (attempt 1/3)
2026-02-21T02:40:02.283Z [svc-sched-0] health check ok
2026-02-21T02:40:02.283Z [svc-sched-4] connected to upstream in 37ms
2026-02-21T02:40:02.285Z [svc-media-2] retrying connection to redis (attempt 3/3)
2026-02-21T02:40:02.285Z [svc-sched-4] closed idle connection after 46s
2026-02-21T02:40:02.288Z [svc-billing-2] cache hit rate 90%
2026-02-21T02:40:02.289Z [svc-billing-4] cache hit rate 88%
2026-02-21T02:40:02.290Z [svc-gateway-0] retrying connection to redis (attempt 3/3)
2026-02-21T02:40:02.291Z [svc-notify-1] warning: slow query took 1408ms
2026-02-21T02:40:02.291Z [svc-notify-2] health check ok
2026-02-21T02:40:02.291Z [svc-gateway-3] connected to upstream in 66ms
2026-02-21T02:40:02.292Z [svc-notify-2] connected to upstream in 47ms
2026-02-21T02:40:02.292Z [svc-notify-3] closed idle connection after 92s
2026-02-21T02:40:02.295Z [svc-cache-3] gc pause 37ms, heap 871MB
2026-02-21T02:40:02.296Z [pytest-xdist] gw1 test_media.py::test_cache_user PASSED in 200ms trace=83524776-fd17-0920-174b-dc3ade7d594d
2026-02-21T02:40:02.297Z [svc-auth-0] gc pause 118ms, heap 119MB
2026-02-21T02:40:02.298Z [svc-gateway-4] gc pause 56ms, heap 664MB
2026-02-21T02:40:02.299Z [pytest-xdist] gw4 test_webhooks.py::test_authorize_region PASSED in 67ms trace=e277dec3-a4c4-2cfd-d3c7-1e4a8441a7a3
2026-02-21T02:40:02.299Z [svc-db-2] cache hit rate 90%
2026-02-21T02:40:02.299Z [svc-gateway-0] warning: slow query took 533ms
2026-02-21T02:40:02.300Z [svc-db-4] cache hit rate 92%
2026-02-21T02:40:02.303Z [svc-notify-3] health check ok
2026-02-21T02:40:02.304Z [svc-auth-2] gc pause 97ms, heap 336MB
2026-02-21T02:40:02.305Z [svc-gateway-4] warning: slow query took 2066ms
2026-02-21T02:40:02.305Z [svc-media-2] closed idle connection after 309s
2026-02-21T02:40:02.306Z [svc-gateway-2] retrying connection to s3 (attempt 3/3)
2026-02-21T02:40:02.307Z [svc-cache-3] retrying connection to kafka (attempt 2/3)
2026-02-21T02:40:02.310Z [svc-notify-4] retrying connection to elasticsearch (attempt 3/3)
2026-02-21T02:40:02.312Z [svc-sched-0] health check ok
2026-02-21T02:40:02.313Z [pytest-xdist] gw4 test_webhooks.py::test_authorize_token PASSED in 13ms trace=bede1864-a9a6-59c8-bbea-b39adbfc4bd2
2026-02-21T02:40:02.314Z [svc-sched-2] gc pause 101ms, heap 918MB
2026-02-21T02:40:02.317Z [svc-auth-1] gc pause 13ms, heap 444MB
2026-02-21T02:40:02.318Z [svc-billing-2] gc pause 120ms, heap 112MB
2026-02-21T02:40:02.318Z [svc-media-4] retrying connection to s3 (attempt 3/3)
2026-02-21T02:40:02.319Z [svc-billing-3] processed batch of 281 items
2026-02-21T02:40:02.322Z [svc-auth-2] warning: slow query took 1957ms
2026-02-21T02:40:02.324Z [svc-auth-4] retrying connection to kafka (attempt 2/3)
2026-02-21T02:40:02.325Z [svc-search-4] gc pause 98ms, heap 535MB
2026-02-21T02:40:02.325Z [svc-queue-3] closed idle connection after 220s
2026-02-21T02:40:02.326Z [pytest-xdist] gw4 test_auth.py::test_cache_quota PASSED in 202ms trace=1f67cf2c-af5e-81e8-9307-b51bc16ef014
2026-02-21T02:40:02.327Z [svc-auth-1] gc pause 113ms, heap 982MB
2026-02-21T02:40:02.327Z [svc-search-1] warning: slow query took 1068ms
2026-02-21T02:40:02.329Z [svc-auth-3] gc pause 101ms, heap 557MB
2026-02-21T02:40:02.330Z [svc-gateway-0] cache hit rate 95%
2026-02-21T02:40:02.331Z [pytest-xdist] gw5 test_export.py::test_validate_invoice PASSED in 231ms trace=6f462565-be19-530f-93d5-d74d02d63d10
2026-02-21T02:40:02.331Z [svc-cache-0] processed batch of 223 items
2026-02-21T02:40:02.331Z [svc-search-0] processed batch of 210 items
2026-02-21T02:40:02.331Z [svc-sched-1] processed batch of 463 items
2026-02-21T02:40:02.332Z [svc-queue-4] closed idle connection after 229s
2026-02-21T02:40:02.334Z [svc-search-0] gc pause 24ms, heap 738MB
2026-02-21T02:40:02.334Z [svc-sched-4] cache hit rate 95%
2026-02-21T02:40:02.335Z [svc-billing-3] processed batch of 200 items
2026-02-21T02:40:02.335Z [svc-queue-1] processed batch of 58 items
2026-02-21T02:40:02.336Z [svc-auth-1] retrying connection to vault (attempt 1/3)
2026-02-21T02:40:02.338Z [svc-cache-3] cache hit rate 85%
2026-02-21T02:40:02.338Z [svc-billing-1] gc pause 7ms, heap 378MB
2026-02-21T02:40:02.343Z [pytest-xdist] gw5 test_export.py::test_cache_template PASSED in 40ms trace=135dffb8-75bb-47b3-3182-b7426e58d4b3
2026-02-21T02:40:02.343Z [svc-billing-1] cache hit rate 90%
2026-02-21T02:40:02.344Z [svc-queue-4] connected to upstream in 78ms
2026-02-21T02:40:02.345Z [svc-db-3] connected to upstream in 51ms
2026-02-21T02:40:02.345Z [svc-billing-0] connected to upstream in 20ms
2026-02-21T02:40:02.345Z [svc-queue-3] cache hit rate 90%
2026-02-21T02:40:02.347Z [svc-notify-1] retrying connection to redis (attempt 1/3)
2026-02-21T02:40:02.347Z [svc-notify-4] closed idle connection after 231s
2026-02-21T02:40:02.348Z [svc-gateway-2] closed idle connection after 204s
2026-02-21T02:40:02.349Z [svc-media-1] cache hit rate 90%
2026-02-21T02:40:02.351Z [svc-cache-2] connected to upstream in 16ms
2026-02-21T02:40:02.351Z [svc-search-1] closed idle connection after 55s
2026-02-21T02:40:02.352Z [svc-queue-1] connected to upstream in 78ms
2026-02-21T02:40:02.353Z [svc-cache-4] retrying connection to s3 (attempt 1/3)
2026-02-21T02:40:02.353Z [svc-media-1] connected to upstream in 31ms
2026-02-21T02:40:02.354Z [svc-auth-3] closed idle connection after 316s
2026-02-21T02:40:02.354Z [svc-cache-0] closed idle connection after 291s
2026-02-21T02:40:02.356Z [svc-queue-0] gc pause 101ms, heap 740MB
2026-02-21T02:40:02.356Z [svc-queue-1] health check ok
2026-02-21T02:40:02.358Z [pytest-xdist] gw2 test_search.py::test_cache_token PASSED in 183ms trace=086bf2f1-d9fc-7f2d-ab07-893763d99a98
2026-02-21T02:40:02.359Z [svc-search-2] processed batch of 58 items
2026-02-21T02:40:02.359Z [svc-notify-4] cache hit rate 95%
2026-02-21T02:40:02.361Z [svc-gateway-2] processed batch of 211 items
2026-02-21T02:40:02.362Z [svc-auth-1] connected to upstream in 33ms
2026-02-21T02:40:02.364Z [svc-auth-0] cache hit rate 95%
2026-02-21T02:40:02.364Z [svc-auth-0] health check ok
2026-02-21T02:40:02.364Z [svc-sched-3] gc pause 123ms, heap 102MB
2026-02-21T02:40:02.367Z [svc-auth-3] connected to upstream in 7ms
2026-02-21T02:40:02.367Z [svc-sched-0] closed idle connection after 61s
2026-02-21T02:40:02.368Z [svc-billing-2] retrying connection to s3 (attempt 3/3)
2026-02-21T02:40:02.368Z [svc-queue-1] retrying connection to postgres (attempt 2/3)
2026-02-21T02:40:02.368Z [svc-queue-4] gc pause 37ms, heap 358MB
2026-02-21T02:40:02.369Z [svc-gateway-2] gc pause 10ms, heap 416MB
2026-02-21T02:40:02.371Z [pytest-xdist] gw0 test_auth.py::test_parse_token PASSED in 42ms trace=166e5af8-682d-3ee4-bd27-58dc7c436642
2026-02-21T02:40:02.372Z [svc-search-0] closed idle connection after 287s
2026-02-21T02:40:02.372Z [svc-notify-3] health check ok
2026-02-21T02:40:02.373Z [svc-sched-3] health check ok
2026-02-21T02:40:02.376Z [svc-billing-4] gc pause 41ms, heap 111MB
2026-02-21T02:40:02.377Z [svc-sched-3] health check ok
2026-02-21T02:40:02.379Z [pytest-xdist] gw4 test_queue.py::test_reconcile_query PASSED in 171ms trace=487a3d43-fec6-4ca1-4a6a-4b244f051fd0
2026-02-21T02:40:02.379Z [svc-billing-0] retrying connection to redis (attempt 1/3)
2026-02-21T02:40:02.379Z [svc-queue-4] retrying connection to s3 (attempt 1/3)
2026-02-21T02:40:02.383Z [pytest-xdist] gw4 test_orders.py::test_parse_subscription PASSED in 119ms trace=99224678-7ac4-0972-ecf1-314963e35ff6
2026-02-21T02:40:02.385Z [svc-queue-1] cache hit rate 85%
2026-02-21T02:40:02.390Z [svc-auth-2] retrying connection to postgres (attempt 3/3)
2026-02-21T02:40:02.391Z [svc-cache-1] connected to upstream in 50ms
2026-02-21T02:40:02.391Z [svc-gateway-1] retrying connection to kafka (attempt 2/3)
2026-02-21T02:40:02.392Z [svc-queue-4] closed idle connection after 151s
2026-02-21T02:40:02.393Z [svc-queue-1] warning: slow query took 1785ms
2026-02-21T02:40:02.393Z [svc-sched-0] closed idle connection after 119s
2026-02-21T02:40:02.394Z [svc-search-0] health check ok
2026-02-21T02:40:02.394Z [svc-media-4] connected to upstream in 14ms
2026-02-21T02:40:02.395Z [svc-cache-3] warning: slow query took 961ms
2026-02-21T02:40:02.396Z [pytest-xdist] gw1 test_billing.py::test_cache_attachment PASSED in 148ms trace=7ebfb6e9-b411-1479-4447-6138a47b6c46
2026-02-21T02:40:02.398Z [svc-search-0] health check ok
2026-02-21T02:40:02.399Z [svc-billing-0] closed idle connection after 157s
2026-02-21T02:40:02.399Z [svc-notify-0] closed idle connection after 289s
2026-02-21T02:40:02.400Z [svc-media-2] health check ok
2026-02-21T02:40:02.405Z [svc-db-3] processed batch of 380 items
2026-02-21T02:40:02.409Z [svc-queue-0] retrying connection to vault (attempt 2/3)
2026-02-21T02:40:02.412Z [svc-media-4] health check ok
2026-02-21T02:40:02.413Z [svc-media-0] closed idle connection after 222s
2026-02-21T02:40:02.415Z [svc-auth-4] cache hit rate 85%
2026-02-21T02:40:02.415Z [svc-sched-1] connected to upstream in 67ms
2026-02-21T02:40:02.417Z [pytest-xdist] gw0 test_import.py::test_reconcile_index PASSED in 144ms trace=107aa503-4492-2d06-d82f-e840241d5e8b
2026-02-21T02:40:02.420Z [pytest-xdist] gw0 test_import.py::test_retry_token PASSED in 131ms trace=87e66c45-2434-5b0e-6189-f509c085e833
2026-02-21T02:40:02.420Z [svc-db-0] warning: slow query took 501ms
2026-02-21T02:40:02.421Z [svc-media-1] connected to upstream in 30ms
2026-02-21T02:40:02.424Z [svc-sched-0] closed idle connection after 134s
2026-02-21T02:40:02.425Z [svc-search-1] gc pause 18ms, heap 347MB
2026-02-21T02:40:02.426Z [svc-billing-2] retrying connection to s3 (attempt 3/3)
2026-02-21T02:40:02.426Z [svc-notify-3] connected to upstream in 77ms
2026-02-21T02:40:02.426Z [svc-notify-3] gc pause 54ms, heap 473MB
2026-02-21T02:40:02.429Z [pytest-xdist] gw3 test_search.py::test_render_subscription PASSED in 190ms trace=71c8948d-59f7-2ac9-7355-171b7b493689
2026-02-21T02:40:02.429Z [svc-db-3] cache hit rate 90%
2026-02-21T02:40:02.430Z [svc-auth-4] gc pause 42ms, heap 260MB
2026-02-21T02:40:02.433Z [svc-gateway-0] cache hit rate 95%
2026-02-21T02:40:02.434Z [svc-queue-0] closed idle connection after 254s
2026-02-21T02:40:02.435Z [svc-queue-4] cache hit rate 88%
2026-02-21T02:40:02.436Z [svc-auth-3] warning: slow query took 1361ms
2026-02-21T02:40:02.436Z [svc-billing-2] closed idle connection after 235s
2026-02-21T02:40:02.439Z [pytest-xdist] gw0 test_media.py::test_notify_user PASSED in 180ms trace=8cf70c0c-0ca0-8de3-c6a8-77993e2b9888
2026-02-21T02:40:02.440Z [svc-notify-4] cache hit rate 95%
2026-02-21T02:40:02.442Z [svc-sched-0] health check ok
2026-02-21T02:40:02.443Z [svc-notify-3] processed batch of 473 items
2026-02-21T02:40:02.448Z [svc-search-2] connected to upstream in 72ms
2026-02-21T02:40:02.451Z [pytest-xdist] gw5 test_billing.py::test_sync_subscription PASSED in 197ms trace=ae571cf9-2e16-f2f7-6fad-cf0985d6f5c5
2026-02-21T02:40:02.452Z [svc-cache-0] gc pause 101ms, heap 631MB
2026-02-21T02:40:02.452Z [svc-notify-4] processed batch of 500 items
2026-02-21T02:40:02.452Z [svc-media-3] cache hit rate 88%
2026-02-21T02:40:02.452Z [svc-queue-2] processed batch of 163 items
2026-02-21T02:40:02.452Z [svc-queue-3] cache hit rate 95%
2026-02-21T02:40:02.452Z [svc-queue-4] gc pause 48ms, heap 641MB
2026-02-21T02:40:02.453Z [svc-notify-1] health check ok
2026-02-21T02:40:02.460Z [svc-db-2] gc pause 22ms, heap 129MB
2026-02-21T02:40:02.460Z [svc-notify-3] processed batch of 163 items
2026-02-21T02:40:02.464Z [svc-search-4] health check ok
2026-02-21T02:40:02.465Z [svc-queue-0] closed idle connection after 72s
2026-02-21T02:40:02.469Z [pytest-xdist] gw5 test_export.py::test_parse_invoice SKIPPED (reason: not-implemented-here)
2026-02-21T02:40:02.469Z [svc-db-4] closed idle connection after 258s
2026-02-21T02:40:02.470Z [svc-queue-2] connected to upstream in 33ms
2026-02-21T02:40:02.471Z [svc-billing-0] connected to upstream in 80ms
2026-02-21T02:40:02.471Z [svc-notify-3] connected to upstream in 81ms
2026-02-21T02:40:02.472Z [svc-auth-0] retrying connection to elasticsearch (attempt 3/3)
2026-02-21T02:40:02.476Z [svc-notify-3] cache hit rate 90%
2026-02-21T02:40:02.477Z [svc-auth-2] retrying connection to postgres (attempt 1/3)
2026-02-21T02:40:02.477Z [svc-search-3] processed batch of 21 items
2026-02-21T02:40:02.478Z [svc-notify-4] closed idle connection after 269s
2026-02-21T02:40:02.479Z [svc-gateway-1] cache hit rate 92%
2026-02-21T02:40:02.483Z [svc-auth-2] cache hit rate 92%
2026-02-21T02:40:02.484Z [svc-queue-0] closed idle connection after 246s
2026-02-21T02:40:02.485Z [svc-notify-1] processed batch of 330 items
2026-02-21T02:40:02.486Z [svc-sched-1] retrying connection to postgres (attempt 2/3)
2026-02-21T02:40:02.488Z [svc-notify-2] retrying connection to kafka (attempt 2/3)
2026-02-21T02:40:02.489Z [svc-billing-2] connected to upstream in 54ms
2026-02-21T02:40:02.490Z [pytest-xdist] gw3 test_export.py::test_delete_session PASSED in 29ms trace=c105df83-b489-40c7-ffc7-4f0603bc6190
2026-02-21T02:40:02.490Z [svc-cache-4] processed batch of 258 items
2026-02-21T02:40:02.491Z [svc-gateway-1] health check ok
2026-02-21T02:40:02.494Z [svc-billing-0] cache hit rate 92%
2026-02-21T02:40:02.495Z [svc-search-1] cache hit rate 88%
2026-02-21T02:40:02.496Z [svc-cache-1] gc pause 88ms, heap 145MB
2026-02-21T02:40:02.497Z [svc-cache-3] processed batch of 173 items
2026-02-21T02:40:02.497Z [svc-queue-4] health check ok
2026-02-21T02:40:02.500Z [svc-sched-3] cache hit rate 92%
2026-02-21T02:40:02.502Z [svc-sched-4] gc pause 74ms, heap 952MB
2026-02-21T02:40:02.503Z [svc-db-0] health check ok
2026-02-21T02:40:02.504Z [svc-cache-3] gc pause 123ms, heap 852MB
2026-02-21T02:40:02.504Z [svc-sched-0] processed batch of 398 items
2026-02-21T02:40:02.506Z [svc-media-4] processed batch of 162 items
2026-02-21T02:40:02.508Z [svc-cache-1] retrying connection to postgres (attempt 2/3)
2026-02-21T02:40:02.510Z [pytest-xdist] gw2 test_queue.py::test_notify_attachment PASSED in 220ms trace=1bbe5ba0-7c58-4e9f-a3a8-b3f4a314e7b2
2026-02-21T02:40:02.514Z [svc-queue-1] health check ok
2026-02-21T02:40:02.520Z [svc-search-3] connected to upstream in 27ms
2026-02-21T02:40:02.522Z [svc-cache-3] connected to upstream in 20ms
2026-02-21T02:40:02.523Z [svc-db-0] processed batch of 247 items
2026-02-21T02:40:02.523Z [svc-media-2] health check ok
2026-02-21T02:40:02.525Z [pytest-xdist] gw4 test_orders.py::test_expire_token PASSED in 46ms trace=a15b4c3c-5f41-8329-9faf-ec53b37c3127
2026-02-21T02:40:02.527Z [svc-cache-1] processed batch of 262 items
2026-02-21T02:40:02.527Z [svc-billing-3] connected to upstream in 27ms
2026-02-21T02:40:02.528Z [svc-billing-3] processed batch of 421 items
2026-02-21T02:40:02.530Z [pytest-xdist] gw2 test_users.py::test_validate_session PASSED in 166ms trace=d2e4613c-9948-bfd3-7125-6d2b39ecea71
2026-02-21T02:40:02.530Z [svc-billing-4] closed idle connection after 222s
2026-02-21T02:40:02.532Z [svc-auth-0] gc pause 98ms, heap 724MB
2026-02-21T02:40:02.534Z [svc-media-1] processed batch of 384 items
2026-02-21T02:40:02.536Z [svc-gateway-0] cache hit rate 95%
2026-02-21T02:40:02.537Z [svc-sched-4] processed batch of 274 items
2026-02-21T02:40:02.539Z [svc-notify-0] retrying connection to postgres (attempt 1/3)
2026-02-21T02:40:02.540Z [svc-sched-2] health check ok
2026-02-21T02:40:02.543Z [pytest-xdist] gw3 test_auth.py::test_render_user PASSED in 57ms trace=552bc9c1-63e4-4a3c-bee2-666a960f190b
2026-02-21T02:40:02.543Z [svc-cache-1] health check ok
2026-02-21T02:40:02.543Z [svc-search-1] retrying connection to redis (attempt 3/3)
2026-02-21T02:40:02.545Z [svc-media-4] connected to upstream in 82ms
2026-02-21T02:40:02.548Z [svc-auth-1] processed batch of 376 items
2026-02-21T02:40:02.548Z [svc-search-4] connected to upstream in 82ms
2026-02-21T02:40:02.549Z [svc-sched-1] health check ok
2026-02-21T02:40:02.550Z [svc-auth-3] warning: slow query took 2027ms
2026-02-21T02:40:02.552Z [svc-search-3] processed batch of 485 items
2026-02-21T02:40:02.553Z [pytest-xdist] gw1 test_webhooks.py::test_cache_subscription PASSED in 98ms trace=55665f9a-ed8d-b553-ce35-3b69c2e28703
2026-02-21T02:40:02.553Z [svc-gateway-1] retrying connection to kafka (attempt 1/3)
2026-02-21T02:40:02.555Z [svc-auth-2] gc pause 70ms, heap 389MB
2026-02-21T02:40:02.555Z [svc-db-0] retrying connection to kafka (attempt 1/3)
2026-02-21T02:40:02.556Z [pytest-xdist] gw0 test_reports.py::test_notify_index PASSED in 75ms trace=74542bbd-d05f-5936-6235-e857cea810b8
2026-02-21T02:40:02.556Z [svc-search-1] processed batch of 99 items
2026-02-21T02:40:02.559Z [pytest-xdist] gw2 test_queue.py::test_update_index PASSED in 136ms trace=0e4e4a48-9fad-2d46-fd88-c203d99f0d6c
2026-02-21T02:40:02.560Z [svc-search-1] cache hit rate 95%
2026-02-21T02:40:02.561Z [svc-cache-3] processed batch of 410 items
2026-02-21T02:40:02.561Z [svc-media-2] connected to upstream in 46ms
2026-02-21T02:40:02.562Z [svc-db-2] connected to upstream in 30ms
2026-02-21T02:40:02.566Z [svc-billing-2] health check ok
2026-02-21T02:40:02.568Z [pytest-xdist] gw1 test_export.py::test_notify_session PASSED in 56ms trace=9940b9ef-0ad2-b92d-4cd5-f3e0668c9989
2026-02-21T02:40:02.568Z [svc-db-2] connected to upstream in 78ms
2026-02-21T02:40:02.569Z [svc-auth-1] closed idle connection after 243s
2026-02-21T02:40:02.569Z [svc-auth-3] processed batch of 329 items
2026-02-21T02:40:02.570Z [svc-search-4] processed batch of 301 items
2026-02-21T02:40:02.573Z [svc-notify-3] processed batch of 383 items
2026-02-21T02:40:02.577Z [svc-media-1] warning: slow query took 2160ms
2026-02-21T02:40:02.580Z [svc-gateway-3] warning: slow query took 1287ms
2026-02-21T02:40:02.580Z [svc-media-3] connected to upstream in 81ms
2026-02-21T02:40:02.581Z [svc-queue-3] retrying connection to kafka (attempt 2/3)
2026-02-21T02:40:02.583Z [svc-search-1] closed idle connection after 76s
2026-02-21T02:40:02.584Z [svc-billing-4] connected to upstream in 32ms
2026-02-21T02:40:02.588Z [pytest-xdist] gw2 test_notify.py::test_sync_token PASSED in 218ms trace=4f3f306c-f414-781b-5fa3-5c7528443b2e
2026-02-21T02:40:02.588Z [svc-cache-4] cache hit rate 88%
2026-02-21T02:40:02.588Z [svc-search-4] cache hit rate 90%
2026-02-21T02:40:02.589Z [svc-auth-4] health check ok
2026-02-21T02:40:02.589Z [svc-billing-1] retrying connection to kafka (attempt 1/3)
2026-02-21T02:40:02.589Z [svc-media-1] closed idle connection after 287s
2026-02-21T02:40:02.590Z [svc-queue-4] processed batch of 349 items
2026-02-21T02:40:02.591Z [svc-cache-0] health check ok
2026-02-21T02:40:02.592Z [svc-cache-3] connected to upstream in 59ms
2026-02-21T02:40:02.593Z [svc-search-2] cache hit rate 88%
2026-02-21T02:40:02.593Z [svc-sched-4] closed idle connection after 39s
2026-02-21T02:40:02.595Z [pytest-xdist] gw0 test_billing.py::test_update_subscription PASSED in 63ms trace=b45d8d4c-2f75-9754-5498-3159faa11f1b
2026-02-21T02:40:02.595Z [svc-gateway-1] health check ok
2026-02-21T02:40:02.596Z [svc-auth-0] retrying connection to elasticsearch (attempt 1/3)
2026-02-21T02:40:02.596Z [svc-search-0] cache hit rate 85%
2026-02-21T02:40:02.596Z [svc-sched-1] processed batch of 80 items
2026-02-21T02:40:02.597Z [svc-notify-1] warning: slow query took 809ms
2026-02-21T02:40:02.599Z [svc-auth-4] warning: slow query took 759ms
2026-02-21T02:40:02.601Z [svc-search-1] closed idle connection after 73s
2026-02-21T02:40:02.604Z [svc-db-1] connected to upstream in 32ms
2026-02-21T02:40:02.604Z [svc-sched-3] connected to upstream in 19ms
2026-02-21T02:40:02.607Z [svc-billing-2] health check ok
2026-02-21T02:40:02.607Z [svc-sched-3] warning: slow query took 1532ms
2026-02-21T02:40:02.608Z [svc-db-1] retrying connection to s3 (attempt 1/3)
2026-02-21T02:40:02.608Z [svc-queue-3] connected to upstream in 14ms
2026-02-21T02:40:02.609Z [svc-search-4] health check ok
2026-02-21T02:40:02.611Z [pytest-xdist] gw0 test_notify.py::test_reconcile_quota PASSED in 9ms trace=276ba4af-f8d7-4916-33b3-f3642b1bfcdc
2026-02-21T02:40:02.612Z [svc-auth-0] connected to upstream in 23ms
2026-02-21T02:40:02.613Z [svc-cache-2] closed idle connection after 283s
2026-02-21T02:40:02.614Z [svc-media-0] cache hit rate 92%
2026-02-21T02:40:02.615Z [svc-cache-1] connected to upstream in 59ms
2026-02-21T02:40:02.615Z [svc-billing-0] warning: slow query took 1046ms
2026-02-21T02:40:02.616Z [svc-search-4] warning: slow query took 547ms
2026-02-21T02:40:02.619Z [svc-media-1] health check ok
2026-02-21T02:40:02.621Z [svc-media-2] connected to upstream in 83ms
2026-02-21T02:40:02.623Z [svc-auth-4] warning: slow query took 274ms
2026-02-21T02:40:02.623Z [svc-billing-3] connected to upstream in 49ms
2026-02-21T02:40:02.623Z [svc-gateway-4] warning: slow query took 356ms
2026-02-21T02:40:02.625Z [svc-db-4] closed idle connection after 98s
2026-02-21T02:40:02.626Z [svc-cache-3] connected to upstream in 45ms
2026-02-21T02:40:02.627Z [pytest-xdist] gw4 test_reports.py::test_notify_template PASSED in 110ms trace=0108f0db-44a5-a1ec-421c-081684d86d17
2026-02-21T02:40:02.627Z [svc-sched-0] connected to upstream in 63ms
2026-02-21T02:40:02.630Z [svc-billing-2] retrying connection to s3 (attempt 1/3)
2026-02-21T02:40:02.630Z [svc-media-4] processed batch of 422 items
2026-02-21T02:40:02.631Z [svc-queue-1] warning: slow query took 617ms
2026-02-21T02:40:02.634Z [pytest-xdist] gw3 test_queue.py::test_create_template PASSED in 181ms trace=39606f4d-c58f-62e4-cdf8-df38a577a156
2026-02-21T02:40:02.634Z [svc-queue-3] health check ok
2026-02-21T02:40:02.636Z [svc-db-3] retrying connection to vault (attempt 2/3)
2026-02-21T02:40:02.639Z [svc-db-3] connected to upstream in 67ms
2026-02-21T02:40:02.640Z [svc-gateway-3] processed batch of 151 items
2026-02-21T02:40:02.643Z [svc-notify-3] closed idle connection after 75s
2026-02-21T02:40:02.643Z [svc-queue-1] gc pause 45ms, heap 995MB
2026-02-21T02:40:02.644Z [svc-db-0] warning: slow query took 254ms
2026-02-21T02:40:02.644Z [svc-db-3] gc pause 38ms, heap 540MB
2026-02-21T02:40:02.648Z [svc-auth-2] connected to upstream in 53ms
2026-02-21T02:40:02.649Z [svc-billing-2] retrying connection to s3 (attempt 1/3)
2026-02-21T02:40:02.651Z [svc-db-2] cache hit rate 92%
2026-02-21T02:40:02.653Z [pytest-xdist] gw3 test_search.py::test_expire_webhook PASSED in 59ms trace=91e74907-faa1-685a-017c-2b0c7a084dc8
2026-02-21T02:40:02.653Z [svc-notify-3] processed batch of 401 items
2026-02-21T02:40:02.653Z [svc-notify-4] health check ok
2026-02-21T02:40:02.654Z [svc-gateway-0] closed idle connection after 215s
2026-02-21T02:40:02.654Z [svc-gateway-1] cache hit rate 85%
2026-02-21T02:40:02.656Z [pytest-xdist] gw4 test_sched.py::test_validate_refund PASSED in 187ms trace=4ddffe43-8a9c-a3f5-ea3d-8340a0bf99dc
2026-02-21T02:40:02.661Z [svc-auth-4] closed idle connection after 137s
2026-02-21T02:40:02.661Z [svc-search-1] closed idle connection after 125s
2026-02-21T02:40:02.661Z [svc-sched-0] processed batch of 290 items
2026-02-21T02:40:02.663Z [svc-cache-2] retrying connection to redis (attempt 1/3)
2026-02-21T02:40:02.663Z [svc-queue-1] gc pause 35ms, heap 284MB
2026-02-21T02:40:02.664Z [svc-cache-0] cache hit rate 88%
2026-02-21T02:40:02.665Z [svc-search-1] closed idle connection after 241s
2026-02-21T02:40:02.666Z [svc-notify-1] connected to upstream in 57ms
2026-02-21T02:40:02.666Z [svc-notify-4] processed batch of 303 items
2026-02-21T02:40:02.666Z [svc-gateway-4] warning: slow query took 444ms
2026-02-21T02:40:02.667Z [svc-search-0] connected to upstream in 26ms
2026-02-21T02:40:02.667Z [svc-search-0] cache hit rate 85%
2026-02-21T02:40:02.669Z [svc-media-0] retrying connection to vault (attempt 2/3)
2026-02-21T02:40:02.670Z [pytest-xdist] gw0 test_webhooks.py::test_render_template PASSED in 4ms trace=f060df76-2cae-cb6e-6553-537fd9a9d24d
2026-02-21T02:40:02.670Z [svc-search-1] gc pause 92ms, heap 276MB
2026-02-21T02:40:02.671Z [svc-media-3] health check ok
2026-02-21T02:40:02.671Z [svc-queue-3] processed batch of 386 items
2026-02-21T02:40:02.672Z [svc-notify-4] cache hit rate 85%
2026-02-21T02:40:02.672Z [svc-media-3] warning: slow query took 1140ms
2026-02-21T02:40:02.676Z [svc-queue-1] processed batch of 468 items
2026-02-21T02:40:02.678Z [svc-db-2] retrying connection to elasticsearch (attempt 1/3)
2026-02-21T02:40:02.679Z [svc-media-2] closed idle connection after 86s
2026-02-21T02:40:02.679Z [svc-queue-0] warning: slow query took 2021ms
2026-02-21T02:40:02.681Z [svc-billing-2] health check ok
2026-02-21T02:40:02.687Z [svc-auth-0] retrying connection to elasticsearch (attempt 1/3)
2026-02-21T02:40:02.688Z [pytest-xdist] gw1 test_auth.py::test_render_webhook PASSED in 202ms trace=89a56c3b-443b-c808-919b-35fea2bc16ba
2026-02-21T02:40:02.689Z [svc-cache-2] gc pause 51ms, heap 904MB
2026-02-21T02:40:02.689Z [svc-queue-3] cache hit rate 95%
2026-02-21T02:40:02.691Z [svc-db-0] cache hit rate 88%
2026-02-21T02:40:02.691Z [svc-queue-2] connected to upstream in 78ms
2026-02-21T02:40:02.692Z [svc-billing-4] gc pause 16ms, heap 249MB
2026-02-21T02:40:02.692Z [svc-sched-1] cache hit rate 90%
2026-02-21T02:40:02.697Z [svc-billing-1] connected to upstream in 45ms
2026-02-21T02:40:02.698Z [svc-auth-1] gc pause 11ms, heap 744MB
2026-02-21T02:40:02.698Z [svc-db-3] connected to upstream in 17ms
2026-02-21T02:40:02.699Z [svc-sched-1] connected to upstream in 26ms
2026-02-21T02:40:02.703Z [svc-search-4] retrying connection to elasticsearch (attempt 3/3)
2026-02-21T02:40:02.704Z [pytest-xdist] gw2 test_gateway.py::test_create_refund PASSED in 14ms trace=303bb6d8-79b3-f9d7-21af-ac894ebae77f
2026-02-21T02:40:02.711Z [svc-queue-2] closed idle connection after 316s
2026-02-21T02:40:02.712Z [svc-db-0] cache hit rate 95%
2026-02-21T02:40:02.712Z [svc-media-1] warning: slow query took 1861ms
2026-02-21T02:40:02.713Z [svc-notify-3] gc pause 8ms, heap 574MB
2026-02-21T02:40:02.716Z [pytest-xdist] gw0 test_queue.py::test_retry_refund PASSED in 205ms trace=ba268b16-3932-8e43-a97b-d6a572fab591
2026-02-21T02:40:02.716Z [svc-db-2] connected to upstream in 70ms
2026-02-21T02:40:02.718Z [svc-db-1] warning: slow query took 1394ms
2026-02-21T02:40:02.720Z [svc-gateway-2] cache hit rate 92%
2026-02-21T02:40:02.721Z [svc-cache-3] processed batch of 57 items
2026-02-21T02:40:02.724Z [pytest-xdist] gw0 test_payments.py::test_sync_region PASSED in 178ms trace=1905123e-1270-3133-e76e-a588e597db19
2026-02-21T02:40:02.724Z [svc-cache-0] health check ok
2026-02-21T02:40:02.725Z [svc-gateway-4] health check ok
2026-02-21T02:40:02.729Z [svc-billing-1] retrying connection to kafka (attempt 2/3)
2026-02-21T02:40:02.730Z [svc-db-0] connected to upstream in 35ms
2026-02-21T02:40:02.731Z [svc-search-3] retrying connection to s3 (attempt 2/3)
2026-02-21T02:40:02.732Z [svc-auth-3] health check ok
2026-02-21T02:40:02.733Z [svc-gateway-4] gc pause 101ms, heap 858MB
2026-02-21T02:40:02.734Z [svc-search-3] health check ok
2026-02-21T02:40:02.735Z [svc-cache-4] closed idle connection after 117s
2026-02-21T02:40:02.735Z [svc-sched-3] connected to upstream in 21ms
2026-02-21T02:40:02.738Z [svc-queue-4] retrying connection to s3 (attempt 1/3)
2026-02-21T02:40:02.741Z [svc-search-0] warning: slow query took 673ms
2026-02-21T02:40:02.742Z [svc-auth-2] connected to upstream in 59ms
2026-02-21T02:40:02.745Z [svc-media-3] cache hit rate 90%
2026-02-21T02:40:02.745Z [svc-queue-2] retrying connection to redis (attempt 1/3)
2026-02-21T02:40:02.746Z [pytest-xdist] gw5 test_auth.py::test_create_refund PASSED in 88ms trace=0330d715-d591-29c1-4d3b-85b59e209577
2026-02-21T02:40:02.748Z [svc-auth-3] processed batch of 102 items
2026-02-21T02:40:02.748Z [svc-billing-0] health check ok
2026-02-21T02:40:02.748Z [svc-queue-1] retrying connection to postgres (attempt 1/3)
2026-02-21T02:40:02.750Z [svc-cache-2] warning: slow query took 1319ms
2026-02-21T02:40:02.750Z [svc-queue-4] retrying connection to s3 (attempt 2/3)
2026-02-21T02:40:02.754Z [svc-sched-2] closed idle connection after 187s
2026-02-21T02:40:02.755Z [pytest-xdist] gw1 test_orders.py::test_delete_region PASSED in 131ms trace=ca5281f1-f888-abec-5f3f-5de27d7533ae
2026-02-21T02:40:02.755Z [svc-notify-2] cache hit rate 88%
2026-02-21T02:40:02.759Z [svc-cache-1] cache hit rate 92%
2026-02-21T02:40:02.763Z [svc-cache-0] processed batch of 353 items
2026-02-21T02:40:02.763Z [svc-cache-0] retrying connection to vault (attempt 1/3)
2026-02-21T02:40:02.767Z [pytest-xdist] gw4 test_media.py::test_parse_template PASSED in 30ms trace=bd9e90c9-97cb-a891-d503-76df7433befc
2026-02-21T02:40:02.768Z [svc-search-3] gc pause 47ms, heap 531MB
2026-02-21T02:40:02.770Z [svc-cache-1] cache hit rate 88%
2026-02-21T02:40:02.772Z [svc-gateway-2] processed batch of 498 items
2026-02-21T02:40:02.774Z [svc-cache-1] retrying connection to postgres (attempt 1/3)
2026-02-21T02:40:02.776Z [svc-billing-1] warning: slow query took 1646ms
2026-02-21T02:40:02.777Z [svc-media-1] gc pause 38ms, heap 817MB
2026-02-21T02:40:02.778Z [svc-gateway-0] processed batch of 339 items
2026-02-21T02:40:02.778Z [svc-queue-0] cache hit rate 95%
2026-02-21T02:40:02.779Z [svc-db-3] cache hit rate 95%
2026-02-21T02:40:02.782Z [pytest-xdist] gw0 test_sched.py::test_render_index PASSED in 54ms trace=1d5fc7a3-6aaa-17aa-2507-076e777aa265
2026-02-21T02:40:02.784Z [svc-auth-4] cache hit rate 92%
2026-02-21T02:40:02.789Z [svc-sched-0] warning: slow query took 2093ms
2026-02-21T02:40:02.790Z [svc-db-3] closed idle connection after 238s
2026-02-21T02:40:02.791Z [svc-cache-4] retrying connection to s3 (attempt 2/3)
2026-02-21T02:40:02.792Z [svc-cache-0] closed idle connection after 284s
2026-02-21T02:40:02.794Z [svc-billing-3] health check ok
2026-02-21T02:40:02.794Z [svc-gateway-1] closed idle connection after 207s
2026-02-21T02:40:02.795Z [svc-cache-1] gc pause 11ms, heap 812MB
2026-02-21T02:40:02.795Z [svc-search-1] health check ok
2026-02-21T02:40:02.796Z [svc-cache-0] gc pause 73ms, heap 997MB
2026-02-21T02:40:02.796Z [svc-db-1] cache hit rate 92%
2026-02-21T02:40:02.797Z [svc-db-3] health check ok
2026-02-21T02:40:02.798Z [svc-auth-1] warning: slow query took 1162ms
2026-02-21T02:40:02.798Z [svc-search-4] gc pause 48ms, heap 731MB
2026-02-21T02:40:02.799Z [svc-db-3] retrying connection to vault (attempt 2/3)
2026-02-21T02:40:02.800Z [svc-billing-3] closed idle connection after 127s
2026-02-21T02:40:02.802Z [pytest-xdist] gw1 test_orders.py::test_reconcile_query PASSED in 2ms trace=832db087-c1a2-9309-6737-8a49670ce65f
2026-02-21T02:40:02.805Z [svc-sched-1] health check ok
2026-02-21T02:40:02.805Z [svc-sched-4] gc pause 74ms, heap 409MB
2026-02-21T02:40:02.807Z [svc-billing-1] processed batch of 147 items
2026-02-21T02:40:02.807Z [svc-search-2] health check ok
2026-02-21T02:40:02.807Z [svc-queue-2] cache hit rate 95%
2026-02-21T02:40:02.808Z [svc-cache-2] health check ok
2026-02-21T02:40:02.811Z [svc-gateway-4] warning: slow query took 921ms
2026-02-21T02:40:02.812Z [svc-billing-0] connected to upstream in 6ms
2026-02-21T02:40:02.812Z [svc-gateway-0] warning: slow query took 1917ms
2026-02-21T02:40:02.814Z [svc-auth-3] processed batch of 65 items
2026-02-21T02:40:02.815Z [svc-db-3] gc pause 121ms, heap 488MB
2026-02-21T02:40:02.816Z [svc-search-1] gc pause 52ms, heap 684MB
2026-02-21T02:40:02.817Z [svc-queue-0] retrying connection to vault (attempt 3/3)
2026-02-21T02:40:02.817Z [svc-sched-0] connected to upstream in 69ms
2026-02-21T02:40:02.820Z [svc-queue-3] gc pause 38ms, heap 674MB
2026-02-21T02:40:02.821Z [svc-billing-0] connected to upstream in 46ms
2026-02-21T02:40:02.823Z [pytest-xdist] gw2 test_auth.py::test_list_session PASSED in 45ms trace=88a1af3e-8e92-6a0e-d3dd-3e68443a4cc0
2026-02-21T02:40:02.824Z [svc-search-0] processed batch of 189 items
2026-02-21T02:40:02.824Z [svc-search-1] health check ok
2026-02-21T02:40:02.825Z [svc-db-0] cache hit rate 95%
2026-02-21T02:40:02.825Z [svc-search-1] health check ok
2026-02-21T02:40:02.826Z [pytest-xdist] gw1 test_notify.py::test_update_webhook PASSED in 244ms trace=0e4738ce-14fb-a289-7d60-e06dd0fdbf7e
2026-02-21T02:40:02.826Z [svc-gateway-4] connected to upstream in 33ms
2026-02-21T02:40:02.828Z [svc-media-0] warning: slow query took 1226ms
2026-02-21T02:40:02.831Z [svc-search-2] processed batch of 190 items
2026-02-21T02:40:02.831Z [svc-sched-0] processed batch of 451 items
2026-02-21T02:40:02.835Z [svc-auth-1] closed idle connection after 249s
2026-02-21T02:40:02.835Z [svc-notify-1] processed batch of 300 items
2026-02-21T02:40:02.837Z [svc-gateway-1] cache hit rate 88%
2026-02-21T02:40:02.842Z [svc-gateway-4] closed idle connection after 258s
2026-02-21T02:40:02.848Z [pytest-xdist] gw1 test_orders.py::test_authorize_query PASSED in 52ms trace=c9f9db66-9c32-36dc-5898-c51af4d8a732
2026-02-21T02:40:02.849Z [svc-sched-4] gc pause 117ms, heap 514MB
2026-02-21T02:40:02.853Z [svc-billing-3] closed idle connection after 58s
2026-02-21T02:40:02.860Z [svc-queue-0] closed idle connection after 302s
2026-02-21T02:40:02.861Z [svc-cache-0] closed idle connection after 254s
2026-02-21T02:40:02.862Z [pytest-xdist] gw1 test_queue.py::test_sync_refund PASSED in 168ms trace=c630afb7-37a5-60d6-35fd-6c24fae2c5be
2026-02-21T02:40:02.862Z [svc-sched-3] cache hit rate 90%
2026-02-21T02:40:02.863Z [svc-media-1] gc pause 82ms, heap 812MB
2026-02-21T02:40:02.867Z [svc-cache-3] connected to upstream in 40ms
2026-02-21T02:40:02.867Z [svc-gateway-2] connected to upstream in 12ms
2026-02-21T02:40:02.870Z [svc-billing-1] warning: slow query took 2152ms
2026-02-21T02:40:02.871Z [svc-billing-1] processed batch of 68 items
2026-02-21T02:40:02.872Z [svc-auth-2] closed idle connection after 134s
2026-02-21T02:40:02.872Z [svc-search-2] gc pause 63ms, heap 377MB
2026-02-21T02:40:02.876Z [pytest-xdist] gw5 test_gateway.py::test_expire_attachment PASSED in 245ms trace=c65f230c-5de0-1450-4318-963440fa0762
2026-02-21T02:40:02.876Z [svc-gateway-4] connected to upstream in 57ms
2026-02-21T02:40:02.880Z [svc-search-3] processed batch of 273 items
2026-02-21T02:40:02.883Z [svc-billing-4] warning: slow query took 1314ms
2026-02-21T02:40:02.887Z [pytest-xdist] gw0 test_gateway.py::test_list_webhook SKIPPED (reason: not-implemented-here)
2026-02-21T02:40:02.888Z [svc-queue-0] connected to upstream in 40ms
2026-02-21T02:40:02.890Z [svc-auth-2] gc pause 118ms, heap 314MB
2026-02-21T02:40:02.890Z [svc-cache-2] cache hit rate 88%
2026-02-21T02:40:02.892Z [svc-db-3] gc pause 105ms, heap 199MB
2026-02-21T02:40:02.892Z [svc-sched-3] closed idle connection after 163s
2026-02-21T02:40:02.894Z [svc-media-4] cache hit rate 95%
2026-02-21T02:40:02.896Z [pytest-xdist] gw0 test_orders.py::test_expire_index PASSED in 247ms trace=29effab5-593b-c973-ae50-592962a6c2c0
2026-02-21T02:40:02.898Z [svc-cache-2] retrying connection to redis (attempt 2/3)
2026-02-21T02:40:02.898Z [svc-media-1] health check ok
2026-02-21T02:40:02.898Z [svc-queue-4] warning: slow query took 1073ms
2026-02-21T02:40:02.900Z [svc-billing-4] connected to upstream in 21ms
2026-02-21T02:40:02.903Z [svc-db-0] warning: slow query took 403ms
2026-02-21T02:40:02.903Z [svc-queue-1] warning: slow query took 514ms
2026-02-21T02:40:02.905Z [svc-db-3] connected to upstream in 20ms
2026-02-21T02:40:02.905Z [svc-queue-2] cache hit rate 85%
2026-02-21T02:40:02.909Z [svc-billing-0] warning: slow query took 962ms
2026-02-21T02:40:02.910Z [pytest-xdist] gw4 test_search.py::test_reconcile_subscription PASSED in 168ms trace=08d774c1-4e33-ab08-865b-5421ec2147b8
2026-02-21T02:40:02.910Z [svc-search-0] cache hit rate 85%
2026-02-21T02:40:02.912Z [svc-billing-2] health check ok
2026-02-21T02:40:02.913Z [svc-search-3] warning: slow query took 1808ms
2026-02-21T02:40:02.913Z [svc-media-2] cache hit rate 85%
2026-02-21T02:40:02.914Z [pytest-xdist] gw5 test_orders.py::test_notify_attachment PASSED in 61ms trace=7333ff04-d791-f2dc-95a2-a74d814c842b
2026-02-21T02:40:02.914Z [svc-auth-0] processed batch of 484 items
2026-02-21T02:40:02.914Z [svc-cache-1] retrying connection to postgres (attempt 3/3)
2026-02-21T02:40:02.914Z [svc-db-2] warning: slow query took 1479ms
2026-02-21T02:40:02.914Z [svc-notify-0] closed idle connection after 155s
2026-02-21T02:40:02.914Z [svc-media-1] warning: slow query took 2157ms
2026-02-21T02:40:02.917Z [svc-auth-4] health check ok
2026-02-21T02:40:02.917Z [svc-search-2] processed batch of 383 items
2026-02-21T02:40:02.918Z [pytest-xdist] gw1 test_notify.py::test_retry_quota PASSED in 226ms trace=252074b4-c4cb-f40a-5716-aa76b86c4030
2026-02-21T02:40:02.921Z [svc-sched-2] health check ok
2026-02-21T02:40:02.922Z [svc-cache-0] warning: slow query took 1499ms
2026-02-21T02:40:02.922Z [svc-notify-4] health check ok
2026-02-21T02:40:02.923Z [svc-gateway-2] health check ok
2026-02-21T02:40:02.928Z [pytest-xdist] gw4 test_import.py::test_cache_subscription PASSED in 155ms trace=4c758a83-7e11-375f-ad63-ea8374dde612
2026-02-21T02:40:02.931Z [svc-cache-1] processed batch of 365 items
2026-02-21T02:40:02.933Z [pytest-xdist] gw0 test_queue.py::test_update_subscription PASSED in 116ms trace=cd1477e1-d615-7676-2b25-d9d243b6c503
2026-02-21T02:40:02.933Z [svc-media-3] cache hit rate 92%
2026-02-21T02:40:02.938Z [pytest-xdist] gw2 test_auth.py::test_cache_template PASSED in 181ms trace=729087ad-d4e8-a1dd-5d88-c3019980d7a5
2026-02-21T02:40:02.938Z [svc-cache-2] cache hit rate 90%
2026-02-21T02:40:02.938Z [svc-billing-3] processed batch of 324 items
2026-02-21T02:40:02.938Z [svc-queue-1] warning: slow query took 1307ms
2026-02-21T02:40:02.939Z [svc-auth-2] connected to upstream in 30ms
2026-02-21T02:40:02.939Z [svc-auth-4] health check ok
2026-02-21T02:40:02.944Z [svc-db-3] closed idle connection after 232s
2026-02-21T02:40:02.945Z [svc-billing-0] health check ok
2026-02-21T02:40:02.945Z [svc-sched-2] connected to upstream in 59ms
2026-02-21T02:40:02.946Z [svc-cache-2] health check ok
2026-02-21T02:40:02.949Z [pytest-xdist] gw3 test_billing.py::test_retry_user PASSED in 95ms trace=dce58771-98e5-221a-3a0d-f6d39b13e1eb
2026-02-21T02:40:02.952Z [svc-sched-4] connected to upstream in 40ms
2026-02-21T02:40:02.952Z [svc-sched-4] retrying connection to s3 (attempt 1/3)
2026-02-21T02:40:02.954Z [svc-cache-1] gc pause 18ms, heap 525MB
2026-02-21T02:40:02.956Z [svc-cache-3] connected to upstream in 46ms
2026-02-21T02:40:02.956Z [svc-db-0] gc pause 40ms, heap 727MB
2026-02-21T02:40:02.956Z [svc-queue-1] closed idle connection after 300s
2026-02-21T02:40:02.958Z [svc-gateway-2] connected to upstream in 33ms
2026-02-21T02:40:02.959Z [svc-cache-1] closed idle connection after 150s
2026-02-21T02:40:02.960Z [svc-sched-1] processed batch of 438 items
2026-02-21T02:40:02.962Z [svc-auth-0] health check ok
2026-02-21T02:40:02.964Z [svc-billing-2] health check ok
2026-02-21T02:40:02.965Z [svc-db-1] cache hit rate 88%
2026-02-21T02:40:02.965Z [svc-gateway-4] health check ok
2026-02-21T02:40:02.965Z [svc-queue-3] retrying connection to kafka (attempt 2/3)
2026-02-21T02:40:02.967Z [pytest-xdist] gw5 test_queue.py::test_cache_subscription PASSED in 126ms trace=f78b2234-871d-600b-f2ec-51f5c9a2d24a
2026-02-21T02:40:02.969Z [svc-notify-1] cache hit rate 95%
2026-02-21T02:40:02.969Z [svc-sched-2] gc pause 15ms, heap 754MB
2026-02-21T02:40:02.970Z [svc-gateway-2] closed idle connection after 159s
2026-02-21T02:40:02.973Z [svc-auth-1] retrying connection to vault (attempt 1/3)
2026-02-21T02:40:02.975Z [svc-sched-1] closed idle connection after 281s
2026-02-21T02:40:02.977Z [svc-auth-1] processed batch of 47 items
2026-02-21T02:40:02.977Z [svc-auth-3] gc pause 71ms, heap 763MB
2026-02-21T02:40:02.978Z [svc-gateway-3] connected to upstream in 11ms
2026-02-21T02:40:02.979Z [svc-search-4] processed batch of 465 items
2026-02-21T02:40:02.980Z [pytest-xdist] gw1 test_export.py::test_expire_quota PASSED in 58ms trace=ba6961fc-e237-5799-7c1b-197ff586859f
2026-02-21T02:40:02.980Z [svc-search-0] cache hit rate 95%
2026-02-21T02:40:02.981Z [svc-cache-4] warning: slow query took 274ms
2026-02-21T02:40:02.981Z [svc-search-3] health check ok
2026-02-21T02:40:02.982Z [svc-cache-0] connected to upstream in 63ms
2026-02-21T02:40:02.986Z [svc-notify-0] connected to upstream in 73ms
2026-02-21T02:40:02.987Z [svc-queue-3] warning: slow query took 1227ms
2026-02-21T02:40:02.988Z [svc-cache-3] processed batch of 325 items
2026-02-21T02:40:02.989Z [svc-auth-4] gc pause 33ms, heap 613MB
2026-02-21T02:40:02.989Z [svc-media-3] closed idle connection after 85s
2026-02-21T02:40:02.991Z [svc-db-2] gc pause 6ms, heap 898MB
2026-02-21T02:40:02.991Z [svc-media-0] gc pause 103ms, heap 626MB
2026-02-21T02:40:02.992Z [svc-cache-2] processed batch of 219 items
2026-02-21T02:40:02.992Z [svc-billing-2] connected to upstream in 49ms
2026-02-21T02:40:02.992Z [svc-queue-3] cache hit rate 90%
2026-02-21T02:40:02.993Z [svc-media-2] gc pause 38ms, heap 828MB
2026-02-21T02:40:02.997Z [svc-notify-4] gc pause 90ms, heap 618MB
2026-02-21T02:40:03.000Z [svc-search-2] closed idle connection after 172s
2026-02-21T02:40:03.000Z [svc-queue-2] retrying connection to redis (attempt 1/3)
2026-02-21T02:40:03.002Z [pytest-xdist] gw2 test_export.py::test_validate_index PASSED in 125ms trace=51c1dcca-58f9-4e4f-99ff-6d77395f7527
2026-02-21T02:40:03.002Z [svc-billing-4] warning: slow query took 1085ms
2026-02-21T02:40:03.002Z [svc-sched-0] retrying connection to vault (attempt 2/3)
2026-02-21T02:40:03.003Z [svc-db-2] closed idle connection after 48s
2026-02-21T02:40:03.006Z [svc-billing-2] connected to upstream in 36ms
2026-02-21T02:40:03.007Z [svc-auth-2] retrying connection to postgres (attempt 3/3)
2026-02-21T02:40:03.007Z [svc-billing-4] retrying connection to vault (attempt 3/3)
2026-02-21T02:40:03.008Z [svc-search-0] gc pause 100ms, heap 809MB
2026-02-21T02:40:03.009Z [svc-queue-0] closed idle connection after 133s
2026-02-21T02:40:03.010Z [svc-gateway-3] warning: slow query took 1738ms
2026-02-21T02:40:03.010Z [svc-queue-3] health check ok
2026-02-21T02:40:03.011Z [pytest-xdist] gw0 test_queue.py::test_expire_template PASSED in 243ms trace=dbec4b0b-2fcb-bb72-8437-ae6d65680a83
2026-02-21T02:40:03.012Z [svc-notify-4] warning: slow query took 2078ms
2026-02-21T02:40:03.016Z [svc-auth-0] processed batch of 355 items
2026-02-21T02:40:03.016Z [svc-queue-4] closed idle connection after 38s
2026-02-21T02:40:03.017Z [svc-auth-3] connected to upstream in 57ms
2026-02-21T02:40:03.017Z [svc-db-2] processed batch of 310 items
2026-02-21T02:40:03.017Z [svc-sched-0] closed idle connection after 177s
2026-02-21T02:40:03.018Z [svc-cache-1] cache hit rate 88%
2026-02-21T02:40:03.018Z [svc-billing-2] closed idle connection after 51s
2026-02-21T02:40:03.018Z [svc-queue-3] health check ok
2026-02-21T02:40:03.020Z [svc-gateway-0] gc pause 19ms, heap 798MB
2026-02-21T02:40:03.020Z [svc-gateway-2] warning: slow query took 1238ms
2026-02-21T02:40:03.022Z [svc-notify-3] warning: slow query took 980ms
2026-02-21T02:40:03.022Z [svc-queue-1] retrying connection to postgres (attempt 3/3)
2026-02-21T02:40:03.026Z [svc-search-4] closed idle connection after 165s
2026-02-21T02:40:03.028Z [pytest-xdist] gw2 test_search.py::test_reconcile_webhook PASSED in 95ms trace=7ddf1de6-d275-e55b-ac59-a126fe615a62
2026-02-21T02:40:03.030Z [svc-search-1] connected to upstream in 10ms
2026-02-21T02:40:03.031Z [svc-db-3] processed batch of 497 items
2026-02-21T02:40:03.031Z [svc-notify-3] gc pause 76ms, heap 605MB
2026-02-21T02:40:03.032Z [svc-db-0] connected to upstream in 68ms
2026-02-21T02:40:03.033Z [pytest-xdist] gw4 test_sched.py::test_render_region PASSED in 67ms trace=ecc8a6ec-a0d6-28dc-1843-b24551e20184
2026-02-21T02:40:03.039Z [svc-queue-3] connected to upstream in 61ms
2026-02-21T02:40:03.040Z [svc-auth-3] closed idle connection after 319s
2026-02-21T02:40:03.040Z [svc-media-4] warning: slow query took 786ms
2026-02-21T02:40:03.043Z [svc-sched-3] cache hit rate 85%
2026-02-21T02:40:03.044Z [svc-media-3] connected to upstream in 43ms
2026-02-21T02:40:03.045Z [svc-auth-4] warning: slow query took 1009ms
2026-02-21T02:40:03.048Z [svc-db-2] connected to upstream in 53ms
2026-02-21T02:40:03.048Z [svc-search-3] gc pause 36ms, heap 819MB
2026-02-21T02:40:03.048Z [svc-search-4] gc pause 62ms, heap 840MB
2026-02-21T02:40:03.050Z [pytest-xdist] gw2 test_gateway.py::test_reconcile_refund PASSED in 159ms trace=2013ab86-3182-846e-6e08-1224161aa0e3
2026-02-21T02:40:03.050Z [svc-notify-3] warning: slow query took 2186ms
2026-02-21T02:40:03.052Z [svc-auth-1] connected to upstream in 56ms
2026-02-21T02:40:03.052Z [svc-gateway-4] health check ok
2026-02-21T02:40:03.053Z [pytest-xdist] gw1 test_orders.py::test_delete_invoice PASSED in 140ms trace=2082c690-033b-bc32-992e-a6c09eaa7baf
2026-02-21T02:40:03.053Z [svc-media-4] warning: slow query took 855ms
2026-02-21T02:40:03.054Z [svc-auth-1] closed idle connection after 156s
2026-02-21T02:40:03.056Z [pytest-xdist] gw4 test_import.py::test_delete_region PASSED in 161ms trace=8f0d00a8-1856-2e5e-df90-1750f21baf6e
2026-02-21T02:40:03.056Z [svc-search-2] warning: slow query took 552ms
2026-02-21T02:40:03.057Z [svc-gateway-4] connected to upstream in 61ms
2026-02-21T02:40:03.059Z [svc-db-0] gc pause 92ms, heap 491MB
2026-02-21T02:40:03.059Z [svc-notify-2] processed batch of 451 items
2026-02-21T02:40:03.060Z [svc-gateway-4] closed idle connection after 122s
2026-02-21T02:40:03.062Z [pytest-xdist] gw3 test_export.py::test_authorize_subscription PASSED in 202ms trace=28e5ad07-6e92-b697-3bf0-5cf1630629c9
2026-02-21T02:40:03.062Z [svc-auth-0] connected to upstream in 24ms
2026-02-21T02:40:03.063Z [svc-db-0] gc pause 99ms, heap 386MB
2026-02-21T02:40:03.063Z [svc-search-0] retrying connection to postgres (attempt 1/3)
2026-02-21T02:40:03.065Z [svc-db-1] warning: slow query took 973ms
2026-02-21T02:40:03.066Z [svc-media-0] warning: slow query took 2120ms
2026-02-21T02:40:03.066Z [svc-media-0] closed idle connection after 43s
2026-02-21T02:40:03.069Z [svc-search-1] warning: slow query took 2071ms
2026-02-21T02:40:03.070Z [svc-billing-1] processed batch of 224 items
2026-02-21T02:40:03.071Z [svc-search-4] retrying connection to elasticsearch (attempt 2/3)
2026-02-21T02:40:03.075Z [svc-billing-0] warning: slow query took 1365ms
2026-02-21T02:40:03.076Z [svc-auth-4] retrying connection to kafka (attempt 2/3)
2026-02-21T02:40:03.078Z [svc-media-3] cache hit rate 90%
2026-02-21T02:40:03.079Z [svc-billing-2] closed idle connection after 82s
2026-02-21T02:40:03.080Z [pytest-xdist] gw5 test_queue.py::test_paginate_webhook PASSED in 223ms trace=7dddf46a-2f95-1201-696a-fab8e23b0739
2026-02-21T02:40:03.082Z [svc-queue-0] health check ok
2026-02-21T02:40:03.084Z [svc-media-2] health check ok
2026-02-21T02:40:03.085Z [svc-billing-3] cache hit rate 95%
2026-02-21T02:40:03.088Z [svc-auth-3] closed idle connection after 255s
2026-02-21T02:40:03.088Z [svc-media-2] connected to upstream in 56ms
2026-02-21T02:40:03.089Z [svc-sched-3] cache hit rate 95%
2026-02-21T02:40:03.090Z [svc-search-4] gc pause 53ms, heap 236MB
2026-02-21T02:40:03.091Z [svc-gateway-4] cache hit rate 90%
2026-02-21T02:40:03.091Z [svc-media-3] retrying connection to kafka (attempt 1/3)
2026-02-21T02:40:03.091Z [svc-sched-4] retrying connection to s3 (attempt 3/3)
2026-02-21T02:40:03.101Z [pytest-xdist] gw3 test_export.py::test_sync_shipment PASSED in 118ms trace=d0c92de0-4f60-ca99-5f0d-d658e1cbf612
2026-02-21T02:40:03.102Z [svc-cache-0] retrying connection to vault (attempt 1/3)
2026-02-21T02:40:03.102Z [svc-db-0] connected to upstream in 36ms
2026-02-21T02:40:03.103Z [svc-media-3] closed idle connection after 317s
2026-02-21T02:40:03.104Z [svc-notify-2] warning: slow query took 2099ms
2026-02-21T02:40:03.107Z [svc-gateway-3] processed batch of 117 items
2026-02-21T02:40:03.109Z [svc-auth-1] closed idle connection after 180s
2026-02-21T02:40:03.109Z [svc-notify-0] processed batch of 123 items
2026-02-21T02:40:03.109Z [svc-gateway-2] processed batch of 473 items
2026-02-21T02:40:03.112Z [svc-gateway-4] gc pause 45ms, heap 101MB
2026-02-21T02:40:03.115Z [svc-billing-3] cache hit rate 85%
2026-02-21T02:40:03.116Z [svc-db-4] cache hit rate 92%
2026-02-21T02:40:03.116Z [svc-queue-1] gc pause 68ms, heap 615MB
2026-02-21T02:40:03.117Z [svc-media-1] retrying connection to postgres (attempt 3/3)
2026-02-21T02:40:03.118Z [svc-gateway-0] connected to upstream in 35ms
2026-02-21T02:40:03.119Z [svc-notify-2] processed batch of 15 items
2026-02-21T02:40:03.120Z [pytest-xdist] gw5 test_import.py::test_sync_coupon PASSED in 197ms trace=605f6a81-1954-6a53-d7dc-b898aae114d6
2026-02-21T02:40:03.120Z [svc-notify-3] closed idle connection after 298s
2026-02-21T02:40:03.120Z [svc-media-3] retrying connection to kafka (attempt 2/3)
2026-02-21T02:40:03.125Z [svc-cache-2] cache hit rate 88%
2026-02-21T02:40:03.125Z [svc-media-4] health check ok
2026-02-21T02:40:03.127Z [svc-media-2] gc pause 74ms, heap 580MB
2026-02-21T02:40:03.129Z [pytest-xdist] gw5 test_sched.py::test_cache_subscription PASSED in 27ms trace=fa9ac743-9fa6-0c0f-ee98-d4ef8d255bb8
2026-02-21T02:40:03.129Z [svc-search-3] closed idle connection after 226s
2026-02-21T02:40:03.131Z [svc-queue-1] retrying connection to postgres (attempt 3/3)
2026-02-21T02:40:03.135Z [svc-db-0] health check ok
2026-02-21T02:40:03.135Z [svc-notify-1] cache hit rate 95%
2026-02-21T02:40:03.137Z [svc-auth-0] connected to upstream in 10ms
2026-02-21T02:40:03.138Z [svc-gateway-2] health check ok
2026-02-21T02:40:03.139Z [svc-search-2] connected to upstream in 53ms
2026-02-21T02:40:03.140Z [svc-cache-3] gc pause 53ms, heap 780MB
2026-02-21T02:40:03.141Z [svc-gateway-4] cache hit rate 90%
2026-02-21T02:40:03.142Z [svc-queue-0] closed idle connection after 221s
2026-02-21T02:40:03.143Z [pytest-xdist] gw5 test_import.py::test_parse_region PASSED in 205ms trace=025c796b-e5e1-fae3-eb04-10c04855aeba
2026-02-21T02:40:03.146Z [svc-media-4] retrying connection to s3 (attempt 2/3)
2026-02-21T02:40:03.149Z [svc-db-1] gc pause 67ms, heap 250MB
2026-02-21T02:40:03.153Z [svc-billing-4] closed idle connection after 248s
2026-02-21T02:40:03.154Z [svc-billing-3] retrying connection to elasticsearch (attempt 1/3)
2026-02-21T02:40:03.155Z [svc-auth-1] health check ok
2026-02-21T02:40:03.155Z [svc-media-2] processed batch of 295 items
2026-02-21T02:40:03.156Z [svc-gateway-3] processed batch of 365 items
2026-02-21T02:40:03.158Z [pytest-xdist] gw5 test_billing.py::test_expire_coupon PASSED in 35ms trace=71705b0e-d5f8-3ad8-ae64-95ae30e30fe1
2026-02-21T02:40:03.160Z [svc-search-2] cache hit rate 88%
2026-02-21T02:40:03.161Z [svc-queue-3] closed idle connection after 320s
2026-02-21T02:40:03.163Z [svc-auth-1] closed idle connection after 208s
2026-02-21T02:40:03.163Z [svc-media-2] connected to upstream in 16ms
2026-02-21T02:40:03.163Z [svc-sched-0] health check ok
2026-02-21T02:40:03.165Z [svc-auth-0] processed batch of 26 items
2026-02-21T02:40:03.165Z [svc-auth-0] retrying connection to elasticsearch (attempt 2/3)
2026-02-21T02:40:03.165Z [svc-billing-2] gc pause 120ms, heap 894MB
2026-02-21T02:40:03.167Z [svc-auth-3] warning: slow query took 1634ms
2026-02-21T02:40:03.168Z [svc-notify-4] closed idle connection after 131s
2026-02-21T02:40:03.169Z [svc-cache-1] closed idle connection after 176s
2026-02-21T02:40:03.169Z [svc-notify-4] closed idle connection after 141s
2026-02-21T02:40:03.170Z [svc-billing-1] warning: slow query took 274ms
2026-02-21T02:40:03.170Z [svc-queue-2] gc pause 77ms, heap 164MB
2026-02-21T02:40:03.174Z [svc-cache-0] retrying connection to vault (attempt 1/3)
2026-02-21T02:40:03.177Z [svc-gateway-2] processed batch of 153 items
2026-02-21T02:40:03.178Z [pytest-xdist] gw3 test_gateway.py::test_notify_shipment PASSED in 64ms trace=ac302ed7-fe32-37c8-aa1d-991d49b27dd0
2026-02-21T02:40:03.179Z [svc-billing-3] health check ok
2026-02-21T02:40:03.180Z [svc-auth-2] health check ok
2026-02-21T02:40:03.183Z [svc-queue-2] retrying connection to redis (attempt 1/3)
2026-02-21T02:40:03.184Z [svc-gateway-1] health check ok
2026-02-21T02:40:03.185Z [svc-media-2] gc pause 7ms, heap 877MB
2026-02-21T02:40:03.188Z [svc-auth-4] retrying connection to kafka (attempt 3/3)
2026-02-21T02:40:03.188Z [svc-media-3] gc pause 71ms, heap 968MB
2026-02-21T02:40:03.190Z [pytest-xdist] gw2 test_media.py::test_list_session PASSED in 181ms trace=977b3f5d-7ca5-f1f5-0101-13f49e75081f
2026-02-21T02:40:03.190Z [svc-db-1] health check ok
2026-02-21T02:40:03.190Z [svc-billing-1] warning: slow query took 1984ms
2026-02-21T02:40:03.191Z [svc-gateway-2] cache hit rate 92%
2026-02-21T02:40:03.192Z [svc-cache-4] connected to upstream in 26ms
2026-02-21T02:40:03.192Z [svc-queue-4] cache hit rate 90%
2026-02-21T02:40:03.193Z [svc-db-0] warning: slow query took 628ms
2026-02-21T02:40:03.193Z [svc-db-1] cache hit rate 92%
2026-02-21T02:40:03.193Z [svc-gateway-0] processed batch of 468 items
2026-02-21T02:40:03.194Z [svc-cache-0] cache hit rate 85%
2026-02-21T02:40:03.195Z [svc-sched-2] health check ok
2026-02-21T02:40:03.196Z [pytest-xdist] gw1 test_import.py::test_notify_coupon PASSED in 122ms trace=169a3de4-90f6-3ab7-42b1-dccc3a369507
2026-02-21T02:40:03.196Z [svc-search-3] retrying connection to s3 (attempt 2/3)
2026-02-21T02:40:03.197Z [svc-search-4] connected to upstream in 29ms
2026-02-21T02:40:03.197Z [svc-sched-3] retrying connection to kafka (attempt 1/3)
2026-02-21T02:40:03.199Z [svc-search-2] gc pause 23ms, heap 737MB
2026-02-21T02:40:03.199Z [svc-sched-2] closed idle connection after 113s
2026-02-21T02:40:03.199Z [svc-sched-4] connected to upstream in 68ms
2026-02-21T02:40:03.203Z [svc-billing-3] closed idle connection after 229s
2026-02-21T02:40:03.204Z [svc-queue-1] processed batch of 118 items
2026-02-21T02:40:03.206Z [pytest-xdist] gw4 test_users.py::test_list_session PASSED in 57ms trace=88d85bcd-4c3f-2f0d-bddc-bda27f5796f8
2026-02-21T02:40:03.206Z [svc-billing-1] health check ok
2026-02-21T02:40:03.206Z [svc-search-4] warning: slow query took 1034ms
2026-02-21T02:40:03.211Z [svc-auth-4] processed batch of 77 items
2026-02-21T02:40:03.214Z [svc-db-0] gc pause 70ms, heap 167MB
2026-02-21T02:40:03.214Z [svc-db-2] gc pause 63ms, heap 246MB
2026-02-21T02:40:03.216Z [svc-cache-4] gc pause 98ms, heap 335MB
2026-02-21T02:40:03.218Z [svc-db-0] closed idle connection after 324s
2026-02-21T02:40:03.218Z [svc-sched-2] warning: slow query took 1007ms
2026-02-21T02:40:03.219Z [svc-db-2] health check ok
2026-02-21T02:40:03.219Z [svc-queue-1] connected to upstream in 19ms
2026-02-21T02:40:03.220Z [svc-db-4] cache hit rate 95%
2026-02-21T02:40:03.221Z [svc-cache-2] cache hit rate 92%
2026-02-21T02:40:03.222Z [svc-gateway-2] processed batch of 477 items
2026-02-21T02:40:03.223Z [svc-cache-0] closed idle connection after 158s
2026-02-21T02:40:03.226Z [svc-gateway-4] retrying connection to vault (attempt 2/3)
2026-02-21T02:40:03.228Z [pytest-xdist] gw0 test_reports.py::test_render_query PASSED in 120ms trace=c402d7d2-078e-a024-7dcd-fcd09596d71a
2026-02-21T02:40:03.232Z [svc-db-1] gc pause 110ms, heap 227MB
2026-02-21T02:40:03.233Z [pytest-xdist] gw5 test_media.py::test_authorize_invoice PASSED in 29ms trace=5c8fdc88-b662-8dff-6751-9bf0b140db35
2026-02-21T02:40:03.234Z [svc-billing-1] retrying connection to kafka (attempt 3/3)
2026-02-21T02:40:03.234Z [svc-gateway-0] processed batch of 324 items
2026-02-21T02:40:03.237Z [svc-search-2] health check ok
2026-02-21T02:40:03.239Z [svc-gateway-0] gc pause 11ms, heap 333MB
2026-02-21T02:40:03.240Z [svc-cache-2] gc pause 106ms, heap 877MB
2026-02-21T02:40:03.240Z [svc-queue-2] connected to upstream in 44ms
2026-02-21T02:40:03.243Z [svc-cache-4] health check ok
2026-02-21T02:40:03.243Z [svc-gateway-3] connected to upstream in 50ms
2026-02-21T02:40:03.244Z [svc-gateway-0] health check ok
2026-02-21T02:40:03.244Z [svc-media-4] gc pause 61ms, heap 508MB
2026-02-21T02:40:03.244Z [svc-sched-1] health check ok
2026-02-21T02:40:03.245Z [svc-cache-4] cache hit rate 88%
2026-02-21T02:40:03.246Z [svc-cache-4] warning: slow query took 213ms
2026-02-21T02:40:03.248Z [svc-sched-0] cache hit rate 95%
2026-02-21T02:40:03.249Z [pytest-xdist] gw0 test_gateway.py::test_list_template PASSED in 46ms trace=e3fa1089-0cb0-237a-c473-89cf6fc48988
2026-02-21T02:40:03.249Z [svc-cache-2] health check ok
2026-02-21T02:40:03.250Z [svc-auth-2] cache hit rate 90%
2026-02-21T02:40:03.251Z [svc-auth-2] cache hit rate 85%
2026-02-21T02:40:03.252Z [svc-billing-3] warning: slow query took 998ms
2026-02-21T02:40:03.254Z [svc-search-3] closed idle connection after 218s
2026-02-21T02:40:03.255Z [svc-queue-2] closed idle connection after 41s
2026-02-21T02:40:03.256Z [svc-sched-1] connected to upstream in 72ms
2026-02-21T02:40:03.257Z [svc-db-1] connected to upstream in 63ms
2026-02-21T02:40:03.258Z [svc-cache-2] warning: slow query took 359ms
2026-02-21T02:40:03.258Z [svc-notify-3] connected to upstream in 26ms
2026-02-21T02:40:03.258Z [svc-sched-4] connected to upstream in 60ms
2026-02-21T02:40:03.260Z [svc-cache-1] closed idle connection after 117s
2026-02-21T02:40:03.260Z [svc-billing-1] connected to upstream in 36ms
2026-02-21T02:40:03.263Z [pytest-xdist] gw5 test_webhooks.py::test_notify_session PASSED in 16ms trace=805fd336-e96b-6f7a-5ab3-3c1a804c5eda
2026-02-21T02:40:03.264Z [svc-search-3] cache hit rate 90%
2026-02-21T02:40:03.265Z [svc-sched-2] warning: slow query took 1342ms
2026-02-21T02:40:03.268Z [svc-gateway-4] cache hit rate 85%
2026-02-21T02:40:03.270Z [svc-billing-4] gc pause 65ms, heap 127MB
2026-02-21T02:40:03.271Z [svc-db-1] processed batch of 119 items
2026-02-21T02:40:03.271Z [svc-media-4] processed batch of 486 items
2026-02-21T02:40:03.275Z [pytest-xdist] gw1 test_search.py::test_validate_user PASSED in 71ms trace=f51d3272-1d88-8e86-0ea6-404f203b942e
2026-02-21T02:40:03.275Z [svc-cache-2] cache hit rate 92%
2026-02-21T02:40:03.278Z [svc-search-4] cache hit rate 92%
2026-02-21T02:40:03.278Z [svc-sched-0] gc pause 81ms, heap 233MB
2026-02-21T02:40:03.279Z [svc-notify-3] cache hit rate 92%
2026-02-21T02:40:03.280Z [svc-sched-4] warning: slow query took 366ms
2026-02-21T02:40:03.281Z [svc-cache-4] connected to upstream in 35ms
2026-02-21T02:40:03.282Z [svc-queue-4] closed idle connection after 149s
2026-02-21T02:40:03.284Z [svc-sched-1] cache hit rate 95%
2026-02-21T02:40:03.286Z [svc-db-2] gc pause 96ms, heap 779MB
2026-02-21T02:40:03.286Z [svc-search-3] warning: slow query took 912ms
2026-02-21T02:40:03.288Z [svc-billing-0] health check ok
2026-02-21T02:40:03.288Z [svc-search-3] cache hit rate 90%
2026-02-21T02:40:03.291Z [svc-notify-3] retrying connection to s3 (attempt 1/3)
2026-02-21T02:40:03.291Z [svc-sched-4] cache hit rate 90%
2026-02-21T02:40:03.292Z [svc-db-2] warning: slow query took 1459ms
2026-02-21T02:40:03.292Z [svc-queue-3] gc pause 16ms, heap 423MB
2026-02-21T02:40:03.295Z [svc-gateway-3] gc pause 66ms, heap 506MB
2026-02-21T02:40:03.295Z [svc-queue-4] closed idle connection after 302s
2026-02-21T02:40:03.297Z [pytest-xdist] gw4 test_webhooks.py::test_update_region PASSED in 249ms trace=183ab01d-ab41-d780-e40c-f7c215535fe5
2026-02-21T02:40:03.297Z [svc-search-3] health check ok
2026-02-21T02:40:03.298Z [svc-gateway-0] closed idle connection after 201s
2026-02-21T02:40:03.302Z [svc-cache-3] warning: slow query took 672ms
2026-02-21T02:40:03.302Z [svc-media-1] gc pause 16ms, heap 751MB
2026-02-21T02:40:03.304Z [pytest-xdist] gw4 test_users.py::test_render_user PASSED in 56ms trace=15934b7c-771d-7886-1387-ba7eb26cadbb
2026-02-21T02:40:03.305Z [svc-billing-1] warning: slow query took 1760ms
2026-02-21T02:40:03.306Z [svc-queue-3] processed batch of 80 items
2026-02-21T02:40:03.307Z [svc-auth-4] connected to upstream in 38ms
2026-02-21T02:40:03.307Z [svc-cache-2] gc pause 13ms, heap 991MB
2026-02-21T02:40:03.307Z [svc-notify-2] retrying connection to kafka (attempt 1/3)
2026-02-21T02:40:03.308Z [svc-billing-2] closed idle connection after 179s
2026-02-21T02:40:03.310Z [svc-auth-2] retrying connection to postgres (attempt 2/3)
2026-02-21T02:40:03.310Z [svc-sched-3] processed batch of 35 items
2026-02-21T02:40:03.311Z [pytest-xdist] gw3 test_import.py::test_parse_webhook SKIPPED (reason: requires-network)
2026-02-21T02:40:03.311Z [svc-search-4] retrying connection to elasticsearch (attempt 2/3)
2026-02-21T02:40:03.311Z [svc-gateway-1] closed idle connection after 116s
2026-02-21T02:40:03.312Z [svc-queue-3] connected to upstream in 37ms
2026-02-21T02:40:03.313Z [svc-notify-0] processed batch of 232 items
2026-02-21T02:40:03.318Z [svc-search-0] health check ok
2026-02-21T02:40:03.318Z [svc-notify-3] closed idle connection after 31s
2026-02-21T02:40:03.319Z [svc-billing-2] processed batch of 366 items
2026-02-21T02:40:03.322Z [svc-search-4] cache hit rate 95%
2026-02-21T02:40:03.323Z [svc-auth-0] processed batch of 415 items
2026-02-21T02:40:03.325Z [svc-cache-2] gc pause 66ms, heap 711MB
2026-02-21T02:40:03.325Z [svc-notify-0] gc pause 56ms, heap 846MB
2026-02-21T02:40:03.326Z [pytest-xdist] gw2 test_orders.py::test_render_token PASSED in 43ms trace=3526d603-9404-a3b4-ec0a-ccccd4ff0313
2026-02-21T02:40:03.326Z [svc-media-0] gc pause 116ms, heap 155MB
2026-02-21T02:40:03.328Z [svc-media-1] retrying connection to postgres (attempt 2/3)
2026-02-21T02:40:03.329Z [svc-media-1] health check ok
2026-02-21T02:40:03.329Z [svc-sched-3] processed batch of 115 items
2026-02-21T02:40:03.332Z [svc-cache-3] processed batch of 446 items
2026-02-21T02:40:03.332Z [svc-db-1] cache hit rate 92%
2026-02-21T02:40:03.334Z [pytest-xdist] gw4 test_sched.py::test_validate_attachment PASSED in 45ms trace=41ae189f-4389-9b98-d3cf-608eebbc34ab
2026-02-21T02:40:03.334Z [svc-search-3] connected to upstream in 29ms
2026-02-21T02:40:03.335Z [svc-cache-3] closed idle connection after 258s
2026-02-21T02:40:03.335Z [svc-media-1] warning: slow query took 236ms
2026-02-21T02:40:03.335Z [svc-sched-0] processed batch of 304 items
2026-02-21T02:40:03.336Z [svc-media-1] health check ok
2026-02-21T02:40:03.336Z [svc-sched-3] warning: slow query took 1467ms
2026-02-21T02:40:03.338Z [svc-queue-0] gc pause 5ms, heap 490MB
2026-02-21T02:40:03.340Z [svc-notify-4] closed idle connection after 167s
2026-02-21T02:40:03.340Z [svc-media-4] warning: slow query took 2116ms
2026-02-21T02:40:03.342Z [svc-billing-0] gc pause 14ms, heap 979MB
2026-02-21T02:40:03.342Z [svc-gateway-4] gc pause 28ms, heap 840MB
2026-02-21T02:40:03.344Z [svc-queue-0] cache hit rate 85%
2026-02-21T02:40:03.349Z [svc-search-3] warning: slow query took 1817ms
2026-02-21T02:40:03.350Z [pytest-xdist] gw2 test_queue.py::test_retry_invoice PASSED in 111ms trace=169eeeaf-0646-4bf2-96a5-aca5888b674b
2026-02-21T02:40:03.350Z [svc-auth-0] warning: slow query took 1838ms
2026-02-21T02:40:03.351Z [svc-cache-0] closed idle connection after 35s
2026-02-21T02:40:03.351Z [svc-sched-3] warning: slow query took 1132ms
2026-02-21T02:40:03.355Z [svc-gateway-1] warning: slow query took 609ms
2026-02-21T02:40:03.356Z [svc-auth-2] processed batch of 341 items
2026-02-21T02:40:03.356Z [svc-cache-2] processed batch of 176 items
2026-02-21T02:40:03.357Z [svc-sched-0] connected to upstream in 84ms
2026-02-21T02:40:03.358Z [pytest-xdist] gw5 test_reports.py::test_delete_token PASSED in 61ms trace=dea28e4d-3295-b366-913b-763478d384ae
2026-02-21T02:40:03.360Z [svc-media-3] processed batch of 112 items
2026-02-21T02:40:03.361Z [svc-db-4] warning: slow query took 908ms
2026-02-21T02:40:03.363Z [svc-cache-2] connected to upstream in 38ms
2026-02-21T02:40:03.363Z [svc-media-4] processed batch of 157 items
2026-02-21T02:40:03.363Z [svc-queue-3] gc pause 62ms, heap 556MB
2026-02-21T02:40:03.364Z [svc-db-0] cache hit rate 90%
2026-02-21T02:40:03.365Z [svc-db-1] warning: slow query took 1740ms
2026-02-21T02:40:03.366Z [svc-db-4] connected to upstream in 84ms
2026-02-21T02:40:03.367Z [svc-billing-2] retrying connection to s3 (attempt 2/3)
2026-02-21T02:40:03.369Z [svc-gateway-0] processed batch of 436 items
2026-02-21T02:40:03.369Z [svc-queue-1] processed batch of 293 items
2026-02-21T02:40:03.371Z [svc-media-2] closed idle connection after 328s
2026-02-21T02:40:03.372Z [svc-media-3] warning: slow query took 2044ms
2026-02-21T02:40:03.373Z [svc-billing-4] health check ok
2026-02-21T02:40:03.374Z [pytest-xdist] gw1 test_gateway.py::test_parse_subscription PASSED in 208ms trace=da2885c4-076d-dc94-bedf-1e3254f97100
2026-02-21T02:40:03.374Z [svc-auth-4] closed idle connection after 231s
2026-02-21T02:40:03.374Z [svc-gateway-1] health check ok
2026-02-21T02:40:03.374Z [svc-media-0] health check ok
2026-02-21T02:40:03.381Z [svc-gateway-3] cache hit rate 88%
2026-02-21T02:40:03.382Z [svc-gateway-4] warning: slow query took 2005ms
2026-02-21T02:40:03.382Z [svc-media-2] closed idle connection after 36s
2026-02-21T02:40:03.382Z [svc-queue-0] retrying connection to vault (attempt 1/3)
2026-02-21T02:40:03.383Z [svc-cache-4] closed idle connection after 296s
2026-02-21T02:40:03.387Z [svc-search-4] health check ok
2026-02-21T02:40:03.387Z [svc-queue-3] processed batch of 85 items
2026-02-21T02:40:03.389Z [svc-gateway-3] warning: slow query took 1789ms
2026-02-21T02:40:03.390Z [svc-db-3] retrying connection to vault (attempt 2/3)
2026-02-21T02:40:03.391Z [svc-search-3] processed batch of 330 items
2026-02-21T02:40:03.392Z [svc-queue-1] warning: slow query took 1605ms
2026-02-21T02:40:03.392Z [svc-sched-2] closed idle connection after 229s
2026-02-21T02:40:03.393Z [svc-notify-2] cache hit rate 85%
2026-02-21T02:40:03.394Z [pytest-xdist] gw5 test_media.py::test_list_attachment PASSED in 107ms trace=98fc3352-f291-0699-5044-127bd020deb2
2026-02-21T02:40:03.395Z [svc-queue-4] health check ok
2026-02-21T02:40:03.397Z [svc-gateway-2] gc pause 36ms, heap 356MB
2026-02-21T02:40:03.397Z [svc-sched-1] cache hit rate 90%
2026-02-21T02:40:03.398Z [svc-sched-3] warning: slow query took 960ms
2026-02-21T02:40:03.403Z [svc-queue-3] warning: slow query took 1718ms
2026-02-21T02:40:03.407Z [svc-cache-0] closed idle connection after 268s
2026-02-21T02:40:03.410Z [pytest-xdist] gw4 test_search.py::test_expire_index PASSED in 24ms trace=e8865a98-7dfe-f237-593f-1538a006f2fa
2026-02-21T02:40:03.411Z [svc-billing-3] gc pause 83ms, heap 239MB
2026-02-21T02:40:03.412Z [svc-queue-1] cache hit rate 92%
2026-02-21T02:40:03.414Z [svc-db-3] processed batch of 126 items
2026-02-21T02:40:03.414Z [svc-search-2] cache hit rate 88%
2026-02-21T02:40:03.419Z [svc-db-2] processed batch of 429 items
2026-02-21T02:40:03.419Z [svc-billing-4] gc pause 112ms, heap 630MB
2026-02-21T02:40:03.419Z [svc-search-1] cache hit rate 90%
2026-02-21T02:40:03.420Z [svc-auth-0] connected to upstream in 66ms
2026-02-21T02:40:03.420Z [svc-db-1] cache hit rate 95%
2026-02-21T02:40:03.423Z [svc-search-4] closed idle connection after 30s
2026-02-21T02:40:03.425Z [svc-media-1] gc pause 73ms, heap 778MB
2026-02-21T02:40:03.426Z [svc-cache-0] processed batch of 413 items
2026-02-21T02:40:03.426Z [svc-media-3] connected to upstream in 41ms
2026-02-21T02:40:03.427Z [svc-auth-0] health check ok
2026-02-21T02:40:03.431Z [pytest-xdist] gw5 test_payments.py::test_parse_coupon PASSED in 138ms trace=5f6f16bf-65ce-d162-e4d1-cfbe833992b9
2026-02-21T02:40:03.431Z [svc-notify-1] connected to upstream in 8ms
2026-02-21T02:40:03.435Z [svc-media-4] health check ok
2026-02-21T02:40:03.435Z [svc-queue-3] processed batch of 19 items
2026-02-21T02:40:03.437Z [svc-billing-4] warning: slow query took 751ms
2026-02-21T02:40:03.437Z [svc-sched-1] closed idle connection after 227s
2026-02-21T02:40:03.439Z [svc-search-1] processed batch of 336 items
2026-02-21T02:40:03.440Z [svc-cache-2] retrying connection to redis (attempt 3/3)
2026-02-21T02:40:03.440Z [svc-db-2] gc pause 11ms, heap 365MB
2026-02-21T02:40:03.440Z [svc-db-3] processed batch of 421 items
2026-02-21T02:40:03.441Z [svc-billing-3] cache hit rate 95%
2026-02-21T02:40:03.442Z [svc-notify-0] warning: slow query took 1806ms
2026-02-21T02:40:03.443Z [pytest-xdist] gw0 test_import.py::test_authorize_index PASSED in 49ms trace=2523ed10-fe95-7848-a3c6-001754e3eff1
2026-02-21T02:40:03.447Z [svc-billing-2] health check ok
2026-02-21T02:40:03.447Z [svc-sched-1] processed batch of 378 items
2026-02-21T02:40:03.448Z [pytest-xdist] gw2 test_notify.py::test_list_refund PASSED in 46ms trace=31d4e5ec-64ca-e2d7-84fe-022950f554d6
2026-02-21T02:40:03.448Z [svc-notify-2] retrying connection to kafka (attempt 3/3)
2026-02-21T02:40:03.449Z [svc-auth-1] connected to upstream in 10ms
2026-02-21T02:40:03.450Z [svc-cache-3] health check ok
2026-02-21T02:40:03.450Z [svc-search-1] warning: slow query took 417ms
2026-02-21T02:40:03.451Z [svc-db-4] gc pause 114ms, heap 352MB
2026-02-21T02:40:03.452Z [svc-billing-0] warning: slow query took 1740ms
2026-02-21T02:40:03.454Z [svc-search-0] gc pause 88ms, heap 550MB
2026-02-21T02:40:03.455Z [svc-billing-2] closed idle connection after 280s
2026-02-21T02:40:03.456Z [svc-queue-1] closed idle connection after 318s
2026-02-21T02:40:03.457Z [svc-search-0] warning: slow query took 1828ms
2026-02-21T02:40:03.458Z [svc-auth-1] processed batch of 354 items
2026-02-21T02:40:03.458Z [svc-billing-3] health check ok
2026-02-21T02:40:03.459Z [svc-db-4] cache hit rate 95%
2026-02-21T02:40:03.459Z [svc-gateway-3] retrying connection to elasticsearch (attempt 3/3)
2026-02-21T02:40:03.462Z [svc-cache-0] health check ok
2026-02-21T02:40:03.462Z [svc-gateway-3] closed idle connection after 183s
2026-02-21T02:40:03.463Z [svc-cache-0] warning: slow query took 2137ms
2026-02-21T02:40:03.464Z [svc-db-2] connected to upstream in 39ms
2026-02-21T02:40:03.466Z [pytest-xdist] gw2 test_payments.py::test_authorize_subscription PASSED in 128ms trace=cbd9fbf0-edd2-1c03-aed1-6c01ee506a75
2026-02-21T02:40:03.468Z [svc-search-3] connected to upstream in 57ms
2026-02-21T02:40:03.469Z [svc-media-1] warning: slow query took 1316ms
2026-02-21T02:40:03.469Z [svc-media-2] warning: slow query took 1295ms
2026-02-21T02:40:03.472Z [svc-db-2] connected to upstream in 30ms
2026-02-21T02:40:03.472Z [svc-media-3] cache hit rate 90%
2026-02-21T02:40:03.473Z [svc-cache-1] health check ok
2026-02-21T02:40:03.476Z [pytest-xdist] gw0 test_notify.py::test_validate_user PASSED in 128ms trace=cce26c66-822e-9760-ed77-bd45a38f4b16
2026-02-21T02:40:03.477Z [svc-billing-1] gc pause 78ms, heap 341MB
2026-02-21T02:40:03.479Z [svc-queue-4] health check ok
2026-02-21T02:40:03.480Z [svc-queue-2] retrying connection to redis (attempt 2/3)
2026-02-21T02:40:03.481Z [svc-queue-3] retrying connection to kafka (attempt 2/3)
2026-02-21T02:40:03.483Z [svc-auth-1] closed idle connection after 308s
2026-02-21T02:40:03.483Z [svc-db-2] connected to upstream in 26ms
2026-02-21T02:40:03.485Z [svc-auth-4] connected to upstream in 29ms
2026-02-21T02:40:03.485Z [svc-notify-4] processed batch of 29 items
2026-02-21T02:40:03.486Z [svc-db-1] closed idle connection after 292s
2026-02-21T02:40:03.486Z [svc-gateway-1] cache hit rate 85%
2026-02-21T02:40:03.488Z [svc-search-3] warning: slow query took 1059ms
2026-02-21T02:40:03.489Z [pytest-xdist] gw2 test_orders.py::test_create_index PASSED in 197ms trace=83de325c-d228-23ef-a6f9-f3db637ee947
2026-02-21T02:40:03.489Z [svc-media-1] connected to upstream in 48ms
2026-02-21T02:40:03.491Z [svc-sched-0] health check ok
2026-02-21T02:40:03.495Z [svc-notify-1] processed batch of 79 items
2026-02-21T02:40:03.495Z [svc-notify-1] warning: slow query took 1014ms
2026-02-21T02:40:03.495Z [svc-sched-2] processed batch of 152 items
2026-02-21T02:40:03.500Z [svc-gateway-1] connected to upstream in 79ms
2026-02-21T02:40:03.501Z [svc-billing-4] connected to upstream in 31ms
2026-02-21T02:40:03.501Z [svc-queue-3] gc pause 76ms, heap 544MB
2026-02-21T02:40:03.505Z [pytest-xdist] gw1 test_payments.py::test_create_token PASSED in 159ms trace=2c16a768-3f04-abc5-85c0-a62b89c605fd
2026-02-21T02:40:03.507Z [svc-media-3] gc pause 58ms, heap 929MB
2026-02-21T02:40:03.509Z [svc-media-3] processed batch of 120 items
2026-02-21T02:40:03.510Z [pytest-xdist] gw2 test_queue.py::test_list_attachment PASSED in 215ms trace=338a0e02-79fa-8fc0-91d3-eb6b89253a8b
2026-02-21T02:40:03.515Z [svc-auth-1] cache hit rate 90%
2026-02-21T02:40:03.515Z [svc-auth-1] processed batch of 375 items
2026-02-21T02:40:03.515Z [svc-search-3] connected to upstream in 72ms
2026-02-21T02:40:03.517Z [svc-billing-1] cache hit rate 95%
2026-02-21T02:40:03.517Z [svc-sched-3] cache hit rate 90%
2026-02-21T02:40:03.519Z [svc-notify-0] cache hit rate 90%
2026-02-21T02:40:03.520Z [svc-media-3] health check ok
2026-02-21T02:40:03.521Z [svc-gateway-0] closed idle connection after 106s
2026-02-21T02:40:03.521Z [svc-gateway-3] warning: slow query took 1750ms
2026-02-21T02:40:03.522Z [svc-auth-1] health check ok
2026-02-21T02:40:03.522Z [svc-notify-2] gc pause 19ms, heap 103MB
2026-02-21T02:40:03.523Z [svc-billing-0] closed idle connection after 170s
2026-02-21T02:40:03.524Z [pytest-xdist] gw3 test_users.py::test_reconcile_attachment PASSED in 125ms trace=cc9b1002-54ba-b403-eb2d-db7194152950
2026-02-21T02:40:03.524Z [svc-search-2] gc pause 83ms, heap 545MB
2026-02-21T02:40:03.525Z [svc-queue-2] processed batch of 291 items
2026-02-21T02:40:03.526Z [svc-sched-4] processed batch of 42 items
2026-02-21T02:40:03.528Z [svc-db-2] gc pause 92ms, heap 611MB
2026-02-21T02:40:03.532Z [svc-notify-3] cache hit rate 95%
2026-02-21T02:40:03.532Z [svc-notify-3] gc pause 40ms, heap 202MB
2026-02-21T02:40:03.532Z [svc-media-0] retrying connection to vault (attempt 1/3)
2026-02-21T02:40:03.533Z [svc-gateway-2] cache hit rate 88%
2026-02-21T02:40:03.535Z [svc-db-1] health check ok
2026-02-21T02:40:03.536Z [svc-cache-1] retrying connection to postgres (attempt 1/3)
2026-02-21T02:40:03.539Z [pytest-xdist] gw1 test_reports.py::test_authorize_webhook PASSED in 219ms trace=1f6ee883-832e-c483-9933-2aad1d67dd71
2026-02-21T02:40:03.540Z [svc-gateway-1] gc pause 43ms, heap 306MB
2026-02-21T02:40:03.545Z [svc-cache-1] cache hit rate 85%
2026-02-21T02:40:03.545Z [svc-gateway-3] gc pause 31ms, heap 509MB
2026-02-21T02:40:03.548Z [svc-db-2] processed batch of 404 items
2026-02-21T02:40:03.548Z [svc-billing-0] retrying connection to redis (attempt 1/3)
2026-02-21T02:40:03.549Z [svc-billing-1] connected to upstream in 50ms
2026-02-21T02:40:03.549Z [svc-queue-0] processed batch of 181 items
2026-02-21T02:40:03.549Z [svc-queue-3] processed batch of 397 items
2026-02-21T02:40:03.550Z [svc-media-0] gc pause 78ms, heap 860MB
2026-02-21T02:40:03.551Z [svc-cache-2] health check ok
2026-02-21T02:40:03.553Z [svc-cache-1] connected to upstream in 30ms
2026-02-21T02:40:03.553Z [svc-db-0] gc pause 13ms, heap 251MB
2026-02-21T02:40:03.553Z [svc-billing-2] cache hit rate 85%
2026-02-21T02:40:03.554Z [svc-billing-3] closed idle connection after 197s
2026-02-21T02:40:03.554Z [svc-media-1] processed batch of 220 items
2026-02-21T02:40:03.556Z [svc-media-0] health check ok
2026-02-21T02:40:03.558Z [svc-search-3] retrying connection to s3 (attempt 3/3)
2026-02-21T02:40:03.558Z [svc-gateway-1] warning: slow query took 1862ms
2026-02-21T02:40:03.559Z [svc-sched-4] processed batch of 88 items
2026-02-21T02:40:03.560Z [svc-cache-1] retrying connection to postgres (attempt 2/3)
2026-02-21T02:40:03.561Z [pytest-xdist] gw0 test_reports.py::test_render_user PASSED in 229ms trace=2407e8a8-3f05-2da7-848a-45d6f4ad73d7
2026-02-21T02:40:03.561Z [svc-notify-1] closed idle connection after 56s
2026-02-21T02:40:03.562Z [svc-billing-1] closed idle connection after 62s
2026-02-21T02:40:03.564Z [svc-auth-0] gc pause 12ms, heap 400MB
2026-02-21T02:40:03.568Z [svc-media-4] cache hit rate 95%
2026-02-21T02:40:03.569Z [svc-sched-3] retrying connection to kafka (attempt 3/3)
2026-02-21T02:40:03.571Z [svc-search-1] warning: slow query took 2049ms
2026-02-21T02:40:03.571Z [svc-search-2] processed batch of 393 items
2026-02-21T02:40:03.572Z [svc-media-4] closed idle connection after 235s
2026-02-21T02:40:03.574Z [pytest-xdist] gw1 test_queue.py::test_cache_index PASSED in 242ms trace=dd3c7148-529a-2675-d0c1-4c2bfe40436d
2026-02-21T02:40:03.574Z [svc-media-1] health check ok
2026-02-21T02:40:03.577Z [svc-billing-4] closed idle connection after 254s
2026-02-21T02:40:03.577Z [svc-sched-3] cache hit rate 92%
2026-02-21T02:40:03.578Z [svc-auth-4] processed batch of 282 items
2026-02-21T02:40:03.579Z [svc-gateway-0] gc pause 104ms, heap 518MB
2026-02-21T02:40:03.580Z [svc-gateway-2] warning: slow query took 1898ms
2026-02-21T02:40:03.583Z [svc-cache-2] closed idle connection after 45s
2026-02-21T02:40:03.583Z [svc-search-3] cache hit rate 90%
2026-02-21T02:40:03.585Z [pytest-xdist] gw1 test_search.py::test_cache_shipment PASSED in 232ms trace=90817531-c89c-5b1c-280b-dd735e40915e
2026-02-21T02:40:03.585Z [svc-media-1] gc pause 13ms, heap 654MB
2026-02-21T02:40:03.592Z [svc-notify-2] retrying connection to kafka (attempt 2/3)
2026-02-21T02:40:03.593Z [svc-cache-1] connected to upstream in 53ms
2026-02-21T02:40:03.593Z [svc-media-1] connected to upstream in 73ms
2026-02-21T02:40:03.594Z [svc-sched-1] gc pause 41ms, heap 810MB
2026-02-21T02:40:03.595Z [svc-cache-1] cache hit rate 90%
2026-02-21T02:40:03.595Z [svc-billing-3] warning: slow query took 1526ms
2026-02-21T02:40:03.599Z [pytest-xdist] gw0 test_reports.py::test_retry_template PASSED in 31ms trace=293ee8a1-be05-ff3d-9c15-800e13639f37
2026-02-21T02:40:03.599Z [svc-db-1] closed idle connection after 40s
2026-02-21T02:40:03.599Z [svc-search-2] processed batch of 65 items
2026-02-21T02:40:03.601Z [svc-gateway-1] closed idle connection after 315s
2026-02-21T02:40:03.605Z [svc-gateway-2] processed batch of 299 items
2026-02-21T02:40:03.605Z [svc-gateway-3] connected to upstream in 9ms
2026-02-21T02:40:03.608Z [svc-cache-1] gc pause 29ms, heap 134MB
2026-02-21T02:40:03.608Z [svc-media-2] gc pause 22ms, heap 775MB
2026-02-21T02:40:03.610Z [svc-db-0] processed batch of 125 items
2026-02-21T02:40:03.611Z [pytest-xdist] gw5 test_queue.py::test_notify_invoice PASSED in 47ms trace=5fc7c637-868c-c432-e663-5d82bc47fd53
2026-02-21T02:40:03.613Z [svc-sched-0] processed batch of 245 items
2026-02-21T02:40:03.615Z [svc-auth-0] connected to upstream in 62ms
2026-02-21T02:40:03.618Z [svc-media-0] processed batch of 419 items
2026-02-21T02:40:03.619Z [svc-cache-4] gc pause 18ms, heap 911MB
2026-02-21T02:40:03.619Z [svc-db-2] retrying connection to elasticsearch (attempt 3/3)
2026-02-21T02:40:03.619Z [svc-billing-0] warning: slow query took 1834ms
2026-02-21T02:40:03.619Z [svc-notify-3] processed batch of 28 items
2026-02-21T02:40:03.620Z [svc-gateway-3] gc pause 108ms, heap 190MB
2026-02-21T02:40:03.621Z [svc-cache-2] health check ok
2026-02-21T02:40:03.623Z [svc-notify-4] processed batch of 337 items
2026-02-21T02:40:03.624Z [pytest-xdist] gw0 test_auth.py::test_sync_subscription PASSED in 80ms trace=436aab9e-336d-ac80-92ae-3d406dd80b04
2026-02-21T02:40:03.624Z [svc-gateway-1] warning: slow query took 1658ms
2026-02-21T02:40:03.626Z [svc-db-4] health check ok
2026-02-21T02:40:03.628Z [svc-billing-2] warning: slow query took 1477ms
2026-02-21T02:40:03.628Z [svc-sched-3] retrying connection to kafka (attempt 1/3)
2026-02-21T02:40:03.629Z [svc-queue-0] connected to upstream in 38ms
2026-02-21T02:40:03.630Z [svc-billing-0] cache hit rate 92%
2026-02-21T02:40:03.630Z [svc-notify-1] processed batch of 400 items
2026-02-21T02:40:03.630Z [svc-media-2] connected to upstream in 45ms
2026-02-21T02:40:03.631Z [svc-notify-4] connected to upstream in 11ms
2026-02-21T02:40:03.631Z [svc-sched-4] closed idle connection after 154s
2026-02-21T02:40:03.634Z [svc-notify-1] processed batch of 166 items
2026-02-21T02:40:03.636Z [svc-sched-0] warning: slow query took 981ms
2026-02-21T02:40:03.637Z [svc-gateway-4] connected to upstream in 66ms
2026-02-21T02:40:03.638Z [svc-search-3] connected to upstream in 38ms
2026-02-21T02:40:03.640Z [svc-auth-2] cache hit rate 95%
2026-02-21T02:40:03.641Z [svc-notify-2] cache hit rate 88%
2026-02-21T02:40:03.645Z [svc-search-2] retrying connection to kafka (attempt 2/3)
2026-02-21T02:40:03.645Z [svc-media-3] gc pause 86ms, heap 959MB
2026-02-21T02:40:03.645Z [svc-media-4] warning: slow query took 1293ms
2026-02-21T02:40:03.646Z [pytest-xdist] gw5 test_search.py::test_validate_token PASSED in 81ms trace=7f714cd2-5808-fa88-0f95-86bdc4283925
2026-02-21T02:40:03.648Z [svc-queue-1] health check ok
2026-02-21T02:40:03.649Z [svc-sched-3] retrying connection to kafka (attempt 2/3)
2026-02-21T02:40:03.650Z [svc-cache-4] cache hit rate 85%
2026-02-21T02:40:03.650Z [svc-gateway-1] closed idle connection after 30s
2026-02-21T02:40:03.651Z [svc-search-4] connected to upstream in 73ms
2026-02-21T02:40:03.654Z [svc-cache-3] processed batch of 38 items
2026-02-21T02:40:03.654Z [svc-db-4] health check ok
2026-02-21T02:40:03.655Z [svc-auth-1] health check ok
2026-02-21T02:40:03.655Z [svc-auth-4] connected to upstream in 31ms
2026-02-21T02:40:03.659Z [svc-sched-4] connected to upstream in 22ms
2026-02-21T02:40:03.664Z [pytest-xdist] gw5 test_export.py::test_list_quota PASSED in 155ms trace=a01b088c-c5f6-003c-3164-3013913de249
2026-02-21T02:40:03.664Z [svc-db-2] health check ok
2026-02-21T02:40:03.664Z [svc-search-0] processed batch of 505 items
2026-02-21T02:40:03.669Z [svc-db-4] health check ok
2026-02-21T02:40:03.671Z [svc-billing-4] gc pause 5ms, heap 546MB
2026-02-21T02:40:03.671Z [svc-gateway-0] cache hit rate 92%
2026-02-21T02:40:03.674Z [svc-media-2] warning: slow query took 376ms
2026-02-21T02:40:03.676Z [svc-db-0] processed batch of 367 items
2026-02-21T02:40:03.677Z [pytest-xdist] gw4 test_media.py::test_notify_subscription PASSED in 211ms trace=a3656dcd-16c2-e354-559d-fffa33faee20
2026-02-21T02:40:03.680Z [svc-notify-0] processed batch of 453 items
2026-02-21T02:40:03.681Z [svc-notify-4] connected to upstream in 49ms
2026-02-21T02:40:03.681Z [svc-notify-4] retrying connection to elasticsearch (attempt 3/3)
2026-02-21T02:40:03.684Z [svc-db-3] warning: slow query took 1936ms
2026-02-21T02:40:03.686Z [pytest-xdist] gw5 test_payments.py::test_parse_subscription PASSED in 169ms trace=684137ad-3119-4803-3141-dd95ae31878e
2026-02-21T02:40:03.687Z [svc-notify-4] gc pause 29ms, heap 903MB
2026-02-21T02:40:03.688Z [svc-billing-0] retrying connection to redis (attempt 2/3)
2026-02-21T02:40:03.689Z [svc-auth-1] warning: slow query took 2088ms
2026-02-21T02:40:03.692Z [svc-auth-0] gc pause 36ms, heap 788MB
2026-02-21T02:40:03.692Z [svc-notify-0] closed idle connection after 85s
2026-02-21T02:40:03.692Z [svc-queue-1] processed batch of 462 items
2026-02-21T02:40:03.698Z [svc-gateway-0] closed idle connection after 148s
2026-02-21T02:40:03.699Z [svc-gateway-0] cache hit rate 85%
2026-02-21T02:40:03.699Z [svc-media-0] health check ok
2026-02-21T02:40:03.699Z [svc-queue-1] health check ok
2026-02-21T02:40:03.700Z [svc-search-4] warning: slow query took 768ms
2026-02-21T02:40:03.701Z [svc-notify-3] retrying connection to s3 (attempt 1/3)
2026-02-21T02:40:03.703Z [svc-gateway-1] processed batch of 183 items
2026-02-21T02:40:03.704Z [svc-notify-1] retrying connection to redis (attempt 3/3)
2026-02-21T02:40:03.705Z [svc-sched-1] closed idle connection after 293s
2026-02-21T02:40:03.707Z [pytest-xdist] gw3 test_payments.py::test_retry_region PASSED in 243ms trace=2689edc1-a8a1-a106-075f-8aff804cd187
2026-02-21T02:40:03.707Z [svc-db-2] closed idle connection after 219s
2026-02-21T02:40:03.708Z [svc-search-3] processed batch of 280 items
2026-02-21T02:40:03.710Z [svc-auth-4] gc pause 23ms, heap 326MB
2026-02-21T02:40:03.710Z [svc-billing-3] gc pause 19ms, heap 527MB
2026-02-21T02:40:03.710Z [svc-media-2] warning: slow query took 1708ms
2026-02-21T02:40:03.711Z [svc-auth-3] connected to upstream in 45ms
2026-02-21T02:40:03.711Z [svc-billing-4] connected to upstream in 60ms
2026-02-21T02:40:03.711Z [svc-sched-4] retrying connection to s3 (attempt 3/3)
2026-02-21T02:40:03.713Z [svc-cache-1] closed idle connection after 216s
2026-02-21T02:40:03.715Z [svc-notify-1] health check ok
2026-02-21T02:40:03.717Z [svc-notify-2] processed batch of 452 items
2026-02-21T02:40:03.717Z [svc-queue-0] health check ok
2026-02-21T02:40:03.717Z [svc-sched-2] processed batch of 62 items
2026-02-21T02:40:03.718Z [svc-media-2] processed batch of 163 items
2026-02-21T02:40:03.721Z [svc-notify-1] retrying connection to redis (attempt 3/3)
2026-02-21T02:40:03.722Z [svc-billing-1] closed idle connection after 166s
2026-02-21T02:40:03.723Z [pytest-xdist] gw0 test_users.py::test_delete_user PASSED in 75ms trace=caedc7a3-846c-a102-78a5-839c1ae8439f
2026-02-21T02:40:03.723Z [svc-cache-4] closed idle connection after 169s
2026-02-21T02:40:03.724Z [svc-search-0] connected to upstream in 39ms
2026-02-21T02:40:03.726Z [svc-billing-4] closed idle connection after 182s
2026-02-21T02:40:03.726Z [svc-queue-1] cache hit rate 88%
2026-02-21T02:40:03.727Z [svc-notify-1] warning: slow query took 1758ms
2026-02-21T02:40:03.728Z [svc-auth-0] retrying connection to elasticsearch (attempt 3/3)
2026-02-21T02:40:03.729Z [svc-notify-3] health check ok
2026-02-21T02:40:03.730Z [svc-billing-3] retrying connection to elasticsearch (attempt 3/3)
2026-02-21T02:40:03.733Z [svc-gateway-3] cache hit rate 95%
2026-02-21T02:40:03.736Z [pytest-xdist] gw2 test_orders.py::test_cache_shipment PASSED in 136ms trace=f4e07955-2036-eff0-26d1-8f1a29e04b33
2026-02-21T02:40:03.736Z [svc-notify-4] cache hit rate 92%
2026-02-21T02:40:03.737Z [svc-search-1] cache hit rate 92%
2026-02-21T02:40:03.737Z [svc-gateway-2] health check ok
2026-02-21T02:40:03.737Z [svc-media-2] retrying connection to redis (attempt 1/3)
2026-02-21T02:40:03.738Z [svc-sched-3] health check ok
2026-02-21T02:40:03.739Z [svc-auth-1] gc pause 33ms, heap 654MB
2026-02-21T02:40:03.739Z [svc-db-2] warning: slow query took 1591ms
2026-02-21T02:40:03.740Z [svc-notify-4] cache hit rate 88%
2026-02-21T02:40:03.740Z [svc-sched-4] closed idle connection after 209s
2026-02-21T02:40:03.741Z [svc-auth-3] warning: slow query took 1663ms
2026-02-21T02:40:03.741Z [svc-search-4] connected to upstream in 29ms
2026-02-21T02:40:03.743Z [svc-media-0] warning: slow query took 987ms
2026-02-21T02:40:03.744Z [svc-auth-0] retrying connection to elasticsearch (attempt 2/3)
2026-02-21T02:40:03.744Z [svc-auth-3] health check ok
2026-02-21T02:40:03.744Z [svc-media-3] gc pause 68ms, heap 989MB
2026-02-21T02:40:03.746Z [svc-sched-1] gc pause 51ms, heap 342MB
2026-02-21T02:40:03.747Z [svc-queue-4] cache hit rate 88%
2026-02-21T02:40:03.747Z [svc-sched-0] gc pause 88ms, heap 683MB
2026-02-21T02:40:03.750Z [svc-cache-0] health check ok
2026-02-21T02:40:03.750Z [svc-media-1] cache hit rate 92%
2026-02-21T02:40:03.751Z [svc-gateway-1] gc pause 7ms, heap 529MB
2026-02-21T02:40:03.754Z [svc-gateway-4] cache hit rate 88%
2026-02-21T02:40:03.755Z [svc-media-3] health check ok
2026-02-21T02:40:03.755Z [svc-sched-4] gc pause 26ms, heap 681MB
2026-02-21T02:40:03.757Z [svc-auth-4] retrying connection to kafka (attempt 2/3)
2026-02-21T02:40:03.758Z [pytest-xdist] gw0 test_notify.py::test_delete_webhook PASSED in 210ms trace=a15648ad-58a8-9178-af08-0d6c55c931e3
2026-02-21T02:40:03.760Z [svc-auth-4] warning: slow query took 1146ms
2026-02-21T02:40:03.760Z [svc-search-1] warning: slow query took 1432ms
2026-02-21T02:40:03.761Z [svc-cache-1] connected to upstream in 5ms
2026-02-21T02:40:03.762Z [pytest-xdist] gw5 test_orders.py::test_render_shipment PASSED in 25ms trace=3c837083-5da2-7f07-f46a-24afe902a66c
2026-02-21T02:40:03.762Z [svc-billing-1] connected to upstream in 71ms
2026-02-21T02:40:03.773Z [svc-media-0] connected to upstream in 30ms
2026-02-21T02:40:03.773Z [svc-queue-3] warning: slow query took 332ms
2026-02-21T02:40:03.776Z [pytest-xdist] gw2 test_queue.py::test_cache_invoice PASSED in 185ms trace=d879b8dd-aef3-452a-ad45-05ca96551265
2026-02-21T02:40:03.777Z [svc-billing-0] cache hit rate 88%
2026-02-21T02:40:03.779Z [svc-sched-0] gc pause 49ms, heap 996MB
2026-02-21T02:40:03.781Z [svc-db-1] health check ok
2026-02-21T02:40:03.782Z [svc-notify-0] warning: slow query took 1593ms
2026-02-21T02:40:03.784Z [svc-notify-0] cache hit rate 95%
2026-02-21T02:40:03.784Z [svc-sched-2] connected to upstream in 37ms
2026-02-21T02:40:03.786Z [svc-media-3] cache hit rate 90%
2026-02-21T02:40:03.788Z [svc-billing-3] processed batch of 229 items
2026-02-21T02:40:03.788Z [svc-search-4] retrying connection to elasticsearch (attempt 2/3)
2026-02-21T02:40:03.789Z [svc-auth-0] health check ok
2026-02-21T02:40:03.790Z [pytest-xdist] gw0 test_reports.py::test_list_query PASSED in 38ms trace=371c1e4f-00d7-89ad-61f3-767d13e226e0
2026-02-21T02:40:03.791Z [svc-sched-2] closed idle connection after 65s
2026-02-21T02:40:03.793Z [pytest-xdist] gw4 test_billing.py::test_validate_shipment PASSED in 81ms trace=5647430c-c2b4-9d46-5d00-143397c4a292
2026-02-21T02:40:03.795Z [svc-sched-0] retrying connection to vault (attempt 1/3)
2026-02-21T02:40:03.801Z [svc-gateway-2] cache hit rate 92%
2026-02-21T02:40:03.804Z [svc-db-3] connected to upstream in 39ms
2026-02-21T02:40:03.804Z [svc-billing-4] processed batch of 383 items
2026-02-21T02:40:03.804Z [svc-search-0] gc pause 124ms, heap 648MB
2026-02-21T02:40:03.806Z [svc-notify-0] health check ok
2026-02-21T02:40:03.806Z [svc-gateway-2] retrying connection to s3 (attempt 1/3)
2026-02-21T02:40:03.806Z [svc-gateway-4] retrying connection to vault (attempt 3/3)
2026-02-21T02:40:03.807Z [svc-cache-3] cache hit rate 95%
2026-02-21T02:40:03.808Z [pytest-xdist] gw3 test_auth.py::test_create_attachment PASSED in 158ms trace=fa161971-7417-2c8a-611f-78b9aa2129f3
2026-02-21T02:40:03.810Z [svc-billing-1] processed batch of 496 items
2026-02-21T02:40:03.810Z [svc-search-1] warning: slow query took 843ms
2026-02-21T02:40:03.810Z [svc-sched-2] connected to upstream in 42ms
2026-02-21T02:40:03.811Z [svc-billing-3] connected to upstream in 42ms
2026-02-21T02:40:03.813Z [svc-cache-1] gc pause 9ms, heap 856MB
2026-02-21T02:40:03.813Z [svc-cache-2] gc pause 50ms, heap 509MB
2026-02-21T02:40:03.816Z [svc-sched-4] closed idle connection after 131s
2026-02-21T02:40:03.817Z [svc-notify-0] connected to upstream in 23ms
2026-02-21T02:40:03.817Z [svc-notify-4] closed idle connection after 248s
2026-02-21T02:40:03.818Z [svc-db-3] processed batch of 342 items
2026-02-21T02:40:03.818Z [svc-notify-0] health check ok
2026-02-21T02:40:03.818Z [svc-gateway-1] health check ok
2026-02-21T02:40:03.819Z [svc-search-3] gc pause 114ms, heap 708MB
2026-02-21T02:40:03.820Z [svc-cache-4] retrying connection to s3 (attempt 2/3)
2026-02-21T02:40:03.823Z [svc-cache-0] retrying connection to vault (attempt 2/3)
2026-02-21T02:40:03.824Z [svc-cache-0] health check ok
2026-02-21T02:40:03.825Z [svc-billing-4] gc pause 86ms, heap 725MB
2026-02-21T02:40:03.826Z [svc-billing-0] processed batch of 365 items
2026-02-21T02:40:03.826Z [svc-notify-0] connected to upstream in 37ms
2026-02-21T02:40:03.826Z [svc-gateway-2] gc pause 16ms, heap 687MB
2026-02-21T02:40:03.827Z [svc-sched-1] closed idle connection after 49s
2026-02-21T02:40:03.828Z [pytest-xdist] gw2 test_payments.py::test_render_webhook PASSED in 152ms trace=c73b3805-7f1d-b4c3-6842-c4cb220600ce
2026-02-21T02:40:03.830Z [svc-billing-1] gc pause 91ms, heap 710MB
2026-02-21T02:40:03.833Z [svc-gateway-0] health check ok
2026-02-21T02:40:03.834Z [svc-gateway-1] processed batch of 453 items
2026-02-21T02:40:03.835Z [svc-notify-3] processed batch of 152 items
2026-02-21T02:40:03.843Z [svc-cache-1] retrying connection to postgres (attempt 3/3)
2026-02-21T02:40:03.844Z [svc-auth-0] closed idle connection after 204s
2026-02-21T02:40:03.844Z [svc-media-3] retrying connection to kafka (attempt 3/3)
2026-02-21T02:40:03.846Z [svc-notify-3] closed idle connection after 158s
2026-02-21T02:40:03.847Z [svc-billing-0] cache hit rate 85%
2026-02-21T02:40:03.847Z [svc-queue-3] gc pause 35ms, heap 589MB
2026-02-21T02:40:03.847Z [svc-sched-4] warning: slow query took 1614ms
2026-02-21T02:40:03.848Z [svc-media-3] processed batch of 162 items
2026-02-21T02:40:03.848Z [svc-media-3] health check ok
2026-02-21T02:40:03.850Z [pytest-xdist] gw4 test_media.py::test_update_shipment PASSED in 109ms trace=18c9e023-050a-e240-78c8-b70f089a09b1
2026-02-21T02:40:03.850Z [svc-auth-2] cache hit rate 88%
2026-02-21T02:40:03.850Z [svc-cache-1] warning: slow query took 410ms
2026-02-21T02:40:03.850Z [svc-notify-0] warning: slow query took 318ms
2026-02-21T02:40:03.852Z [svc-auth-3] retrying connection to redis (attempt 2/3)
2026-02-21T02:40:03.852Z [svc-cache-3] health check ok
2026-02-21T02:40:03.853Z [svc-db-0] closed idle connection after 61s
2026-02-21T02:40:03.853Z [svc-queue-0] health check ok
2026-02-21T02:40:03.853Z [svc-sched-4] warning: slow query took 656ms
2026-02-21T02:40:03.854Z [svc-queue-2] retrying connection to redis (attempt 2/3)
2026-02-21T02:40:03.854Z [svc-sched-2] health check ok
2026-02-21T02:40:03.856Z [svc-media-3] gc pause 44ms, heap 886MB
2026-02-21T02:40:03.857Z [svc-media-2] warning: slow query took 1933ms
2026-02-21T02:40:03.861Z [svc-billing-2] cache hit rate 85%
2026-02-21T02:40:03.864Z [pytest-xdist] gw2 test_billing.py::test_render_template PASSED in 200ms trace=54aaf0e9-e78c-3481-9a9b-7e481a8c05b0
2026-02-21T02:40:03.864Z [svc-sched-1] health check ok
2026-02-21T02:40:03.868Z [svc-gateway-1] cache hit rate 85%
2026-02-21T02:40:03.869Z [pytest-xdist] gw5 test_webhooks.py::test_reconcile_subscription PASSED in 54ms trace=67458ebf-926f-6693-1793-6b66dca4bfb9
2026-02-21T02:40:03.869Z [svc-cache-3] retrying connection to kafka (attempt 1/3)
2026-02-21T02:40:03.870Z [svc-billing-2] health check ok
2026-02-21T02:40:03.870Z [svc-sched-4] retrying connection to s3 (attempt 3/3)
2026-02-21T02:40:03.875Z [svc-media-4] cache hit rate 92%
2026-02-21T02:40:03.875Z [svc-queue-2] health check ok
2026-02-21T02:40:03.878Z [svc-gateway-3] health check ok
2026-02-21T02:40:03.880Z [svc-billing-4] cache hit rate 85%
2026-02-21T02:40:03.881Z [svc-gateway-2] cache hit rate 90%
2026-02-21T02:40:03.881Z [svc-gateway-3] cache hit rate 90%
2026-02-21T02:40:03.882Z [svc-billing-3] cache hit rate 95%
2026-02-21T02:40:03.882Z [svc-queue-2] processed batch of 71 items
2026-02-21T02:40:03.884Z [svc-queue-4] closed idle connection after 183s
2026-02-21T02:40:03.885Z [svc-notify-2] health check ok
2026-02-21T02:40:03.888Z [pytest-xdist] gw0 test_users.py::test_authorize_query PASSED in 103ms trace=12a4fc3d-ce7e-571f-8c02-980616786a53
2026-02-21T02:40:03.888Z [svc-media-3] health check ok
2026-02-21T02:40:03.889Z [svc-auth-0] warning: slow query took 2141ms
2026-02-21T02:40:03.891Z [svc-queue-1] processed batch of 292 items
2026-02-21T02:40:03.892Z [svc-billing-0] retrying connection to redis (attempt 3/3)
2026-02-21T02:40:03.892Z [svc-gateway-0] closed idle connection after 199s
2026-02-21T02:40:03.893Z [svc-cache-4] connected to upstream in 15ms
2026-02-21T02:40:03.894Z [svc-cache-4] processed batch of 208 items
2026-02-21T02:40:03.894Z [svc-billing-0] cache hit rate 90%
2026-02-21T02:40:03.894Z [svc-gateway-4] health check ok
2026-02-21T02:40:03.894Z [svc-queue-2] connected to upstream in 27ms
2026-02-21T02:40:03.895Z [svc-gateway-3] cache hit rate 95%
2026-02-21T02:40:03.895Z [svc-media-0] retrying connection to vault (attempt 1/3)
2026-02-21T02:40:03.900Z [svc-media-0] connected to upstream in 69ms
2026-02-21T02:40:03.904Z [svc-auth-3] warning: slow query took 2125ms
2026-02-21T02:40:03.905Z [svc-cache-2] connected to upstream in 40ms
2026-02-21T02:40:03.907Z [pytest-xdist] gw2 test_export.py::test_expire_shipment PASSED in 106ms trace=76328c27-26f3-f375-ff14-8f58e31abdd6
2026-02-21T02:40:03.907Z [svc-sched-1] cache hit rate 88%
2026-02-21T02:40:03.908Z [svc-sched-4] connected to upstream in 73ms
2026-02-21T02:40:03.910Z [svc-db-1] gc pause 58ms, heap 169MB
2026-02-21T02:40:03.917Z [svc-cache-4] health check ok
2026-02-21T02:40:03.917Z [svc-db-4] gc pause 80ms, heap 897MB
2026-02-21T02:40:03.920Z [svc-notify-1] health check ok
2026-02-21T02:40:03.921Z [svc-search-4] processed batch of 428 items
2026-02-21T02:40:03.923Z [svc-sched-2] retrying connection to redis (attempt 2/3)
2026-02-21T02:40:03.924Z [pytest-xdist] gw1 test_notify.py::test_notify_query PASSED in 102ms trace=a1a29aab-61c7-fe6d-4343-ad856b202ff2
2026-02-21T02:40:03.924Z [svc-cache-1] gc pause 33ms, heap 748MB
2026-02-21T02:40:03.926Z [svc-db-2] cache hit rate 88%
2026-02-21T02:40:03.927Z [svc-notify-3] cache hit rate 95%
2026-02-21T02:40:03.928Z [pytest-xdist] gw3 test_webhooks.py::test_authorize_session PASSED in 84ms trace=0a0a12b0-181c-1cf2-6005-1abfa44c2b1f
2026-02-21T02:40:03.929Z [svc-media-4] retrying connection to s3 (attempt 2/3)
2026-02-21T02:40:03.930Z [svc-media-1] closed idle connection after 36s
2026-02-21T02:40:03.931Z [pytest-xdist] gw0 test_payments.py::test_notify_refund PASSED in 119ms trace=5d2020ad-2ec5-9845-9548-a038f0a273dc
2026-02-21T02:40:03.933Z [svc-search-2] cache hit rate 95%
2026-02-21T02:40:03.933Z [svc-media-4] connected to upstream in 12ms
2026-02-21T02:40:03.940Z [svc-cache-1] cache hit rate 88%
2026-02-21T02:40:03.940Z [svc-db-1] cache hit rate 85%
2026-02-21T02:40:03.941Z [svc-auth-4] processed batch of 460 items
2026-02-21T02:40:03.941Z [svc-search-1] health check ok
2026-02-21T02:40:03.941Z [svc-notify-4] retrying connection to elasticsearch (attempt 2/3)
2026-02-21T02:40:03.942Z [pytest-xdist] gw0 test_import.py::test_create_attachment PASSED in 175ms trace=a0dab27b-4aa2-9a97-5395-aa6703c095d2
2026-02-21T02:40:03.943Z [svc-search-3] warning: slow query took 863ms
2026-02-21T02:40:03.945Z [svc-db-2] cache hit rate 95%
2026-02-21T02:40:03.945Z [svc-sched-0] cache hit rate 95%
2026-02-21T02:40:03.946Z [svc-notify-0] warning: slow query took 1097ms
2026-02-21T02:40:03.950Z [pytest-xdist] gw2 test_import.py::test_expire_refund PASSED in 224ms trace=3b67c50f-19ae-a05d-8a2f-c63cd49c12ca
2026-02-21T02:40:03.953Z [svc-billing-4] connected to upstream in 78ms
2026-02-21T02:40:03.953Z [svc-sched-4] cache hit rate 95%
2026-02-21T02:40:03.954Z [svc-queue-4] cache hit rate 90%
2026-02-21T02:40:03.954Z [svc-queue-4] warning: slow query took 1320ms
2026-02-21T02:40:03.954Z [svc-sched-2] retrying connection to redis (attempt 2/3)
2026-02-21T02:40:03.955Z [svc-search-0] gc pause 119ms, heap 985MB
2026-02-21T02:40:03.958Z [svc-gateway-1] health check ok
2026-02-21T02:40:03.959Z [svc-queue-3] health check ok
2026-02-21T02:40:03.960Z [svc-db-1] warning: slow query took 417ms
2026-02-21T02:40:03.960Z [svc-notify-0] processed batch of 404 items
2026-02-21T02:40:03.965Z [svc-auth-4] closed idle connection after 183s
2026-02-21T02:40:03.965Z [svc-gateway-4] gc pause 21ms, heap 991MB
2026-02-21T02:40:03.966Z [pytest-xdist] gw5 test_notify.py::test_notify_refund PASSED in 30ms trace=a5eafa09-a208-602e-ffaf-a50ad88728a8
2026-02-21T02:40:03.966Z [svc-queue-2] cache hit rate 88%
2026-02-21T02:40:03.968Z [svc-auth-4] gc pause 32ms, heap 623MB
2026-02-21T02:40:03.969Z [svc-notify-0] processed batch of 382 items
2026-02-21T02:40:03.972Z [svc-db-1] processed batch of 79 items
2026-02-21T02:40:03.972Z [svc-search-3] warning: slow query took 261ms
2026-02-21T02:40:03.973Z [svc-sched-1] connected to upstream in 23ms
2026-02-21T02:40:03.974Z [svc-auth-1] connected to upstream in 46ms
2026-02-21T02:40:03.974Z [svc-auth-3] processed batch of 107 items
2026-02-21T02:40:03.975Z [svc-auth-0] warning: slow query took 694ms
2026-02-21T02:40:03.977Z [svc-db-4] processed batch of 300 items
2026-02-21T02:40:03.977Z [svc-sched-0] warning: slow query took 550ms
2026-02-21T02:40:03.978Z [svc-gateway-2] cache hit rate 88%
2026-02-21T02:40:03.979Z [svc-cache-4] retrying connection to s3 (attempt 1/3)
2026-02-21T02:40:03.983Z [svc-auth-3] retrying connection to redis (attempt 2/3)
2026-02-21T02:40:03.984Z [svc-media-0] health check ok
2026-02-21T02:40:03.985Z [pytest-xdist] gw1 test_reports.py::test_authorize_quota PASSED in 23ms trace=afae0a55-40a0-6cee-edb5-437e4f4c4ad3
2026-02-21T02:40:03.989Z [svc-db-4] health check ok
2026-02-21T02:40:03.989Z [svc-notify-4] health check ok
2026-02-21T02:40:03.990Z [svc-notify-4] retrying connection to elasticsearch (attempt 2/3)
2026-02-21T02:40:03.991Z [svc-db-4] closed idle connection after 176s
2026-02-21T02:40:03.994Z [svc-sched-4] health check ok
2026-02-21T02:40:03.996Z [svc-notify-1] retrying connection to redis (attempt 2/3)
2026-02-21T02:40:03.996Z [svc-queue-2] processed batch of 174 items
2026-02-21T02:40:03.998Z [svc-auth-4] closed idle connection after 34s
2026-02-21T02:40:03.998Z [svc-media-4] connected to upstream in 7ms
2026-02-21T02:40:04.001Z [svc-media-1] connected to upstream in 48ms
2026-02-21T02:40:04.003Z [svc-auth-4] retrying connection to kafka (attempt 3/3)
2026-02-21T02:40:04.007Z [pytest-xdist] gw5 test_users.py::test_authorize_user SKIPPED (reason: flaky-see-issue-482)
2026-02-21T02:40:04.009Z [svc-gateway-0] retrying connection to redis (attempt 3/3)
2026-02-21T02:40:04.010Z [svc-notify-2] closed idle connection after 279s
2026-02-21T02:40:04.011Z [svc-billing-1] health check ok
2026-02-21T02:40:04.013Z [svc-auth-4] processed batch of 177 items
2026-02-21T02:40:04.015Z [svc-db-0] health check ok
2026-02-21T02:40:04.019Z [svc-gateway-2] processed batch of 144 items
2026-02-21T02:40:04.019Z [svc-sched-1] cache hit rate 95%
2026-02-21T02:40:04.021Z [svc-gateway-0] health check ok
2026-02-21T02:40:04.021Z [svc-queue-0] closed idle connection after 274s
2026-02-21T02:40:04.022Z [svc-cache-3] connected to upstream in 52ms
2026-02-21T02:40:04.022Z [svc-sched-1] warning: slow query took 334ms
2026-02-21T02:40:04.027Z [svc-db-1] retrying connection to s3 (attempt 2/3)
2026-02-21T02:40:04.027Z [svc-db-2] connected to upstream in 42ms
2026-02-21T02:40:04.029Z [pytest-xdist] gw4 test_import.py::test_sync_invoice PASSED in 128ms trace=86af1a72-344f-4f1e-7a27-511a7d6c1553
2026-02-21T02:40:04.029Z [svc-gateway-0] health check ok
2026-02-21T02:40:04.030Z [svc-queue-0] connected to upstream in 36ms
2026-02-21T02:40:04.030Z [svc-sched-2] processed batch of 153 items
2026-02-21T02:40:04.031Z [svc-search-3] cache hit rate 88%
2026-02-21T02:40:04.031Z [svc-sched-0] warning: slow query took 449ms
2026-02-21T02:40:04.031Z [svc-sched-1] retrying connection to postgres (attempt 1/3)
2026-02-21T02:40:04.031Z [svc-sched-3] health check ok
2026-02-21T02:40:04.034Z [svc-search-0] closed idle connection after 105s
2026-02-21T02:40:04.034Z [svc-notify-2] processed batch of 349 items
2026-02-21T02:40:04.039Z [svc-queue-0] health check ok
2026-02-21T02:40:04.040Z [svc-cache-1] retrying connection to postgres (attempt 1/3)
2026-02-21T02:40:04.041Z [svc-gateway-2] retrying connection to s3 (attempt 3/3)
2026-02-21T02:40:04.044Z [pytest-xdist] gw2 test_notify.py::test_authorize_template PASSED in 246ms trace=6553627e-8ce9-916e-bedd-334528cd901e
2026-02-21T02:40:04.044Z [svc-sched-0] warning: slow query took 1016ms
2026-02-21T02:40:04.048Z [svc-sched-4] closed idle connection after 183s
2026-02-21T02:40:04.051Z [pytest-xdist] gw5 test_export.py::test_parse_index PASSED in 163ms trace=44c6c58d-562b-eeba-425d-07f9941cf183
2026-02-21T02:40:04.051Z [svc-auth-2] health check ok
2026-02-21T02:40:04.052Z [svc-auth-1] gc pause 61ms, heap 321MB
2026-02-21T02:40:04.052Z [svc-queue-3] closed idle connection after 287s
2026-02-21T02:40:04.056Z [pytest-xdist] gw5 test_notify.py::test_render_token PASSED in 33ms trace=3f539c33-8777-1a19-b3e8-6368336ad6eb
2026-02-21T02:40:04.057Z [svc-cache-0] health check ok
2026-02-21T02:40:04.057Z [svc-media-1] processed batch of 469 items
2026-02-21T02:40:04.057Z [svc-media-2] retrying connection to redis (attempt 2/3)
2026-02-21T02:40:04.058Z [svc-db-2] retrying connection to elasticsearch (attempt 1/3)
2026-02-21T02:40:04.058Z [svc-db-4] cache hit rate 85%
2026-02-21T02:40:04.058Z [svc-notify-0] closed idle connection after 84s
2026-02-21T02:40:04.061Z [svc-search-2] connected to upstream in 46ms
2026-02-21T02:40:04.062Z [pytest-xdist] gw4 test_gateway.py::test_parse_session PASSED in 160ms trace=107848f4-8af2-eb68-f3f4-314e86d2eeb5
2026-02-21T02:40:04.062Z [svc-db-4] cache hit rate 90%
2026-02-21T02:40:04.064Z [svc-auth-3] processed batch of 460 items
2026-02-21T02:40:04.065Z [svc-search-2] cache hit rate 92%
2026-02-21T02:40:04.068Z [svc-billing-4] retrying connection to vault (attempt 1/3)
2026-02-21T02:40:04.068Z [svc-notify-2] warning: slow query took 496ms
2026-02-21T02:40:04.069Z [svc-gateway-2] warning: slow query took 2178ms
2026-02-21T02:40:04.069Z [svc-media-1] health check ok
2026-02-21T02:40:04.070Z [svc-cache-2] health check ok
2026-02-21T02:40:04.071Z [svc-auth-2] gc pause 119ms, heap 212MB
2026-02-21T02:40:04.072Z [svc-media-4] closed idle connection after 141s
2026-02-21T02:40:04.073Z [svc-gateway-3] warning: slow query took 1272ms
2026-02-21T02:40:04.074Z [svc-billing-2] connected to upstream in 28ms
2026-02-21T02:40:04.074Z [svc-notify-1] closed idle connection after 323s
2026-02-21T02:40:04.074Z [svc-queue-1] processed batch of 19 items
2026-02-21T02:40:04.075Z [svc-auth-4] connected to upstream in 48ms
2026-02-21T02:40:04.076Z [svc-billing-1] retrying connection to kafka (attempt 1/3)
2026-02-21T02:40:04.076Z [svc-gateway-4] connected to upstream in 69ms
2026-02-21T02:40:04.078Z [svc-search-4] connected to upstream in 73ms
2026-02-21T02:40:04.080Z [svc-notify-4] warning: slow query took 1825ms
2026-02-21T02:40:04.080Z [svc-media-2] connected to upstream in 39ms
2026-02-21T02:40:04.081Z [svc-cache-1] gc pause 101ms, heap 632MB
2026-02-21T02:40:04.084Z [pytest-xdist] gw5 test_import.py::test_authorize_query PASSED in 1ms trace=5188e775-5d10-6e7c-c526-bde9df40b06b
2026-02-21T02:40:04.085Z [svc-search-2] health check ok
2026-02-21T02:40:04.086Z [svc-queue-0] retrying connection to vault (attempt 3/3)
2026-02-21T02:40:04.087Z [pytest-xdist] gw2 test_search.py::test_paginate_subscription PASSED in 130ms trace=9fce3812-1a38-82ad-b73b-b17406dfd1b3
2026-02-21T02:40:04.090Z [svc-sched-0] connected to upstream in 14ms
2026-02-21T02:40:04.095Z [svc-media-4] gc pause 54ms, heap 744MB
2026-02-21T02:40:04.096Z [svc-gateway-0] connected to upstream in 58ms
2026-02-21T02:40:04.097Z [svc-search-4] gc pause 110ms, heap 158MB
2026-02-21T02:40:04.099Z [svc-queue-1] gc pause 75ms, heap 377MB
2026-02-21T02:40:04.100Z [svc-billing-0] processed batch of 286 items
2026-02-21T02:40:04.102Z [svc-notify-3] health check ok
2026-02-21T02:40:04.102Z [svc-gateway-3] warning: slow query took 1502ms
2026-02-21T02:40:04.102Z [svc-media-0] connected to upstream in 13ms
2026-02-21T02:40:04.103Z [pytest-xdist] gw4 test_search.py::test_render_shipment PASSED in 85ms trace=d075c598-ead6-bb02-1467-3f60a7dd5a1b
2026-02-21T02:40:04.103Z [svc-billing-0] processed batch of 492 items
2026-02-21T02:40:04.103Z [svc-billing-3] retrying connection to elasticsearch (attempt 2/3)
2026-02-21T02:40:04.103Z [svc-queue-1] health check ok
2026-02-21T02:40:04.104Z [svc-gateway-0] cache hit rate 92%
2026-02-21T02:40:04.105Z [svc-sched-2] connected to upstream in 72ms
2026-02-21T02:40:04.107Z [svc-billing-1] closed idle connection after 77s
2026-02-21T02:40:04.110Z [svc-notify-2] health check ok
2026-02-21T02:40:04.110Z [svc-queue-4] connected to upstream in 53ms
2026-02-21T02:40:04.113Z [svc-notify-0] processed batch of 289 items
2026-02-21T02:40:04.114Z [svc-search-3] warning: slow query took 200ms
2026-02-21T02:40:04.115Z [svc-search-1] health check ok
2026-02-21T02:40:04.116Z [svc-notify-1] cache hit rate 95%
2026-02-21T02:40:04.117Z [svc-sched-3] health check ok
2026-02-21T02:40:04.120Z [svc-gateway-2] warning: slow query took 584ms
2026-02-21T02:40:04.121Z [svc-sched-2] cache hit rate 95%
2026-02-21T02:40:04.122Z [svc-gateway-1] processed batch of 301 items
2026-02-21T02:40:04.125Z [pytest-xdist] gw5 test_payments.py::test_render_coupon PASSED in 128ms trace=b0683fe8-134e-9419-a57e-0994cb7c58bd
2026-02-21T02:40:04.126Z [svc-auth-2] connected to upstream in 16ms
2026-02-21T02:40:04.126Z [svc-cache-2] gc pause 81ms, heap 596MB
2026-02-21T02:40:04.127Z [svc-sched-3] warning: slow query took 1060ms
2026-02-21T02:40:04.129Z [svc-gateway-1] retrying connection to kafka (attempt 3/3)
2026-02-21T02:40:04.130Z [svc-gateway-0] processed batch of 454 items
2026-02-21T02:40:04.133Z [svc-billing-3] cache hit rate 95%
2026-02-21T02:40:04.134Z [svc-cache-3] health check ok
2026-02-21T02:40:04.136Z [svc-media-2] processed batch of 449 items
2026-02-21T02:40:04.137Z [svc-auth-0] warning: slow query took 1956ms
2026-02-21T02:40:04.137Z [svc-queue-0] warning: slow query took 2172ms
2026-02-21T02:40:04.141Z [svc-db-4] gc pause 109ms, heap 348MB
2026-02-21T02:40:04.145Z [pytest-xdist] gw2 test_billing.py::test_render_index PASSED in 60ms trace=aa8695d0-c479-e280-9edd-1c2663931ac0
2026-02-21T02:40:04.147Z [svc-auth-3] connected to upstream in 70ms
2026-02-21T02:40:04.147Z [svc-search-1] closed idle connection after 160s
2026-02-21T02:40:04.147Z [svc-sched-3] connected to upstream in 40ms
2026-02-21T02:40:04.151Z [svc-gateway-4] warning: slow query took 1171ms
2026-02-21T02:40:04.153Z [svc-auth-1] warning: slow query took 1420ms
2026-02-21T02:40:04.153Z [svc-media-4] health check ok
2026-02-21T02:40:04.154Z [svc-db-1] processed batch of 236 items
2026-02-21T02:40:04.154Z [svc-notify-4] connected to upstream in 30ms
2026-02-21T02:40:04.155Z [svc-notify-1] processed batch of 31 items
2026-02-21T02:40:04.156Z [svc-billing-1] cache hit rate 95%
2026-02-21T02:40:04.157Z [svc-auth-2] health check ok
2026-02-21T02:40:04.158Z [svc-db-0] connected to upstream in 43ms
2026-02-21T02:40:04.159Z [svc-notify-2] health check ok
2026-02-21T02:40:04.160Z [svc-billing-3] gc pause 59ms, heap 422MB
2026-02-21T02:40:04.161Z [svc-sched-1] warning: slow query took 441ms
2026-02-21T02:40:04.162Z [pytest-xdist] gw4 test_gateway.py::test_list_coupon PASSED in 9ms trace=845ec3c2-91f9-3e94-b9a7-73b5e9d07b45
2026-02-21T02:40:04.163Z [svc-notify-3] connected to upstream in 76ms
2026-02-21T02:40:04.163Z [svc-media-3] warning: slow query took 2013ms
2026-02-21T02:40:04.166Z [svc-sched-0] closed idle connection after 92s
2026-02-21T02:40:04.167Z [svc-billing-4] retrying connection to vault (attempt 3/3)
2026-02-21T02:40:04.167Z [svc-media-4] gc pause 17ms, heap 535MB
2026-02-21T02:40:04.168Z [svc-notify-3] gc pause 62ms, heap 441MB
2026-02-21T02:40:04.170Z [svc-media-0] closed idle connection after 249s
2026-02-21T02:40:04.171Z [svc-gateway-0] health check ok
2026-02-21T02:40:04.173Z [svc-db-3] connected to upstream in 10ms
2026-02-21T02:40:04.175Z [svc-media-3] retrying connection to kafka (attempt 3/3)
2026-02-21T02:40:04.176Z [svc-search-0] processed batch of 60 items
2026-02-21T02:40:04.176Z [svc-sched-3] health check ok
2026-02-21T02:40:04.181Z [svc-auth-3] closed idle connection after 179s
2026-02-21T02:40:04.181Z [svc-gateway-0] gc pause 58ms, heap 811MB
2026-02-21T02:40:04.182Z [pytest-xdist] gw4 test_billing.py::test_retry_template PASSED in 54ms trace=b7544c14-6c49-95dc-c3a5-97c35c969c64
2026-02-21T02:40:04.182Z [svc-auth-2] health check ok
2026-02-21T02:40:04.182Z [svc-auth-3] processed batch of 89 items
2026-02-21T02:40:04.182Z [svc-notify-4] warning: slow query took 303ms
2026-02-21T02:40:04.184Z [svc-search-0] processed batch of 192 items
2026-02-21T02:40:04.185Z [svc-sched-0] gc pause 105ms, heap 738MB
2026-02-21T02:40:04.187Z [svc-auth-2] cache hit rate 92%
2026-02-21T02:40:04.191Z [svc-auth-0] connected to upstream in 8ms
2026-02-21T02:40:04.191Z [svc-sched-3] closed idle connection after 262s
2026-02-21T02:40:04.192Z [svc-search-4] cache hit rate 95%
2026-02-21T02:40:04.192Z [svc-sched-0] gc pause 97ms, heap 477MB
2026-02-21T02:40:04.193Z [svc-billing-4] warning: slow query took 1022ms
2026-02-21T02:40:04.193Z [svc-queue-2] retrying connection to redis (attempt 1/3)
2026-02-21T02:40:04.194Z [svc-auth-4] processed batch of 43 items
2026-02-21T02:40:04.196Z [svc-db-0] cache hit rate 88%
2026-02-21T02:40:04.196Z [svc-db-1] gc pause 22ms, heap 791MB
2026-02-21T02:40:04.197Z [pytest-xdist] gw3 test_export.py::test_update_query PASSED in 147ms trace=e457654d-d6a0-4245-1623-2568049ec199
2026-02-21T02:40:04.197Z [svc-media-2] closed idle connection after 241s
2026-02-21T02:40:04.198Z [svc-notify-2] gc pause 62ms, heap 809MB
2026-02-21T02:40:04.200Z [svc-search-3] closed idle connection after 314s
2026-02-21T02:40:04.204Z [svc-db-2] cache hit rate 92%
2026-02-21T02:40:04.204Z [svc-queue-4] connected to upstream in 79ms
2026-02-21T02:40:04.205Z [pytest-xdist] gw3 test_billing.py::test_paginate_coupon PASSED in 224ms trace=beaa2ae1-f748-37bc-21a9-2899fa301108
2026-02-21T02:40:04.206Z [svc-gateway-0] connected to upstream in 75ms
2026-02-21T02:40:04.210Z [svc-auth-0] processed batch of 102 items
2026-02-21T02:40:04.211Z [svc-media-2] retrying connection to redis (attempt 2/3)
2026-02-21T02:40:04.213Z [svc-notify-0] gc pause 71ms, heap 750MB
2026-02-21T02:40:04.214Z [svc-auth-2] connected to upstream in 59ms
2026-02-21T02:40:04.219Z [svc-notify-4] warning: slow query took 1495ms
2026-02-21T02:40:04.223Z [svc-notify-2] health check ok
2026-02-21T02:40:04.223Z [svc-gateway-2] connected to upstream in 43ms
2026-02-21T02:40:04.223Z [svc-sched-0] cache hit rate 88%
2026-02-21T02:40:04.226Z [pytest-xdist] gw0 test_notify.py::test_cache_attachment PASSED in 36ms trace=90fc1ec5-0870-37d8-377b-8f438d5f3510
2026-02-21T02:40:04.226Z [svc-notify-2] closed idle connection after 129s
2026-02-21T02:40:04.232Z [svc-gateway-4] closed idle connection after 271s
2026-02-21T02:40:04.233Z [svc-billing-2] warning: slow query took 1609ms
2026-02-21T02:40:04.235Z [svc-search-1] processed batch of 31 items
2026-02-21T02:40:04.236Z [svc-gateway-4] connected to upstream in 70ms
2026-02-21T02:40:04.240Z [pytest-xdist] gw4 test_reports.py::test_parse_subscription PASSED in 88ms trace=ffbf3178-3276-3467-a22b-b6bc7f7bf474
2026-02-21T02:40:04.244Z [svc-db-3] processed batch of 160 items
2026-02-21T02:40:04.244Z [svc-media-0] warning: slow query took 1521ms
2026-02-21T02:40:04.245Z [svc-billing-0] retrying connection to redis (attempt 1/3)
2026-02-21T02:40:04.245Z [svc-queue-4] connected to upstream in 34ms
2026-02-21T02:40:04.251Z [svc-queue-1] processed batch of 246 items
2026-02-21T02:40:04.253Z [svc-gateway-3] connected to upstream in 69ms
2026-02-21T02:40:04.254Z [svc-notify-2] gc pause 106ms, heap 242MB
2026-02-21T02:40:04.258Z [svc-queue-3] processed batch of 160 items
2026-02-21T02:40:04.260Z [svc-billing-1] health check ok
2026-02-21T02:40:04.261Z [pytest-xdist] gw3 test_billing.py::test_cache_shipment PASSED in 72ms trace=d85b4459-0acc-7cd3-9690-68516fe80100
2026-02-21T02:40:04.264Z [svc-billing-1] connected to upstream in 23ms
2026-02-21T02:40:04.264Z [svc-search-4] cache hit rate 95%
2026-02-21T02:40:04.264Z [svc-sched-0] warning: slow query took 1882ms
2026-02-21T02:40:04.267Z [svc-search-0] health check ok
2026-02-21T02:40:04.272Z [svc-auth-0] processed batch of 452 items
2026-02-21T02:40:04.273Z [pytest-xdist] gw5 test_orders.py::test_create_template PASSED in 50ms trace=0e13e134-fd20-6e0e-2fdd-f6efbe50a186
2026-02-21T02:40:04.278Z [svc-db-3] retrying connection to vault (attempt 2/3)
2026-02-21T02:40:04.283Z [svc-billing-4] gc pause 43ms, heap 701MB
2026-02-21T02:40:04.283Z [svc-notify-2] health check ok
2026-02-21T02:40:04.283Z [svc-notify-4] processed batch of 131 items
2026-02-21T02:40:04.284Z [svc-notify-4] warning: slow query took 1953ms
2026-02-21T02:40:04.286Z [svc-notify-1] connected to upstream in 29ms
2026-02-21T02:40:04.287Z [svc-gateway-1] health check ok
2026-02-21T02:40:04.287Z [svc-media-3] cache hit rate 95%
2026-02-21T02:40:04.288Z [svc-cache-3] closed idle connection after 310s
2026-02-21T02:40:04.289Z [svc-notify-0] cache hit rate 90%
2026-02-21T02:40:04.290Z [svc-gateway-1] connected to upstream in 75ms
2026-02-21T02:40:04.292Z [svc-search-2] cache hit rate 92%
2026-02-21T02:40:04.293Z [pytest-xdist] gw4 test_gateway.py::test_authorize_refund PASSED in 164ms trace=527c8c24-dd60-53e8-e721-9c0c74a97fa7
2026-02-21T02:40:04.293Z [svc-notify-4] warning: slow query took 2107ms
2026-02-21T02:40:04.295Z [svc-db-4] connected to upstream in 74ms
2026-02-21T02:40:04.296Z [svc-db-0] warning: slow query took 1491ms
2026-02-21T02:40:04.298Z [pytest-xdist] gw5 test_search.py::test_render_region PASSED in 159ms trace=bcf0806e-c08a-18c9-ae40-9ab2678e568b
2026-02-21T02:40:04.298Z [svc-db-0] gc pause 108ms, heap 901MB
2026-02-21T02:40:04.298Z [svc-notify-0] gc pause 31ms, heap 261MB
2026-02-21T02:40:04.300Z [svc-cache-3] closed idle connection after 182s
2026-02-21T02:40:04.300Z [svc-db-1] closed idle connection after 240s
2026-02-21T02:40:04.301Z [svc-auth-0] cache hit rate 85%
2026-02-21T02:40:04.302Z [svc-search-3] processed batch of 428 items
2026-02-21T02:40:04.304Z [svc-auth-0] cache hit rate 85%
2026-02-21T02:40:04.304Z [svc-search-0] connected to upstream in 41ms
2026-02-21T02:40:04.304Z [svc-search-1] processed batch of 382 items
2026-02-21T02:40:04.304Z [svc-media-0] health check ok
2026-02-21T02:40:04.305Z [svc-search-4] processed batch of 51 items
2026-02-21T02:40:04.308Z [svc-auth-4] health check ok
2026-02-21T02:40:04.308Z [svc-sched-1] gc pause 89ms, heap 436MB
2026-02-21T02:40:04.310Z [svc-auth-0] closed idle connection after 202s
2026-02-21T02:40:04.311Z [svc-cache-2] closed idle connection after 322s
2026-02-21T02:40:04.312Z [svc-db-1] processed batch of 304 items
2026-02-21T02:40:04.314Z [svc-gateway-1] gc pause 83ms, heap 523MB
2026-02-21T02:40:04.316Z [svc-billing-0] gc pause 5ms, heap 726MB
2026-02-21T02:40:04.316Z [svc-media-1] gc pause 121ms, heap 477MB
2026-02-21T02:40:04.317Z [svc-sched-4] health check ok
2026-02-21T02:40:04.318Z [pytest-xdist] gw4 test_queue.py::test_authorize_query PASSED in 33ms trace=795e3ed6-de3a-ede7-27be-c26f58d62e60
2026-02-21T02:40:04.318Z [svc-media-3] connected to upstream in 10ms
2026-02-21T02:40:04.318Z [svc-sched-3] health check ok
2026-02-21T02:40:04.319Z [svc-gateway-0] retrying connection to redis (attempt 1/3)
2026-02-21T02:40:04.320Z [svc-gateway-1] health check ok
2026-02-21T02:40:04.320Z [svc-queue-2] connected to upstream in 57ms
2026-02-21T02:40:04.321Z [svc-media-4] retrying connection to s3 (attempt 1/3)
2026-02-21T02:40:04.322Z [svc-cache-0] retrying connection to vault (attempt 1/3)
2026-02-21T02:40:04.323Z [svc-gateway-2] health check ok
2026-02-21T02:40:04.324Z [svc-queue-3] connected to upstream in 9ms
2026-02-21T02:40:04.326Z [svc-auth-1] closed idle connection after 318s
2026-02-21T02:40:04.326Z [svc-db-0] warning: slow query took 1833ms
2026-02-21T02:40:04.328Z [svc-sched-0] processed batch of 350 items
2026-02-21T02:40:04.332Z [svc-billing-1] health check ok
2026-02-21T02:40:04.333Z [svc-sched-4] retrying connection to s3 (attempt 2/3)
2026-02-21T02:40:04.334Z [svc-auth-3] cache hit rate 85%
2026-02-21T02:40:04.334Z [svc-search-3] closed idle connection after 172s
2026-02-21T02:40:04.336Z [svc-auth-0] warning: slow query took 1249ms
2026-02-21T02:40:04.336Z [svc-cache-2] cache hit rate 90%
2026-02-21T02:40:04.337Z [svc-cache-1] cache hit rate 90%
2026-02-21T02:40:04.338Z [svc-auth-3] gc pause 11ms, heap 751MB
2026-02-21T02:40:04.339Z [pytest-xdist] gw4 test_search.py::test_reconcile_region PASSED in 27ms trace=1640cafd-11f4-957a-a5ee-0e0c3053329e
2026-02-21T02:40:04.340Z [svc-search-4] connected to upstream in 61ms
2026-02-21T02:40:04.341Z [svc-db-4] health check ok
2026-02-21T02:40:04.341Z [svc-billing-1] gc pause 17ms, heap 768MB
2026-02-21T02:40:04.341Z [svc-queue-1] cache hit rate 90%
2026-02-21T02:40:04.342Z [svc-db-0] connected to upstream in 49ms
2026-02-21T02:40:04.343Z [pytest-xdist] gw3 test_queue.py::test_sync_webhook PASSED in 112ms trace=ca1d32a2-6ba2-dcfb-5761-1f8ff6b0cd51
2026-02-21T02:40:04.345Z [svc-billing-0] closed idle connection after 298s
2026-02-21T02:40:04.347Z [svc-billing-2] warning: slow query took 1581ms
2026-02-21T02:40:04.347Z [svc-notify-1] gc pause 11ms, heap 671MB
2026-02-21T02:40:04.348Z [svc-cache-0] gc pause 68ms, heap 858MB
2026-02-21T02:40:04.348Z [svc-sched-0] processed batch of 371 items
2026-02-21T02:40:04.348Z [svc-sched-4] health check ok
2026-02-21T02:40:04.350Z [svc-search-3] cache hit rate 88%
2026-02-21T02:40:04.351Z [svc-db-2] cache hit rate 85%
2026-02-21T02:40:04.351Z [svc-sched-4] processed batch of 122 items
2026-02-21T02:40:04.352Z [svc-sched-3] connected to upstream in 56ms
2026-02-21T02:40:04.355Z [svc-billing-3] gc pause 77ms, heap 443MB
2026-02-21T02:40:04.355Z [svc-queue-0] cache hit rate 88%
2026-02-21T02:40:04.358Z [svc-media-1] processed batch of 282 items
2026-02-21T02:40:04.360Z [svc-billing-4] gc pause 29ms, heap 540MB
2026-02-21T02:40:04.360Z [svc-search-4] processed batch of 400 items
2026-02-21T02:40:04.360Z [svc-gateway-3] gc pause 48ms, heap 455MB
2026-02-21T02:40:04.362Z [svc-db-3] closed idle connection after 170s
2026-02-21T02:40:04.363Z [pytest-xdist] gw5 test_notify.py::test_sync_shipment PASSED in 73ms trace=5cf8e574-d8db-680e-822d-bc0ee3329854
2026-02-21T02:40:04.363Z [svc-db-4] cache hit rate 95%
2026-02-21T02:40:04.363Z [svc-billing-3] processed batch of 226 items
2026-02-21T02:40:04.363Z [svc-search-0] connected to upstream in 28ms
2026-02-21T02:40:04.363Z [svc-queue-1] warning: slow query took 711ms
2026-02-21T02:40:04.366Z [svc-cache-2] cache hit rate 88%
2026-02-21T02:40:04.368Z [pytest-xdist] gw2 test_sched.py::test_cache_webhook PASSED in 31ms trace=5de30c8b-ef27-249b-a591-dcdab3cac9a1
2026-02-21T02:40:04.369Z [svc-queue-4] cache hit rate 90%
2026-02-21T02:40:04.370Z [svc-gateway-4] retrying connection to vault (attempt 1/3)
2026-02-21T02:40:04.375Z [svc-search-2] cache hit rate 85%
2026-02-21T02:40:04.375Z [svc-queue-2] health check ok
2026-02-21T02:40:04.382Z [svc-db-3] warning: slow query took 1871ms
2026-02-21T02:40:04.382Z [svc-notify-3] warning: slow query took 566ms
2026-02-21T02:40:04.383Z [svc-sched-1] warning: slow query took 1934ms
2026-02-21T02:40:04.384Z [pytest-xdist] gw5 test_sched.py::test_parse_query PASSED in 153ms trace=eb5e6d25-cb53-f2cf-ae6e-4efb574cfdfa
2026-02-21T02:40:04.385Z [svc-gateway-3] health check ok
2026-02-21T02:40:04.387Z [svc-cache-1] connected to upstream in 53ms
2026-02-21T02:40:04.387Z [svc-sched-1] gc pause 40ms, heap 223MB
2026-02-21T02:40:04.388Z [svc-gateway-1] closed idle connection after 125s
2026-02-21T02:40:04.389Z [svc-cache-2] cache hit rate 88%
2026-02-21T02:40:04.389Z [svc-gateway-2] connected to upstream in 13ms
2026-02-21T02:40:04.393Z [svc-auth-0] warning: slow query took 1063ms
2026-02-21T02:40:04.393Z [svc-auth-3] health check ok
2026-02-21T02:40:04.394Z [svc-gateway-3] health check ok
2026-02-21T02:40:04.397Z [svc-search-3] health check ok
2026-02-21T02:40:04.397Z [svc-sched-1] warning: slow query took 634ms
2026-02-21T02:40:04.398Z [pytest-xdist] gw5 test_search.py::test_cache_session PASSED in 191ms trace=96771959-0c5f-728c-78f0-621a23cc978a
2026-02-21T02:40:04.398Z [svc-cache-0] warning: slow query took 297ms
2026-02-21T02:40:04.399Z [svc-gateway-3] health check ok
2026-02-21T02:40:04.400Z [svc-sched-4] health check ok
2026-02-21T02:40:04.401Z [svc-db-3] cache hit rate 85%
2026-02-21T02:40:04.402Z [svc-auth-3] closed idle connection after 157s
2026-02-21T02:40:04.404Z [svc-auth-1] warning: slow query took 796ms
2026-02-21T02:40:04.412Z [svc-auth-2] processed batch of 436 items
2026-02-21T02:40:04.413Z [svc-sched-0] closed idle connection after 162s
2026-02-21T02:40:04.415Z [svc-notify-0] cache hit rate 90%
2026-02-21T02:40:04.415Z [svc-queue-3] warning: slow query took 1493ms
2026-02-21T02:40:04.416Z [pytest-xdist] gw0 test_billing.py::test_list_template PASSED in 158ms trace=6359e285-1748-609a-23b5-73991f8d7129
2026-02-21T02:40:04.416Z [svc-billing-3] health check ok
2026-02-21T02:40:04.416Z [svc-billing-4] cache hit rate 90%
2026-02-21T02:40:04.418Z [svc-search-2] connected to upstream in 24ms
2026-02-21T02:40:04.420Z [pytest-xdist] gw2 test_media.py::test_create_session PASSED in 131ms trace=f9de8c98-c38c-67bf-5928-258915262dd4
2026-02-21T02:40:04.420Z [svc-db-3] cache hit rate 85%
2026-02-21T02:40:04.420Z [svc-search-1] processed batch of 64 items
2026-02-21T02:40:04.422Z [svc-gateway-4] processed batch of 280 items
2026-02-21T02:40:04.423Z [svc-db-2] health check ok
2026-02-21T02:40:04.425Z [svc-db-4] retrying connection to postgres (attempt 2/3)
2026-02-21T02:40:04.427Z [svc-queue-1] retrying connection to postgres (attempt 3/3)
2026-02-21T02:40:04.429Z [pytest-xdist] gw2 test_payments.py::test_expire_session PASSED in 120ms trace=468db278-5973-00ce-f477-4ce4621d363e
2026-02-21T02:40:04.430Z [svc-notify-3] closed idle connection after 297s
2026-02-21T02:40:04.431Z [svc-billing-1] health check ok
2026-02-21T02:40:04.432Z [svc-auth-2] closed idle connection after 112s
2026-02-21T02:40:04.433Z [svc-cache-3] closed idle connection after 85s
2026-02-21T02:40:04.434Z [svc-gateway-0] closed idle connection after 228s
2026-02-21T02:40:04.436Z [svc-media-3] connected to upstream in 51ms
2026-02-21T02:40:04.436Z [svc-queue-4] gc pause 100ms, heap 449MB
2026-02-21T02:40:04.437Z [svc-notify-1] retrying connection to redis (attempt 1/3)
2026-02-21T02:40:04.440Z [svc-billing-0] retrying connection to redis (attempt 2/3)
2026-02-21T02:40:04.440Z [svc-search-0] retrying connection to postgres (attempt 3/3)
2026-02-21T02:40:04.440Z [svc-notify-1] connected to upstream in 12ms
2026-02-21T02:40:04.442Z [svc-search-2] connected to upstream in 81ms
2026-02-21T02:40:04.444Z [svc-billing-2] closed idle connection after 86s
2026-02-21T02:40:04.445Z [svc-sched-1] retrying connection to postgres (attempt 2/3)
2026-02-21T02:40:04.446Z [svc-queue-4] warning: slow query took 1507ms
2026-02-21T02:40:04.447Z [svc-media-2] connected to upstream in 76ms
2026-02-21T02:40:04.448Z [svc-gateway-3] closed idle connection after 103s
2026-02-21T02:40:04.449Z [svc-billing-0] closed idle connection after 297s
2026-02-21T02:40:04.450Z [pytest-xdist] gw3 test_queue.py::test_delete_session PASSED in 54ms trace=f0f40b6e-f624-941d-9bed-7f68cc9cddca
2026-02-21T02:40:04.457Z [svc-cache-1] gc pause 57ms, heap 698MB
2026-02-21T02:40:04.457Z [svc-cache-2] gc pause 5ms, heap 248MB
2026-02-21T02:40:04.458Z [pytest-xdist] gw2 test_media.py::test_render_subscription PASSED in 61ms trace=2c084a3a-74ae-65f3-200b-ee8c9c56fdcb
2026-02-21T02:40:04.458Z [svc-db-2] warning: slow query took 1459ms
2026-02-21T02:40:04.459Z [svc-media-3] processed batch of 303 items
2026-02-21T02:40:04.460Z [svc-sched-3] health check ok
2026-02-21T02:40:04.464Z [svc-notify-0] connected to upstream in 59ms
2026-02-21T02:40:04.465Z [svc-queue-4] processed batch of 133 items
2026-02-21T02:40:04.465Z [svc-sched-3] processed batch of 138 items
2026-02-21T02:40:04.466Z [pytest-xdist] gw3 test_export.py::test_expire_subscription PASSED in 71ms trace=8c11fbf4-3fa9-8cd3-7409-efa4f57c5055
2026-02-21T02:40:04.466Z [svc-gateway-2] closed idle connection after 156s
2026-02-21T02:40:04.467Z [svc-cache-1] warning: slow query took 736ms
2026-02-21T02:40:04.467Z [svc-billing-3] connected to upstream in 19ms
2026-02-21T02:40:04.467Z [svc-gateway-1] retrying connection to kafka (attempt 2/3)
2026-02-21T02:40:04.470Z [svc-db-0] connected to upstream in 31ms
2026-02-21T02:40:04.471Z [svc-notify-0] closed idle connection after 283s
2026-02-21T02:40:04.475Z [svc-sched-4] processed batch of 192 items
2026-02-21T02:40:04.477Z [svc-billing-4] cache hit rate 88%
2026-02-21T02:40:04.478Z [svc-cache-1] closed idle connection after 40s
2026-02-21T02:40:04.481Z [pytest-xdist] gw1 test_queue.py::test_retry_attachment PASSED in 116ms trace=f05d9cde-e24b-4487-85ea-bc84dae8f971
2026-02-21T02:40:04.481Z [svc-billing-2] cache hit rate 90%
2026-02-21T02:40:04.481Z [svc-queue-0] retrying connection to vault (attempt 3/3)
2026-02-21T02:40:04.484Z [svc-db-0] retrying connection to kafka (attempt 2/3)
2026-02-21T02:40:04.486Z [svc-queue-2] connected to upstream in 24ms
2026-02-21T02:40:04.488Z [svc-notify-1] gc pause 38ms, heap 585MB
2026-02-21T02:40:04.488Z [svc-media-3] processed batch of 286 items
2026-02-21T02:40:04.489Z [svc-db-1] gc pause 50ms, heap 421MB
2026-02-21T02:40:04.489Z [svc-media-1] closed idle connection after 60s
2026-02-21T02:40:04.491Z [svc-search-4] connected to upstream in 61ms
2026-02-21T02:40:04.491Z [svc-media-0] processed batch of 402 items
2026-02-21T02:40:04.492Z [svc-cache-0] warning: slow query took 412ms
2026-02-21T02:40:04.493Z [svc-auth-4] warning: slow query took 1920ms
2026-02-21T02:40:04.493Z [svc-db-3] cache hit rate 92%
2026-02-21T02:40:04.493Z [svc-media-0] retrying connection to vault (attempt 2/3)
2026-02-21T02:40:04.494Z [svc-db-0] processed batch of 51 items
2026-02-21T02:40:04.494Z [svc-sched-1] connected to upstream in 8ms
2026-02-21T02:40:04.496Z [svc-billing-1] closed idle connection after 169s
2026-02-21T02:40:04.497Z [pytest-xdist] gw2 test_payments.py::test_retry_token PASSED in 78ms trace=6023aa4b-f70b-f1d1-9f8a-ca5048665de3
2026-02-21T02:40:04.500Z [svc-billing-1] retrying connection to kafka (attempt 1/3)
2026-02-21T02:40:04.501Z [svc-db-3] processed batch of 200 items
2026-02-21T02:40:04.501Z [svc-media-1] gc pause 78ms, heap 785MB
2026-02-21T02:40:04.503Z [svc-queue-0] connected to upstream in 53ms
2026-02-21T02:40:04.505Z [svc-auth-0] connected to upstream in 8ms
2026-02-21T02:40:04.508Z [svc-cache-2] connected to upstream in 18ms
2026-02-21T02:40:04.509Z [svc-billing-2] health check ok
2026-02-21T02:40:04.510Z [svc-gateway-0] gc pause 115ms, heap 433MB
2026-02-21T02:40:04.511Z [svc-db-4] health check ok
2026-02-21T02:40:04.516Z [svc-cache-2] cache hit rate 90%
2026-02-21T02:40:04.517Z [pytest-xdist] gw4 test_reports.py::test_delete_index PASSED in 2ms trace=e50d8976-030f-76fd-4e95-176dad3071eb
2026-02-21T02:40:04.517Z [svc-billing-0] retrying connection to redis (attempt 2/3)
2026-02-21T02:40:04.521Z [svc-billing-0] warning: slow query took 1095ms
2026-02-21T02:40:04.522Z [svc-db-2] retrying connection to elasticsearch (attempt 2/3)
2026-02-21T02:40:04.525Z [pytest-xdist] gw0 test_export.py::test_sync_refund PASSED in 76ms trace=700ca9d0-2d18-eaf6-7399-62e65071f88a
2026-02-21T02:40:04.526Z [svc-media-1] health check ok
2026-02-21T02:40:04.527Z [svc-auth-3] cache hit rate 95%
2026-02-21T02:40:04.530Z [svc-notify-3] cache hit rate 85%
2026-02-21T02:40:04.531Z [svc-notify-3] retrying connection to s3 (attempt 1/3)
2026-02-21T02:40:04.532Z [pytest-xdist] gw3 test_import.py::test_validate_session PASSED in 130ms trace=a18d004a-6e12-fb25-3b94-ed391c2e446a
2026-02-21T02:40:04.534Z [svc-media-3] cache hit rate 90%
2026-02-21T02:40:04.536Z [svc-cache-4] retrying connection to s3 (attempt 3/3)
2026-02-21T02:40:04.536Z [svc-search-1] connected to upstream in 27ms
2026-02-21T02:40:04.537Z [svc-notify-0] health check ok
2026-02-21T02:40:04.537Z [svc-notify-4] processed batch of 76 items
2026-02-21T02:40:04.537Z [svc-gateway-4] closed idle connection after 59s
2026-02-21T02:40:04.540Z [svc-queue-0] processed batch of 479 items
2026-02-21T02:40:04.541Z [svc-search-4] cache hit rate 85%
2026-02-21T02:40:04.542Z [svc-sched-2] cache hit rate 92%
2026-02-21T02:40:04.545Z [svc-auth-1] cache hit rate 85%
2026-02-21T02:40:04.545Z [svc-billing-3] retrying connection to elasticsearch (attempt 2/3)
2026-02-21T02:40:04.548Z [svc-auth-1] closed idle connection after 304s
2026-02-21T02:40:04.551Z [svc-billing-1] health check ok
2026-02-21T02:40:04.554Z [pytest-xdist] gw4 test_users.py::test_retry_index PASSED in 55ms trace=69edf802-c93f-5994-0554-d52ea8042d9e
2026-02-21T02:40:04.556Z [svc-billing-3] connected to upstream in 36ms
2026-02-21T02:40:04.556Z [svc-media-4] closed idle connection after 276s
2026-02-21T02:40:04.558Z [svc-db-0] health check ok
2026-02-21T02:40:04.558Z [svc-search-4] health check ok
2026-02-21T02:40:04.560Z [svc-search-3] warning: slow query took 2133ms
2026-02-21T02:40:04.566Z [svc-billing-2] warning: slow query took 754ms
2026-02-21T02:40:04.568Z [svc-auth-2] processed batch of 347 items
2026-02-21T02:40:04.568Z [svc-gateway-2] warning: slow query took 1210ms
2026-02-21T02:40:04.568Z [svc-media-2] cache hit rate 95%
2026-02-21T02:40:04.572Z [svc-search-1] connected to upstream in 32ms
2026-02-21T02:40:04.574Z [pytest-xdist] gw5 test_notify.py::test_sync_user PASSED in 9ms trace=9a086e30-fd4f-69a2-4d40-ef042f92ff90
2026-02-21T02:40:04.575Z [svc-notify-0] connected to upstream in 22ms
2026-02-21T02:40:04.580Z [svc-media-0] processed batch of 185 items
2026-02-21T02:40:04.582Z [svc-queue-3] connected to upstream in 20ms
2026-02-21T02:40:04.586Z [svc-sched-3] cache hit rate 85%
2026-02-21T02:40:04.587Z [svc-billing-4] processed batch of 279 items
2026-02-21T02:40:04.587Z [svc-media-3] warning: slow query took 1722ms
2026-02-21T02:40:04.591Z [svc-search-2] closed idle connection after 158s
2026-02-21T02:40:04.593Z [svc-auth-4] cache hit rate 95%
2026-02-21T02:40:04.593Z [svc-search-2] processed batch of 419 items
2026-02-21T02:40:04.594Z [svc-gateway-1] gc pause 111ms, heap 551MB
2026-02-21T02:40:04.595Z [pytest-xdist] gw0 test_users.py::test_retry_quota PASSED in 6ms trace=bc0f5740-c33f-24a2-1740-3616ba27a03c
2026-02-21T02:40:04.597Z [svc-auth-2] processed batch of 496 items
2026-02-21T02:40:04.597Z [svc-sched-3] connected to upstream in 40ms
2026-02-21T02:40:04.597Z [svc-sched-4] connected to upstream in 24ms
2026-02-21T02:40:04.598Z [svc-sched-4] gc pause 117ms, heap 128MB
2026-02-21T02:40:04.599Z [pytest-xdist] gw3 test_notify.py::test_render_webhook PASSED in 183ms trace=1c8786cb-f865-ffc4-9f3e-7b5a1ba57524
2026-02-21T02:40:04.599Z [svc-auth-0] closed idle connection after 232s
2026-02-21T02:40:04.601Z [svc-queue-3] health check ok
2026-02-21T02:40:04.606Z [svc-notify-2] connected to upstream in 32ms
2026-02-21T02:40:04.606Z [svc-sched-1] retrying connection to postgres (attempt 3/3)
2026-02-21T02:40:04.607Z [svc-media-4] gc pause 26ms, heap 251MB
2026-02-21T02:40:04.610Z [svc-gateway-1] cache hit rate 95%
2026-02-21T02:40:04.612Z [svc-queue-0] connected to upstream in 30ms
2026-02-21T02:40:04.614Z [svc-search-3] cache hit rate 85%
2026-02-21T02:40:04.617Z [svc-media-4] warning: slow query took 325ms
2026-02-21T02:40:04.617Z [svc-sched-0] cache hit rate 92%
2026-02-21T02:40:04.619Z [pytest-xdist] gw4 test_users.py::test_sync_webhook PASSED in 64ms trace=34e96ba8-7b99-5d5f-298e-a9618716fb02
2026-02-21T02:40:04.624Z [svc-db-4] cache hit rate 95%
2026-02-21T02:40:04.624Z [svc-notify-0] connected to upstream in 47ms
2026-02-21T02:40:04.625Z [svc-gateway-0] retrying connection to redis (attempt 2/3)
2026-02-21T02:40:04.627Z [svc-media-3] connected to upstream in 42ms
2026-02-21T02:40:04.630Z [pytest-xdist] gw4 test_search.py::test_reconcile_template PASSED in 50ms trace=d591776f-06d0-d15f-05d2-c68e7b6f65dc
2026-02-21T02:40:04.630Z [svc-cache-1] cache hit rate 88%
2026-02-21T02:40:04.630Z [svc-billing-3] cache hit rate 92%
2026-02-21T02:40:04.631Z [svc-auth-1] gc pause 80ms, heap 558MB
2026-02-21T02:40:04.631Z [svc-cache-4] health check ok
2026-02-21T02:40:04.633Z [svc-billing-2] warning: slow query took 607ms
2026-02-21T02:40:04.633Z [svc-queue-0] cache hit rate 90%
2026-02-21T02:40:04.635Z [svc-db-1] warning: slow query took 2085ms
2026-02-21T02:40:04.636Z [pytest-xdist] gw1 test_users.py::test_create_subscription PASSED in 181ms trace=ea05e3fc-e454-ee81-0b69-31d353714ad0
2026-02-21T02:40:04.636Z [svc-auth-0] cache hit rate 95%
2026-02-21T02:40:04.636Z [svc-billing-3] health check ok
2026-02-21T02:40:04.636Z [svc-media-2] processed batch of 90 items
2026-02-21T02:40:04.636Z [svc-queue-4] warning: slow query took 2102ms
2026-02-21T02:40:04.637Z [svc-sched-3] retrying connection to kafka (attempt 1/3)
2026-02-21T02:40:04.640Z [svc-queue-4] retrying connection to s3 (attempt 1/3)
2026-02-21T02:40:04.642Z [svc-db-0] processed batch of 462 items
2026-02-21T02:40:04.645Z [svc-billing-2] connected to upstream in 69ms
2026-02-21T02:40:04.645Z [svc-notify-0] closed idle connection after 237s
2026-02-21T02:40:04.645Z [svc-media-0] connected to upstream in 73ms
2026-02-21T02:40:04.646Z [svc-notify-4] gc pause 58ms, heap 261MB
2026-02-21T02:40:04.649Z [pytest-xdist] gw1 test_reports.py::test_create_index PASSED in 60ms trace=c3177069-ad33-029e-42eb-184958972942
2026-02-21T02:40:04.649Z [svc-auth-0] connected to upstream in 84ms
2026-02-21T02:40:04.650Z [svc-db-1] retrying connection to s3 (attempt 1/3)
2026-02-21T02:40:04.650Z [svc-db-3] retrying connection to vault (attempt 3/3)
2026-02-21T02:40:04.650Z [svc-search-0] health check ok
2026-02-21T02:40:04.652Z [svc-cache-0] cache hit rate 88%
2026-02-21T02:40:04.653Z [svc-cache-4] closed idle connection after 86s
2026-02-21T02:40:04.655Z [svc-billing-4] processed batch of 19 items
2026-02-21T02:40:04.655Z [svc-sched-0] processed batch of 100 items
2026-02-21T02:40:04.655Z [svc-sched-3] closed idle connection after 203s
2026-02-21T02:40:04.656Z [svc-search-4] warning: slow query took 1308ms
2026-02-21T02:40:04.658Z [pytest-xdist] gw2 test_payments.py::test_notify_shipment PASSED in 160ms trace=3ef8ebd0-5a85-7c73-62f4-12cb61e6c30a
2026-02-21T02:40:04.658Z [svc-cache-1] connected to upstream in 45ms
2026-02-21T02:40:04.659Z [svc-cache-2] connected to upstream in 64ms
2026-02-21T02:40:04.659Z [svc-notify-2] health check ok
2026-02-21T02:40:04.660Z [svc-db-1] cache hit rate 95%
2026-02-21T02:40:04.660Z [svc-notify-0] processed batch of 489 items
2026-02-21T02:40:04.664Z [svc-auth-4] cache hit rate 92%
2026-02-21T02:40:04.667Z [svc-gateway-3] closed idle connection after 221s
2026-02-21T02:40:04.668Z [svc-notify-2] closed idle connection after 68s
2026-02-21T02:40:04.671Z [svc-media-3] warning: slow query took 639ms
2026-02-21T02:40:04.671Z [svc-sched-4] health check ok
2026-02-21T02:40:04.672Z [pytest-xdist] gw0 test_search.py::test_reconcile_query PASSED in 65ms trace=e7f69fea-6fbd-89cd-65ce-1e4451002ce0
2026-02-21T02:40:04.673Z [svc-billing-3] processed batch of 89 items
2026-02-21T02:40:04.675Z [svc-db-4] gc pause 17ms, heap 559MB
2026-02-21T02:40:04.676Z [svc-cache-1] closed idle connection after 35s
2026-02-21T02:40:04.676Z [svc-gateway-1] connected to upstream in 13ms
2026-02-21T02:40:04.678Z [svc-billing-2] closed idle connection after 284s
2026-02-21T02:40:04.681Z [svc-gateway-3] processed batch of 348 items
2026-02-21T02:40:04.682Z [svc-search-4] health check ok
2026-02-21T02:40:04.682Z [svc-sched-0] warning: slow query took 1795ms
2026-02-21T02:40:04.683Z [svc-media-4] retrying connection to s3 (attempt 2/3)
2026-02-21T02:40:04.686Z [svc-auth-3] connected to upstream in 29ms
2026-02-21T02:40:04.687Z [pytest-xdist] gw2 test_webhooks.py::test_reconcile_token PASSED in 133ms trace=a29a5ce6-c9a6-3c8c-b59e-57866ca90871
2026-02-21T02:40:04.687Z [svc-media-2] warning: slow query took 2067ms
2026-02-21T02:40:04.688Z [svc-notify-4] warning: slow query took 1271ms
2026-02-21T02:40:04.689Z [svc-search-1] retrying connection to redis (attempt 1/3)
2026-02-21T02:40:04.690Z [svc-queue-4] processed batch of 184 items
2026-02-21T02:40:04.694Z [svc-billing-0] processed batch of 223 items
2026-02-21T02:40:04.695Z [svc-auth-4] retrying connection to kafka (attempt 1/3)
2026-02-21T02:40:04.695Z [svc-db-0] health check ok
2026-02-21T02:40:04.696Z [pytest-xdist] gw3 test_billing.py::test_notify_query PASSED in 68ms trace=1ed6f10a-e60e-3947-2a44-b643026d4019
2026-02-21T02:40:04.696Z [svc-sched-4] closed idle connection after 268s
2026-02-21T02:40:04.698Z [svc-sched-2] cache hit rate 90%
2026-02-21T02:40:04.699Z [svc-gateway-2] processed batch of 462 items
2026-02-21T02:40:04.700Z [svc-billing-0] processed batch of 369 items
2026-02-21T02:40:04.701Z [pytest-xdist] gw5 test_webhooks.py::test_validate_invoice PASSED in 70ms trace=9ec03cc8-a6a5-7a99-57a5-0176eb3656c4
2026-02-21T02:40:04.701Z [svc-billing-4] retrying connection to vault (attempt 2/3)
2026-02-21T02:40:04.702Z [svc-cache-2] processed batch of 59 items
2026-02-21T02:40:04.703Z [svc-notify-1] closed idle connection after 278s
2026-02-21T02:40:04.703Z [svc-sched-3] health check ok
2026-02-21T02:40:04.705Z [svc-auth-0] closed idle connection after 103s
2026-02-21T02:40:04.707Z [svc-queue-2] retrying connection to redis (attempt 2/3)
2026-02-21T02:40:04.708Z [pytest-xdist] gw4 test_notify.py::test_retry_subscription PASSED in 244ms trace=9bccf1de-11d4-68eb-841b-ee5a4aaf6b31
2026-02-21T02:40:04.709Z [svc-cache-3] closed idle connection after 39s
2026-02-21T02:40:04.711Z [svc-db-2] closed idle connection after 176s
2026-02-21T02:40:04.711Z [svc-media-2] cache hit rate 85%
2026-02-21T02:40:04.713Z [svc-queue-1] warning: slow query took 318ms
2026-02-21T02:40:04.714Z [svc-notify-2] cache hit rate 88%
2026-02-21T02:40:04.718Z [svc-billing-2] gc pause 60ms, heap 569MB
2026-02-21T02:40:04.719Z [pytest-xdist] gw4 test_orders.py::test_create_token PASSED in 169ms trace=9dcff24a-8d98-8882-1886-9b845688f579
2026-02-21T02:40:04.719Z [svc-auth-0] closed idle connection after 152s
2026-02-21T02:40:04.719Z [svc-billing-3] connected to upstream in 82ms
2026-02-21T02:40:04.721Z [svc-queue-2] closed idle connection after 124s
2026-02-21T02:40:04.722Z [svc-media-0] connected to upstream in 64ms
2026-02-21T02:40:04.722Z [svc-queue-3] closed idle connection after 265s
2026-02-21T02:40:04.726Z [svc-cache-0] closed idle connection after 272s
2026-02-21T02:40:04.726Z [svc-media-3] health check ok
2026-02-21T02:40:04.726Z [svc-queue-4] health check ok
2026-02-21T02:40:04.727Z [svc-cache-3] health check ok
2026-02-21T02:40:04.728Z [svc-search-4] closed idle connection after 152s
2026-02-21T02:40:04.728Z [svc-queue-2] warning: slow query took 2146ms
2026-02-21T02:40:04.729Z [svc-cache-2] retrying connection to redis (attempt 1/3)
2026-02-21T02:40:04.729Z [svc-cache-4] processed batch of 410 items
2026-02-21T02:40:04.729Z [svc-billing-1] connected to upstream in 42ms
2026-02-21T02:40:04.733Z [svc-gateway-0] warning: slow query took 448ms
2026-02-21T02:40:04.733Z [svc-sched-3] processed batch of 270 items
2026-02-21T02:40:04.735Z [pytest-xdist] gw3 test_orders.py::test_update_session PASSED in 176ms trace=e481a82e-83c7-bb35-3fad-a91c9bbd9b9b
2026-02-21T02:40:04.735Z [svc-notify-1] warning: slow query took 1901ms
2026-02-21T02:40:04.736Z [svc-auth-3] cache hit rate 85%
2026-02-21T02:40:04.740Z [svc-gateway-4] retrying connection to vault (attempt 1/3)
2026-02-21T02:40:04.742Z [svc-sched-1] cache hit rate 95%
2026-02-21T02:40:04.744Z [svc-queue-3] warning: slow query took 622ms
2026-02-21T02:40:04.745Z [svc-auth-4] connected to upstream in 29ms
2026-02-21T02:40:04.746Z [svc-notify-2] processed batch of 453 items
2026-02-21T02:40:04.747Z [svc-cache-1] processed batch of 357 items
2026-02-21T02:40:04.747Z [svc-sched-2] cache hit rate 92%
2026-02-21T02:40:04.749Z [svc-queue-0] closed idle connection after 40s
2026-02-21T02:40:04.751Z [pytest-xdist] gw2 test_search.py::test_authorize_refund PASSED in 63ms trace=432597e6-9804-a54b-910b-704c1147412f
2026-02-21T02:40:04.751Z [svc-media-0] warning: slow query took 1619ms
2026-02-21T02:40:04.751Z [svc-sched-2] retrying connection to redis (attempt 3/3)
2026-02-21T02:40:04.754Z [svc-gateway-2] retrying connection to s3 (attempt 1/3)
2026-02-21T02:40:04.758Z [svc-notify-1] warning: slow query took 925ms
2026-02-21T02:40:04.760Z [svc-search-3] gc pause 5ms, heap 878MB
2026-02-21T02:40:04.761Z [pytest-xdist] gw1 test_reports.py::test_authorize_token PASSED in 152ms trace=4cb138e5-8aa9-62f7-6732-f30eb2b903be
2026-02-21T02:40:04.763Z [svc-auth-1] gc pause 97ms, heap 605MB
2026-02-21T02:40:04.764Z [pytest-xdist] gw3 test_queue.py::test_parse_attachment PASSED in 60ms trace=f4f01650-c3a4-671f-1548-6867560dc4b2
2026-02-21T02:40:04.764Z [svc-billing-1] cache hit rate 88%
2026-02-21T02:40:04.770Z [svc-cache-4] warning: slow query took 1709ms
2026-02-21T02:40:04.771Z [svc-sched-3] connected to upstream in 73ms
2026-02-21T02:40:04.771Z [svc-sched-3] closed idle connection after 41s
2026-02-21T02:40:04.774Z [svc-billing-1] connected to upstream in 77ms
2026-02-21T02:40:04.776Z [svc-queue-1] gc pause 10ms, heap 828MB
2026-02-21T02:40:04.778Z [svc-media-0] health check ok
2026-02-21T02:40:04.778Z [svc-queue-1] cache hit rate 92%
2026-02-21T02:40:04.782Z [svc-queue-4] connected to upstream in 52ms
2026-02-21T02:40:04.786Z [pytest-xdist] gw1 test_billing.py::test_notify_region PASSED in 62ms trace=5f99efb1-806d-29a2-a941-29d974b1cbea
2026-02-21T02:40:04.789Z [svc-cache-3] gc pause 50ms, heap 654MB
2026-02-21T02:40:04.793Z [svc-billing-2] health check ok
2026-02-21T02:40:04.794Z [svc-cache-3] cache hit rate 92%
2026-02-21T02:40:04.794Z [svc-notify-4] retrying connection to elasticsearch (attempt 3/3)
2026-02-21T02:40:04.794Z [svc-queue-0] gc pause 117ms, heap 631MB
2026-02-21T02:40:04.795Z [svc-queue-2] closed idle connection after 219s
2026-02-21T02:40:04.798Z [svc-media-0] connected to upstream in 60ms
2026-02-21T02:40:04.798Z [svc-media-2] connected to upstream in 35ms
2026-02-21T02:40:04.799Z [svc-db-3] cache hit rate 95%
2026-02-21T02:40:04.801Z [svc-media-3] cache hit rate 85%
2026-02-21T02:40:04.802Z [svc-search-0] gc pause 119ms, heap 421MB
2026-02-21T02:40:04.803Z [svc-gateway-0] cache hit rate 92%
2026-02-21T02:40:04.804Z [pytest-xdist] gw0 test_export.py::test_render_invoice PASSED in 184ms trace=51901c55-5b5d-6427-5928-ce8aeca8d165
2026-02-21T02:40:04.805Z [svc-cache-2] warning: slow query took 1609ms
2026-02-21T02:40:04.806Z [svc-gateway-4] gc pause 87ms, heap 461MB
2026-02-21T02:40:04.807Z [svc-db-2] processed batch of 220 items
2026-02-21T02:40:04.807Z [svc-queue-0] warning: slow query took 536ms
2026-02-21T02:40:04.814Z [svc-cache-0] connected to upstream in 13ms
2026-02-21T02:40:04.815Z [svc-billing-0] processed batch of 162 items
2026-02-21T02:40:04.816Z [svc-media-4] closed idle connection after 84s
2026-02-21T02:40:04.817Z [svc-gateway-2] cache hit rate 88%
2026-02-21T02:40:04.817Z [svc-sched-1] retrying connection to postgres (attempt 3/3)
2026-02-21T02:40:04.820Z [svc-billing-1] connected to upstream in 8ms
2026-02-21T02:40:04.821Z [svc-cache-3] cache hit rate 95%
2026-02-21T02:40:04.821Z [svc-media-2] closed idle connection after 302s
2026-02-21T02:40:04.821Z [svc-sched-1] closed idle connection after 239s
2026-02-21T02:40:04.822Z [svc-queue-2] health check ok
2026-02-21T02:40:04.823Z [pytest-xdist] gw1 test_billing.py::test_authorize_invoice PASSED in 117ms trace=c0682b9a-0620-ceba-3db2-6ea99d03527e
2026-02-21T02:40:04.823Z [svc-cache-0] warning: slow query took 1872ms
2026-02-21T02:40:04.823Z [svc-db-3] gc pause 99ms, heap 546MB
2026-02-21T02:40:04.823Z [svc-media-3] gc pause 89ms, heap 746MB
2026-02-21T02:40:04.825Z [svc-auth-1] warning: slow query took 757ms
2026-02-21T02:40:04.825Z [svc-search-1] health check ok
2026-02-21T02:40:04.826Z [svc-search-3] retrying connection to s3 (attempt 2/3)
2026-02-21T02:40:04.826Z [svc-sched-4] cache hit rate 95%
2026-02-21T02:40:04.827Z [svc-notify-2] gc pause 40ms, heap 146MB
2026-02-21T02:40:04.827Z [svc-gateway-4] connected to upstream in 8ms
2026-02-21T02:40:04.827Z [svc-media-4] health check ok
2026-02-21T02:40:04.827Z [svc-queue-0] connected to upstream in 49ms
2026-02-21T02:40:04.828Z [svc-notify-1] gc pause 42ms, heap 153MB
2026-02-21T02:40:04.829Z [svc-media-0] cache hit rate 88%
2026-02-21T02:40:04.829Z [svc-queue-4] processed batch of 236 items
2026-02-21T02:40:04.831Z [svc-queue-4] gc pause 63ms, heap 788MB
2026-02-21T02:40:04.833Z [svc-billing-2] gc pause 121ms, heap 992MB
2026-02-21T02:40:04.834Z [svc-db-0] warning: slow query took 221ms
2026-02-21T02:40:04.834Z [svc-sched-1] health check ok
2026-02-21T02:40:04.836Z [svc-cache-4] warning: slow query took 398ms
2026-02-21T02:40:04.836Z [svc-billing-2] processed batch of 190 items
2026-02-21T02:40:04.837Z [svc-db-1] warning: slow query took 787ms
2026-02-21T02:40:04.840Z [pytest-xdist] gw3 test_export.py::test_render_user PASSED in 133ms trace=25d585b0-8f5f-f6d5-2b84-78524d0dbbb2
2026-02-21T02:40:04.840Z [svc-cache-4] connected to upstream in 84ms
2026-02-21T02:40:04.842Z [svc-billing-0] connected to upstream in 6ms
2026-02-21T02:40:04.843Z [svc-search-0] closed idle connection after 207s
2026-02-21T02:40:04.843Z [svc-search-1] cache hit rate 95%
2026-02-21T02:40:04.843Z [svc-search-1] retrying connection to redis (attempt 1/3)
2026-02-21T02:40:04.846Z [svc-notify-2] closed idle connection after 77s
2026-02-21T02:40:04.847Z [svc-media-4] health check ok
2026-02-21T02:40:04.848Z [svc-queue-1] connected to upstream in 25ms
2026-02-21T02:40:04.851Z [svc-db-4] warning: slow query took 1106ms
2026-02-21T02:40:04.853Z [svc-billing-1] processed batch of 459 items
2026-02-21T02:40:04.856Z [svc-sched-1] retrying connection to postgres (attempt 2/3)
2026-02-21T02:40:04.857Z [svc-queue-1] gc pause 75ms, heap 669MB
2026-02-21T02:40:04.859Z [svc-queue-3] processed batch of 450 items
2026-02-21T02:40:04.860Z [pytest-xdist] gw0 test_export.py::test_expire_token PASSED in 193ms trace=820de3c7-702d-075b-ac99-7dffa4715395
2026-02-21T02:40:04.860Z [svc-auth-2] cache hit rate 95%
2026-02-21T02:40:04.861Z [svc-search-4] closed idle connection after 120s
2026-02-21T02:40:04.863Z [svc-gateway-3] gc pause 60ms, heap 271MB
2026-02-21T02:40:04.865Z [svc-billing-4] closed idle connection after 214s
2026-02-21T02:40:04.866Z [svc-billing-4] processed batch of 224 items
2026-02-21T02:40:04.867Z [svc-media-0] processed batch of 355 items
2026-02-21T02:40:04.868Z [svc-db-3] processed batch of 259 items
2026-02-21T02:40:04.869Z [svc-media-3] closed idle connection after 59s
2026-02-21T02:40:04.870Z [svc-media-0] processed batch of 463 items
2026-02-21T02:40:04.871Z [svc-billing-4] health check ok
2026-02-21T02:40:04.871Z [svc-search-2] gc pause 78ms, heap 212MB
2026-02-21T02:40:04.872Z [pytest-xdist] gw3 test_import.py::test_cache_token PASSED in 22ms trace=8e12abb2-c571-e200-fe79-423ef11a5201
2026-02-21T02:40:04.873Z [svc-notify-4] cache hit rate 92%
2026-02-21T02:40:04.875Z [svc-auth-3] closed idle connection after 232s
2026-02-21T02:40:04.876Z [svc-gateway-1] processed batch of 415 items
2026-02-21T02:40:04.877Z [svc-gateway-4] connected to upstream in 32ms
2026-02-21T02:40:04.878Z [pytest-xdist] gw5 test_payments.py::test_reconcile_quota PASSED in 148ms trace=e223c8c9-6365-5b72-5c64-d48560c6e2b8
2026-02-21T02:40:04.879Z [svc-sched-4] warning: slow query took 2186ms
2026-02-21T02:40:04.880Z [svc-cache-3] warning: slow query took 1052ms
2026-02-21T02:40:04.885Z [pytest-xdist] gw2 test_export.py::test_list_query PASSED in 187ms trace=f476c5d9-e5b3-c412-3013-2fb22c393205
2026-02-21T02:40:04.885Z [svc-search-4] warning: slow query took 947ms
2026-02-21T02:40:04.887Z [svc-db-0] closed idle connection after 65s
2026-02-21T02:40:04.888Z [svc-gateway-2] warning: slow query took 2163ms
2026-02-21T02:40:04.888Z [svc-media-4] warning: slow query took 1179ms
2026-02-21T02:40:04.889Z [svc-search-4] retrying connection to elasticsearch (attempt 2/3)
2026-02-21T02:40:04.890Z [pytest-xdist] gw0 test_payments.py::test_update_session PASSED in 75ms trace=8afa5a74-25ab-1ea7-0b69-953b652265b3
2026-02-21T02:40:04.890Z [svc-auth-4] closed idle connection after 143s
2026-02-21T02:40:04.893Z [svc-notify-1] closed idle connection after 87s
2026-02-21T02:40:04.895Z [svc-cache-0] warning: slow query took 1458ms
2026-02-21T02:40:04.897Z [pytest-xdist] gw5 test_media.py::test_retry_token PASSED in 141ms trace=efcbd1b2-d436-bab1-3018-06b5af01d7c5
2026-02-21T02:40:04.897Z [svc-db-1] retrying connection to s3 (attempt 3/3)
2026-02-21T02:40:04.897Z [svc-media-0] health check ok
2026-02-21T02:40:04.898Z [svc-db-2] warning: slow query took 436ms
2026-02-21T02:40:04.898Z [svc-billing-1] closed idle connection after 72s
2026-02-21T02:40:04.899Z [svc-search-0] processed batch of 259 items
2026-02-21T02:40:04.899Z [svc-queue-2] processed batch of 405 items
2026-02-21T02:40:04.900Z [svc-media-0] health check ok
2026-02-21T02:40:04.900Z [svc-sched-2] health check ok
2026-02-21T02:40:04.903Z [svc-auth-3] retrying connection to redis (attempt 1/3)
2026-02-21T02:40:04.904Z [pytest-xdist] gw4 test_queue.py::test_authorize_template PASSED in 212ms trace=b629da4a-974c-d57c-5afa-fbc7f9b3b8e2
2026-02-21T02:40:04.904Z [svc-media-0] retrying connection to vault (attempt 2/3)
2026-02-21T02:40:04.911Z [svc-gateway-1] cache hit rate 90%
2026-02-21T02:40:04.913Z [svc-sched-0] cache hit rate 90%
2026-02-21T02:40:04.914Z [pytest-xdist] gw5 test_sched.py::test_cache_region PASSED in 39ms trace=0dfacf35-39b7-d1a8-653b-25d7b595a87d
2026-02-21T02:40:04.914Z [svc-search-3] health check ok
2026-02-21T02:40:04.916Z [svc-auth-4] connected to upstream in 52ms
2026-02-21T02:40:04.916Z [svc-cache-1] processed batch of 260 items
2026-02-21T02:40:04.916Z [svc-cache-1] warning: slow query took 1900ms
2026-02-21T02:40:04.918Z [svc-media-3] warning: slow query took 1984ms
2026-02-21T02:40:04.919Z [svc-queue-1] warning: slow query took 481ms
2026-02-21T02:40:04.920Z [svc-search-3] cache hit rate 95%
2026-02-21T02:40:04.922Z [svc-media-3] closed idle connection after 40s
2026-02-21T02:40:04.923Z [svc-sched-3] health check ok
2026-02-21T02:40:04.924Z [svc-gateway-4] closed idle connection after 101s
2026-02-21T02:40:04.925Z [svc-notify-1] health check ok
2026-02-21T02:40:04.925Z [svc-gateway-2] closed idle connection after 86s
2026-02-21T02:40:04.926Z [svc-cache-0] closed idle connection after 114s
2026-02-21T02:40:04.926Z [svc-sched-0] gc pause 102ms, heap 707MB
2026-02-21T02:40:04.927Z [pytest-xdist] gw5 test_payments.py::test_create_coupon PASSED in 214ms trace=0fd73cfb-7665-822b-d175-a52121db717b
2026-02-21T02:40:04.927Z [svc-media-1] cache hit rate 88%
2026-02-21T02:40:04.929Z [svc-sched-2] gc pause 32ms, heap 998MB
2026-02-21T02:40:04.930Z [svc-queue-4] closed idle connection after 314s
2026-02-21T02:40:04.932Z [svc-billing-4] connected to upstream in 27ms
2026-02-21T02:40:04.932Z [svc-media-0] cache hit rate 95%
2026-02-21T02:40:04.932Z [svc-queue-2] warning: slow query took 855ms
2026-02-21T02:40:04.935Z [svc-media-0] cache hit rate 85%
2026-02-21T02:40:04.937Z [svc-notify-4] closed idle connection after 142s
2026-02-21T02:40:04.937Z [svc-gateway-1] gc pause 99ms, heap 387MB
2026-02-21T02:40:04.937Z [svc-gateway-3] gc pause 8ms, heap 426MB
2026-02-21T02:40:04.938Z [svc-db-1] gc pause 108ms, heap 749MB
2026-02-21T02:40:04.938Z [svc-notify-3] health check ok
2026-02-21T02:40:04.939Z [svc-notify-1] health check ok
2026-02-21T02:40:04.940Z [pytest-xdist] gw0 test_webhooks.py::test_validate_region PASSED in 37ms trace=f22ed81e-47d8-2936-c4ee-947797a91032
2026-02-21T02:40:04.940Z [svc-search-3] retrying connection to s3 (attempt 3/3)
2026-02-21T02:40:04.941Z [svc-auth-2] retrying connection to postgres (attempt 2/3)
2026-02-21T02:40:04.941Z [svc-db-3] gc pause 57ms, heap 903MB
2026-02-21T02:40:04.946Z [svc-queue-3] closed idle connection after 151s
2026-02-21T02:40:04.949Z [svc-auth-4] health check ok
2026-02-21T02:40:04.950Z [svc-db-3] cache hit rate 85%
2026-02-21T02:40:04.950Z [svc-notify-1] health check ok
2026-02-21T02:40:04.950Z [svc-gateway-4] retrying connection to vault (attempt 3/3)
2026-02-21T02:40:04.958Z [svc-auth-3] closed idle connection after 131s
2026-02-21T02:40:04.958Z [svc-search-1] processed batch of 70 items
2026-02-21T02:40:04.959Z [svc-db-3] closed idle connection after 237s
2026-02-21T02:40:04.959Z [svc-notify-3] gc pause 70ms, heap 741MB
2026-02-21T02:40:04.960Z [pytest-xdist] gw5 test_gateway.py::test_render_quota PASSED in 148ms trace=128a1007-3113-a805-6f6b-147d8bfcf651
2026-02-21T02:40:04.960Z [svc-cache-0] connected to upstream in 22ms
2026-02-21T02:40:04.962Z [svc-media-2] cache hit rate 85%
2026-02-21T02:40:04.964Z [svc-sched-4] health check ok
2026-02-21T02:40:04.969Z [svc-cache-1] connected to upstream in 44ms
2026-02-21T02:40:04.970Z [svc-auth-0] cache hit rate 88%
2026-02-21T02:40:04.970Z [svc-auth-4] gc pause 111ms, heap 926MB
2026-02-21T02:40:04.970Z [svc-queue-3] health check ok
2026-02-21T02:40:04.972Z [svc-db-2] health check ok
2026-02-21T02:40:04.974Z [svc-billing-2] cache hit rate 95%
2026-02-21T02:40:04.979Z [svc-auth-1] processed batch of 66 items
2026-02-21T02:40:04.979Z [svc-db-4] connected to upstream in 78ms
2026-02-21T02:40:04.980Z [svc-auth-3] gc pause 49ms, heap 136MB
2026-02-21T02:40:04.980Z [svc-billing-2] gc pause 63ms, heap 210MB
2026-02-21T02:40:04.982Z [pytest-xdist] gw2 test_queue.py::test_sync_invoice PASSED in 138ms trace=06d9d63c-7b2b-637d-25df-6faed9602695
2026-02-21T02:40:04.984Z [svc-billing-2] processed batch of 130 items
2026-02-21T02:40:04.988Z [svc-cache-3] processed batch of 392 items
2026-02-21T02:40:04.989Z [svc-db-3] health check ok
2026-02-21T02:40:04.989Z [svc-billing-3] cache hit rate 92%
2026-02-21T02:40:04.990Z [svc-sched-3] gc pause 85ms, heap 284MB
2026-02-21T02:40:04.991Z [svc-notify-0] health check ok
2026-02-21T02:40:04.992Z [svc-billing-2] cache hit rate 95%
2026-02-21T02:40:04.993Z [svc-billing-1] warning: slow query took 1227ms
2026-02-21T02:40:04.994Z [svc-billing-2] connected to upstream in 54ms
2026-02-21T02:40:04.995Z [svc-gateway-1] closed idle connection after 283s
2026-02-21T02:40:04.998Z [svc-billing-3] closed idle connection after 58s
2026-02-21T02:40:05.001Z [svc-cache-1] warning: slow query took 905ms
2026-02-21T02:40:05.002Z [svc-search-0] cache hit rate 92%
2026-02-21T02:40:05.003Z [pytest-xdist] gw3 test_webhooks.py::test_parse_index PASSED in 192ms trace=98a55bd7-8277-2500-5e45-7671931eb680
2026-02-21T02:40:05.004Z [svc-db-4] gc pause 63ms, heap 404MB
2026-02-21T02:40:05.005Z [svc-notify-3] warning: slow query took 484ms
2026-02-21T02:40:05.006Z [svc-sched-1] connected to upstream in 43ms
2026-02-21T02:40:05.007Z [svc-billing-1] health check ok
2026-02-21T02:40:05.007Z [svc-sched-3] processed batch of 252 items
2026-02-21T02:40:05.011Z [svc-db-4] warning: slow query took 381ms
2026-02-21T02:40:05.012Z [svc-billing-1] retrying connection to kafka (attempt 2/3)
2026-02-21T02:40:05.012Z [svc-sched-3] health check ok
2026-02-21T02:40:05.013Z [svc-notify-2] closed idle connection after 102s
2026-02-21T02:40:05.014Z [svc-billing-4] retrying connection to vault (attempt 2/3)
2026-02-21T02:40:05.017Z [svc-gateway-3] closed idle connection after 299s
2026-02-21T02:40:05.018Z [svc-gateway-4] processed batch of 433 items
2026-02-21T02:40:05.019Z [svc-queue-3] warning: slow query took 1211ms
2026-02-21T02:40:05.020Z [svc-auth-0] closed idle connection after 63s
2026-02-21T02:40:05.023Z [pytest-xdist] gw3 test_users.py::test_expire_invoice PASSED in 79ms trace=876fe8ad-7186-a4a3-9494-a5c6397f4622
2026-02-21T02:40:05.024Z [svc-cache-0] cache hit rate 95%
2026-02-21T02:40:05.025Z [svc-db-1] connected to upstream in 62ms
2026-02-21T02:40:05.026Z [svc-gateway-0] processed batch of 96 items
2026-02-21T02:40:05.026Z [svc-media-0] processed batch of 457 items
2026-02-21T02:40:05.027Z [svc-search-3] cache hit rate 92%
2026-02-21T02:40:05.028Z [svc-search-3] retrying connection to s3 (attempt 2/3)
2026-02-21T02:40:05.029Z [svc-search-0] connected to upstream in 25ms
2026-02-21T02:40:05.033Z [svc-db-4] closed idle connection after 70s
2026-02-21T02:40:05.033Z [svc-gateway-4] cache hit rate 92%
2026-02-21T02:40:05.033Z [svc-gateway-4] warning: slow query took 1493ms
2026-02-21T02:40:05.035Z [pytest-xdist] gw5 test_search.py::test_notify_index PASSED in 137ms trace=43e1af64-8d77-2347-5d1e-fb19fce58808
2026-02-21T02:40:05.035Z [svc-billing-3] cache hit rate 90%
2026-02-21T02:40:05.035Z [svc-gateway-2] cache hit rate 85%
2026-02-21T02:40:05.035Z [svc-media-2] processed batch of 54 items
2026-02-21T02:40:05.038Z [svc-auth-0] cache hit rate 88%
2026-02-21T02:40:05.040Z [svc-search-3] closed idle connection after 325s
2026-02-21T02:40:05.043Z [svc-queue-3] processed batch of 319 items
2026-02-21T02:40:05.044Z [svc-billing-3] connected to upstream in 58ms
2026-02-21T02:40:05.045Z [pytest-xdist] gw3 test_webhooks.py::test_expire_template PASSED in 124ms trace=11e7a6e1-98cd-ac2d-0b4b-afdae260b72d
2026-02-21T02:40:05.046Z [svc-billing-0] gc pause 58ms, heap 846MB
2026-02-21T02:40:05.047Z [svc-cache-4] closed idle connection after 46s
2026-02-21T02:40:05.053Z [pytest-xdist] gw4 test_search.py::test_parse_user PASSED in 9ms trace=a42db076-1295-720d-6774-08c760fd7e79
2026-02-21T02:40:05.053Z [svc-search-4] processed batch of 212 items
2026-02-21T02:40:05.054Z [svc-queue-0] health check ok
2026-02-21T02:40:05.058Z [svc-gateway-0] connected to upstream in 35ms
2026-02-21T02:40:05.058Z [svc-gateway-0] closed idle connection after 329s
2026-02-21T02:40:05.066Z [pytest-xdist] gw4 test_users.py::test_expire_attachment PASSED in 161ms trace=834c39dc-4508-29a8-5fd9-230fb600466b
2026-02-21T02:40:05.066Z [svc-billing-3] warning: slow query took 1579ms
2026-02-21T02:40:05.067Z [svc-media-3] warning: slow query took 1628ms
2026-02-21T02:40:05.068Z [svc-gateway-1] closed idle connection after 140s
2026-02-21T02:40:05.073Z [svc-media-2] gc pause 114ms, heap 500MB
2026-02-21T02:40:05.076Z [svc-notify-4] processed batch of 89 items
2026-02-21T02:40:05.077Z [svc-cache-2] health check ok
2026-02-21T02:40:05.077Z [svc-db-4] gc pause 29ms, heap 364MB
2026-02-21T02:40:05.077Z [svc-queue-1] warning: slow query took 697ms
2026-02-21T02:40:05.078Z [svc-queue-2] warning: slow query took 1595ms
2026-02-21T02:40:05.079Z [svc-cache-1] warning: slow query took 2140ms
2026-02-21T02:40:05.081Z [svc-gateway-0] retrying connection to redis (attempt 1/3)
2026-02-21T02:40:05.081Z [svc-sched-4] cache hit rate 88%
2026-02-21T02:40:05.082Z [pytest-xdist] gw1 test_gateway.py::test_sync_coupon PASSED in 40ms trace=8e1c8919-e698-95ac-2284-550da9315248
2026-02-21T02:40:05.082Z [svc-sched-4] processed batch of 78 items
2026-02-21T02:40:05.084Z [svc-notify-3] health check ok
2026-02-21T02:40:05.088Z [svc-db-0] closed idle connection after 75s
2026-02-21T02:40:05.088Z [svc-notify-0] closed idle connection after 237s
2026-02-21T02:40:05.089Z [svc-gateway-3] retrying connection to elasticsearch (attempt 2/3)
2026-02-21T02:40:05.091Z [svc-search-4] health check ok
2026-02-21T02:40:05.092Z [svc-auth-2] processed batch of 143 items
2026-02-21T02:40:05.092Z [svc-auth-3] connected to upstream in 40ms
2026-02-21T02:40:05.092Z [svc-media-1] retrying connection to postgres (attempt 1/3)
2026-02-21T02:40:05.092Z [svc-sched-2] cache hit rate 85%
2026-02-21T02:40:05.093Z [svc-auth-2] gc pause 10ms, heap 145MB
2026-02-21T02:40:05.094Z [svc-media-4] closed idle connection after 134s
2026-02-21T02:40:05.096Z [svc-gateway-2] closed idle connection after 61s
2026-02-21T02:40:05.096Z [svc-sched-0] health check ok
2026-02-21T02:40:05.097Z [pytest-xdist] gw2 test_reports.py::test_update_query PASSED in 38ms trace=34d0f2d2-72b0-c4be-1572-f8c683102083
2026-02-21T02:40:05.098Z [svc-media-2] processed batch of 26 items
2026-02-21T02:40:05.100Z [svc-db-2] closed idle connection after 143s
2026-02-21T02:40:05.100Z [svc-media-2] closed idle connection after 174s
2026-02-21T02:40:05.101Z [svc-cache-4] connected to upstream in 19ms
2026-02-21T02:40:05.102Z [svc-auth-1] processed batch of 29 items
2026-02-21T02:40:05.105Z [svc-cache-3] cache hit rate 95%
2026-02-21T02:40:05.105Z [svc-gateway-3] cache hit rate 88%
2026-02-21T02:40:05.105Z [svc-sched-2] processed batch of 385 items
2026-02-21T02:40:05.106Z [svc-gateway-2] gc pause 124ms, heap 170MB
2026-02-21T02:40:05.107Z [svc-queue-4] processed batch of 161 items
2026-02-21T02:40:05.108Z [svc-cache-2] closed idle connection after 121s
2026-02-21T02:40:05.109Z [svc-sched-3] processed batch of 366 items
2026-02-21T02:40:05.110Z [svc-notify-4] processed batch of 323 items
2026-02-21T02:40:05.111Z [svc-db-4] closed idle connection after 317s
2026-02-21T02:40:05.111Z [svc-billing-4] closed idle connection after 240s
2026-02-21T02:40:05.111Z [svc-queue-0] warning: slow query took 526ms
2026-02-21T02:40:05.111Z [svc-sched-1] warning: slow query took 225ms
2026-02-21T02:40:05.112Z [svc-search-1] retrying connection to redis (attempt 1/3)
2026-02-21T02:40:05.112Z [svc-sched-4] cache hit rate 90%
2026-02-21T02:40:05.113Z [svc-cache-4] health check ok
2026-02-21T02:40:05.113Z [svc-search-3] closed idle connection after 34s
2026-02-21T02:40:05.113Z [svc-notify-3] connected to upstream in 59ms
2026-02-21T02:40:05.115Z [svc-auth-1] retrying connection to vault (attempt 3/3)
2026-02-21T02:40:05.116Z [pytest-xdist] gw1 test_auth.py::test_validate_user PASSED in 63ms trace=b173e667-7cb9-26c1-8602-83216601165d
2026-02-21T02:40:05.116Z [svc-queue-2] warning: slow query took 638ms
2026-02-21T02:40:05.118Z [svc-search-2] gc pause 73ms, heap 873MB
2026-02-21T02:40:05.120Z [svc-auth-2] gc pause 101ms, heap 244MB
2026-02-21T02:40:05.120Z [svc-cache-4] processed batch of 231 items
2026-02-21T02:40:05.122Z [svc-notify-1] retrying connection to redis (attempt 2/3)
2026-02-21T02:40:05.125Z [svc-billing-4] cache hit rate 88%
2026-02-21T02:40:05.125Z [svc-notify-2] health check ok
2026-02-21T02:40:05.125Z [svc-media-2] warning: slow query took 735ms
2026-02-21T02:40:05.126Z [svc-notify-3] retrying connection to s3 (attempt 3/3)
2026-02-21T02:40:05.126Z [svc-media-0] closed idle connection after 170s
2026-02-21T02:40:05.128Z [svc-cache-3] gc pause 76ms, heap 104MB
2026-02-21T02:40:05.128Z [svc-billing-1] warning: slow query took 621ms
2026-02-21T02:40:05.128Z [svc-sched-2] connected to upstream in 27ms
2026-02-21T02:40:05.129Z [svc-auth-2] warning: slow query took 645ms
2026-02-21T02:40:05.129Z [svc-cache-1] gc pause 23ms, heap 682MB
2026-02-21T02:40:05.129Z [svc-cache-4] gc pause 98ms, heap 918MB
2026-02-21T02:40:05.131Z [svc-gateway-1] gc pause 47ms, heap 731MB
2026-02-21T02:40:05.134Z [svc-db-2] gc pause 68ms, heap 584MB
2026-02-21T02:40:05.135Z [pytest-xdist] gw3 test_search.py::test_retry_quota PASSED in 70ms trace=872b50db-0ecd-ce08-78bf-a1b415b6f158
2026-02-21T02:40:05.135Z [svc-auth-0] processed batch of 88 items
2026-02-21T02:40:05.136Z [svc-gateway-3] warning: slow query took 204ms
2026-02-21T02:40:05.137Z [svc-notify-1] cache hit rate 92%
2026-02-21T02:40:05.142Z [svc-queue-3] health check ok
2026-02-21T02:40:05.147Z [svc-queue-1] closed idle connection after 132s
2026-02-21T02:40:05.148Z [svc-queue-2] health check ok
2026-02-21T02:40:05.149Z [pytest-xdist] gw1 test_orders.py::test_update_shipment PASSED in 124ms trace=8ce4cb2e-ff4e-9610-a1b1-3f9d3615d589
2026-02-21T02:40:05.149Z [svc-auth-2] gc pause 111ms, heap 158MB
2026-02-21T02:40:05.151Z [svc-media-1] cache hit rate 85%
2026-02-21T02:40:05.152Z [svc-billing-4] warning: slow query took 1708ms
2026-02-21T02:40:05.152Z [svc-gateway-3] gc pause 66ms, heap 857MB
2026-02-21T02:40:05.155Z [svc-notify-2] warning: slow query took 1068ms
2026-02-21T02:40:05.156Z [svc-sched-3] retrying connection to kafka (attempt 2/3)
2026-02-21T02:40:05.157Z [svc-cache-3] warning: slow query took 1779ms
2026-02-21T02:40:05.157Z [svc-billing-1] connected to upstream in 42ms
2026-02-21T02:40:05.158Z [pytest-xdist] gw4 test_reports.py::test_update_user PASSED in 220ms trace=7d067350-9c15-7b14-a245-325da534d221
2026-02-21T02:40:05.161Z [svc-auth-3] gc pause 82ms, heap 477MB
2026-02-21T02:40:05.162Z [svc-billing-3] retrying connection to elasticsearch (attempt 1/3)
2026-02-21T02:40:05.164Z [svc-notify-2] gc pause 5ms, heap 824MB
2026-02-21T02:40:05.165Z [svc-search-1] closed idle connection after 297s
2026-02-21T02:40:05.166Z [svc-queue-1] closed idle connection after 50s
2026-02-21T02:40:05.168Z [svc-sched-0] cache hit rate 85%
2026-02-21T02:40:05.177Z [svc-cache-4] closed idle connection after 284s
2026-02-21T02:40:05.177Z [svc-db-3] warning: slow query took 1721ms
2026-02-21T02:40:05.177Z [svc-sched-2] health check ok
2026-02-21T02:40:05.178Z [pytest-xdist] gw5 test_sched.py::test_delete_quota PASSED in 223ms trace=815303b7-c028-04bc-984c-cbcb0ccfe818
2026-02-21T02:40:05.178Z [svc-search-0] warning: slow query took 1769ms
2026-02-21T02:40:05.178Z [svc-search-2] closed idle connection after 41s
2026-02-21T02:40:05.179Z [svc-billing-2] retrying connection to s3 (attempt 1/3)
2026-02-21T02:40:05.180Z [svc-media-4] gc pause 123ms, heap 514MB
2026-02-21T02:40:05.184Z [svc-cache-4] retrying connection to s3 (attempt 2/3)
2026-02-21T02:40:05.186Z [svc-db-3] health check ok
2026-02-21T02:40:05.187Z [svc-db-0] processed batch of 148 items
2026-02-21T02:40:05.189Z [pytest-xdist] gw3 test_queue.py::test_reconcile_invoice PASSED in 167ms trace=ada9af28-4a4b-8fe6-2344-c1f4a95aab5d
2026-02-21T02:40:05.189Z [svc-gateway-0] gc pause 93ms, heap 806MB
2026-02-21T02:40:05.190Z [svc-gateway-0] gc pause 16ms, heap 142MB
2026-02-21T02:40:05.190Z [svc-media-3] processed batch of 415 items
2026-02-21T02:40:05.191Z [svc-db-4] closed idle connection after 291s
2026-02-21T02:40:05.194Z [svc-notify-2] closed idle connection after 183s
2026-02-21T02:40:05.194Z [svc-gateway-1] processed batch of 341 items
2026-02-21T02:40:05.195Z [svc-notify-1] closed idle connection after 147s
2026-02-21T02:40:05.199Z [svc-auth-2] closed idle connection after 124s
2026-02-21T02:40:05.200Z [svc-auth-2] retrying connection to postgres (attempt 1/3)
2026-02-21T02:40:05.200Z [svc-queue-2] retrying connection to redis (attempt 3/3)
2026-02-21T02:40:05.202Z [svc-billing-1] cache hit rate 85%
2026-02-21T02:40:05.203Z [svc-media-0] cache hit rate 85%
2026-02-21T02:40:05.203Z [svc-queue-4] health check ok
2026-02-21T02:40:05.205Z [svc-auth-0] processed batch of 204 items
2026-02-21T02:40:05.205Z [svc-auth-1] retrying connection to vault (attempt 1/3)
2026-02-21T02:40:05.206Z [svc-auth-1] connected to upstream in 63ms
2026-02-21T02:40:05.208Z [svc-cache-0] processed batch of 341 items
2026-02-21T02:40:05.209Z [pytest-xdist] gw1 test_billing.py::test_cache_refund PASSED in 176ms trace=1f927289-8908-0175-c449-2e63d9079f6f
2026-02-21T02:40:05.209Z [svc-auth-4] cache hit rate 92%
2026-02-21T02:40:05.209Z [svc-cache-0] gc pause 83ms, heap 446MB
2026-02-21T02:40:05.209Z [svc-billing-2] connected to upstream in 76ms
2026-02-21T02:40:05.210Z [svc-db-2] health check ok
2026-02-21T02:40:05.210Z [svc-billing-3] cache hit rate 95%
2026-02-21T02:40:05.213Z [svc-billing-0] gc pause 62ms, heap 407MB
2026-02-21T02:40:05.213Z [svc-queue-1] processed batch of 408 items
2026-02-21T02:40:05.216Z [svc-search-4] closed idle connection after 143s
2026-02-21T02:40:05.217Z [svc-queue-2] retrying connection to redis (attempt 2/3)
2026-02-21T02:40:05.217Z [svc-queue-4] health check ok
2026-02-21T02:40:05.219Z [svc-sched-2] warning: slow query took 699ms
2026-02-21T02:40:05.220Z [svc-auth-1] connected to upstream in 39ms
2026-02-21T02:40:05.221Z [svc-search-4] warning: slow query took 653ms
2026-02-21T02:40:05.223Z [pytest-xdist] gw0 test_users.py::test_retry_token PASSED in 223ms trace=706edf8c-dfde-5ac2-92a9-867cb974b881
2026-02-21T02:40:05.225Z [svc-gateway-2] cache hit rate 90%
2026-02-21T02:40:05.228Z [svc-search-1] connected to upstream in 9ms
2026-02-21T02:40:05.228Z [svc-sched-2] closed idle connection after 231s
2026-02-21T02:40:05.229Z [svc-cache-0] health check ok
2026-02-21T02:40:05.230Z [svc-db-1] closed idle connection after 118s
2026-02-21T02:40:05.230Z [svc-queue-2] processed batch of 405 items
2026-02-21T02:40:05.231Z [svc-db-3] health check ok
2026-02-21T02:40:05.231Z [svc-sched-4] health check ok
2026-02-21T02:40:05.234Z [svc-gateway-0] gc pause 7ms, heap 708MB
2026-02-21T02:40:05.236Z [pytest-xdist] gw1 test_webhooks.py::test_sync_index PASSED in 228ms trace=a5df66a3-c30b-6970-4081-3ebd84ee2f4d
2026-02-21T02:40:05.238Z [svc-search-2] gc pause 68ms, heap 381MB
2026-02-21T02:40:05.238Z [svc-notify-3] warning: slow query took 1604ms
2026-02-21T02:40:05.239Z [pytest-xdist] gw3 test_media.py::test_render_attachment PASSED in 155ms trace=2a38b239-55bf-03ea-01ed-ea37de364e75
2026-02-21T02:40:05.240Z [svc-media-0] connected to upstream in 46ms
2026-02-21T02:40:05.244Z [svc-sched-3] warning: slow query took 1461ms
2026-02-21T02:40:05.245Z [svc-search-2] closed idle connection after 114s
2026-02-21T02:40:05.252Z [svc-gateway-4] closed idle connection after 49s
2026-02-21T02:40:05.253Z [svc-sched-1] cache hit rate 92%
2026-02-21T02:40:05.256Z [svc-billing-4] connected to upstream in 10ms
2026-02-21T02:40:05.256Z [svc-search-0] gc pause 102ms, heap 783MB
2026-02-21T02:40:05.256Z [svc-sched-1] processed batch of 42 items
2026-02-21T02:40:05.260Z [svc-cache-4] warning: slow query took 1204ms
2026-02-21T02:40:05.261Z [pytest-xdist] gw0 test_users.py::test_delete_shipment PASSED in 157ms trace=f80a22e4-99c1-8ab8-edcc-e97f8908188e
2026-02-21T02:40:05.261Z [svc-sched-2] closed idle connection after 301s
2026-02-21T02:40:05.263Z [svc-search-0] retrying connection to postgres (attempt 3/3)
2026-02-21T02:40:05.264Z [svc-billing-1] processed batch of 74 items
2026-02-21T02:40:05.266Z [svc-queue-3] connected to upstream in 50ms
2026-02-21T02:40:05.267Z [svc-cache-4] closed idle connection after 303s
2026-02-21T02:40:05.268Z [svc-billing-3] processed batch of 281 items
2026-02-21T02:40:05.268Z [svc-notify-1] health check ok
2026-02-21T02:40:05.270Z [svc-db-2] processed batch of 13 items
2026-02-21T02:40:05.271Z [svc-sched-0] connected to upstream in 63ms
2026-02-21T02:40:05.272Z [svc-notify-1] cache hit rate 92%
2026-02-21T02:40:05.278Z [svc-queue-4] gc pause 123ms, heap 950MB
2026-02-21T02:40:05.281Z [svc-queue-1] gc pause 71ms, heap 969MB
2026-02-21T02:40:05.282Z [svc-billing-0] cache hit rate 90%
2026-02-21T02:40:05.283Z [pytest-xdist] gw1 test_reports.py::test_sync_quota PASSED in 201ms trace=108cdae4-7890-2838-53cc-a03cbd7de61c
2026-02-21T02:40:05.283Z [svc-cache-4] connected to upstream in 67ms
2026-02-21T02:40:05.283Z [svc-queue-3] gc pause 55ms, heap 758MB
2026-02-21T02:40:05.284Z [svc-sched-3] gc pause 67ms, heap 460MB
2026-02-21T02:40:05.285Z [svc-auth-4] closed idle connection after 36s
2026-02-21T02:40:05.286Z [svc-auth-1] closed idle connection after 81s
2026-02-21T02:40:05.290Z [pytest-xdist] gw3 test_search.py::test_delete_index PASSED in 215ms trace=423963a8-4c66-6f3d-9246-0af86419258e
2026-02-21T02:40:05.291Z [svc-queue-4] connected to upstream in 63ms
2026-02-21T02:40:05.292Z [svc-auth-4] closed idle connection after 98s
2026-02-21T02:40:05.292Z [svc-cache-2] connected to upstream in 64ms
2026-02-21T02:40:05.292Z [svc-queue-2] gc pause 74ms, heap 167MB
2026-02-21T02:40:05.294Z [svc-db-0] gc pause 103ms, heap 677MB
2026-02-21T02:40:05.295Z [svc-sched-1] cache hit rate 90%
2026-02-21T02:40:05.299Z [svc-auth-2] health check ok
2026-02-21T02:40:05.300Z [svc-cache-2] processed batch of 360 items
2026-02-21T02:40:05.300Z [svc-sched-0] connected to upstream in 73ms
2026-02-21T02:40:05.300Z [svc-sched-2] warning: slow query took 849ms
2026-02-21T02:40:05.301Z [svc-cache-4] connected to upstream in 65ms
2026-02-21T02:40:05.301Z [svc-search-2] retrying connection to kafka (attempt 3/3)
2026-02-21T02:40:05.304Z [svc-media-4] closed idle connection after 49s
2026-02-21T02:40:05.307Z [svc-cache-3] retrying connection to kafka (attempt 2/3)
2026-02-21T02:40:05.307Z [svc-sched-3] closed idle connection after 266s
2026-02-21T02:40:05.310Z [svc-media-2] processed batch of 373 items
2026-02-21T02:40:05.311Z [pytest-xdist] gw2 test_sched.py::test_sync_webhook PASSED in 229ms trace=1b83f1d5-2b9b-8839-6846-9113bdda84f4
2026-02-21T02:40:05.312Z [svc-auth-2] health check ok
2026-02-21T02:40:05.317Z [svc-media-0] cache hit rate 90%
2026-02-21T02:40:05.319Z [svc-gateway-1] gc pause 22ms, heap 344MB
2026-02-21T02:40:05.319Z [svc-sched-1] processed batch of 15 items
2026-02-21T02:40:05.321Z [svc-gateway-2] cache hit rate 88%
2026-02-21T02:40:05.323Z [svc-queue-2] health check ok
2026-02-21T02:40:05.324Z [svc-db-2] health check ok
2026-02-21T02:40:05.325Z [pytest-xdist] gw5 test_reports.py::test_delete_template PASSED in 154ms trace=948c5cf0-5665-f7de-3297-2261a0199f11
2026-02-21T02:40:05.325Z [svc-search-4] warning: slow query took 1269ms
2026-02-21T02:40:05.325Z [svc-sched-2] warning: slow query took 628ms
2026-02-21T02:40:05.327Z [svc-cache-2] closed idle connection after 232s
2026-02-21T02:40:05.328Z [svc-search-2] warning: slow query took 1683ms
2026-02-21T02:40:05.328Z [svc-queue-2] cache hit rate 90%
2026-02-21T02:40:05.329Z [svc-billing-3] gc pause 98ms, heap 653MB
2026-02-21T02:40:05.329Z [svc-notify-4] cache hit rate 95%
2026-02-21T02:40:05.330Z [svc-auth-1] connected to upstream in 34ms
2026-02-21T02:40:05.330Z [svc-cache-4] processed batch of 290 items
2026-02-21T02:40:05.331Z [svc-search-1] warning: slow query took 317ms
2026-02-21T02:40:05.332Z [svc-queue-2] warning: slow query took 2024ms
2026-02-21T02:40:05.334Z [svc-gateway-4] connected to upstream in 73ms
2026-02-21T02:40:05.334Z [svc-sched-2] processed batch of 184 items
2026-02-21T02:40:05.335Z [pytest-xdist] gw2 test_payments.py::test_create_session PASSED in 83ms trace=24a4924d-0f36-59b3-8a81-5582f9e2165b
2026-02-21T02:40:05.337Z [svc-cache-2] health check ok
2026-02-21T02:40:05.337Z [svc-sched-3] closed idle connection after 125s
2026-02-21T02:40:05.338Z [svc-gateway-4] processed batch of 34 items
2026-02-21T02:40:05.339Z [svc-db-0] retrying connection to kafka (attempt 1/3)
2026-02-21T02:40:05.340Z [pytest-xdist] gw5 test_auth.py::test_render_coupon PASSED in 157ms trace=52b7dc3e-68dc-bdb2-dcb2-04a81a41152c
2026-02-21T02:40:05.340Z [svc-auth-3] cache hit rate 88%
2026-02-21T02:40:05.341Z [svc-db-2] warning: slow query took 1199ms
2026-02-21T02:40:05.341Z [svc-queue-2] cache hit rate 92%
2026-02-21T02:40:05.344Z [pytest-xdist] gw4 test_export.py::test_retry_region PASSED in 87ms trace=a5e4b5ef-b09f-67c9-79e6-b0eb5f017b78
2026-02-21T02:40:05.344Z [svc-media-4] closed idle connection after 260s
2026-02-21T02:40:05.346Z [svc-notify-1] gc pause 37ms, heap 852MB
2026-02-21T02:40:05.347Z [svc-auth-4] closed idle connection after 100s
2026-02-21T02:40:05.348Z [svc-search-1] health check ok
2026-02-21T02:40:05.349Z [svc-notify-4] connected to upstream in 15ms
2026-02-21T02:40:05.349Z [svc-queue-2] processed batch of 191 items
2026-02-21T02:40:05.352Z [svc-gateway-3] connected to upstream in 13ms
2026-02-21T02:40:05.353Z [svc-notify-2] cache hit rate 95%
2026-02-21T02:40:05.358Z [svc-queue-2] gc pause 9ms, heap 606MB
2026-02-21T02:40:05.359Z [svc-notify-2] closed idle connection after 71s
2026-02-21T02:40:05.360Z [svc-sched-4] connected to upstream in 79ms
2026-02-21T02:40:05.362Z [svc-auth-4] connected to upstream in 9ms
2026-02-21T02:40:05.363Z [pytest-xdist] gw1 test_orders.py::test_render_refund PASSED in 104ms trace=59fc57f0-f92e-a0dd-5f9f-8cccddd72ada
2026-02-21T02:40:05.363Z [svc-auth-2] closed idle connection after 164s
2026-02-21T02:40:05.363Z [svc-db-1] connected to upstream in 10ms
2026-02-21T02:40:05.363Z [svc-queue-4] processed batch of 441 items
2026-02-21T02:40:05.367Z [svc-billing-2] retrying connection to s3 (attempt 1/3)
2026-02-21T02:40:05.367Z [svc-search-4] health check ok
2026-02-21T02:40:05.370Z [svc-auth-4] cache hit rate 95%
2026-02-21T02:40:05.373Z [svc-gateway-3] connected to upstream in 66ms
2026-02-21T02:40:05.376Z [svc-auth-3] warning: slow query took 1602ms
2026-02-21T02:40:05.378Z [pytest-xdist] gw0 test_sched.py::test_retry_index PASSED in 83ms trace=fa1f1dac-3d9c-7c58-be9a-24cf054ce3ee
2026-02-21T02:40:05.378Z [svc-sched-0] cache hit rate 85%
2026-02-21T02:40:05.379Z [svc-queue-2] connected to upstream in 29ms
2026-02-21T02:40:05.381Z [svc-search-2] connected to upstream in 17ms
2026-02-21T02:40:05.382Z [svc-cache-4] connected to upstream in 37ms
2026-02-21T02:40:05.382Z [svc-sched-3] warning: slow query took 477ms
2026-02-21T02:40:05.385Z [svc-notify-0] health check ok
2026-02-21T02:40:05.385Z [svc-notify-2] connected to upstream in 71ms
2026-02-21T02:40:05.387Z [svc-sched-1] warning: slow query took 345ms
2026-02-21T02:40:05.388Z [svc-sched-1] warning: slow query took 1828ms
2026-02-21T02:40:05.389Z [svc-billing-2] warning: slow query took 740ms
2026-02-21T02:40:05.389Z [svc-queue-3] gc pause 51ms, heap 890MB
2026-02-21T02:40:05.390Z [svc-cache-4] warning: slow query took 708ms
2026-02-21T02:40:05.391Z [svc-gateway-3] health check ok
2026-02-21T02:40:05.391Z [svc-gateway-4] closed idle connection after 66s
2026-02-21T02:40:05.393Z [svc-search-0] connected to upstream in 78ms
2026-02-21T02:40:05.394Z [pytest-xdist] gw5 test_users.py::test_render_subscription PASSED in 208ms trace=c5e6ced9-faf8-4fe0-0fe7-22f7076fca43
2026-02-21T02:40:05.394Z [svc-queue-1] processed batch of 201 items
2026-02-21T02:40:05.395Z [svc-db-4] cache hit rate 90%
2026-02-21T02:40:05.395Z [svc-billing-1] warning: slow query took 1007ms
2026-02-21T02:40:05.396Z [svc-db-4] connected to upstream in 5ms
2026-02-21T02:40:05.399Z [svc-billing-2] gc pause 82ms, heap 276MB
2026-02-21T02:40:05.400Z [svc-gateway-3] warning: slow query took 721ms
2026-02-21T02:40:05.401Z [svc-sched-4] retrying connection to s3 (attempt 2/3)
2026-02-21T02:40:05.404Z [svc-search-0] retrying connection to postgres (attempt 1/3)
2026-02-21T02:40:05.405Z [svc-gateway-2] processed batch of 31 items
2026-02-21T02:40:05.409Z [svc-gateway-3] cache hit rate 92%
2026-02-21T02:40:05.410Z [svc-gateway-4] gc pause 50ms, heap 359MB
2026-02-21T02:40:05.411Z [svc-gateway-3] gc pause 19ms, heap 466MB
2026-02-21T02:40:05.411Z [svc-media-3] connected to upstream in 12ms
2026-02-21T02:40:05.412Z [svc-cache-1] retrying connection to postgres (attempt 3/3)
2026-02-21T02:40:05.413Z [svc-notify-3] cache hit rate 95%
2026-02-21T02:40:05.414Z [pytest-xdist] gw0 test_users.py::test_cache_session PASSED in 89ms trace=bacef95c-d792-b9cf-1209-89470682d445
2026-02-21T02:40:05.418Z [svc-db-3] gc pause 9ms, heap 242MB
2026-02-21T02:40:05.420Z [svc-queue-1] closed idle connection after 60s
2026-02-21T02:40:05.421Z [svc-cache-4] gc pause 107ms, heap 276MB
2026-02-21T02:40:05.421Z [svc-db-1] health check ok
2026-02-21T02:40:05.424Z [pytest-xdist] gw0 test_search.py::test_create_coupon PASSED in 139ms trace=1177c7d2-afd4-f995-9619-53731953bcf9
2026-02-21T02:40:05.424Z [svc-cache-3] cache hit rate 92%
2026-02-21T02:40:05.425Z [svc-cache-4] processed batch of 262 items
2026-02-21T02:40:05.425Z [svc-billing-3] health check ok
2026-02-21T02:40:05.426Z [svc-search-3] health check ok
2026-02-21T02:40:05.428Z [svc-queue-1] warning: slow query took 1146ms
2026-02-21T02:40:05.429Z [svc-gateway-0] processed batch of 39 items
2026-02-21T02:40:05.438Z [svc-notify-0] health check ok
2026-02-21T02:40:05.439Z [svc-cache-0] processed batch of 278 items
2026-02-21T02:40:05.440Z [pytest-xdist] gw0 test_orders.py::test_expire_query PASSED in 67ms trace=0e9e72ed-acc1-6b76-600b-12eb3c8d72bb
2026-02-21T02:40:05.440Z [svc-auth-3] cache hit rate 88%
2026-02-21T02:40:05.440Z [svc-gateway-1] warning: slow query took 326ms
2026-02-21T02:40:05.441Z [svc-cache-3] closed idle connection after 34s
2026-02-21T02:40:05.444Z [svc-db-2] warning: slow query took 1365ms
2026-02-21T02:40:05.444Z [svc-gateway-4] health check ok
2026-02-21T02:40:05.445Z [svc-media-4] warning: slow query took 1085ms
2026-02-21T02:40:05.446Z [pytest-xdist] gw5 test_gateway.py::test_cache_template PASSED in 129ms trace=1a8a620a-a24e-a799-8dc1-d4d77fdd55d0
2026-02-21T02:40:05.447Z [svc-sched-4] warning: slow query took 1553ms
2026-02-21T02:40:05.450Z [svc-queue-1] closed idle connection after 291s
2026-02-21T02:40:05.453Z [svc-gateway-0] processed batch of 482 items
2026-02-21T02:40:05.453Z [svc-queue-1] connected to upstream in 14ms
2026-02-21T02:40:05.455Z [svc-auth-1] cache hit rate 90%
2026-02-21T02:40:05.456Z [svc-db-1] warning: slow query took 1185ms
2026-02-21T02:40:05.459Z [pytest-xdist] gw0 test_search.py::test_expire_template PASSED in 241ms trace=ca5117d7-6b34-c717-3841-42b757fc825e
2026-02-21T02:40:05.459Z [svc-db-0] cache hit rate 88%
2026-02-21T02:40:05.461Z [svc-auth-1] closed idle connection after 250s
2026-02-21T02:40:05.462Z [svc-search-4] warning: slow query took 921ms
2026-02-21T02:40:05.463Z [svc-search-0] health check ok
2026-02-21T02:40:05.464Z [svc-sched-3] gc pause 91ms, heap 797MB
2026-02-21T02:40:05.465Z [svc-db-3] gc pause 51ms, heap 997MB
2026-02-21T02:40:05.466Z [svc-media-3] retrying connection to kafka (attempt 2/3)
2026-02-21T02:40:05.467Z [svc-auth-0] cache hit rate 95%
2026-02-21T02:40:05.468Z [svc-search-4] cache hit rate 90%
2026-02-21T02:40:05.469Z [svc-search-0] gc pause 101ms, heap 514MB
2026-02-21T02:40:05.470Z [svc-db-0] retrying connection to kafka (attempt 3/3)
2026-02-21T02:40:05.470Z [svc-search-1] connected to upstream in 24ms
2026-02-21T02:40:05.472Z [svc-queue-4] gc pause 68ms, heap 116MB
2026-02-21T02:40:05.474Z [svc-db-3] health check ok
2026-02-21T02:40:05.478Z [pytest-xdist] gw3 test_reports.py::test_paginate_session PASSED in 215ms trace=1c1912ba-b497-4a2a-568c-0aea28f69190
2026-02-21T02:40:05.481Z [svc-search-3] warning: slow query took 1888ms
2026-02-21T02:40:05.482Z [svc-search-3] gc pause 98ms, heap 479MB
2026-02-21T02:40:05.482Z [svc-notify-4] gc pause 11ms, heap 722MB
2026-02-21T02:40:05.483Z [svc-notify-0] retrying connection to postgres (attempt 1/3)
2026-02-21T02:40:05.486Z [svc-auth-2] health check ok
2026-02-21T02:40:05.486Z [svc-db-0] closed idle connection after 299s
2026-02-21T02:40:05.487Z [pytest-xdist] gw5 test_gateway.py::test_create_index PASSED in 132ms trace=c334e900-bbb1-baff-8dc6-514628b3a5ec
2026-02-21T02:40:05.488Z [svc-notify-3] connected to upstream in 11ms
2026-02-21T02:40:05.488Z [svc-media-3] processed batch of 167 items
2026-02-21T02:40:05.489Z [svc-gateway-1] processed batch of 45 items
2026-02-21T02:40:05.489Z [svc-queue-0] retrying connection to vault (attempt 3/3)
2026-02-21T02:40:05.492Z [svc-auth-0] cache hit rate 95%
2026-02-21T02:40:05.492Z [svc-queue-2] health check ok
2026-02-21T02:40:05.494Z [svc-queue-3] connected to upstream in 6ms
2026-02-21T02:40:05.497Z [svc-billing-2] closed idle connection after 158s
2026-02-21T02:40:05.499Z [pytest-xdist] gw5 test_billing.py::test_notify_shipment PASSED in 225ms trace=f18f274d-c8af-8f32-ea02-8595fdadb344
2026-02-21T02:40:05.500Z [svc-billing-4] health check ok
2026-02-21T02:40:05.502Z [svc-db-2] connected to upstream in 58ms
2026-02-21T02:40:05.503Z [svc-billing-2] warning: slow query took 856ms
2026-02-21T02:40:05.505Z [svc-cache-4] health check ok
2026-02-21T02:40:05.507Z [svc-auth-1] warning: slow query took 839ms
2026-02-21T02:40:05.507Z [svc-queue-2] connected to upstream in 37ms
2026-02-21T02:40:05.514Z [svc-sched-3] cache hit rate 95%
2026-02-21T02:40:05.515Z [svc-search-1] closed idle connection after 182s
2026-02-21T02:40:05.517Z [pytest-xdist] gw3 test_search.py::test_paginate_shipment PASSED in 66ms trace=77fd63be-3010-b131-3101-8106d363e667
2026-02-21T02:40:05.518Z [svc-cache-4] retrying connection to s3 (attempt 2/3)
2026-02-21T02:40:05.520Z [svc-billing-0] processed batch of 412 items
2026-02-21T02:40:05.522Z [svc-search-0] cache hit rate 90%
2026-02-21T02:40:05.522Z [svc-gateway-4] health check ok
2026-02-21T02:40:05.524Z [svc-cache-4] processed batch of 356 items
2026-02-21T02:40:05.527Z [pytest-xdist] gw4 test_auth.py::test_reconcile_template PASSED in 73ms trace=c5f1aa14-3edc-a013-1d35-fa9cea53aeec
2026-02-21T02:40:05.528Z [svc-cache-1] connected to upstream in 41ms
2026-02-21T02:40:05.529Z [svc-billing-2] cache hit rate 88%
2026-02-21T02:40:05.530Z [svc-db-0] connected to upstream in 54ms
2026-02-21T02:40:05.530Z [svc-billing-4] closed idle connection after 216s
2026-02-21T02:40:05.531Z [svc-cache-3] health check ok
2026-02-21T02:40:05.532Z [svc-auth-1] processed batch of 294 items
2026-02-21T02:40:05.532Z [svc-billing-2] closed idle connection after 251s
2026-02-21T02:40:05.533Z [svc-cache-3] gc pause 47ms, heap 905MB
2026-02-21T02:40:05.533Z [svc-media-3] closed idle connection after 179s
2026-02-21T02:40:05.534Z [svc-cache-4] processed batch of 111 items
2026-02-21T02:40:05.534Z [svc-billing-3] gc pause 95ms, heap 974MB
2026-02-21T02:40:05.536Z [svc-auth-3] retrying connection to redis (attempt 1/3)
2026-02-21T02:40:05.537Z [svc-sched-4] cache hit rate 95%
2026-02-21T02:40:05.538Z [svc-sched-4] gc pause 36ms, heap 522MB
2026-02-21T02:40:05.539Z [svc-sched-3] retrying connection to kafka (attempt 1/3)
2026-02-21T02:40:05.540Z [svc-cache-2] health check ok
2026-02-21T02:40:05.542Z [svc-auth-0] health check ok
2026-02-21T02:40:05.542Z [svc-db-4] processed batch of 488 items
2026-02-21T02:40:05.543Z [svc-auth-2] closed idle connection after 136s
2026-02-21T02:40:05.543Z [svc-auth-3] cache hit rate 88%
2026-02-21T02:40:05.543Z [svc-billing-0] gc pause 95ms, heap 554MB
2026-02-21T02:40:05.544Z [pytest-xdist] gw2 test_orders.py::test_sync_attachment PASSED in 250ms trace=e9bb898f-5677-7689-0aba-a260cf46dfda
2026-02-21T02:40:05.547Z [svc-billing-2] closed idle connection after 107s
2026-02-21T02:40:05.548Z [svc-billing-3] warning: slow query took 1634ms
2026-02-21T02:40:05.551Z [svc-gateway-0] connected to upstream in 6ms
2026-02-21T02:40:05.551Z [svc-gateway-4] retrying connection to vault (attempt 1/3)
2026-02-21T02:40:05.552Z [svc-media-0] closed idle connection after 257s
2026-02-21T02:40:05.553Z [pytest-xdist] gw4 test_users.py::test_parse_template PASSED in 134ms trace=5c35a29a-7c72-a3e5-22eb-c6dc8dab646e
2026-02-21T02:40:05.553Z [svc-media-2] retrying connection to redis (attempt 3/3)
2026-02-21T02:40:05.555Z [svc-search-4] connected to upstream in 43ms
2026-02-21T02:40:05.555Z [svc-media-0] health check ok
2026-02-21T02:40:05.557Z [svc-billing-0] health check ok
2026-02-21T02:40:05.559Z [svc-sched-0] closed idle connection after 310s
2026-02-21T02:40:05.560Z [svc-auth-0] health check ok
2026-02-21T02:40:05.561Z [pytest-xdist] gw2 test_billing.py::test_retry_invoice PASSED in 73ms trace=aa5e51f9-bce7-d1ce-f391-eebdbbf5dabf
2026-02-21T02:40:05.564Z [svc-cache-1] processed batch of 454 items
2026-02-21T02:40:05.565Z [svc-notify-0] warning: slow query took 985ms
2026-02-21T02:40:05.570Z [svc-queue-0] retrying connection to vault (attempt 1/3)
2026-02-21T02:40:05.573Z [pytest-xdist] gw0 test_import.py::test_create_region PASSED in 109ms trace=b4a6f326-07be-2eeb-c6be-cdc1c82b3c85
2026-02-21T02:40:05.573Z [svc-cache-3] warning: slow query took 1866ms
2026-02-21T02:40:05.574Z [svc-billing-0] processed batch of 107 items
2026-02-21T02:40:05.574Z [svc-notify-0] closed idle connection after 39s
2026-02-21T02:40:05.574Z [svc-media-0] processed batch of 398 items
2026-02-21T02:40:05.575Z [svc-db-1] processed batch of 385 items
2026-02-21T02:40:05.575Z [svc-queue-1] processed batch of 333 items
2026-02-21T02:40:05.577Z [svc-billing-1] warning: slow query took 700ms
2026-02-21T02:40:05.577Z [svc-billing-4] cache hit rate 95%
2026-02-21T02:40:05.578Z [svc-cache-0] closed idle connection after 286s
2026-02-21T02:40:05.579Z [svc-db-2] warning: slow query took 2053ms
2026-02-21T02:40:05.579Z [svc-search-4] health check ok
2026-02-21T02:40:05.582Z [svc-sched-1] processed batch of 408 items
2026-02-21T02:40:05.583Z [svc-notify-1] processed batch of 23 items
2026-02-21T02:40:05.584Z [svc-cache-1] processed batch of 261 items
2026-02-21T02:40:05.584Z [svc-cache-2] health check ok
2026-02-21T02:40:05.584Z [svc-db-0] gc pause 18ms, heap 648MB
2026-02-21T02:40:05.584Z [svc-notify-2] gc pause 53ms, heap 536MB
2026-02-21T02:40:05.584Z [svc-sched-3] gc pause 50ms, heap 272MB
2026-02-21T02:40:05.587Z [svc-sched-3] cache hit rate 90%
2026-02-21T02:40:05.589Z [svc-sched-1] connected to upstream in 34ms
2026-02-21T02:40:05.590Z [svc-search-2] processed batch of 456 items
2026-02-21T02:40:05.591Z [svc-queue-4] connected to upstream in 21ms
2026-02-21T02:40:05.592Z [pytest-xdist] gw4 test_search.py::test_create_session PASSED in 250ms trace=e4718624-6b11-82cd-00cc-8b49aff19127
2026-02-21T02:40:05.593Z [svc-sched-1] closed idle connection after 121s
2026-02-21T02:40:05.596Z [pytest-xdist] gw2 test_media.py::test_reconcile_region PASSED in 182ms trace=06f67446-4154-0635-0180-43046d4e1297
2026-02-21T02:40:05.598Z [svc-db-4] health check ok
2026-02-21T02:40:05.598Z [svc-billing-0] health check ok
2026-02-21T02:40:05.598Z [svc-gateway-1] connected to upstream in 19ms
2026-02-21T02:40:05.598Z [svc-media-4] cache hit rate 95%
2026-02-21T02:40:05.601Z [svc-sched-1] closed idle connection after 174s
2026-02-21T02:40:05.602Z [svc-notify-3] connected to upstream in 75ms
2026-02-21T02:40:05.603Z [svc-notify-0] retrying connection to postgres (attempt 1/3)
2026-02-21T02:40:05.604Z [svc-notify-0] closed idle connection after 203s
2026-02-21T02:40:05.610Z [svc-auth-0] gc pause 10ms, heap 852MB
2026-02-21T02:40:05.611Z [pytest-xdist] gw2 test_sched.py::test_parse_token PASSED in 15ms trace=008661f2-f4be-07fd-efb5-fede0268990c
2026-02-21T02:40:05.613Z [svc-cache-3] closed idle connection after 131s
2026-02-21T02:40:05.615Z [svc-sched-4] connected to upstream in 71ms
2026-02-21T02:40:05.616Z [svc-auth-3] gc pause 48ms, heap 657MB
2026-02-21T02:40:05.618Z [svc-db-3] closed idle connection after 296s
2026-02-21T02:40:05.618Z [svc-media-1] connected to upstream in 48ms
2026-02-21T02:40:05.620Z [svc-search-1] health check ok
2026-02-21T02:40:05.621Z [svc-sched-0] connected to upstream in 12ms
2026-02-21T02:40:05.621Z [svc-sched-4] retrying connection to s3 (attempt 2/3)
2026-02-21T02:40:05.622Z [svc-search-1] closed idle connection after 103s
2026-02-21T02:40:05.623Z [svc-media-0] warning: slow query took 1311ms
2026-02-21T02:40:05.627Z [svc-media-1] warning: slow query took 495ms
2026-02-21T02:40:05.629Z [svc-billing-0] gc pause 60ms, heap 157MB
2026-02-21T02:40:05.631Z [pytest-xdist] gw4 test_reports.py::test_paginate_query PASSED in 81ms trace=96736b35-f17c-238d-e586-66c8b1b69698
2026-02-21T02:40:05.633Z [svc-cache-0] warning: slow query took 739ms
2026-02-21T02:40:05.635Z [svc-billing-4] retrying connection to vault (attempt 2/3)
2026-02-21T02:40:05.637Z [pytest-xdist] gw1 test_auth.py::test_update_shipment PASSED in 86ms trace=e91b6e1a-8857-8fc8-9c60-b621b005a17d
2026-02-21T02:40:05.642Z [svc-db-2] connected to upstream in 84ms
2026-02-21T02:40:05.644Z [svc-billing-0] gc pause 82ms, heap 874MB
2026-02-21T02:40:05.645Z [svc-auth-4] processed batch of 429 items
2026-02-21T02:40:05.647Z [svc-cache-1] cache hit rate 92%
2026-02-21T02:40:05.647Z [svc-billing-4] connected to upstream in 13ms
2026-02-21T02:40:05.649Z [svc-gateway-3] connected to upstream in 5ms
2026-02-21T02:40:05.652Z [svc-media-3] gc pause 55ms, heap 669MB
2026-02-21T02:40:05.652Z [svc-queue-1] gc pause 53ms, heap 455MB
2026-02-21T02:40:05.653Z [svc-db-0] cache hit rate 85%
2026-02-21T02:40:05.657Z [pytest-xdist] gw0 test_export.py::test_list_user PASSED in 245ms trace=94a1c62b-458b-0b09-5a3d-42cc1409d2c8
2026-02-21T02:40:05.657Z [svc-billing-3] cache hit rate 85%
2026-02-21T02:40:05.658Z [svc-db-2] cache hit rate 85%
2026-02-21T02:40:05.658Z [svc-db-2] retrying connection to elasticsearch (attempt 3/3)
2026-02-21T02:40:05.659Z [svc-media-1] gc pause 26ms, heap 845MB
2026-02-21T02:40:05.660Z [svc-billing-1] processed batch of 320 items
2026-02-21T02:40:05.660Z [svc-billing-4] closed idle connection after 101s
2026-02-21T02:40:05.660Z [svc-notify-3] connected to upstream in 58ms
2026-02-21T02:40:05.662Z [svc-cache-4] cache hit rate 92%
2026-02-21T02:40:05.663Z [svc-billing-3] gc pause 97ms, heap 885MB
2026-02-21T02:40:05.664Z [pytest-xdist] gw0 test_reports.py::test_parse_session PASSED in 210ms trace=9ed3e5ad-bfdf-d4a4-dd3d-6238f3a07444
2026-02-21T02:40:05.664Z [svc-sched-3] warning: slow query took 1822ms
2026-02-21T02:40:05.669Z [pytest-xdist] gw2 test_orders.py::test_retry_token PASSED in 205ms trace=4f39b4f1-3d37-9fdf-c17a-72cc074203cf
2026-02-21T02:40:05.673Z [svc-cache-3] retrying connection to kafka (attempt 3/3)
2026-02-21T02:40:05.673Z [svc-db-4] gc pause 124ms, heap 896MB
2026-02-21T02:40:05.674Z [svc-notify-1] processed batch of 167 items
2026-02-21T02:40:05.676Z [svc-sched-1] processed batch of 138 items
2026-02-21T02:40:05.677Z [svc-db-1] closed idle connection after 254s
2026-02-21T02:40:05.677Z [svc-gateway-2] gc pause 69ms, heap 414MB
2026-02-21T02:40:05.678Z [svc-notify-1] closed idle connection after 144s
2026-02-21T02:40:05.678Z [svc-queue-1] processed batch of 63 items
2026-02-21T02:40:05.681Z [svc-sched-2] processed batch of 154 items
2026-02-21T02:40:05.682Z [svc-cache-2] processed batch of 257 items
2026-02-21T02:40:05.682Z [svc-cache-2] retrying connection to redis (attempt 1/3)
2026-02-21T02:40:05.683Z [svc-cache-4] warning: slow query took 1953ms
2026-02-21T02:40:05.686Z [svc-search-0] connected to upstream in 64ms
2026-02-21T02:40:05.687Z [svc-cache-2] processed batch of 311 items
2026-02-21T02:40:05.687Z [svc-sched-4] cache hit rate 95%
2026-02-21T02:40:05.688Z [pytest-xdist] gw5 test_payments.py::test_render_session PASSED in 183ms trace=ef005b1d-54a0-6720-8b03-3c19cf819791
2026-02-21T02:40:05.691Z [svc-search-3] warning: slow query took 1253ms
2026-02-21T02:40:05.694Z [svc-notify-2] warning: slow query took 554ms
2026-02-21T02:40:05.695Z [svc-auth-1] connected to upstream in 9ms
2026-02-21T02:40:05.697Z [svc-media-4] processed batch of 39 items
2026-02-21T02:40:05.699Z [svc-db-4] connected to upstream in 48ms
2026-02-21T02:40:05.703Z [svc-db-2] warning: slow query took 900ms
2026-02-21T02:40:05.704Z [svc-billing-3] processed batch of 224 items
2026-02-21T02:40:05.704Z [svc-media-3] closed idle connection after 97s
2026-02-21T02:40:05.704Z [svc-queue-1] cache hit rate 92%
2026-02-21T02:40:05.705Z [svc-notify-1] cache hit rate 95%
2026-02-21T02:40:05.706Z [svc-db-0] retrying connection to kafka (attempt 1/3)
2026-02-21T02:40:05.706Z [svc-media-4] warning: slow query took 1685ms
2026-02-21T02:40:05.708Z [svc-media-1] retrying connection to postgres (attempt 2/3)
2026-02-21T02:40:05.709Z [pytest-xdist] gw0 test_notify.py::test_render_index PASSED in 126ms trace=c8fd2780-31c1-c7cf-4db4-116742b16256
2026-02-21T02:40:05.710Z [svc-cache-4] connected to upstream in 34ms
2026-02-21T02:40:05.713Z [svc-auth-4] gc pause 78ms, heap 510MB
2026-02-21T02:40:05.715Z [svc-search-3] connected to upstream in 41ms
2026-02-21T02:40:05.715Z [svc-gateway-0] processed batch of 415 items
2026-02-21T02:40:05.718Z [svc-notify-1] retrying connection to redis (attempt 3/3)
2026-02-21T02:40:05.718Z [svc-sched-2] gc pause 68ms, heap 227MB
2026-02-21T02:40:05.719Z [svc-notify-1] cache hit rate 95%
2026-02-21T02:40:05.722Z [svc-billing-1] gc pause 47ms, heap 850MB
2026-02-21T02:40:05.722Z [svc-notify-3] cache hit rate 90%
2026-02-21T02:40:05.723Z [pytest-xdist] gw1 test_reports.py::test_list_session PASSED in 226ms trace=2f097de5-6a46-f57b-1f9f-3fdfaf3df387
2026-02-21T02:40:05.725Z [svc-billing-4] closed idle connection after 71s
2026-02-21T02:40:05.725Z [svc-search-0] closed idle connection after 295s
2026-02-21T02:40:05.725Z [svc-search-3] processed batch of 90 items
2026-02-21T02:40:05.726Z [svc-cache-1] processed batch of 374 items
2026-02-21T02:40:05.726Z [svc-media-1] warning: slow query took 952ms
2026-02-21T02:40:05.726Z [svc-sched-0] processed batch of 368 items
2026-02-21T02:40:05.727Z [svc-cache-2] processed batch of 340 items
2026-02-21T02:40:05.729Z [svc-queue-0] connected to upstream in 76ms
2026-02-21T02:40:05.730Z [svc-notify-2] health check ok
2026-02-21T02:40:05.731Z [svc-sched-0] connected to upstream in 33ms
2026-02-21T02:40:05.732Z [svc-notify-1] connected to upstream in 76ms
2026-02-21T02:40:05.733Z [svc-billing-4] connected to upstream in 41ms
2026-02-21T02:40:05.736Z [svc-gateway-3] retrying connection to elasticsearch (attempt 1/3)
2026-02-21T02:40:05.738Z [pytest-xdist] gw0 test_auth.py::test_paginate_token PASSED in 107ms trace=65b050cb-86f1-7405-4be5-c96c861e52cf
2026-02-21T02:40:05.739Z [svc-gateway-2] gc pause 81ms, heap 223MB
2026-02-21T02:40:05.740Z [svc-auth-0] closed idle connection after 204s
2026-02-21T02:40:05.743Z [svc-notify-4] connected to upstream in 67ms
2026-02-21T02:40:05.744Z [svc-auth-4] gc pause 43ms, heap 231MB
2026-02-21T02:40:05.745Z [svc-search-3] warning: slow query took 1819ms
2026-02-21T02:40:05.745Z [svc-sched-2] warning: slow query took 1838ms
2026-02-21T02:40:05.749Z [svc-auth-2] processed batch of 79 items
2026-02-21T02:40:05.749Z [svc-notify-1] retrying connection to redis (attempt 3/3)
2026-02-21T02:40:05.749Z [svc-sched-2] cache hit rate 95%
2026-02-21T02:40:05.751Z [svc-queue-0] cache hit rate 90%
2026-02-21T02:40:05.754Z [svc-db-0] processed batch of 267 items
2026-02-21T02:40:05.755Z [svc-cache-2] closed idle connection after 303s
2026-02-21T02:40:05.756Z [svc-sched-1] warning: slow query took 334ms
2026-02-21T02:40:05.757Z [svc-cache-4] cache hit rate 95%
2026-02-21T02:40:05.760Z [pytest-xdist] gw3 test_reports.py::test_update_subscription PASSED in 130ms trace=4b6b3192-5fe2-5523-7b90-8c81f30211de
2026-02-21T02:40:05.762Z [svc-db-1] retrying connection to s3 (attempt 2/3)
2026-02-21T02:40:05.763Z [svc-auth-3] cache hit rate 90%
2026-02-21T02:40:05.763Z [svc-billing-0] health check ok
2026-02-21T02:40:05.764Z [svc-queue-0] connected to upstream in 62ms
2026-02-21T02:40:05.767Z [svc-notify-1] warning: slow query took 1281ms
2026-02-21T02:40:05.769Z [svc-cache-1] closed idle connection after 267s
2026-02-21T02:40:05.769Z [svc-notify-1] processed batch of 361 items
2026-02-21T02:40:05.770Z [svc-db-4] retrying connection to postgres (attempt 3/3)
2026-02-21T02:40:05.770Z [svc-notify-1] cache hit rate 88%
2026-02-21T02:40:05.770Z [svc-notify-3] retrying connection to s3 (attempt 1/3)
2026-02-21T02:40:05.771Z [svc-media-1] closed idle connection after 215s
2026-02-21T02:40:05.771Z [svc-queue-1] closed idle connection after 194s
2026-02-21T02:40:05.773Z [pytest-xdist] gw4 test_media.py::test_authorize_query PASSED in 52ms trace=ca6de189-53f6-01fa-48a2-af2859d4aa1a
2026-02-21T02:40:05.773Z [svc-auth-2] health check ok
2026-02-21T02:40:05.774Z [svc-search-2] processed batch of 56 items
2026-02-21T02:40:05.774Z [svc-media-0] cache hit rate 92%
2026-02-21T02:40:05.775Z [svc-billing-4] retrying connection to vault (attempt 1/3)
2026-02-21T02:40:05.777Z [svc-notify-4] processed batch of 206 items
2026-02-21T02:40:05.779Z [svc-sched-4] closed idle connection after 272s
2026-02-21T02:40:05.780Z [pytest-xdist] gw3 test_billing.py::test_authorize_token PASSED in 200ms trace=fe9d44f7-f007-b579-8b52-620f2177fbbb
2026-02-21T02:40:05.780Z [svc-queue-1] health check ok
2026-02-21T02:40:05.781Z [svc-search-0] connected to upstream in 83ms
2026-02-21T02:40:05.781Z [svc-notify-4] gc pause 66ms, heap 162MB
2026-02-21T02:40:05.783Z [svc-media-1] connected to upstream in 53ms
2026-02-21T02:40:05.784Z [svc-billing-0] gc pause 101ms, heap 378MB
2026-02-21T02:40:05.786Z [svc-media-2] processed batch of 158 items
2026-02-21T02:40:05.786Z [svc-queue-1] closed idle connection after 113s
2026-02-21T02:40:05.792Z [svc-search-3] warning: slow query took 740ms
2026-02-21T02:40:05.793Z [svc-db-0] health check ok
2026-02-21T02:40:05.793Z [svc-media-2] connected to upstream in 28ms
2026-02-21T02:40:05.795Z [pytest-xdist] gw1 test_auth.py::test_list_index PASSED in 93ms trace=980ad38d-0c3b-5639-4992-8c324d49d3af
2026-02-21T02:40:05.795Z [svc-billing-3] health check ok
2026-02-21T02:40:05.799Z [svc-search-1] connected to upstream in 38ms
2026-02-21T02:40:05.800Z [svc-auth-0] gc pause 123ms, heap 723MB
2026-02-21T02:40:05.800Z [svc-cache-4] gc pause 39ms, heap 177MB
2026-02-21T02:40:05.801Z [svc-sched-0] warning: slow query took 203ms
2026-02-21T02:40:05.803Z [pytest-xdist] gw1 test_webhooks.py::test_create_subscription PASSED in 101ms trace=580694e0-73da-9125-b454-0f778621a284
2026-02-21T02:40:05.805Z [svc-db-0] warning: slow query took 964ms
2026-02-21T02:40:05.806Z [svc-auth-2] health check ok
2026-02-21T02:40:05.806Z [svc-db-2] connected to upstream in 21ms
2026-02-21T02:40:05.806Z [svc-sched-1] processed batch of 315 items
2026-02-21T02:40:05.809Z [svc-media-0] closed idle connection after 224s
2026-02-21T02:40:05.810Z [svc-auth-1] warning: slow query took 1710ms
2026-02-21T02:40:05.810Z [svc-auth-3] warning: slow query took 1557ms
2026-02-21T02:40:05.810Z [svc-media-4] cache hit rate 85%
2026-02-21T02:40:05.812Z [svc-auth-0] gc pause 52ms, heap 602MB
2026-02-21T02:40:05.812Z [svc-sched-2] processed batch of 354 items
2026-02-21T02:40:05.819Z [svc-search-4] gc pause 33ms, heap 750MB
2026-02-21T02:40:05.820Z [pytest-xdist] gw5 test_import.py::test_cache_quota PASSED in 139ms trace=cda1cfc4-aa5b-239e-bf47-e22be1d17390
2026-02-21T02:40:05.820Z [svc-gateway-0] closed idle connection after 282s
2026-02-21T02:40:05.820Z [svc-gateway-1] gc pause 99ms, heap 126MB
2026-02-21T02:40:05.820Z [svc-sched-4] cache hit rate 85%
2026-02-21T02:40:05.821Z [svc-cache-0] cache hit rate 88%
2026-02-21T02:40:05.823Z [svc-sched-0] retrying connection to vault (attempt 2/3)
2026-02-21T02:40:05.826Z [svc-sched-4] connected to upstream in 19ms
2026-02-21T02:40:05.831Z [pytest-xdist] gw0 test_orders.py::test_reconcile_subscription PASSED in 4ms trace=7ec470da-4366-9e8a-e0f3-a1c2505cdf65
2026-02-21T02:40:05.831Z [svc-billing-0] closed idle connection after 62s
2026-02-21T02:40:05.832Z [svc-media-2] warning: slow query took 837ms
2026-02-21T02:40:05.832Z [svc-queue-3] gc pause 13ms, heap 193MB
2026-02-21T02:40:05.835Z [svc-sched-0] gc pause 53ms, heap 192MB
2026-02-21T02:40:05.837Z [svc-gateway-4] health check ok
2026-02-21T02:40:05.839Z [svc-sched-4] processed batch of 178 items
2026-02-21T02:40:05.842Z [svc-db-2] retrying connection to elasticsearch (attempt 1/3)
2026-02-21T02:40:05.843Z [svc-billing-1] warning: slow query took 1358ms
2026-02-21T02:40:05.845Z [svc-cache-4] health check ok
2026-02-21T02:40:05.849Z [svc-search-1] warning: slow query took 1619ms
2026-02-21T02:40:05.850Z [svc-cache-4] warning: slow query took 1986ms
2026-02-21T02:40:05.850Z [svc-media-4] closed idle connection after 104s
2026-02-21T02:40:05.851Z [svc-auth-4] warning: slow query took 1163ms
2026-02-21T02:40:05.852Z [svc-billing-3] processed batch of 28 items
2026-02-21T02:40:05.852Z [svc-sched-0] health check ok
2026-02-21T02:40:05.853Z [pytest-xdist] gw5 test_notify.py::test_validate_region PASSED in 59ms trace=fe7acf93-d53d-ddd5-2d2f-3e86553f8b30
2026-02-21T02:40:05.853Z [svc-sched-4] gc pause 42ms, heap 746MB
2026-02-21T02:40:05.854Z [svc-auth-4] processed batch of 461 items
2026-02-21T02:40:05.855Z [svc-sched-1] retrying connection to postgres (attempt 3/3)
2026-02-21T02:40:05.856Z [svc-billing-0] processed batch of 273 items
2026-02-21T02:40:05.857Z [svc-auth-1] cache hit rate 90%
2026-02-21T02:40:05.857Z [svc-billing-2] closed idle connection after 80s
2026-02-21T02:40:05.859Z [svc-cache-1] retrying connection to postgres (attempt 3/3)
2026-02-21T02:40:05.861Z [svc-billing-0] cache hit rate 88%
2026-02-21T02:40:05.862Z [svc-cache-1] connected to upstream in 39ms
2026-02-21T02:40:05.862Z [svc-media-2] warning: slow query took 361ms
2026-02-21T02:40:05.862Z [svc-queue-3] processed batch of 265 items
2026-02-21T02:40:05.864Z [svc-search-1] retrying connection to redis (attempt 2/3)
2026-02-21T02:40:05.864Z [svc-media-3] closed idle connection after 38s
2026-02-21T02:40:05.866Z [svc-auth-1] cache hit rate 85%
2026-02-21T02:40:05.868Z [svc-search-1] connected to upstream in 65ms
2026-02-21T02:40:05.872Z [svc-gateway-0] retrying connection to redis (attempt 3/3)
2026-02-21T02:40:05.872Z [svc-gateway-0] warning: slow query took 1696ms
2026-02-21T02:40:05.872Z [svc-sched-3] processed batch of 489 items
2026-02-21T02:40:05.875Z [pytest-xdist] gw4 test_webhooks.py::test_retry_session PASSED in 135ms trace=a0835592-a8f9-1344-5d7a-21a1b23ec16f
2026-02-21T02:40:05.875Z [svc-auth-3] health check ok
2026-02-21T02:40:05.877Z [svc-auth-2] connected to upstream in 78ms
2026-02-21T02:40:05.877Z [svc-notify-0] gc pause 97ms, heap 147MB
2026-02-21T02:40:05.877Z [svc-queue-0] gc pause 48ms, heap 265MB
2026-02-21T02:40:05.878Z [svc-auth-3] health check ok
2026-02-21T02:40:05.878Z [svc-cache-0] connected to upstream in 21ms
2026-02-21T02:40:05.881Z [svc-gateway-3] processed batch of 177 items
2026-02-21T02:40:05.882Z [svc-sched-0] health check ok
2026-02-21T02:40:05.883Z [svc-sched-0] health check ok
2026-02-21T02:40:05.884Z [pytest-xdist] gw3 test_gateway.py::test_retry_refund PASSED in 229ms trace=c5815921-ce91-0ca4-9320-a5f1fd7ed03a
2026-02-21T02:40:05.884Z [svc-billing-1] warning: slow query took 371ms
2026-02-21T02:40:05.887Z [svc-auth-2] processed batch of 124 items
2026-02-21T02:40:05.887Z [svc-billing-1] closed idle connection after 213s
2026-02-21T02:40:05.887Z [svc-media-0] health check ok
2026-02-21T02:40:05.888Z [svc-cache-0] closed idle connection after 293s
2026-02-21T02:40:05.890Z [svc-auth-0] processed batch of 235 items
2026-02-21T02:40:05.890Z [svc-search-3] gc pause 7ms, heap 490MB
2026-02-21T02:40:05.892Z [svc-search-2] connected to upstream in 40ms
2026-02-21T02:40:05.892Z [svc-notify-3] retrying connection to s3 (attempt 1/3)
2026-02-21T02:40:05.895Z [svc-queue-4] retrying connection to s3 (attempt 3/3)
2026-02-21T02:40:05.898Z [svc-billing-2] cache hit rate 95%
2026-02-21T02:40:05.900Z [svc-billing-2] health check ok
2026-02-21T02:40:05.900Z [svc-media-0] gc pause 72ms, heap 256MB
2026-02-21T02:40:05.900Z [svc-queue-1] connected to upstream in 53ms
2026-02-21T02:40:05.901Z [svc-search-2] gc pause 67ms, heap 439MB
2026-02-21T02:40:05.902Z [svc-search-3] gc pause 58ms, heap 378MB
2026-02-21T02:40:05.903Z [pytest-xdist] gw1 test_media.py::test_update_webhook PASSED in 220ms trace=45fc2aed-2b67-49f6-6f74-9bca735d60ce
2026-02-21T02:40:05.904Z [svc-auth-3] retrying connection to redis (attempt 3/3)
2026-02-21T02:40:05.905Z [svc-db-3] warning: slow query took 257ms
2026-02-21T02:40:05.905Z [svc-gateway-4] processed batch of 259 items
2026-02-21T02:40:05.906Z [svc-gateway-2] connected to upstream in 25ms
2026-02-21T02:40:05.907Z [svc-media-0] warning: slow query took 1744ms
2026-02-21T02:40:05.908Z [svc-search-0] cache hit rate 90%
2026-02-21T02:40:05.910Z [svc-queue-4] health check ok
2026-02-21T02:40:05.911Z [svc-notify-0] health check ok
2026-02-21T02:40:05.911Z [svc-gateway-4] warning: slow query took 328ms
2026-02-21T02:40:05.912Z [pytest-xdist] gw2 test_import.py::test_parse_user PASSED in 186ms trace=7ece2f4e-8d4d-6ca9-f2e7-64a6e2429e42
2026-02-21T02:40:05.915Z [svc-cache-2] closed idle connection after 268s
2026-02-21T02:40:05.920Z [pytest-xdist] gw5 test_export.py::test_expire_invoice PASSED in 27ms trace=79310115-b2ac-b8cb-41a7-f764dd6379e8
2026-02-21T02:40:05.921Z [svc-queue-1] retrying connection to postgres (attempt 3/3)
2026-02-21T02:40:05.922Z [svc-queue-3] processed batch of 363 items
2026-02-21T02:40:05.924Z [svc-auth-3] health check ok
2026-02-21T02:40:05.924Z [svc-sched-1] closed idle connection after 274s
2026-02-21T02:40:05.925Z [svc-billing-1] closed idle connection after 41s
2026-02-21T02:40:05.929Z [svc-search-4] processed batch of 92 items
2026-02-21T02:40:05.930Z [svc-cache-3] connected to upstream in 65ms
2026-02-21T02:40:05.930Z [svc-search-1] connected to upstream in 74ms
2026-02-21T02:40:05.932Z [pytest-xdist] gw0 test_sched.py::test_sync_coupon PASSED in 63ms trace=b9e10a21-6756-beb9-dccc-46a74929d199
2026-02-21T02:40:05.932Z [svc-cache-1] processed batch of 300 items
2026-02-21T02:40:05.932Z [svc-search-2] closed idle connection after 101s
2026-02-21T02:40:05.932Z [svc-notify-4] connected to upstream in 59ms
2026-02-21T02:40:05.933Z [svc-cache-0] connected to upstream in 66ms
2026-02-21T02:40:05.934Z [svc-billing-1] gc pause 63ms, heap 564MB
2026-02-21T02:40:05.934Z [svc-notify-4] cache hit rate 95%
2026-02-21T02:40:05.935Z [svc-gateway-3] connected to upstream in 70ms
2026-02-21T02:40:05.936Z [pytest-xdist] gw0 test_search.py::test_validate_invoice PASSED in 161ms trace=4be546c6-9259-877c-1216-965e0a09374c
2026-02-21T02:40:05.936Z [svc-search-1] gc pause 74ms, heap 716MB
2026-02-21T02:40:05.937Z [svc-queue-0] cache hit rate 85%
2026-02-21T02:40:05.938Z [svc-db-1] closed idle connection after 53s
2026-02-21T02:40:05.939Z [svc-cache-2] connected to upstream in 18ms
2026-02-21T02:40:05.939Z [svc-search-1] processed batch of 416 items
2026-02-21T02:40:05.939Z [svc-queue-3] retrying connection to kafka (attempt 2/3)
2026-02-21T02:40:05.942Z [svc-media-0] gc pause 50ms, heap 558MB
2026-02-21T02:40:05.943Z [svc-db-1] warning: slow query took 999ms
2026-02-21T02:40:05.945Z [svc-media-1] closed idle connection after 327s
2026-02-21T02:40:05.945Z [svc-queue-3] processed batch of 414 items
2026-02-21T02:40:05.946Z [pytest-xdist] gw0 test_sched.py::test_authorize_shipment PASSED in 241ms trace=2b61a3cb-0831-6a0d-433e-a9944af1340a
2026-02-21T02:40:05.946Z [svc-media-0] closed idle connection after 285s
2026-02-21T02:40:05.947Z [svc-auth-4] health check ok
2026-02-21T02:40:05.952Z [svc-db-4] processed batch of 407 items
2026-02-21T02:40:05.952Z [svc-media-3] processed batch of 296 items
2026-02-21T02:40:05.953Z [svc-cache-4] cache hit rate 92%
2026-02-21T02:40:05.959Z [svc-search-0] health check ok
2026-02-21T02:40:05.961Z [svc-notify-4] retrying connection to elasticsearch (attempt 3/3)
2026-02-21T02:40:05.961Z [svc-queue-0] health check ok
2026-02-21T02:40:05.962Z [pytest-xdist] gw0 test_webhooks.py::test_reconcile_session PASSED in 204ms trace=825286a2-9fe5-d435-aed6-dae8d9e9ed85
2026-02-21T02:40:05.965Z [svc-cache-4] cache hit rate 85%
2026-02-21T02:40:05.967Z [svc-queue-0] cache hit rate 92%
2026-02-21T02:40:05.968Z [svc-media-4] cache hit rate 85%
2026-02-21T02:40:05.969Z [svc-notify-3] gc pause 93ms, heap 738MB
2026-02-21T02:40:05.974Z [svc-gateway-1] cache hit rate 85%
2026-02-21T02:40:05.975Z [svc-search-0] cache hit rate 85%
2026-02-21T02:40:05.977Z [svc-db-4] gc pause 29ms, heap 569MB
2026-02-21T02:40:05.978Z [pytest-xdist] gw1 test_webhooks.py::test_render_coupon PASSED in 114ms trace=a02a4b21-ed7d-9e38-7d6f-c7279b5576a4
2026-02-21T02:40:05.978Z [svc-auth-3] connected to upstream in 17ms
2026-02-21T02:40:05.979Z [svc-gateway-0] closed idle connection after 45s
2026-02-21T02:40:05.983Z [svc-db-3] connected to upstream in 53ms
2026-02-21T02:40:05.983Z [svc-search-1] connected to upstream in 44ms
2026-02-21T02:40:05.985Z [svc-db-1] closed idle connection after 136s
2026-02-21T02:40:05.985Z [svc-media-0] closed idle connection after 167s
2026-02-21T02:40:05.987Z [svc-sched-2] closed idle connection after 301s
2026-02-21T02:40:05.988Z [pytest-xdist] gw2 test_search.py::test_update_shipment PASSED in 222ms trace=bdf6c952-9e9f-b792-683d-eeb613cec2e1
2026-02-21T02:40:05.988Z [svc-auth-0] connected to upstream in 28ms
2026-02-21T02:40:05.988Z [svc-billing-4] health check ok
2026-02-21T02:40:05.989Z [svc-notify-0] processed batch of 273 items
2026-02-21T02:40:05.989Z [svc-queue-2] connected to upstream in 69ms
2026-02-21T02:40:05.990Z [svc-search-2] processed batch of 330 items
2026-02-21T02:40:05.990Z [svc-queue-1] retrying connection to postgres (attempt 2/3)
2026-02-21T02:40:05.991Z [svc-notify-1] gc pause 37ms, heap 659MB
2026-02-21T02:40:05.991Z [svc-sched-0] connected to upstream in 26ms
2026-02-21T02:40:05.992Z [svc-media-2] cache hit rate 85%
2026-02-21T02:40:05.993Z [svc-billing-0] retrying connection to redis (attempt 2/3)
2026-02-21T02:40:05.994Z [pytest-xdist] gw5 test_payments.py::test_cache_attachment PASSED in 169ms trace=b6fdef77-47c3-6537-1b81-1b3fb7664d5b
2026-02-21T02:40:05.994Z [svc-sched-4] gc pause 94ms, heap 810MB
2026-02-21T02:40:05.995Z [svc-gateway-2] connected to upstream in 29ms
2026-02-21T02:40:05.996Z [svc-auth-1] closed idle connection after 231s
2026-02-21T02:40:05.996Z [svc-sched-4] warning: slow query took 287ms
2026-02-21T02:40:05.998Z [pytest-xdist] gw4 test_users.py::test_delete_index PASSED in 226ms trace=2de17c28-8813-265d-8964-d1a718bca470
2026-02-21T02:40:06.000Z [svc-billing-1] warning: slow query took 670ms
2026-02-21T02:40:06.000Z [svc-notify-0] health check ok
2026-02-21T02:40:06.001Z [svc-billing-3] cache hit rate 85%
2026-02-21T02:40:06.001Z [svc-billing-3] retrying connection to elasticsearch (attempt 3/3)
2026-02-21T02:40:06.003Z [svc-db-2] closed idle connection after 36s
2026-02-21T02:40:06.004Z [svc-queue-0] connected to upstream in 76ms
2026-02-21T02:40:06.005Z [svc-cache-0] cache hit rate 88%
2026-02-21T02:40:06.005Z [svc-billing-1] gc pause 85ms, heap 564MB
2026-02-21T02:40:06.006Z [svc-search-0] closed idle connection after 299s
2026-02-21T02:40:06.007Z [pytest-xdist] gw5 test_auth.py::test_list_shipment PASSED in 79ms trace=4aee270a-a872-d5dc-7254-33189268fd60
2026-02-21T02:40:06.007Z [svc-search-4] closed idle connection after 111s
2026-02-21T02:40:06.008Z [svc-gateway-2] processed batch of 14 items
2026-02-21T02:40:06.008Z [svc-media-2] warning: slow query took 292ms
2026-02-21T02:40:06.009Z [svc-gateway-1] connected to upstream in 68ms
2026-02-21T02:40:06.011Z [svc-db-3] connected to upstream in 68ms
2026-02-21T02:40:06.011Z [svc-search-0] closed idle connection after 290s
2026-02-21T02:40:06.011Z [svc-notify-0] health check ok
2026-02-21T02:40:06.012Z [svc-media-1] processed batch of 31 items
2026-02-21T02:40:06.013Z [svc-media-0] gc pause 6ms, heap 555MB
2026-02-21T02:40:06.014Z [svc-search-3] processed batch of 116 items
2026-02-21T02:40:06.016Z [svc-db-2] processed batch of 137 items
2026-02-21T02:40:06.016Z [svc-billing-3] cache hit rate 92%
2026-02-21T02:40:06.016Z [svc-sched-1] cache hit rate 88%
2026-02-21T02:40:06.018Z [svc-cache-3] cache hit rate 95%
2026-02-21T02:40:06.019Z [svc-sched-3] retrying connection to kafka (attempt 3/3)
2026-02-21T02:40:06.023Z [pytest-xdist] gw0 test_reports.py::test_delete_query PASSED in 87ms trace=3ffbaa8d-727c-2064-cbea-e014c892a8f6
2026-02-21T02:40:06.026Z [svc-db-2] processed batch of 273 items
2026-02-21T02:40:06.028Z [pytest-xdist] gw4 test_search.py::test_render_template PASSED in 210ms trace=2e070d4a-971b-0933-d05b-88e040736447
2026-02-21T02:40:06.028Z [svc-db-3] closed idle connection after 170s
2026-02-21T02:40:06.028Z [svc-db-4] closed idle connection after 111s
2026-02-21T02:40:06.029Z [svc-cache-2] cache hit rate 95%
2026-02-21T02:40:06.029Z [svc-db-1] processed batch of 71 items
2026-02-21T02:40:06.031Z [svc-search-4] closed idle connection after 211s
2026-02-21T02:40:06.034Z [svc-gateway-4] gc pause 36ms, heap 809MB
2026-02-21T02:40:06.035Z [pytest-xdist] gw2 test_auth.py::test_update_query PASSED in 201ms trace=decb344c-a436-c0df-1d34-d3ea289fc5e1
2026-02-21T02:40:06.039Z [svc-cache-3] cache hit rate 90%
2026-02-21T02:40:06.039Z [svc-billing-0] connected to upstream in 33ms
2026-02-21T02:40:06.041Z [svc-auth-0] gc pause 74ms, heap 829MB
2026-02-21T02:40:06.041Z [svc-sched-3] cache hit rate 85%
2026-02-21T02:40:06.041Z [svc-sched-4] warning: slow query took 2094ms
2026-02-21T02:40:06.047Z [svc-billing-3] gc pause 40ms, heap 711MB
2026-02-21T02:40:06.048Z [pytest-xdist] gw4 test_reports.py::test_authorize_subscription PASSED in 212ms trace=94569026-c5dc-0757-e38d-20692b00ca46
2026-02-21T02:40:06.050Z [svc-cache-0] processed batch of 166 items
2026-02-21T02:40:06.050Z [svc-gateway-1] connected to upstream in 13ms
2026-02-21T02:40:06.053Z [svc-sched-3] gc pause 118ms, heap 247MB
2026-02-21T02:40:06.054Z [svc-notify-1] retrying connection to redis (attempt 3/3)
2026-02-21T02:40:06.054Z [svc-gateway-0] warning: slow query took 1509ms
2026-02-21T02:40:06.055Z [svc-gateway-2] warning: slow query took 714ms
2026-02-21T02:40:06.057Z [svc-cache-2] gc pause 92ms, heap 470MB
2026-02-21T02:40:06.058Z [pytest-xdist] gw4 test_media.py::test_cache_region PASSED in 246ms trace=8afc637e-6ea6-3d86-966f-63762a8b2ab1
2026-02-21T02:40:06.058Z [svc-sched-4] health check ok
2026-02-21T02:40:06.059Z [svc-queue-0] processed batch of 235 items
2026-02-21T02:40:06.060Z [svc-billing-0] connected to upstream in 30ms
2026-02-21T02:40:06.062Z [svc-notify-1] connected to upstream in 28ms
2026-02-21T02:40:06.063Z [pytest-xdist] gw5 test_billing.py::test_sync_shipment PASSED in 79ms trace=68a1d624-1379-1a1a-afb6-ca5faf941127
2026-02-21T02:40:06.063Z [svc-gateway-4] health check ok
2026-02-21T02:40:06.063Z [svc-media-1] warning: slow query took 1997ms
2026-02-21T02:40:06.063Z [svc-media-2] closed idle connection after 213s
2026-02-21T02:40:06.065Z [svc-auth-2] connected to upstream in 23ms
2026-02-21T02:40:06.066Z [svc-notify-1] warning: slow query took 1933ms
2026-02-21T02:40:06.068Z [svc-cache-2] cache hit rate 88%
2026-02-21T02:40:06.068Z [svc-media-1] closed idle connection after 69s
2026-02-21T02:40:06.071Z [svc-search-3] closed idle connection after 250s
2026-02-21T02:40:06.074Z [pytest-xdist] gw1 test_billing.py::test_retry_token PASSED in 220ms trace=8d8754ef-4307-3b46-6e8d-11f3393199eb
2026-02-21T02:40:06.074Z [svc-billing-4] gc pause 33ms, heap 376MB
2026-02-21T02:40:06.074Z [svc-notify-0] connected to upstream in 27ms
2026-02-21T02:40:06.077Z [svc-gateway-0] connected to upstream in 46ms
2026-02-21T02:40:06.078Z [svc-db-2] processed batch of 436 items
2026-02-21T02:40:06.078Z [svc-search-1] warning: slow query took 1361ms
2026-02-21T02:40:06.078Z [svc-notify-4] gc pause 45ms, heap 394MB
2026-02-21T02:40:06.083Z [svc-auth-2] processed batch of 99 items
2026-02-21T02:40:06.084Z [svc-sched-4] retrying connection to s3 (attempt 1/3)
2026-02-21T02:40:06.087Z [svc-gateway-4] cache hit rate 92%
2026-02-21T02:40:06.090Z [svc-notify-3] connected to upstream in 41ms
2026-02-21T02:40:06.090Z [svc-queue-1] health check ok
2026-02-21T02:40:06.091Z [svc-cache-0] retrying connection to vault (attempt 2/3)
2026-02-21T02:40:06.092Z [svc-media-2] gc pause 74ms, heap 521MB
2026-02-21T02:40:06.094Z [pytest-xdist] gw3 test_billing.py::test_paginate_region PASSED in 64ms trace=fc980323-9599-d7fd-ad7d-6fc226591700
2026-02-21T02:40:06.095Z [svc-billing-4] processed batch of 48 items
2026-02-21T02:40:06.097Z [svc-db-4] processed batch of 467 items
2026-02-21T02:40:06.097Z [svc-db-4] warning: slow query took 2054ms
2026-02-21T02:40:06.097Z [svc-sched-4] gc pause 98ms, heap 499MB
2026-02-21T02:40:06.098Z [svc-queue-2] health check ok
2026-02-21T02:40:06.098Z [svc-sched-2] closed idle connection after 232s
2026-02-21T02:40:06.099Z [svc-queue-4] processed batch of 410 items
2026-02-21T02:40:06.102Z [svc-gateway-1] gc pause 50ms, heap 489MB
2026-02-21T02:40:06.102Z [svc-media-0] connected to upstream in 62ms
2026-02-21T02:40:06.103Z [svc-sched-1] closed idle connection after 211s
2026-02-21T02:40:06.103Z [svc-sched-2] cache hit rate 92%
2026-02-21T02:40:06.105Z [svc-queue-4] closed idle connection after 282s
2026-02-21T02:40:06.107Z [svc-auth-3] retrying connection to redis (attempt 3/3)
2026-02-21T02:40:06.108Z [svc-billing-0] warning: slow query took 989ms
2026-02-21T02:40:06.109Z [svc-search-1] processed batch of 405 items
2026-02-21T02:40:06.110Z [svc-auth-2] cache hit rate 85%
2026-02-21T02:40:06.113Z [svc-search-0] gc pause 46ms, heap 608MB
2026-02-21T02:40:06.113Z [svc-gateway-2] retrying connection to s3 (attempt 2/3)
2026-02-21T02:40:06.113Z [svc-queue-1] gc pause 43ms, heap 147MB
2026-02-21T02:40:06.113Z [svc-sched-1] processed batch of 429 items
2026-02-21T02:40:06.115Z [svc-gateway-3] warning: slow query took 1155ms
2026-02-21T02:40:06.116Z [pytest-xdist] gw2 test_notify.py::test_cache_region PASSED in 129ms trace=76df2b81-8d40-832e-bf61-235c98ed026d
2026-02-21T02:40:06.119Z [svc-queue-2] health check ok
2026-02-21T02:40:06.120Z [svc-queue-1] warning: slow query took 2013ms
2026-02-21T02:40:06.121Z [svc-cache-0] cache hit rate 92%
2026-02-21T02:40:06.122Z [pytest-xdist] gw3 test_notify.py::test_sync_index PASSED in 23ms trace=441d1d52-84b7-d1ff-399b-c9ce99b925bd
2026-02-21T02:40:06.122Z [svc-db-4] processed batch of 463 items
2026-02-21T02:40:06.122Z [svc-billing-0] connected to upstream in 63ms
2026-02-21T02:40:06.122Z [svc-gateway-3] cache hit rate 85%
2026-02-21T02:40:06.122Z [svc-media-0] closed idle connection after 154s
2026-02-21T02:40:06.122Z [svc-queue-2] closed idle connection after 122s
2026-02-21T02:40:06.126Z [svc-gateway-2] warning: slow query took 1236ms
2026-02-21T02:40:06.126Z [svc-queue-0] warning: slow query took 1165ms
2026-02-21T02:40:06.127Z [svc-billing-3] gc pause 8ms, heap 959MB
2026-02-21T02:40:06.127Z [svc-search-1] cache hit rate 92%
2026-02-21T02:40:06.129Z [svc-notify-4] closed idle connection after 82s
2026-02-21T02:40:06.130Z [svc-media-2] gc pause 93ms, heap 994MB
2026-02-21T02:40:06.131Z [svc-auth-3] gc pause 25ms, heap 536MB
2026-02-21T02:40:06.133Z [svc-notify-4] connected to upstream in 68ms
2026-02-21T02:40:06.133Z [svc-gateway-0] closed idle connection after 254s
2026-02-21T02:40:06.136Z [pytest-xdist] gw1 test_export.py::test_retry_refund PASSED in 239ms trace=af753d90-d312-e39a-81cf-60ad733b37fd
2026-02-21T02:40:06.136Z [svc-auth-0] processed batch of 353 items
2026-02-21T02:40:06.139Z [svc-search-1] cache hit rate 90%
2026-02-21T02:40:06.142Z [svc-cache-3] warning: slow query took 634ms
2026-02-21T02:40:06.142Z [svc-cache-4] connected to upstream in 18ms
2026-02-21T02:40:06.142Z [svc-queue-4] retrying connection to s3 (attempt 3/3)
2026-02-21T02:40:06.143Z [svc-media-2] health check ok
2026-02-21T02:40:06.143Z [svc-sched-0] gc pause 20ms, heap 439MB
2026-02-21T02:40:06.144Z [pytest-xdist] gw2 test_media.py::test_create_index PASSED in 40ms trace=777b8ec3-8d4e-f908-c1e0-a4d43246b599
2026-02-21T02:40:06.144Z [svc-media-4] cache hit rate 88%
2026-02-21T02:40:06.145Z [svc-auth-0] gc pause 36ms, heap 728MB
2026-02-21T02:40:06.145Z [svc-search-0] connected to upstream in 16ms
2026-02-21T02:40:06.145Z [svc-notify-3] warning: slow query took 620ms
2026-02-21T02:40:06.145Z [svc-notify-4] gc pause 108ms, heap 992MB
2026-02-21T02:40:06.146Z [svc-queue-1] retrying connection to postgres (attempt 3/3)
2026-02-21T02:40:06.146Z [svc-queue-3] closed idle connection after 268s
2026-02-21T02:40:06.149Z [svc-auth-1] gc pause 51ms, heap 962MB
2026-02-21T02:40:06.149Z [svc-media-4] closed idle connection after 123s
2026-02-21T02:40:06.150Z [svc-queue-1] retrying connection to postgres (attempt 3/3)
2026-02-21T02:40:06.152Z [svc-db-2] gc pause 52ms, heap 755MB
2026-02-21T02:40:06.156Z [svc-gateway-0] warning: slow query took 1996ms
2026-02-21T02:40:06.157Z [svc-notify-4] closed idle connection after 65s
2026-02-21T02:40:06.158Z [svc-billing-4] connected to upstream in 37ms
2026-02-21T02:40:06.159Z [svc-billing-2] connected to upstream in 54ms
2026-02-21T02:40:06.159Z [svc-notify-3] processed batch of 257 items
2026-02-21T02:40:06.161Z [svc-billing-4] health check ok
2026-02-21T02:40:06.161Z [svc-sched-1] connected to upstream in 10ms
2026-02-21T02:40:06.162Z [svc-gateway-0] processed batch of 415 items
2026-02-21T02:40:06.163Z [pytest-xdist] gw2 test_gateway.py::test_reconcile_quota PASSED in 147ms trace=5c7a38ce-6511-30fd-6154-4dee1e75d94d
2026-02-21T02:40:06.163Z [svc-search-3] connected to upstream in 47ms
2026-02-21T02:40:06.163Z [svc-queue-1] connected to upstream in 9ms
2026-02-21T02:40:06.165Z [svc-db-2] warning: slow query took 2132ms
2026-02-21T02:40:06.166Z [pytest-xdist] gw5 test_orders.py::test_authorize_webhook PASSED in 238ms trace=c6690425-a032-fb3c-fcd2-d305aab89649
2026-02-21T02:40:06.167Z [svc-cache-2] cache hit rate 88%
2026-02-21T02:40:06.170Z [svc-cache-2] warning: slow query took 2037ms
2026-02-21T02:40:06.171Z [svc-db-1] gc pause 47ms, heap 843MB
2026-02-21T02:40:06.172Z [svc-db-3] health check ok
2026-02-21T02:40:06.172Z [svc-billing-4] processed batch of 13 items
2026-02-21T02:40:06.173Z [svc-queue-3] closed idle connection after 124s
2026-02-21T02:40:06.176Z [pytest-xdist] gw0 test_billing.py::test_create_region PASSED in 102ms trace=4130c04d-1887-5171-97cc-c1c6a1032d7f
2026-02-21T02:40:06.177Z [svc-cache-1] warning: slow query took 284ms
2026-02-21T02:40:06.180Z [svc-db-2] retrying connection to elasticsearch (attempt 3/3)
2026-02-21T02:40:06.180Z [svc-queue-4] warning: slow query took 1884ms
2026-02-21T02:40:06.184Z [svc-sched-0] warning: slow query took 1438ms
2026-02-21T02:40:06.186Z [svc-db-4] health check ok
2026-02-21T02:40:06.186Z [svc-billing-1] cache hit rate 88%
2026-02-21T02:40:06.186Z [svc-sched-0] connected to upstream in 53ms
2026-02-21T02:40:06.188Z [svc-cache-3] gc pause 56ms, heap 627MB
2026-02-21T02:40:06.188Z [svc-billing-4] warning: slow query took 1986ms
2026-02-21T02:40:06.189Z [svc-gateway-1] gc pause 21ms, heap 601MB
2026-02-21T02:40:06.189Z [svc-gateway-4] processed batch of 191 items
2026-02-21T02:40:06.189Z [svc-media-1] health check ok
2026-02-21T02:40:06.191Z [svc-db-1] processed batch of 368 items
2026-02-21T02:40:06.191Z [svc-sched-2] warning: slow query took 1003ms
2026-02-21T02:40:06.192Z [svc-db-1] health check ok
2026-02-21T02:40:06.194Z [svc-gateway-2] health check ok
2026-02-21T02:40:06.196Z [pytest-xdist] gw5 test_media.py::test_update_query PASSED in 76ms trace=acdea7d6-2876-ecb1-e267-4b0aa211621d
2026-02-21T02:40:06.199Z [svc-gateway-1] closed idle connection after 219s
2026-02-21T02:40:06.200Z [svc-gateway-2] closed idle connection after 99s
2026-02-21T02:40:06.207Z [pytest-xdist] gw1 test_orders.py::test_cache_region PASSED in 163ms trace=05f31c8f-d190-3827-f176-73683ddee1d3
2026-02-21T02:40:06.208Z [svc-gateway-0] warning: slow query took 786ms
2026-02-21T02:40:06.210Z [svc-billing-4] warning: slow query took 1849ms
2026-02-21T02:40:06.210Z [svc-search-1] cache hit rate 92%
2026-02-21T02:40:06.211Z [svc-db-3] cache hit rate 95%
2026-02-21T02:40:06.214Z [svc-cache-4] gc pause 9ms, heap 276MB
2026-02-21T02:40:06.215Z [svc-gateway-3] retrying connection to elasticsearch (attempt 3/3)
2026-02-21T02:40:06.218Z [svc-gateway-0] connected to upstream in 14ms
2026-02-21T02:40:06.218Z [svc-media-0] warning: slow query took 1552ms
2026-02-21T02:40:06.219Z [svc-auth-0] processed batch of 138 items
2026-02-21T02:40:06.219Z [svc-cache-2] gc pause 60ms, heap 985MB
2026-02-21T02:40:06.219Z [svc-billing-0] cache hit rate 90%
2026-02-21T02:40:06.219Z [svc-search-2] gc pause 93ms, heap 996MB
2026-02-21T02:40:06.219Z [svc-notify-2] health check ok
2026-02-21T02:40:06.220Z [svc-auth-1] health check ok
2026-02-21T02:40:06.220Z [svc-sched-2] cache hit rate 95%
2026-02-21T02:40:06.221Z [svc-billing-0] warning: slow query took 531ms
2026-02-21T02:40:06.226Z [svc-sched-1] health check ok
2026-02-21T02:40:06.227Z [svc-billing-4] health check ok
2026-02-21T02:40:06.227Z [svc-search-0] cache hit rate 88%
2026-02-21T02:40:06.228Z [pytest-xdist] gw4 test_users.py::test_parse_user PASSED in 29ms trace=57862959-3d4a-f7f9-303e-02569330f152
2026-02-21T02:40:06.230Z [svc-db-1] health check ok
2026-02-21T02:40:06.231Z [pytest-xdist] gw3 test_orders.py::test_retry_attachment PASSED in 208ms trace=7496a19c-9d1e-1235-7e06-12004866a878
2026-02-21T02:40:06.231Z [svc-notify-1] connected to upstream in 45ms
2026-02-21T02:40:06.233Z [svc-cache-4] warning: slow query took 2135ms
2026-02-21T02:40:06.234Z [svc-cache-2] warning: slow query took 1944ms
2026-02-21T02:40:06.235Z [svc-queue-4] connected to upstream in 64ms
2026-02-21T02:40:06.236Z [svc-auth-4] connected to upstream in 74ms
2026-02-21T02:40:06.236Z [svc-search-2] connected to upstream in 65ms
2026-02-21T02:40:06.238Z [svc-queue-0] health check ok
2026-02-21T02:40:06.240Z [pytest-xdist] gw5 test_export.py::test_paginate_token PASSED in 147ms trace=f03ca337-f7e7-c10a-6af4-6211f16e065e
2026-02-21T02:40:06.241Z [svc-cache-2] cache hit rate 85%
2026-02-21T02:40:06.241Z [svc-gateway-2] health check ok
2026-02-21T02:40:06.244Z [svc-gateway-4] gc pause 27ms, heap 835MB
2026-02-21T02:40:06.247Z [svc-gateway-0] retrying connection to redis (attempt 1/3)
2026-02-21T02:40:06.249Z [svc-queue-1] connected to upstream in 61ms
2026-02-21T02:40:06.250Z [svc-cache-4] closed idle connection after 74s
2026-02-21T02:40:06.250Z [svc-billing-0] warning: slow query took 928ms
2026-02-21T02:40:06.252Z [pytest-xdist] gw3 test_auth.py::test_paginate_refund PASSED in 97ms trace=2e9cc885-7a04-fb4d-9d97-c333651543c9
2026-02-21T02:40:06.255Z [svc-billing-2] retrying connection to s3 (attempt 3/3)
2026-02-21T02:40:06.256Z [svc-billing-1] closed idle connection after 69s
2026-02-21T02:40:06.257Z [svc-auth-1] retrying connection to vault (attempt 2/3)
2026-02-21T02:40:06.258Z [pytest-xdist] gw5 test_notify.py::test_expire_user PASSED in 54ms trace=91182366-6314-c6c7-fdbc-986b6dae8a65
2026-02-21T02:40:06.258Z [svc-auth-0] cache hit rate 85%
2026-02-21T02:40:06.263Z [svc-billing-1] retrying connection to kafka (attempt 1/3)
2026-02-21T02:40:06.266Z [svc-media-4] gc pause 15ms, heap 420MB
2026-02-21T02:40:06.267Z [svc-notify-0] retrying connection to postgres (attempt 1/3)
2026-02-21T02:40:06.268Z [svc-gateway-0] cache hit rate 90%
2026-02-21T02:40:06.270Z [svc-queue-4] health check ok
2026-02-21T02:40:06.272Z [pytest-xdist] gw3 test_notify.py::test_reconcile_user PASSED in 194ms trace=b6f68af8-ac91-6dab-7035-0351053e2882
2026-02-21T02:40:06.272Z [svc-auth-3] gc pause 74ms, heap 849MB
2026-02-21T02:40:06.273Z [svc-cache-0] connected to upstream in 23ms
2026-02-21T02:40:06.282Z [svc-gateway-1] closed idle connection after 237s
2026-02-21T02:40:06.283Z [pytest-xdist] gw0 test_reports.py::test_validate_region PASSED in 240ms trace=7dbf1161-603b-8ddd-5013-e0f80b3e4b97
2026-02-21T02:40:06.283Z [svc-search-1] processed batch of 106 items
2026-02-21T02:40:06.283Z [svc-media-1] connected to upstream in 61ms
2026-02-21T02:40:06.284Z [svc-notify-1] closed idle connection after 314s
2026-02-21T02:40:06.284Z [svc-media-3] health check ok
2026-02-21T02:40:06.284Z [svc-sched-2] closed idle connection after 298s
2026-02-21T02:40:06.285Z [svc-auth-1] processed batch of 81 items
2026-02-21T02:40:06.285Z [svc-media-2] connected to upstream in 67ms
2026-02-21T02:40:06.286Z [svc-billing-3] processed batch of 152 items
2026-02-21T02:40:06.287Z [svc-auth-1] health check ok
2026-02-21T02:40:06.287Z [svc-gateway-3] retrying connection to elasticsearch (attempt 2/3)
2026-02-21T02:40:06.291Z [svc-notify-4] connected to upstream in 60ms
2026-02-21T02:40:06.291Z [svc-gateway-1] warning: slow query took 1144ms
2026-02-21T02:40:06.292Z [svc-gateway-0] warning: slow query took 477ms
2026-02-21T02:40:06.292Z [svc-gateway-4] cache hit rate 95%
2026-02-21T02:40:06.294Z [svc-sched-2] processed batch of 332 items
2026-02-21T02:40:06.295Z [svc-billing-1] closed idle connection after 182s
2026-02-21T02:40:06.296Z [svc-db-4] warning: slow query took 1890ms
2026-02-21T02:40:06.296Z [svc-notify-3] gc pause 59ms, heap 643MB
2026-02-21T02:40:06.296Z [svc-media-4] health check ok
2026-02-21T02:40:06.296Z [svc-sched-3] cache hit rate 92%
2026-02-21T02:40:06.297Z [svc-auth-0] retrying connection to elasticsearch (attempt 2/3)
2026-02-21T02:40:06.297Z [svc-db-2] health check ok
2026-02-21T02:40:06.297Z [svc-db-4] gc pause 69ms, heap 810MB
2026-02-21T02:40:06.298Z [svc-media-2] closed idle connection after 316s
2026-02-21T02:40:06.298Z [svc-queue-4] cache hit rate 92%
2026-02-21T02:40:06.302Z [pytest-xdist] gw1 test_notify.py::test_notify_invoice PASSED in 86ms trace=9b4a7302-fd0e-8dbf-d7b0-1b530ea27f40
2026-02-21T02:40:06.302Z [svc-billing-4] gc pause 73ms, heap 672MB
2026-02-21T02:40:06.302Z [svc-sched-1] connected to upstream in 45ms
2026-02-21T02:40:06.303Z [svc-cache-0] gc pause 7ms, heap 291MB
2026-02-21T02:40:06.305Z [svc-db-4] connected to upstream in 44ms
2026-02-21T02:40:06.305Z [svc-sched-4] retrying connection to s3 (attempt 1/3)
2026-02-21T02:40:06.307Z [svc-billing-0] closed idle connection after 237s
2026-02-21T02:40:06.307Z [svc-notify-3] processed batch of 489 items
2026-02-21T02:40:06.308Z [svc-sched-2] gc pause 12ms, heap 754MB
2026-02-21T02:40:06.310Z [svc-sched-4] gc pause 79ms, heap 485MB
2026-02-21T02:40:06.314Z [svc-auth-2] health check ok
2026-02-21T02:40:06.314Z [svc-auth-3] closed idle connection after 94s
2026-02-21T02:40:06.314Z [svc-billing-1] processed batch of 431 items
2026-02-21T02:40:06.314Z [svc-gateway-1] closed idle connection after 217s
2026-02-21T02:40:06.315Z [svc-auth-3] retrying connection to redis (attempt 3/3)
2026-02-21T02:40:06.315Z [svc-search-2] health check ok
2026-02-21T02:40:06.317Z [svc-auth-1] connected to upstream in 62ms
2026-02-21T02:40:06.318Z [svc-cache-1] health check ok
2026-02-21T02:40:06.318Z [svc-sched-0] retrying connection to vault (attempt 3/3)
2026-02-21T02:40:06.319Z [svc-notify-1] closed idle connection after 249s
2026-02-21T02:40:06.320Z [svc-billing-1] cache hit rate 92%
2026-02-21T02:40:06.322Z [pytest-xdist] gw0 test_webhooks.py::test_sync_user PASSED in 70ms trace=ed8d4242-a197-bb71-3886-3a1aea582584
2026-02-21T02:40:06.326Z [svc-cache-3] cache hit rate 95%
2026-02-21T02:40:06.328Z [svc-search-0] retrying connection to postgres (attempt 2/3)
2026-02-21T02:40:06.328Z [svc-search-4] cache hit rate 85%
2026-02-21T02:40:06.330Z [pytest-xdist] gw5 test_sched.py::test_validate_region PASSED in 34ms trace=e49917b5-6a5c-5fa2-2473-ced2c77336be
2026-02-21T02:40:06.333Z [svc-db-3] processed batch of 385 items
2026-02-21T02:40:06.334Z [svc-gateway-2] closed idle connection after 129s
2026-02-21T02:40:06.335Z [svc-notify-0] cache hit rate 92%
2026-02-21T02:40:06.335Z [svc-notify-2] health check ok
2026-02-21T02:40:06.336Z [svc-billing-4] health check ok
2026-02-21T02:40:06.337Z [svc-cache-2] retrying connection to redis (attempt 2/3)
2026-02-21T02:40:06.338Z [svc-db-0] warning: slow query took 1607ms
2026-02-21T02:40:06.339Z [pytest-xdist] gw4 test_export.py::test_paginate_subscription PASSED in 57ms trace=fc82dbab-2caa-8e6c-3eb2-67d42cbc5999
2026-02-21T02:40:06.339Z [svc-billing-3] cache hit rate 85%
2026-02-21T02:40:06.340Z [svc-billing-4] retrying connection to vault (attempt 3/3)
2026-02-21T02:40:06.341Z [svc-cache-0] closed idle connection after 298s
2026-02-21T02:40:06.344Z [svc-search-3] closed idle connection after 260s
2026-02-21T02:40:06.344Z [svc-gateway-0] cache hit rate 92%
2026-02-21T02:40:06.345Z [svc-cache-3] processed batch of 429 items
2026-02-21T02:40:06.346Z [svc-gateway-3] warning: slow query took 390ms
2026-02-21T02:40:06.347Z [svc-db-4] health check ok
2026-02-21T02:40:06.348Z [svc-search-1] cache hit rate 92%
2026-02-21T02:40:06.349Z [svc-sched-2] closed idle connection after 182s
2026-02-21T02:40:06.350Z [svc-auth-0] connected to upstream in 70ms
2026-02-21T02:40:06.351Z [svc-search-1] processed batch of 419 items
2026-02-21T02:40:06.351Z [svc-gateway-1] connected to upstream in 7ms
2026-02-21T02:40:06.352Z [svc-notify-1] closed idle connection after 243s
2026-02-21T02:40:06.353Z [svc-media-1] retrying connection to postgres (attempt 2/3)
2026-02-21T02:40:06.354Z [svc-notify-0] retrying connection to postgres (attempt 2/3)
2026-02-21T02:40:06.356Z [svc-auth-0] health check ok
2026-02-21T02:40:06.356Z [svc-queue-4] warning: slow query took 1876ms
2026-02-21T02:40:06.357Z [svc-search-4] connected to upstream in 44ms
2026-02-21T02:40:06.359Z [pytest-xdist] gw5 test_orders.py::test_notify_region PASSED in 177ms trace=feabf14b-ad25-4c86-53d3-b9bde3f5971a
2026-02-21T02:40:06.359Z [svc-notify-0] retrying connection to postgres (attempt 3/3)
2026-02-21T02:40:06.360Z [svc-db-2] closed idle connection after 31s
2026-02-21T02:40:06.361Z [svc-auth-0] closed idle connection after 278s
2026-02-21T02:40:06.363Z [svc-billing-3] closed idle connection after 312s
2026-02-21T02:40:06.363Z [svc-notify-0] gc pause 45ms, heap 795MB
2026-02-21T02:40:06.364Z [pytest-xdist] gw2 test_import.py::test_delete_user PASSED in 154ms trace=f8408b8c-2e1e-6db7-eca8-3e779805736d
2026-02-21T02:40:06.365Z [svc-db-3] health check ok
2026-02-21T02:40:06.367Z [svc-gateway-4] closed idle connection after 47s
2026-02-21T02:40:06.367Z [svc-queue-3] warning: slow query took 1661ms
2026-02-21T02:40:06.367Z [svc-sched-3] warning: slow query took 1218ms
2026-02-21T02:40:06.368Z [svc-queue-3] cache hit rate 85%
2026-02-21T02:40:06.370Z [svc-notify-4] warning: slow query took 1111ms
2026-02-21T02:40:06.374Z [svc-notify-1] cache hit rate 88%
2026-02-21T02:40:06.375Z [pytest-xdist] gw5 test_users.py::test_list_coupon PASSED in 2ms trace=f33bf89d-c6a5-25a3-04e2-505dafe618d9
2026-02-21T02:40:06.375Z [svc-auth-3] health check ok
2026-02-21T02:40:06.376Z [svc-sched-0] connected to upstream in 10ms
2026-02-21T02:40:06.377Z [svc-gateway-0] warning: slow query took 1218ms
2026-02-21T02:40:06.377Z [svc-sched-2] connected to upstream in 14ms
2026-02-21T02:40:06.384Z [svc-cache-3] gc pause 97ms, heap 471MB
2026-02-21T02:40:06.384Z [svc-notify-2] warning: slow query took 1922ms
2026-02-21T02:40:06.385Z [pytest-xdist] gw4 test_gateway.py::test_cache_subscription PASSED in 124ms trace=75f0486b-1b5b-7a3b-d049-3bacf106b7a2
2026-02-21T02:40:06.385Z [svc-search-0] connected to upstream in 38ms
2026-02-21T02:40:06.385Z [svc-media-2] cache hit rate 85%
2026-02-21T02:40:06.388Z [svc-queue-4] closed idle connection after 196s
2026-02-21T02:40:06.391Z [svc-cache-4] gc pause 12ms, heap 602MB
2026-02-21T02:40:06.394Z [svc-search-1] processed batch of 209 items
2026-02-21T02:40:06.394Z [svc-search-2] retrying connection to kafka (attempt 1/3)
2026-02-21T02:40:06.394Z [svc-media-0] processed batch of 306 items
2026-02-21T02:40:06.397Z [svc-search-0] retrying connection to postgres (attempt 3/3)
2026-02-21T02:40:06.399Z [svc-gateway-1] closed idle connection after 129s
2026-02-21T02:40:06.401Z [svc-notify-0] warning: slow query took 1319ms
2026-02-21T02:40:06.403Z [pytest-xdist] gw2 test_queue.py::test_list_quota PASSED in 83ms trace=a0a24236-d7c4-83a3-2269-ed3158cd10ca
2026-02-21T02:40:06.404Z [svc-auth-2] closed idle connection after 278s
2026-02-21T02:40:06.405Z [svc-cache-4] cache hit rate 92%
2026-02-21T02:40:06.405Z [svc-search-4] retrying connection to elasticsearch (attempt 1/3)
2026-02-21T02:40:06.405Z [svc-queue-4] connected to upstream in 74ms
2026-02-21T02:40:06.406Z [svc-billing-1] warning: slow query took 781ms
2026-02-21T02:40:06.407Z [svc-sched-3] processed batch of 466 items
2026-02-21T02:40:06.408Z [svc-auth-3] retrying connection to redis (attempt 1/3)
2026-02-21T02:40:06.409Z [svc-db-2] health check ok
2026-02-21T02:40:06.410Z [svc-cache-1] health check ok
2026-02-21T02:40:06.410Z [svc-notify-0] connected to upstream in 32ms
2026-02-21T02:40:06.411Z [svc-sched-1] gc pause 46ms, heap 654MB
2026-02-21T02:40:06.413Z [svc-cache-2] closed idle connection after 190s
2026-02-21T02:40:06.414Z [svc-sched-0] closed idle connection after 140s
2026-02-21T02:40:06.416Z [svc-gateway-0] health check ok
2026-02-21T02:40:06.417Z [pytest-xdist] gw5 test_notify.py::test_paginate_refund PASSED in 242ms trace=3116aab0-6cf0-6b01-7b1f-f99ea8e77ec0
2026-02-21T02:40:06.417Z [svc-db-3] retrying connection to vault (attempt 3/3)
2026-02-21T02:40:06.418Z [svc-billing-1] health check ok
2026-02-21T02:40:06.418Z [svc-notify-3] connected to upstream in 29ms
2026-02-21T02:40:06.419Z [svc-db-4] closed idle connection after 112s
2026-02-21T02:40:06.422Z [svc-gateway-0] gc pause 53ms, heap 502MB
2026-02-21T02:40:06.423Z [svc-cache-3] processed batch of 284 items
2026-02-21T02:40:06.425Z [svc-search-0] health check ok
2026-02-21T02:40:06.426Z [svc-gateway-4] processed batch of 322 items
2026-02-21T02:40:06.426Z [svc-sched-1] processed batch of 79 items
2026-02-21T02:40:06.428Z [svc-db-0] processed batch of 21 items
2026-02-21T02:40:06.428Z [svc-db-0] health check ok
2026-02-21T02:40:06.428Z [svc-sched-2] processed batch of 387 items
2026-02-21T02:40:06.431Z [pytest-xdist] gw2 test_billing.py::test_reconcile_refund PASSED in 71ms trace=6de1dbbc-3707-c57c-2420-42e97f4e7c1d
2026-02-21T02:40:06.432Z [svc-auth-1] processed batch of 382 items
2026-02-21T02:40:06.433Z [svc-db-3] closed idle connection after 221s
2026-02-21T02:40:06.434Z [svc-media-4] processed batch of 155 items
2026-02-21T02:40:06.435Z [pytest-xdist] gw1 test_billing.py::test_create_coupon PASSED in 71ms trace=09fcd2c5-35cb-2004-1f08-ff43456d36c8
2026-02-21T02:40:06.437Z [svc-notify-3] health check ok
2026-02-21T02:40:06.442Z [svc-sched-1] cache hit rate 88%
2026-02-21T02:40:06.443Z [svc-search-0] health check ok
2026-02-21T02:40:06.443Z [svc-gateway-2] closed idle connection after 123s
2026-02-21T02:40:06.444Z [svc-queue-3] health check ok
2026-02-21T02:40:06.445Z [svc-db-2] health check ok
2026-02-21T02:40:06.447Z [pytest-xdist] gw2 test_auth.py::test_parse_template PASSED in 126ms trace=377f939d-1403-21c3-a14a-92dd2a2f7775
2026-02-21T02:40:06.447Z [svc-billing-0] retrying connection to redis (attempt 1/3)
2026-02-21T02:40:06.448Z [svc-db-0] gc pause 49ms, heap 684MB
2026-02-21T02:40:06.453Z [svc-db-3] gc pause 35ms, heap 177MB
2026-02-21T02:40:06.453Z [svc-queue-4] gc pause 80ms, heap 669MB
2026-02-21T02:40:06.454Z [svc-notify-2] health check ok
2026-02-21T02:40:06.456Z [pytest-xdist] gw3 test_reports.py::test_render_template PASSED in 243ms trace=1748dca3-1a28-4bcc-0b10-bc9fda7a0031
2026-02-21T02:40:06.457Z [svc-gateway-2] gc pause 17ms, heap 212MB
2026-02-21T02:40:06.458Z [svc-auth-1] health check ok
2026-02-21T02:40:06.458Z [svc-billing-1] gc pause 8ms, heap 754MB
2026-02-21T02:40:06.458Z [svc-search-1] cache hit rate 88%
2026-02-21T02:40:06.458Z [svc-sched-3] warning: slow query took 1303ms
2026-02-21T02:40:06.459Z [pytest-xdist] gw5 test_export.py::test_cache_subscription PASSED in 30ms trace=8c0eb725-e9af-bb5c-5d2f-609902ea9adc
2026-02-21T02:40:06.460Z [svc-db-4] gc pause 59ms, heap 590MB
2026-02-21T02:40:06.461Z [svc-billing-4] processed batch of 124 items
2026-02-21T02:40:06.461Z [svc-notify-0] processed batch of 365 items
2026-02-21T02:40:06.464Z [svc-search-0] health check ok
2026-02-21T02:40:06.466Z [svc-billing-2] processed batch of 312 items
2026-02-21T02:40:06.468Z [pytest-xdist] gw3 test_billing.py::test_update_session PASSED in 50ms trace=9291fefc-edc5-d81b-222d-6541ff92c46c
2026-02-21T02:40:06.470Z [svc-sched-2] retrying connection to redis (attempt 1/3)
2026-02-21T02:40:06.471Z [svc-notify-0] warning: slow query took 1609ms
2026-02-21T02:40:06.471Z [svc-media-4] connected to upstream in 84ms
2026-02-21T02:40:06.472Z [svc-search-4] gc pause 18ms, heap 979MB
2026-02-21T02:40:06.474Z [svc-billing-4] health check ok
2026-02-21T02:40:06.475Z [svc-auth-4] closed idle connection after 77s
2026-02-21T02:40:06.475Z [svc-media-2] warning: slow query took 2118ms
2026-02-21T02:40:06.476Z [svc-db-1] closed idle connection after 306s
2026-02-21T02:40:06.476Z [svc-search-2] health check ok
2026-02-21T02:40:06.480Z [svc-billing-0] gc pause 85ms, heap 766MB
2026-02-21T02:40:06.481Z [svc-sched-3] warning: slow query took 1863ms
2026-02-21T02:40:06.484Z [svc-db-3] warning: slow query took 963ms
2026-02-21T02:40:06.484Z [svc-queue-4] retrying connection to s3 (attempt 3/3)
2026-02-21T02:40:06.485Z [pytest-xdist] gw3 test_media.py::test_reconcile_shipment PASSED in 175ms trace=8a475e38-81da-5da9-22a4-fb35bc825f6b
2026-02-21T02:40:06.485Z [svc-queue-1] connected to upstream in 42ms
2026-02-21T02:40:06.486Z [svc-notify-2] closed idle connection after 144s
2026-02-21T02:40:06.488Z [svc-auth-0] warning: slow query took 1922ms
2026-02-21T02:40:06.488Z [svc-billing-1] retrying connection to kafka (attempt 1/3)
2026-02-21T02:40:06.489Z [svc-gateway-4] retrying connection to vault (attempt 2/3)
2026-02-21T02:40:06.489Z [svc-queue-3] connected to upstream in 79ms
2026-02-21T02:40:06.490Z [svc-gateway-1] gc pause 22ms, heap 872MB
2026-02-21T02:40:06.491Z [pytest-xdist] gw3 test_billing.py::test_reconcile_subscription PASSED in 147ms trace=7b0793c9-0f27-ce3a-b8a8-0e79d2ff0f94
2026-02-21T02:40:06.492Z [svc-cache-4] health check ok
2026-02-21T02:40:06.492Z [svc-media-4] health check ok
2026-02-21T02:40:06.495Z [svc-sched-2] gc pause 102ms, heap 265MB
2026-02-21T02:40:06.496Z [svc-search-1] processed batch of 426 items
2026-02-21T02:40:06.498Z [svc-db-4] warning: slow query took 1771ms
2026-02-21T02:40:06.498Z [svc-notify-4] warning: slow query took 1027ms
2026-02-21T02:40:06.501Z [svc-notify-3] warning: slow query took 1654ms
2026-02-21T02:40:06.502Z [svc-auth-2] warning: slow query took 1252ms
2026-02-21T02:40:06.502Z [svc-gateway-4] health check ok
2026-02-21T02:40:06.507Z [svc-sched-1] cache hit rate 92%
2026-02-21T02:40:06.508Z [pytest-xdist] gw0 test_queue.py::test_notify_user PASSED in 181ms trace=9d79479f-47a4-c07c-c2b8-954f662853cd
2026-02-21T02:40:06.509Z [svc-cache-0] cache hit rate 95%
2026-02-21T02:40:06.510Z [svc-auth-2] processed batch of 481 items
2026-02-21T02:40:06.511Z [svc-sched-1] processed batch of 114 items
2026-02-21T02:40:06.513Z [pytest-xdist] gw1 test_sched.py::test_cache_template PASSED in 150ms trace=784c665d-27bc-afe4-5a68-8eda6267b764
2026-02-21T02:40:06.514Z [svc-auth-3] processed batch of 70 items
2026-02-21T02:40:06.515Z [svc-notify-0] closed idle connection after 97s
2026-02-21T02:40:06.517Z [svc-search-3] closed idle connection after 198s
2026-02-21T02:40:06.517Z [svc-notify-4] health check ok
2026-02-21T02:40:06.518Z [svc-billing-0] gc pause 103ms, heap 342MB
2026-02-21T02:40:06.518Z [svc-search-1] closed idle connection after 46s
2026-02-21T02:40:06.521Z [svc-notify-4] health check ok
2026-02-21T02:40:06.523Z [svc-queue-4] cache hit rate 92%
2026-02-21T02:40:06.524Z [pytest-xdist] gw3 test_webhooks.py::test_list_quota PASSED in 110ms trace=39261afe-691f-4d75-9baf-e66dd2c1c5cd
2026-02-21T02:40:06.525Z [svc-cache-4] cache hit rate 88%
2026-02-21T02:40:06.525Z [svc-db-3] warning: slow query took 2103ms
2026-02-21T02:40:06.525Z [svc-search-0] connected to upstream in 24ms
2026-02-21T02:40:06.526Z [svc-auth-2] warning: slow query took 2050ms
2026-02-21T02:40:06.527Z [svc-db-3] warning: slow query took 929ms
2026-02-21T02:40:06.529Z [svc-cache-3] processed batch of 180 items
2026-02-21T02:40:06.529Z [svc-media-3] gc pause 109ms, heap 264MB
2026-02-21T02:40:06.532Z [svc-billing-3] warning: slow query took 853ms
2026-02-21T02:40:06.533Z [svc-auth-3] warning: slow query took 1270ms
2026-02-21T02:40:06.534Z [svc-gateway-1] connected to upstream in 8ms
2026-02-21T02:40:06.536Z [svc-queue-0] closed idle connection after 156s
2026-02-21T02:40:06.537Z [pytest-xdist] gw2 test_billing.py::test_update_user PASSED in 144ms trace=a90c82dc-14d3-c826-354f-b74503740414
2026-02-21T02:40:06.537Z [svc-notify-3] health check ok
2026-02-21T02:40:06.538Z [svc-notify-3] warning: slow query took 1496ms
2026-02-21T02:40:06.539Z [svc-cache-2] retrying connection to redis (attempt 1/3)
2026-02-21T02:40:06.539Z [svc-sched-1] health check ok
2026-02-21T02:40:06.540Z [svc-queue-4] processed batch of 381 items
2026-02-21T02:40:06.541Z [svc-notify-0] gc pause 80ms, heap 774MB
2026-02-21T02:40:06.544Z [svc-search-1] gc pause 49ms, heap 770MB
2026-02-21T02:40:06.546Z [svc-media-3] connected to upstream in 45ms
2026-02-21T02:40:06.547Z [svc-db-4] retrying connection to postgres (attempt 2/3)
2026-02-21T02:40:06.547Z [svc-media-1] cache hit rate 90%
2026-02-21T02:40:06.548Z [svc-auth-4] gc pause 119ms, heap 709MB
2026-02-21T02:40:06.552Z [pytest-xdist] gw2 test_queue.py::test_delete_token PASSED in 138ms trace=0fd05b40-e1fa-8e8b-bc0a-f5e22f6663ee
2026-02-21T02:40:06.554Z [svc-cache-2] warning: slow query took 1871ms
2026-02-21T02:40:06.556Z [svc-queue-0] gc pause 91ms, heap 734MB
2026-02-21T02:40:06.556Z [svc-queue-2] processed batch of 324 items
2026-02-21T02:40:06.559Z [svc-media-1] processed batch of 462 items
2026-02-21T02:40:06.560Z [svc-billing-3] warning: slow query took 1269ms
2026-02-21T02:40:06.564Z [svc-auth-3] cache hit rate 88%
2026-02-21T02:40:06.564Z [svc-billing-0] health check ok
2026-02-21T02:40:06.565Z [svc-db-0] retrying connection to kafka (attempt 3/3)
2026-02-21T02:40:06.565Z [svc-gateway-1] processed batch of 330 items
2026-02-21T02:40:06.565Z [svc-media-0] warning: slow query took 2179ms
2026-02-21T02:40:06.565Z [svc-queue-2] closed idle connection after 139s
2026-02-21T02:40:06.566Z [svc-cache-3] retrying connection to kafka (attempt 3/3)
2026-02-21T02:40:06.567Z [svc-gateway-3] health check ok
2026-02-21T02:40:06.568Z [svc-media-3] connected to upstream in 59ms
2026-02-21T02:40:06.569Z [svc-db-3] retrying connection to vault (attempt 2/3)
2026-02-21T02:40:06.571Z [svc-db-4] closed idle connection after 47s
2026-02-21T02:40:06.571Z [svc-sched-2] warning: slow query took 209ms
2026-02-21T02:40:06.572Z [pytest-xdist] gw3 test_gateway.py::test_render_attachment PASSED in 232ms trace=d4c1aa00-01d2-8c43-1d7e-5c20be94aede
2026-02-21T02:40:06.574Z [svc-billing-2] gc pause 81ms, heap 482MB
2026-02-21T02:40:06.575Z [svc-media-4] gc pause 71ms, heap 372MB
2026-02-21T02:40:06.576Z [svc-db-3] cache hit rate 95%
2026-02-21T02:40:06.576Z [svc-db-4] processed batch of 76 items
2026-02-21T02:40:06.577Z [svc-auth-3] closed idle connection after 77s
2026-02-21T02:40:06.577Z [svc-db-3] retrying connection to vault (attempt 1/3)
2026-02-21T02:40:06.578Z [svc-search-1] gc pause 32ms, heap 968MB
2026-02-21T02:40:06.579Z [svc-queue-2] processed batch of 397 items
2026-02-21T02:40:06.580Z [svc-cache-3] connected to upstream in 15ms
2026-02-21T02:40:06.581Z [svc-auth-0] processed batch of 129 items
2026-02-21T02:40:06.582Z [svc-billing-0] connected to upstream in 10ms
2026-02-21T02:40:06.582Z [svc-media-4] retrying connection to s3 (attempt 3/3)
2026-02-21T02:40:06.582Z [svc-queue-2] processed batch of 215 items
2026-02-21T02:40:06.583Z [svc-cache-1] warning: slow query took 1581ms
2026-02-21T02:40:06.584Z [svc-search-3] closed idle connection after 34s
2026-02-21T02:40:06.585Z [svc-billing-1] health check ok
2026-02-21T02:40:06.590Z [svc-gateway-3] cache hit rate 85%
2026-02-21T02:40:06.591Z [pytest-xdist] gw4 test_sched.py::test_list_webhook PASSED in 244ms trace=894dce42-3aeb-75ae-2b46-3e69d9d7b9e5
2026-02-21T02:40:06.591Z [svc-db-0] cache hit rate 92%
2026-02-21T02:40:06.592Z [svc-auth-2] gc pause 81ms, heap 724MB
2026-02-21T02:40:06.593Z [svc-auth-1] cache hit rate 95%
2026-02-21T02:40:06.595Z [svc-notify-2] connected to upstream in 52ms
2026-02-21T02:40:06.597Z [svc-notify-2] closed idle connection after 309s
2026-02-21T02:40:06.601Z [svc-auth-3] connected to upstream in 72ms
2026-02-21T02:40:06.601Z [svc-billing-3] health check ok
2026-02-21T02:40:06.601Z [svc-queue-2] cache hit rate 90%
2026-02-21T02:40:06.602Z [svc-billing-0] warning: slow query took 419ms
2026-02-21T02:40:06.602Z [svc-queue-2] connected to upstream in 45ms
2026-02-21T02:40:06.608Z [pytest-xdist] gw3 test_orders.py::test_update_webhook PASSED in 42ms trace=73239041-8946-7288-6ea2-bc78a0cbc5da
2026-02-21T02:40:06.609Z [svc-billing-1] cache hit rate 88%
2026-02-21T02:40:06.611Z [svc-cache-0] health check ok
2026-02-21T02:40:06.613Z [svc-queue-2] warning: slow query took 2161ms
2026-02-21T02:40:06.614Z [svc-cache-4] cache hit rate 90%
2026-02-21T02:40:06.616Z [svc-db-2] processed batch of 454 items
2026-02-21T02:40:06.616Z [svc-search-3] warning: slow query took 1352ms
2026-02-21T02:40:06.619Z [pytest-xdist] gw3 test_orders.py::test_render_quota PASSED in 159ms trace=9f4b230c-430e-660c-11e1-17eed16b9f86
2026-02-21T02:40:06.619Z [svc-db-3] closed idle connection after 165s
2026-02-21T02:40:06.621Z [svc-media-0] connected to upstream in 48ms
2026-02-21T02:40:06.621Z [svc-queue-4] closed idle connection after 263s
2026-02-21T02:40:06.622Z [svc-cache-0] cache hit rate 90%
2026-02-21T02:40:06.622Z [svc-db-1] closed idle connection after 316s
2026-02-21T02:40:06.624Z [svc-cache-0] health check ok
2026-02-21T02:40:06.626Z [svc-db-3] warning: slow query took 1024ms
2026-02-21T02:40:06.626Z [svc-media-2] retrying connection to redis (attempt 3/3)
2026-02-21T02:40:06.628Z [svc-media-3] closed idle connection after 205s
2026-02-21T02:40:06.630Z [svc-media-1] connected to upstream in 12ms
2026-02-21T02:40:06.633Z [svc-db-1] warning: slow query took 844ms
2026-02-21T02:40:06.635Z [pytest-xdist] gw0 test_gateway.py::test_authorize_user PASSED in 249ms trace=3408a9f7-09a4-a726-f255-54456fad1f2c
2026-02-21T02:40:06.636Z [svc-cache-3] health check ok
2026-02-21T02:40:06.637Z [svc-cache-0] warning: slow query took 1784ms
2026-02-21T02:40:06.638Z [svc-gateway-0] retrying connection to redis (attempt 1/3)
2026-02-21T02:40:06.638Z [svc-gateway-3] cache hit rate 90%
2026-02-21T02:40:06.639Z [svc-search-0] gc pause 38ms, heap 761MB
2026-02-21T02:40:06.640Z [svc-cache-4] processed batch of 262 items
2026-02-21T02:40:06.641Z [svc-cache-4] health check ok
2026-02-21T02:40:06.643Z [svc-queue-1] closed idle connection after 79s
2026-02-21T02:40:06.645Z [pytest-xdist] gw3 test_billing.py::test_paginate_refund PASSED in 11ms trace=088e58f5-6c23-9a40-bc75-4e51b5c256a8
2026-02-21T02:40:06.646Z [svc-cache-4] closed idle connection after 48s
2026-02-21T02:40:06.649Z [svc-media-4] gc pause 44ms, heap 488MB
2026-02-21T02:40:06.650Z [svc-notify-2] health check ok
2026-02-21T02:40:06.651Z [svc-cache-4] health check ok
2026-02-21T02:40:06.655Z [svc-gateway-3] health check ok
2026-02-21T02:40:06.655Z [svc-media-0] health check ok
2026-02-21T02:40:06.656Z [svc-billing-1] processed batch of 431 items
2026-02-21T02:40:06.657Z [svc-cache-0] retrying connection to vault (attempt 2/3)
2026-02-21T02:40:06.659Z [svc-billing-4] connected to upstream in 39ms
2026-02-21T02:40:06.660Z [svc-db-1] connected to upstream in 73ms
2026-02-21T02:40:06.660Z [svc-billing-0] warning: slow query took 2021ms
2026-02-21T02:40:06.662Z [svc-auth-4] processed batch of 402 items
2026-02-21T02:40:06.663Z [pytest-xdist] gw3 test_sched.py::test_parse_refund PASSED in 155ms trace=71d0f12e-67f3-2f50-efff-ade4cf762ccf
2026-02-21T02:40:06.663Z [svc-db-3] closed idle connection after 89s
2026-02-21T02:40:06.663Z [svc-media-0] closed idle connection after 99s
2026-02-21T02:40:06.664Z [svc-cache-2] gc pause 38ms, heap 346MB
2026-02-21T02:40:06.664Z [svc-search-1] health check ok
2026-02-21T02:40:06.664Z [svc-queue-1] gc pause 62ms, heap 216MB
2026-02-21T02:40:06.665Z [svc-gateway-3] processed batch of 150 items
2026-02-21T02:40:06.666Z [svc-media-2] health check ok
2026-02-21T02:40:06.667Z [svc-media-4] cache hit rate 95%
2026-02-21T02:40:06.668Z [svc-search-1] connected to upstream in 71ms
2026-02-21T02:40:06.668Z [svc-media-4] processed batch of 47 items
2026-02-21T02:40:06.669Z [svc-billing-3] connected to upstream in 10ms
2026-02-21T02:40:06.671Z [svc-auth-0] warning: slow query took 516ms
2026-02-21T02:40:06.671Z [svc-billing-1] processed batch of 488 items
2026-02-21T02:40:06.674Z [svc-db-1] gc pause 96ms, heap 879MB
2026-02-21T02:40:06.675Z [svc-queue-3] gc pause 50ms, heap 441MB
2026-02-21T02:40:06.676Z [svc-queue-3] connected to upstream in 67ms
2026-02-21T02:40:06.677Z [svc-auth-3] health check ok
2026-02-21T02:40:06.679Z [pytest-xdist] gw2 test_auth.py::test_sync_shipment PASSED in 25ms trace=8f1448b4-5167-9e55-85c0-df0a1a184854
2026-02-21T02:40:06.679Z [svc-auth-1] cache hit rate 95%
2026-02-21T02:40:06.679Z [svc-cache-3] gc pause 73ms, heap 667MB
2026-02-21T02:40:06.684Z [svc-gateway-3] closed idle connection after 73s
2026-02-21T02:40:06.684Z [svc-queue-1] cache hit rate 90%
2026-02-21T02:40:06.685Z [svc-db-1] gc pause 86ms, heap 712MB
2026-02-21T02:40:06.688Z [svc-notify-2] processed batch of 305 items
2026-02-21T02:40:06.688Z [svc-notify-4] processed batch of 30 items
2026-02-21T02:40:06.690Z [svc-billing-0] closed idle connection after 133s
2026-02-21T02:40:06.691Z [svc-cache-1] closed idle connection after 91s
2026-02-21T02:40:06.692Z [svc-cache-2] warning: slow query took 677ms
2026-02-21T02:40:06.700Z [pytest-xdist] gw1 test_export.py::test_create_subscription PASSED in 17ms trace=396a0eb6-deea-7dff-f646-a574ed0e5e81
2026-02-21T02:40:06.700Z [svc-media-1] closed idle connection after 109s
2026-02-21T02:40:06.701Z [svc-db-1] cache hit rate 92%
2026-02-21T02:40:06.704Z [svc-notify-1] cache hit rate 90%
2026-02-21T02:40:06.704Z [svc-gateway-0] health check ok
2026-02-21T02:40:06.705Z [svc-sched-0] gc pause 89ms, heap 615MB
2026-02-21T02:40:06.707Z [svc-queue-0] gc pause 118ms, heap 387MB
2026-02-21T02:40:06.708Z [svc-db-1] health check ok
2026-02-21T02:40:06.709Z [svc-notify-1] health check ok
2026-02-21T02:40:06.710Z [svc-billing-3] warning: slow query took 1053ms
2026-02-21T02:40:06.711Z [svc-gateway-1] health check ok
2026-02-21T02:40:06.711Z [svc-media-4] cache hit rate 92%
2026-02-21T02:40:06.712Z [pytest-xdist] gw5 test_search.py::test_reconcile_invoice PASSED in 7ms trace=76aae48c-ec6f-5d5d-f5c4-618e3d991581
2026-02-21T02:40:06.712Z [svc-sched-1] gc pause 61ms, heap 910MB
2026-02-21T02:40:06.713Z [svc-billing-1] closed idle connection after 261s
2026-02-21T02:40:06.714Z [svc-search-1] cache hit rate 95%
2026-02-21T02:40:06.714Z [svc-queue-0] cache hit rate 95%
2026-02-21T02:40:06.717Z [pytest-xdist] gw0 test_media.py::test_list_index PASSED in 42ms trace=110ad9d8-71b5-3d4f-91a8-67d95aa0ecf1
2026-02-21T02:40:06.718Z [svc-search-2] closed idle connection after 252s
2026-02-21T02:40:06.718Z [svc-media-4] retrying connection to s3 (attempt 1/3)
2026-02-21T02:40:06.719Z [svc-auth-1] connected to upstream in 37ms
2026-02-21T02:40:06.719Z [svc-notify-2] cache hit rate 95%
2026-02-21T02:40:06.720Z [pytest-xdist] gw2 test_import.py::test_reconcile_query PASSED in 222ms trace=85e466b9-15fa-53b8-2625-3e53d4439181
2026-02-21T02:40:06.720Z [svc-queue-0] connected to upstream in 58ms
2026-02-21T02:40:06.722Z [svc-cache-1] connected to upstream in 49ms
2026-02-21T02:40:06.722Z [svc-db-4] connected to upstream in 32ms
2026-02-21T02:40:06.723Z [svc-auth-0] retrying connection to elasticsearch (attempt 3/3)
2026-02-21T02:40:06.723Z [svc-cache-0] warning: slow query took 418ms
2026-02-21T02:40:06.723Z [svc-search-4] connected to upstream in 71ms
2026-02-21T02:40:06.724Z [svc-gateway-1] cache hit rate 88%
2026-02-21T02:40:06.729Z [svc-search-2] gc pause 23ms, heap 299MB
2026-02-21T02:40:06.729Z [svc-notify-3] closed idle connection after 86s
2026-02-21T02:40:06.733Z [pytest-xdist] gw5 test_billing.py::test_sync_invoice PASSED in 152ms trace=dcf3f91c-a01f-1e2c-8c9f-79e8b1e79752
2026-02-21T02:40:06.733Z [svc-media-1] health check ok
2026-02-21T02:40:06.735Z [svc-cache-4] retrying connection to s3 (attempt 3/3)
2026-02-21T02:40:06.737Z [svc-billing-0] gc pause 53ms, heap 242MB
2026-02-21T02:40:06.738Z [svc-sched-4] health check ok
2026-02-21T02:40:06.739Z [svc-gateway-2] connected to upstream in 50ms
2026-02-21T02:40:06.741Z [svc-cache-2] health check ok
2026-02-21T02:40:06.741Z [svc-notify-0] gc pause 7ms, heap 391MB
2026-02-21T02:40:06.742Z [svc-cache-2] closed idle connection after 192s
2026-02-21T02:40:06.742Z [svc-search-0] retrying connection to postgres (attempt 1/3)
2026-02-21T02:40:06.746Z [svc-gateway-2] warning: slow query took 1255ms
2026-02-21T02:40:06.747Z [svc-auth-3] processed batch of 180 items
2026-02-21T02:40:06.747Z [svc-auth-4] warning: slow query took 1736ms
2026-02-21T02:40:06.747Z [svc-sched-2] closed idle connection after 237s
2026-02-21T02:40:06.748Z [svc-sched-0] health check ok
2026-02-21T02:40:06.749Z [pytest-xdist] gw5 test_orders.py::test_reconcile_refund PASSED in 62ms trace=1f7f599f-656c-060a-2838-f77a88926d0e
2026-02-21T02:40:06.749Z [svc-db-2] gc pause 88ms, heap 381MB
2026-02-21T02:40:06.749Z [svc-billing-0] closed idle connection after 225s
2026-02-21T02:40:06.752Z [svc-search-0] processed batch of 208 items
2026-02-21T02:40:06.754Z [svc-media-1] cache hit rate 85%
2026-02-21T02:40:06.754Z [svc-queue-4] connected to upstream in 19ms
2026-02-21T02:40:06.755Z [svc-gateway-4] gc pause 47ms, heap 485MB
2026-02-21T02:40:06.757Z [svc-queue-3] processed batch of 303 items
2026-02-21T02:40:06.759Z [svc-billing-2] warning: slow query took 2164ms
2026-02-21T02:40:06.763Z [svc-auth-4] cache hit rate 88%
2026-02-21T02:40:06.763Z [svc-cache-4] processed batch of 358 items
2026-02-21T02:40:06.763Z [svc-search-2] cache hit rate 92%
2026-02-21T02:40:06.765Z [svc-notify-2] retrying connection to kafka (attempt 2/3)
2026-02-21T02:40:06.766Z [svc-sched-1] cache hit rate 95%
2026-02-21T02:40:06.769Z [svc-gateway-1] gc pause 88ms, heap 210MB
2026-02-21T02:40:06.769Z [svc-sched-2] retrying connection to redis (attempt 3/3)
2026-02-21T02:40:06.770Z [svc-billing-2] connected to upstream in 40ms
2026-02-21T02:40:06.771Z [pytest-xdist] gw1 test_queue.py::test_retry_query PASSED in 18ms trace=d02fd6da-78f7-0fa6-d5e9-2ab9e94c218f
2026-02-21T02:40:06.771Z [svc-billing-4] gc pause 5ms, heap 877MB
2026-02-21T02:40:06.772Z [svc-auth-0] cache hit rate 85%
2026-02-21T02:40:06.773Z [svc-notify-3] retrying connection to s3 (attempt 1/3)
2026-02-21T02:40:06.778Z [svc-db-2] connected to upstream in 71ms
2026-02-21T02:40:06.778Z [svc-search-2] health check ok
2026-02-21T02:40:06.778Z [svc-notify-4] cache hit rate 90%
2026-02-21T02:40:06.779Z [svc-billing-3] retrying connection to elasticsearch (attempt 3/3)
2026-02-21T02:40:06.780Z [svc-notify-2] retrying connection to kafka (attempt 1/3)
2026-02-21T02:40:06.781Z [svc-cache-1] connected to upstream in 55ms
2026-02-21T02:40:06.781Z [svc-media-3] health check ok
2026-02-21T02:40:06.783Z [svc-gateway-2] cache hit rate 95%
2026-02-21T02:40:06.783Z [svc-sched-4] gc pause 54ms, heap 364MB
2026-02-21T02:40:06.784Z [svc-queue-3] cache hit rate 90%
2026-02-21T02:40:06.784Z [svc-sched-2] gc pause 29ms, heap 491MB
2026-02-21T02:40:06.786Z [pytest-xdist] gw1 test_reports.py::test_list_template PASSED in 142ms trace=2e027aee-d3d6-032d-1ee3-edb11a1e8519
2026-02-21T02:40:06.786Z [svc-cache-1] health check ok
2026-02-21T02:40:06.786Z [svc-search-4] closed idle connection after 244s
2026-02-21T02:40:06.789Z [svc-notify-3] cache hit rate 85%
2026-02-21T02:40:06.792Z [svc-gateway-0] closed idle connection after 288s
2026-02-21T02:40:06.793Z [svc-cache-2] warning: slow query took 300ms
2026-02-21T02:40:06.793Z [svc-sched-0] retrying connection to vault (attempt 2/3)
2026-02-21T02:40:06.794Z [svc-notify-0] cache hit rate 85%
2026-02-21T02:40:06.796Z [svc-media-0] health check ok
2026-02-21T02:40:06.798Z [svc-db-0] closed idle connection after 75s
2026-02-21T02:40:06.798Z [svc-db-2] connected to upstream in 33ms
2026-02-21T02:40:06.799Z [svc-media-1] processed batch of 95 items
2026-02-21T02:40:06.801Z [pytest-xdist] gw2 test_webhooks.py::test_delete_webhook PASSED in 64ms trace=e2a8c0b7-0364-0415-2645-89431e94b283
2026-02-21T02:40:06.801Z [svc-billing-2] health check ok
2026-02-21T02:40:06.802Z [svc-sched-0] health check ok
2026-02-21T02:40:06.803Z [svc-auth-2] gc pause 36ms, heap 359MB
2026-02-21T02:40:06.803Z [svc-billing-1] closed idle connection after 184s
2026-02-21T02:40:06.803Z [svc-media-2] retrying connection to redis (attempt 3/3)
2026-02-21T02:40:06.805Z [pytest-xdist] gw5 test_import.py::test_cache_invoice PASSED in 60ms trace=df066858-557a-e491-d752-35740cc00a92
2026-02-21T02:40:06.805Z [svc-auth-2] warning: slow query took 1446ms
2026-02-21T02:40:06.806Z [svc-db-1] health check ok
2026-02-21T02:40:06.807Z [svc-notify-3] health check ok
2026-02-21T02:40:06.809Z [svc-billing-2] cache hit rate 95%
2026-02-21T02:40:06.812Z [svc-search-4] processed batch of 101 items
2026-02-21T02:40:06.814Z [svc-cache-1] health check ok
2026-02-21T02:40:06.815Z [svc-auth-2] retrying connection to postgres (attempt 2/3)
2026-02-21T02:40:06.815Z [svc-gateway-2] processed batch of 281 items
2026-02-21T02:40:06.815Z [svc-gateway-3] closed idle connection after 325s
2026-02-21T02:40:06.816Z [svc-sched-3] processed batch of 340 items
2026-02-21T02:40:06.817Z [svc-notify-1] connected to upstream in 40ms
2026-02-21T02:40:06.818Z [svc-media-3] retrying connection to kafka (attempt 3/3)
2026-02-21T02:40:06.818Z [svc-media-3] warning: slow query took 768ms
2026-02-21T02:40:06.818Z [svc-sched-1] health check ok
2026-02-21T02:40:06.819Z [svc-queue-0] processed batch of 36 items
2026-02-21T02:40:06.822Z [svc-gateway-4] cache hit rate 90%
2026-02-21T02:40:06.827Z [pytest-xdist] gw1 test_users.py::test_sync_subscription PASSED in 108ms trace=71f2e835-7501-f633-27b1-4dfb09708232
2026-02-21T02:40:06.828Z [svc-auth-3] closed idle connection after 217s
2026-02-21T02:40:06.828Z [svc-media-3] closed idle connection after 256s
2026-02-21T02:40:06.830Z [svc-notify-1] gc pause 117ms, heap 360MB
2026-02-21T02:40:06.831Z [svc-search-2] cache hit rate 95%
2026-02-21T02:40:06.834Z [svc-billing-2] health check ok
2026-02-21T02:40:06.834Z [svc-search-2] health check ok
2026-02-21T02:40:06.837Z [svc-media-2] cache hit rate 88%
2026-02-21T02:40:06.841Z [svc-db-3] retrying connection to vault (attempt 2/3)
2026-02-21T02:40:06.843Z [pytest-xdist] gw1 test_gateway.py::test_expire_webhook PASSED in 235ms trace=26abbd17-3818-39ff-3497-9dd3ebac162d
2026-02-21T02:40:06.843Z [svc-gateway-3] gc pause 95ms, heap 162MB
2026-02-21T02:40:06.844Z [svc-db-2] connected to upstream in 54ms
2026-02-21T02:40:06.845Z [svc-cache-1] gc pause 97ms, heap 377MB
2026-02-21T02:40:06.845Z [svc-search-2] warning: slow query took 1532ms
2026-02-21T02:40:06.849Z [pytest-xdist] gw3 test_import.py::test_create_token PASSED in 139ms trace=8a637f4d-f00d-1f68-d25d-f0362869d186
2026-02-21T02:40:06.849Z [svc-billing-1] cache hit rate 95%
2026-02-21T02:40:06.851Z [svc-auth-4] cache hit rate 92%
2026-02-21T02:40:06.852Z [svc-search-1] health check ok
2026-02-21T02:40:06.854Z [svc-notify-2] connected to upstream in 19ms
2026-02-21T02:40:06.854Z [svc-notify-4] health check ok
2026-02-21T02:40:06.854Z [svc-media-0] processed batch of 352 items
2026-02-21T02:40:06.854Z [svc-queue-4] retrying connection to s3 (attempt 3/3)
2026-02-21T02:40:06.855Z [svc-gateway-2] connected to upstream in 22ms
2026-02-21T02:40:06.856Z [svc-auth-3] processed batch of 98 items
2026-02-21T02:40:06.856Z [svc-gateway-2] health check ok
2026-02-21T02:40:06.857Z [svc-search-0] gc pause 25ms, heap 100MB
2026-02-21T02:40:06.859Z [svc-sched-4] gc pause 35ms, heap 411MB
2026-02-21T02:40:06.860Z [svc-db-0] closed idle connection after 109s
2026-02-21T02:40:06.860Z [svc-notify-3] health check ok
2026-02-21T02:40:06.862Z [svc-queue-1] health check ok
2026-02-21T02:40:06.863Z [svc-gateway-0] health check ok
2026-02-21T02:40:06.864Z [svc-cache-4] gc pause 49ms, heap 442MB
2026-02-21T02:40:06.864Z [svc-gateway-4] closed idle connection after 206s
2026-02-21T02:40:06.868Z [pytest-xdist] gw2 test_reports.py::test_delete_coupon PASSED in 228ms trace=c8a1d92b-d522-bb22-ead4-420e85662dae
2026-02-21T02:40:06.868Z [svc-auth-0] health check ok
2026-02-21T02:40:06.868Z [svc-billing-4] processed batch of 91 items
2026-02-21T02:40:06.868Z [svc-media-2] health check ok
2026-02-21T02:40:06.869Z [svc-db-3] warning: slow query took 1189ms
2026-02-21T02:40:06.869Z [svc-media-0] gc pause 87ms, heap 722MB
2026-02-21T02:40:06.869Z [svc-queue-0] warning: slow query took 418ms
2026-02-21T02:40:06.871Z [svc-media-1] warning: slow query took 651ms
2026-02-21T02:40:06.873Z [svc-cache-2] closed idle connection after 37s
2026-02-21T02:40:06.875Z [pytest-xdist] gw2 test_gateway.py::test_sync_user PASSED in 10ms trace=3c2821e3-243d-18d9-fcef-6ee4dfa92c0a
2026-02-21T02:40:06.875Z [svc-notify-3] gc pause 22ms, heap 544MB
2026-02-21T02:40:06.876Z [svc-notify-4] processed batch of 175 items
2026-02-21T02:40:06.876Z [svc-media-4] retrying connection to s3 (attempt 3/3)
2026-02-21T02:40:06.878Z [svc-auth-1] cache hit rate 92%
2026-02-21T02:40:06.879Z [svc-search-4] closed idle connection after 133s
2026-02-21T02:40:06.880Z [svc-queue-4] processed batch of 173 items
2026-02-21T02:40:06.880Z [svc-sched-0] retrying connection to vault (attempt 3/3)
2026-02-21T02:40:06.882Z [svc-auth-3] warning: slow query took 1621ms
2026-02-21T02:40:06.883Z [svc-sched-4] warning: slow query took 631ms
2026-02-21T02:40:06.885Z [svc-notify-2] gc pause 83ms, heap 422MB
2026-02-21T02:40:06.887Z [svc-queue-2] warning: slow query took 1285ms
2026-02-21T02:40:06.888Z [svc-auth-4] health check ok
2026-02-21T02:40:06.890Z [pytest-xdist] gw4 test_queue.py::test_cache_query PASSED in 205ms trace=4dbc6118-58ca-b3c0-8805-8ae5be8b6be5
2026-02-21T02:40:06.890Z [svc-cache-2] closed idle connection after 197s
2026-02-21T02:40:06.891Z [svc-notify-0] gc pause 103ms, heap 783MB
2026-02-21T02:40:06.891Z [svc-sched-1] closed idle connection after 198s
2026-02-21T02:40:06.893Z [svc-media-4] cache hit rate 95%
2026-02-21T02:40:06.894Z [svc-gateway-2] gc pause 62ms, heap 130MB
2026-02-21T02:40:06.896Z [svc-notify-2] gc pause 98ms, heap 714MB
2026-02-21T02:40:06.896Z [svc-sched-4] warning: slow query took 272ms
2026-02-21T02:40:06.898Z [svc-notify-2] cache hit rate 85%
2026-02-21T02:40:06.902Z [svc-search-3] health check ok
2026-02-21T02:40:06.903Z [svc-auth-2] processed batch of 257 items
2026-02-21T02:40:06.903Z [svc-billing-2] retrying connection to s3 (attempt 2/3)
2026-02-21T02:40:06.903Z [svc-queue-4] closed idle connection after 158s
2026-02-21T02:40:06.904Z [pytest-xdist] gw0 test_reports.py::test_cache_coupon PASSED in 134ms trace=310207bf-e692-2cde-fd82-26cf9e5c512c
2026-02-21T02:40:06.907Z [svc-auth-0] closed idle connection after 33s
2026-02-21T02:40:06.907Z [svc-search-2] gc pause 34ms, heap 828MB
2026-02-21T02:40:06.909Z [svc-sched-0] closed idle connection after 35s
2026-02-21T02:40:06.911Z [svc-db-4] warning: slow query took 1791ms
2026-02-21T02:40:06.916Z [svc-db-1] connected to upstream in 71ms
2026-02-21T02:40:06.918Z [svc-gateway-0] health check ok
2026-02-21T02:40:06.919Z [svc-notify-2] gc pause 8ms, heap 705MB
2026-02-21T02:40:06.920Z [pytest-xdist] gw3 test_notify.py::test_create_refund PASSED in 42ms trace=5685163d-6373-bf6c-763c-1c0419d5bfa3
2026-02-21T02:40:06.920Z [svc-gateway-4] processed batch of 408 items
2026-02-21T02:40:06.922Z [svc-notify-3] warning: slow query took 1293ms
2026-02-21T02:40:06.923Z [pytest-xdist] gw0 test_users.py::test_authorize_session PASSED in 223ms trace=5f3f2a33-f9af-5d31-9ee1-d051e980c086
2026-02-21T02:40:06.923Z [svc-db-0] connected to upstream in 43ms
2026-02-21T02:40:06.923Z [svc-db-4] processed batch of 438 items
2026-02-21T02:40:06.924Z [svc-sched-2] processed batch of 302 items
2026-02-21T02:40:06.925Z [svc-billing-1] connected to upstream in 68ms
2026-02-21T02:40:06.927Z [svc-billing-0] cache hit rate 92%
2026-02-21T02:40:06.928Z [svc-search-2] gc pause 63ms, heap 923MB
2026-02-21T02:40:06.932Z [svc-db-0] closed idle connection after 33s
2026-02-21T02:40:06.934Z [svc-auth-0] retrying connection to elasticsearch (attempt 3/3)
2026-02-21T02:40:06.935Z [svc-queue-0] gc pause 74ms, heap 435MB
2026-02-21T02:40:06.936Z [pytest-xdist] gw5 test_billing.py::test_update_token PASSED in 209ms trace=850e92a7-6182-0352-d1d2-6029aeb8876f
2026-02-21T02:40:06.937Z [svc-db-3] closed idle connection after 90s
2026-02-21T02:40:06.937Z [svc-queue-4] retrying connection to s3 (attempt 2/3)
2026-02-21T02:40:06.937Z [svc-sched-0] processed batch of 184 items
2026-02-21T02:40:06.938Z [svc-media-1] cache hit rate 85%
2026-02-21T02:40:06.939Z [svc-auth-2] warning: slow query took 1736ms
2026-02-21T02:40:06.941Z [svc-search-1] retrying connection to redis (attempt 1/3)
2026-02-21T02:40:06.941Z [svc-media-2] gc pause 10ms, heap 854MB
2026-02-21T02:40:06.941Z [svc-queue-0] processed batch of 410 items
2026-02-21T02:40:06.943Z [svc-gateway-1] processed batch of 241 items
2026-02-21T02:40:06.943Z [svc-sched-1] connected to upstream in 39ms
2026-02-21T02:40:06.945Z [svc-auth-4] processed batch of 375 items
2026-02-21T02:40:06.945Z [svc-db-1] connected to upstream in 46ms
2026-02-21T02:40:06.945Z [svc-billing-0] health check ok
2026-02-21T02:40:06.951Z [svc-billing-3] connected to upstream in 31ms
2026-02-21T02:40:06.951Z [svc-billing-4] warning: slow query took 1057ms
2026-02-21T02:40:06.951Z [svc-media-4] connected to upstream in 72ms
2026-02-21T02:40:06.953Z [svc-media-2] warning: slow query took 226ms
2026-02-21T02:40:06.955Z [pytest-xdist] gw1 test_export.py::test_update_subscription PASSED in 234ms trace=c01802c9-e9b8-f2b1-4245-d2f744f2b5d7
2026-02-21T02:40:06.955Z [svc-cache-0] health check ok
2026-02-21T02:40:06.957Z [svc-media-1] retrying connection to postgres (attempt 3/3)
2026-02-21T02:40:06.962Z [svc-auth-3] gc pause 63ms, heap 670MB
2026-02-21T02:40:06.962Z [svc-billing-0] closed idle connection after 92s
2026-02-21T02:40:06.963Z [pytest-xdist] gw3 test_users.py::test_list_refund PASSED in 86ms trace=34191829-7b9d-d5a7-812f-fce297e5673f
2026-02-21T02:40:06.964Z [svc-cache-0] gc pause 72ms, heap 900MB
2026-02-21T02:40:06.965Z [svc-search-1] health check ok
2026-02-21T02:40:06.965Z [svc-notify-3] retrying connection to s3 (attempt 1/3)
2026-02-21T02:40:06.965Z [svc-sched-1] warning: slow query took 1459ms
2026-02-21T02:40:06.967Z [svc-cache-2] warning: slow query took 1504ms
2026-02-21T02:40:06.967Z [svc-db-1] cache hit rate 95%
2026-02-21T02:40:06.968Z [svc-db-2] cache hit rate 85%
2026-02-21T02:40:06.968Z [svc-gateway-1] connected to upstream in 47ms
2026-02-21T02:40:06.969Z [svc-auth-1] retrying connection to vault (attempt 3/3)
2026-02-21T02:40:06.970Z [svc-search-3] connected to upstream in 6ms
2026-02-21T02:40:06.971Z [svc-queue-3] closed idle connection after 289s
2026-02-21T02:40:06.972Z [svc-notify-1] warning: slow query took 531ms
2026-02-21T02:40:06.972Z [svc-gateway-0] health check ok
2026-02-21T02:40:06.975Z [svc-search-3] retrying connection to s3 (attempt 1/3)
2026-02-21T02:40:06.978Z [svc-db-4] retrying connection to postgres (attempt 2/3)
2026-02-21T02:40:06.978Z [svc-notify-1] gc pause 23ms, heap 628MB
2026-02-21T02:40:06.979Z [pytest-xdist] gw2 test_billing.py::test_notify_subscription PASSED in 162ms trace=caaa3c11-9a07-0703-9994-444362e19ea1
2026-02-21T02:40:06.980Z [svc-search-2] cache hit rate 90%
2026-02-21T02:40:06.980Z [svc-sched-2] closed idle connection after 113s
2026-02-21T02:40:06.981Z [svc-search-2] retrying connection to kafka (attempt 3/3)
2026-02-21T02:40:06.981Z [svc-notify-0] retrying connection to postgres (attempt 2/3)
2026-02-21T02:40:06.981Z [svc-gateway-2] retrying connection to s3 (attempt 3/3)
2026-02-21T02:40:06.983Z [svc-queue-0] warning: slow query took 1489ms
2026-02-21T02:40:06.984Z [svc-gateway-0] connected to upstream in 79ms
2026-02-21T02:40:06.986Z [svc-db-3] cache hit rate 90%
2026-02-21T02:40:06.986Z [svc-queue-2] cache hit rate 88%
2026-02-21T02:40:06.987Z [svc-queue-1] retrying connection to postgres (attempt 3/3)
2026-02-21T02:40:06.987Z [svc-sched-0] warning: slow query took 1733ms
2026-02-21T02:40:06.990Z [pytest-xdist] gw2 test_payments.py::test_notify_subscription PASSED in 132ms trace=350993a8-f406-2d4f-659c-872700324470
2026-02-21T02:40:06.991Z [svc-media-2] closed idle connection after 132s
2026-02-21T02:40:06.991Z [svc-queue-1] connected to upstream in 50ms
2026-02-21T02:40:06.992Z [svc-search-3] retrying connection to s3 (attempt 3/3)
2026-02-21T02:40:06.993Z [svc-queue-0] connected to upstream in 32ms
2026-02-21T02:40:06.993Z [svc-sched-2] health check ok
2026-02-21T02:40:06.995Z [svc-queue-2] retrying connection to redis (attempt 1/3)
2026-02-21T02:40:07.003Z [svc-auth-2] processed batch of 170 items
2026-02-21T02:40:07.004Z [pytest-xdist] gw3 test_webhooks.py::test_create_quota PASSED in 182ms trace=64e324f2-240c-00bf-7814-5e0a671bd353
2026-02-21T02:40:07.004Z [svc-queue-3] cache hit rate 85%
2026-02-21T02:40:07.007Z [svc-notify-4] connected to upstream in 55ms
2026-02-21T02:40:07.008Z [svc-auth-2] cache hit rate 92%
2026-02-21T02:40:07.008Z [svc-media-1] processed batch of 126 items
2026-02-21T02:40:07.009Z [svc-cache-1] warning: slow query took 1992ms
2026-02-21T02:40:07.009Z [svc-sched-0] retrying connection to vault (attempt 2/3)
2026-02-21T02:40:07.014Z [svc-queue-4] warning: slow query took 2128ms
2026-02-21T02:40:07.015Z [svc-media-0] gc pause 76ms, heap 291MB
2026-02-21T02:40:07.016Z [svc-gateway-0] cache hit rate 85%
2026-02-21T02:40:07.017Z [svc-media-1] warning: slow query took 1712ms
2026-02-21T02:40:07.018Z [svc-auth-2] closed idle connection after 276s
2026-02-21T02:40:07.018Z [svc-media-0] health check ok
2026-02-21T02:40:07.022Z [pytest-xdist] gw4 test_import.py::test_create_user PASSED in 111ms trace=4a51cc23-fc33-ea2d-29c0-ee7db49975bb
2026-02-21T02:40:07.022Z [svc-media-3] health check ok
2026-02-21T02:40:07.023Z [svc-search-3] retrying connection to s3 (attempt 1/3)
2026-02-21T02:40:07.026Z [svc-notify-4] warning: slow query took 1977ms
2026-02-21T02:40:07.028Z [svc-gateway-2] gc pause 73ms, heap 479MB
2026-02-21T02:40:07.029Z [svc-cache-1] closed idle connection after 30s
2026-02-21T02:40:07.031Z [svc-cache-3] connected to upstream in 77ms
2026-02-21T02:40:07.031Z [svc-notify-4] gc pause 93ms, heap 526MB
2026-02-21T02:40:07.033Z [pytest-xdist] gw4 test_export.py::test_reconcile_session PASSED in 154ms trace=fb8643fa-5cc1-130e-87e7-26c41c552dac
2026-02-21T02:40:07.034Z [svc-db-4] cache hit rate 90%
2026-02-21T02:40:07.034Z [svc-sched-4] closed idle connection after 94s
2026-02-21T02:40:07.035Z [svc-billing-2] cache hit rate 90%
2026-02-21T02:40:07.036Z [svc-db-2] closed idle connection after 212s
2026-02-21T02:40:07.038Z [svc-sched-3] retrying connection to kafka (attempt 2/3)
2026-02-21T02:40:07.040Z [svc-media-3] processed batch of 86 items
2026-02-21T02:40:07.041Z [svc-cache-4] health check ok
2026-02-21T02:40:07.042Z [svc-auth-0] cache hit rate 92%
2026-02-21T02:40:07.042Z [svc-auth-4] gc pause 107ms, heap 438MB
2026-02-21T02:40:07.042Z [svc-notify-0] gc pause 78ms, heap 926MB
2026-02-21T02:40:07.042Z [svc-notify-3] cache hit rate 95%
2026-02-21T02:40:07.043Z [svc-cache-3] processed batch of 225 items
2026-02-21T02:40:07.043Z [svc-notify-2] processed batch of 298 items
2026-02-21T02:40:07.044Z [svc-media-3] gc pause 49ms, heap 160MB
2026-02-21T02:40:07.045Z [svc-queue-1] health check ok
2026-02-21T02:40:07.045Z [svc-queue-3] warning: slow query took 1513ms
2026-02-21T02:40:07.045Z [svc-sched-2] cache hit rate 88%
2026-02-21T02:40:07.047Z [pytest-xdist] gw5 test_reports.py::test_create_user PASSED in 70ms trace=d07009b1-19cd-3473-5992-88c57abe6ca0
2026-02-21T02:40:07.048Z [svc-cache-3] warning: slow query took 843ms
2026-02-21T02:40:07.048Z [svc-db-1] cache hit rate 85%
2026-02-21T02:40:07.048Z [svc-notify-2] gc pause 5ms, heap 181MB
2026-02-21T02:40:07.051Z [svc-auth-2] retrying connection to postgres (attempt 3/3)
2026-02-21T02:40:07.051Z [svc-cache-1] gc pause 48ms, heap 919MB
2026-02-21T02:40:07.052Z [svc-db-3] connected to upstream in 63ms
2026-02-21T02:40:07.054Z [svc-media-1] health check ok
2026-02-21T02:40:07.057Z [svc-db-0] cache hit rate 88%
2026-02-21T02:40:07.057Z [svc-billing-4] gc pause 105ms, heap 124MB
2026-02-21T02:40:07.059Z [pytest-xdist] gw4 test_export.py::test_validate_coupon PASSED in 185ms trace=4c7d6c8a-f056-f33a-004b-2fb9e3e76fbf
2026-02-21T02:40:07.059Z [svc-cache-2] retrying connection to redis (attempt 1/3)
2026-02-21T02:40:07.059Z [svc-billing-2] connected to upstream in 27ms
2026-02-21T02:40:07.060Z [svc-billing-2] cache hit rate 95%
2026-02-21T02:40:07.060Z [svc-sched-2] connected to upstream in 8ms
2026-02-21T02:40:07.061Z [svc-search-3] connected to upstream in 28ms
2026-02-21T02:40:07.063Z [svc-queue-1] health check ok
2026-02-21T02:40:07.066Z [svc-queue-4] health check ok
2026-02-21T02:40:07.067Z [svc-gateway-2] closed idle connection after 87s
2026-02-21T02:40:07.068Z [svc-search-3] closed idle connection after 171s
2026-02-21T02:40:07.068Z [svc-media-0] warning: slow query took 666ms
2026-02-21T02:40:07.068Z [svc-sched-3] closed idle connection after 197s
2026-02-21T02:40:07.071Z [svc-cache-0] gc pause 38ms, heap 729MB
2026-02-21T02:40:07.075Z [svc-billing-0] closed idle connection after 309s
2026-02-21T02:40:07.075Z [svc-media-0] cache hit rate 95%
2026-02-21T02:40:07.078Z [pytest-xdist] gw2 test_search.py::test_validate_refund PASSED in 89ms trace=bdcdd8be-8e4d-8eeb-851a-dd07a93a76a4
2026-02-21T02:40:07.078Z [svc-search-2] closed idle connection after 136s
2026-02-21T02:40:07.079Z [svc-search-4] processed batch of 184 items
2026-02-21T02:40:07.081Z [svc-auth-4] gc pause 20ms, heap 935MB
2026-02-21T02:40:07.081Z [svc-cache-1] gc pause 91ms, heap 126MB
2026-02-21T02:40:07.081Z [svc-gateway-3] processed batch of 449 items
2026-02-21T02:40:07.082Z [svc-sched-0] processed batch of 176 items
2026-02-21T02:40:07.087Z [svc-sched-0] processed batch of 452 items
2026-02-21T02:40:07.089Z [svc-media-3] connected to upstream in 27ms
2026-02-21T02:40:07.091Z [svc-db-1] closed idle connection after 62s
2026-02-21T02:40:07.091Z [svc-media-3] connected to upstream in 68ms
2026-02-21T02:40:07.092Z [svc-search-3] closed idle connection after 140s
2026-02-21T02:40:07.092Z [svc-notify-2] closed idle connection after 283s
2026-02-21T02:40:07.093Z [svc-media-3] closed idle connection after 141s
2026-02-21T02:40:07.094Z [svc-cache-3] health check ok
2026-02-21T02:40:07.094Z [svc-search-4] retrying connection to elasticsearch (attempt 3/3)
2026-02-21T02:40:07.095Z [pytest-xdist] gw0 test_media.py::test_render_region PASSED in 58ms trace=782b2ce4-6c8a-c867-042c-6390db1f2824
2026-02-21T02:40:07.100Z [svc-search-0] processed batch of 154 items
2026-02-21T02:40:07.100Z [svc-search-3] gc pause 122ms, heap 754MB
2026-02-21T02:40:07.101Z [svc-queue-3] gc pause 21ms, heap 118MB
2026-02-21T02:40:07.101Z [svc-sched-1] warning: slow query took 370ms
2026-02-21T02:40:07.103Z [svc-db-1] processed batch of 452 items
2026-02-21T02:40:07.107Z [svc-sched-0] gc pause 120ms, heap 488MB
2026-02-21T02:40:07.108Z [svc-cache-0] gc pause 66ms, heap 122MB
2026-02-21T02:40:07.110Z [svc-search-2] health check ok
2026-02-21T02:40:07.111Z [svc-notify-2] processed batch of 285 items
2026-02-21T02:40:07.111Z [svc-media-1] retrying connection to postgres (attempt 3/3)
2026-02-21T02:40:07.115Z [pytest-xdist] gw3 test_import.py::test_create_subscription PASSED in 39ms trace=1f259c38-2211-7c3c-104a-00ea4af5f708
2026-02-21T02:40:07.115Z [svc-gateway-3] closed idle connection after 34s
2026-02-21T02:40:07.116Z [svc-media-3] warning: slow query took 1234ms
2026-02-21T02:40:07.119Z [svc-search-4] connected to upstream in 33ms
2026-02-21T02:40:07.120Z [svc-billing-3] health check ok
2026-02-21T02:40:07.121Z [svc-cache-3] gc pause 49ms, heap 233MB
2026-02-21T02:40:07.121Z [svc-gateway-1] cache hit rate 92%
2026-02-21T02:40:07.124Z [svc-db-4] processed batch of 136 items
2026-02-21T02:40:07.128Z [svc-cache-0] gc pause 52ms, heap 586MB
2026-02-21T02:40:07.130Z [svc-cache-2] connected to upstream in 66ms
2026-02-21T02:40:07.134Z [svc-gateway-3] connected to upstream in 82ms
2026-02-21T02:40:07.134Z [svc-media-4] warning: slow query took 941ms
2026-02-21T02:40:07.135Z [pytest-xdist] gw4 test_media.py::test_authorize_subscription PASSED in 110ms trace=b5438b0e-1f0a-2749-feab-0db0fdb4dade
2026-02-21T02:40:07.135Z [svc-media-4] warning: slow query took 1265ms
2026-02-21T02:40:07.136Z [svc-billing-4] health check ok
2026-02-21T02:40:07.137Z [svc-notify-0] health check ok
2026-02-21T02:40:07.137Z [svc-gateway-0] cache hit rate 88%
2026-02-21T02:40:07.140Z [svc-sched-3] gc pause 52ms, heap 979MB
2026-02-21T02:40:07.144Z [svc-auth-3] gc pause 67ms, heap 970MB
2026-02-21T02:40:07.147Z [svc-auth-0] health check ok
2026-02-21T02:40:07.149Z [svc-db-1] gc pause 55ms, heap 360MB
2026-02-21T02:40:07.152Z [pytest-xdist] gw2 test_notify.py::test_parse_coupon PASSED in 47ms trace=0dbf1fcc-b97a-5d8b-5cb1-29358e1139d3
2026-02-21T02:40:07.154Z [svc-media-4] retrying connection to s3 (attempt 3/3)
2026-02-21T02:40:07.155Z [svc-media-0] retrying connection to vault (attempt 2/3)
2026-02-21T02:40:07.155Z [svc-queue-4] gc pause 24ms, heap 999MB
2026-02-21T02:40:07.155Z [svc-sched-3] gc pause 30ms, heap 858MB
2026-02-21T02:40:07.160Z [svc-sched-4] retrying connection to s3 (attempt 2/3)
2026-02-21T02:40:07.162Z [svc-notify-3] closed idle connection after 121s
2026-02-21T02:40:07.165Z [svc-cache-1] closed idle connection after 116s
2026-02-21T02:40:07.166Z [svc-sched-4] warning: slow query took 1073ms
2026-02-21T02:40:07.167Z [pytest-xdist] gw2 test_export.py::test_cache_query PASSED in 166ms trace=484aac34-ee2d-c8bb-579a-e55960fca010
2026-02-21T02:40:07.173Z [svc-media-3] gc pause 118ms, heap 930MB
2026-02-21T02:40:07.175Z [svc-cache-0] health check ok
2026-02-21T02:40:07.176Z [svc-queue-3] connected to upstream in 50ms
2026-02-21T02:40:07.178Z [svc-gateway-0] processed batch of 51 items
2026-02-21T02:40:07.180Z [svc-sched-2] health check ok
2026-02-21T02:40:07.181Z [svc-gateway-3] gc pause 37ms, heap 873MB
2026-02-21T02:40:07.181Z [svc-sched-1] connected to upstream in 53ms
2026-02-21T02:40:07.182Z [svc-queue-2] warning: slow query took 2168ms
2026-02-21T02:40:07.183Z [svc-queue-0] health check ok
2026-02-21T02:40:07.184Z [pytest-xdist] gw5 test_reports.py::test_parse_token PASSED in 226ms trace=a7c697f8-955a-4d50-3e7f-4c7b6f1b7a23
2026-02-21T02:40:07.184Z [svc-search-4] cache hit rate 88%
2026-02-21T02:40:07.186Z [svc-db-2] processed batch of 325 items
2026-02-21T02:40:07.187Z [svc-notify-0] health check ok
2026-02-21T02:40:07.190Z [svc-db-0] retrying connection to kafka (attempt 2/3)
2026-02-21T02:40:07.191Z [svc-queue-2] closed idle connection after 99s
2026-02-21T02:40:07.193Z [svc-gateway-3] cache hit rate 95%
2026-02-21T02:40:07.194Z [svc-notify-0] cache hit rate 85%
2026-02-21T02:40:07.197Z [svc-search-1] warning: slow query took 2031ms
2026-02-21T02:40:07.198Z [svc-media-3] retrying connection to kafka (attempt 2/3)
2026-02-21T02:40:07.201Z [pytest-xdist] gw1 test_billing.py::test_sync_refund PASSED in 106ms trace=ab9463b0-bf15-a6ad-ee5b-79ca914b55ef
2026-02-21T02:40:07.201Z [svc-notify-3] connected to upstream in 16ms
2026-02-21T02:40:07.201Z [svc-queue-0] connected to upstream in 54ms
2026-02-21T02:40:07.202Z [svc-media-1] cache hit rate 90%
2026-02-21T02:40:07.203Z [svc-cache-0] warning: slow query took 1551ms
2026-02-21T02:40:07.204Z [svc-db-2] closed idle connection after 258s
2026-02-21T02:40:07.206Z [svc-auth-3] cache hit rate 85%
2026-02-21T02:40:07.207Z [svc-db-4] processed batch of 122 items
2026-02-21T02:40:07.210Z [svc-search-4] closed idle connection after 77s
2026-02-21T02:40:07.210Z [svc-queue-4] processed batch of 259 items
2026-02-21T02:40:07.212Z [svc-billing-2] warning: slow query took 770ms
2026-02-21T02:40:07.214Z [pytest-xdist] gw1 test_reports.py::test_list_shipment PASSED in 3ms trace=b7f81ddf-32b7-a786-faa1-8e39cc908502
2026-02-21T02:40:07.214Z [svc-cache-4] gc pause 42ms, heap 308MB
2026-02-21T02:40:07.218Z [svc-media-1] connected to upstream in 46ms
2026-02-21T02:40:07.219Z [svc-notify-2] warning: slow query took 1919ms
2026-02-21T02:40:07.224Z [pytest-xdist] gw2 test_search.py::test_render_token PASSED in 22ms trace=404c67ea-ae61-d75d-49e9-66db58ef5216
2026-02-21T02:40:07.227Z [svc-queue-2] cache hit rate 88%
2026-02-21T02:40:07.229Z [svc-cache-3] cache hit rate 90%
2026-02-21T02:40:07.229Z [svc-cache-4] closed idle connection after 135s
2026-02-21T02:40:07.230Z [pytest-xdist] gw2 test_webhooks.py::test_parse_refund PASSED in 146ms trace=17186afa-2f70-dff1-ca70-ab5371e5fdeb
2026-02-21T02:40:07.230Z [svc-db-3] processed batch of 428 items
2026-02-21T02:40:07.230Z [svc-search-4] retrying connection to elasticsearch (attempt 1/3)
2026-02-21T02:40:07.230Z [svc-notify-1] retrying connection to redis (attempt 1/3)
2026-02-21T02:40:07.233Z [svc-gateway-2] retrying connection to s3 (attempt 3/3)
2026-02-21T02:40:07.233Z [svc-media-3] processed batch of 495 items
2026-02-21T02:40:07.235Z [svc-auth-3] gc pause 104ms, heap 977MB
2026-02-21T02:40:07.235Z [svc-sched-1] health check ok
2026-02-21T02:40:07.236Z [svc-gateway-4] processed batch of 312 items
2026-02-21T02:40:07.237Z [svc-queue-4] health check ok
2026-02-21T02:40:07.242Z [svc-media-0] processed batch of 362 items
2026-02-21T02:40:07.244Z [svc-media-2] health check ok
2026-02-21T02:40:07.244Z [svc-sched-4] processed batch of 22 items
2026-02-21T02:40:07.245Z [svc-search-3] closed idle connection after 65s
2026-02-21T02:40:07.247Z [svc-queue-1] cache hit rate 88%
2026-02-21T02:40:07.248Z [pytest-xdist] gw3 test_reports.py::test_create_invoice PASSED in 242ms trace=858fd17f-9fce-8c3e-ddd8-0154ef02b457
2026-02-21T02:40:07.248Z [svc-media-0] retrying connection to vault (attempt 3/3)
2026-02-21T02:40:07.249Z [svc-media-2] health check ok
2026-02-21T02:40:07.251Z [svc-search-4] warning: slow query took 897ms
2026-02-21T02:40:07.251Z [svc-sched-0] warning: slow query took 1668ms
2026-02-21T02:40:07.253Z [svc-db-3] processed batch of 324 items
2026-02-21T02:40:07.253Z [svc-gateway-1] health check ok
2026-02-21T02:40:07.253Z [svc-gateway-2] connected to upstream in 39ms
2026-02-21T02:40:07.255Z [svc-cache-4] processed batch of 426 items
2026-02-21T02:40:07.259Z [svc-billing-0] processed batch of 187 items
2026-02-21T02:40:07.260Z [svc-notify-2] cache hit rate 90%
2026-02-21T02:40:07.261Z [svc-cache-2] connected to upstream in 67ms
2026-02-21T02:40:07.261Z [svc-cache-2] closed idle connection after 182s
2026-02-21T02:40:07.261Z [svc-billing-1] gc pause 12ms, heap 339MB
2026-02-21T02:40:07.262Z [pytest-xdist] gw0 test_media.py::test_expire_invoice PASSED in 225ms trace=e3d0914f-8926-52b6-2350-5c3383e1bec6
2026-02-21T02:40:07.265Z [svc-cache-0] warning: slow query took 2113ms
2026-02-21T02:40:07.266Z [svc-media-0] warning: slow query took 1001ms
2026-02-21T02:40:07.266Z [svc-sched-4] cache hit rate 92%
2026-02-21T02:40:07.269Z [svc-auth-2] cache hit rate 90%
2026-02-21T02:40:07.269Z [svc-search-1] retrying connection to redis (attempt 3/3)
2026-02-21T02:40:07.270Z [svc-notify-4] connected to upstream in 22ms
2026-02-21T02:40:07.272Z [svc-media-3] health check ok
2026-02-21T02:40:07.272Z [svc-sched-4] closed idle connection after 200s
2026-02-21T02:40:07.275Z [svc-search-2] closed idle connection after 61s
2026-02-21T02:40:07.275Z [svc-queue-4] gc pause 34ms, heap 133MB
2026-02-21T02:40:07.276Z [pytest-xdist] gw5 test_queue.py::test_sync_index PASSED in 30ms trace=3a34f82d-b2d5-8850-7a29-c0271cf59825
2026-02-21T02:40:07.276Z [svc-auth-1] cache hit rate 92%
2026-02-21T02:40:07.279Z [svc-db-2] health check ok
2026-02-21T02:40:07.280Z [svc-cache-3] connected to upstream in 11ms
2026-02-21T02:40:07.281Z [svc-queue-3] cache hit rate 88%
2026-02-21T02:40:07.282Z [svc-media-4] connected to upstream in 70ms
2026-02-21T02:40:07.283Z [svc-billing-0] closed idle connection after 92s
2026-02-21T02:40:07.288Z [svc-gateway-4] closed idle connection after 310s
2026-02-21T02:40:07.289Z [svc-search-2] retrying connection to kafka (attempt 1/3)
2026-02-21T02:40:07.291Z [svc-auth-4] processed batch of 156 items
2026-02-21T02:40:07.292Z [pytest-xdist] gw1 test_billing.py::test_update_template PASSED in 204ms trace=f63cdc18-39ba-d962-347f-e2d041c0a3e6
2026-02-21T02:40:07.292Z [svc-search-4] retrying connection to elasticsearch (attempt 3/3)
2026-02-21T02:40:07.293Z [svc-queue-2] warning: slow query took 2044ms
2026-02-21T02:40:07.295Z [svc-cache-0] closed idle connection after 323s
2026-02-21T02:40:07.296Z [svc-gateway-4] connected to upstream in 80ms
2026-02-21T02:40:07.299Z [svc-search-1] gc pause 102ms, heap 963MB
2026-02-21T02:40:07.301Z [pytest-xdist] gw2 test_gateway.py::test_update_index PASSED in 89ms trace=be47f019-3df5-5d9a-e88a-6cfd9de59bdb
2026-02-21T02:40:07.302Z [svc-search-0] retrying connection to postgres (attempt 3/3)
2026-02-21T02:40:07.304Z [svc-cache-2] processed batch of 495 items
2026-02-21T02:40:07.305Z [svc-auth-1] warning: slow query took 1737ms
2026-02-21T02:40:07.305Z [svc-media-1] closed idle connection after 212s
2026-02-21T02:40:07.305Z [svc-sched-2] retrying connection to redis (attempt 2/3)
2026-02-21T02:40:07.310Z [svc-billing-4] warning: slow query took 1281ms
2026-02-21T02:40:07.311Z [svc-queue-1] cache hit rate 88%
2026-02-21T02:40:07.313Z [svc-queue-0] health check ok
2026-02-21T02:40:07.314Z [svc-sched-0] cache hit rate 90%
2026-02-21T02:40:07.314Z [svc-sched-3] processed batch of 358 items
2026-02-21T02:40:07.315Z [svc-billing-3] connected to upstream in 81ms
2026-02-21T02:40:07.315Z [svc-media-2] warning: slow query took 239ms
2026-02-21T02:40:07.317Z [svc-media-2] processed batch of 36 items
2026-02-21T02:40:07.320Z [pytest-xdist] gw0 test_webhooks.py::test_reconcile_region PASSED in 180ms trace=afafeff6-58b4-693d-0ff6-3ff243e6dc60
2026-02-21T02:40:07.320Z [svc-cache-0] closed idle connection after 267s
2026-02-21T02:40:07.320Z [svc-search-4] gc pause 93ms, heap 745MB
2026-02-21T02:40:07.321Z [svc-auth-4] retrying connection to kafka (attempt 3/3)
2026-02-21T02:40:07.324Z [svc-auth-4] health check ok
2026-02-21T02:40:07.325Z [svc-queue-2] cache hit rate 88%
2026-02-21T02:40:07.326Z [svc-cache-1] processed batch of 279 items
2026-02-21T02:40:07.327Z [svc-queue-0] gc pause 26ms, heap 859MB
2026-02-21T02:40:07.328Z [svc-media-1] cache hit rate 88%
2026-02-21T02:40:07.329Z [svc-auth-3] warning: slow query took 623ms
2026-02-21T02:40:07.333Z [svc-gateway-4] retrying connection to vault (attempt 3/3)
2026-02-21T02:40:07.334Z [svc-sched-4] retrying connection to s3 (attempt 1/3)
2026-02-21T02:40:07.335Z [svc-queue-0] warning: slow query took 276ms
2026-02-21T02:40:07.338Z [pytest-xdist] gw5 test_users.py::test_delete_quota PASSED in 178ms trace=3452f03b-e246-b621-9fa9-fbcc9a16db7f
2026-02-21T02:40:07.340Z [svc-media-1] connected to upstream in 19ms
2026-02-21T02:40:07.340Z [svc-sched-3] closed idle connection after 183s
2026-02-21T02:40:07.341Z [svc-queue-3] closed idle connection after 269s
2026-02-21T02:40:07.343Z [pytest-xdist] gw2 test_reports.py::test_update_token PASSED in 185ms trace=a3f25359-5382-751d-c03f-465c0f9c33cd
2026-02-21T02:40:07.347Z [svc-db-0] connected to upstream in 40ms
2026-02-21T02:40:07.348Z [svc-notify-1] processed batch of 397 items
2026-02-21T02:40:07.348Z [svc-queue-0] cache hit rate 88%
2026-02-21T02:40:07.349Z [svc-auth-4] connected to upstream in 37ms
2026-02-21T02:40:07.352Z [svc-auth-2] connected to upstream in 37ms
2026-02-21T02:40:07.356Z [svc-notify-3] cache hit rate 95%
2026-02-21T02:40:07.357Z [svc-gateway-4] gc pause 35ms, heap 319MB
2026-02-21T02:40:07.359Z [svc-cache-3] retrying connection to kafka (attempt 2/3)
2026-02-21T02:40:07.360Z [svc-cache-3] gc pause 89ms, heap 726MB
2026-02-21T02:40:07.361Z [svc-sched-1] retrying connection to postgres (attempt 2/3)
2026-02-21T02:40:07.362Z [pytest-xdist] gw2 test_search.py::test_delete_shipment PASSED in 53ms trace=e02cdd6b-b592-3446-aed9-539c4254356f
2026-02-21T02:40:07.362Z [svc-billing-1] connected to upstream in 39ms
2026-02-21T02:40:07.362Z [svc-gateway-1] connected to upstream in 40ms
2026-02-21T02:40:07.362Z [svc-sched-2] closed idle connection after 310s
2026-02-21T02:40:07.365Z [svc-cache-2] warning: slow query took 2057ms
2026-02-21T02:40:07.365Z [svc-db-2] health check ok
2026-02-21T02:40:07.366Z [svc-db-1] processed batch of 101 items
2026-02-21T02:40:07.367Z [svc-db-1] warning: slow query took 1558ms
2026-02-21T02:40:07.369Z [svc-db-2] warning: slow query took 1241ms
2026-02-21T02:40:07.369Z [svc-search-2] connected to upstream in 61ms
2026-02-21T02:40:07.371Z [svc-notify-4] retrying connection to elasticsearch (attempt 1/3)
2026-02-21T02:40:07.372Z [svc-auth-1] processed batch of 225 items
2026-02-21T02:40:07.375Z [pytest-xdist] gw1 test_queue.py::test_authorize_attachment PASSED in 110ms trace=97b12bc1-963e-5b4c-0be7-5928660946f2
2026-02-21T02:40:07.375Z [svc-media-4] connected to upstream in 74ms
2026-02-21T02:40:07.375Z [svc-queue-4] cache hit rate 85%
2026-02-21T02:40:07.376Z [svc-auth-1] closed idle connection after 236s
2026-02-21T02:40:07.376Z [svc-cache-3] warning: slow query took 1176ms
2026-02-21T02:40:07.376Z [svc-media-0] processed batch of 40 items
2026-02-21T02:40:07.378Z [svc-search-3] health check ok
2026-02-21T02:40:07.378Z [svc-sched-2] connected to upstream in 78ms
2026-02-21T02:40:07.379Z [svc-search-2] cache hit rate 92%
2026-02-21T02:40:07.380Z [pytest-xdist] gw0 test_webhooks.py::test_retry_invoice PASSED in 53ms trace=3247ea31-4eca-6f63-c3e9-c0b96e0c21d9
2026-02-21T02:40:07.382Z [svc-search-2] connected to upstream in 33ms
2026-02-21T02:40:07.382Z [svc-notify-2] connected to upstream in 75ms
2026-02-21T02:40:07.383Z [svc-notify-3] connected to upstream in 54ms
2026-02-21T02:40:07.384Z [svc-db-1] cache hit rate 92%
2026-02-21T02:40:07.384Z [svc-queue-0] cache hit rate 88%
2026-02-21T02:40:07.388Z [svc-gateway-0] processed batch of 263 items
2026-02-21T02:40:07.391Z [pytest-xdist] gw0 test_payments.py::test_paginate_attachment PASSED in 210ms trace=6bee7342-40ad-6b08-a5a2-67a8ca42d991
2026-02-21T02:40:07.391Z [svc-billing-1] closed idle connection after 267s
2026-02-21T02:40:07.392Z [svc-db-4] health check ok
2026-02-21T02:40:07.393Z [svc-cache-3] processed batch of 452 items
2026-02-21T02:40:07.394Z [svc-auth-3] connected to upstream in 39ms
2026-02-21T02:40:07.394Z [svc-media-2] gc pause 74ms, heap 715MB
2026-02-21T02:40:07.395Z [svc-sched-4] cache hit rate 88%
2026-02-21T02:40:07.396Z [svc-cache-0] connected to upstream in 44ms
2026-02-21T02:40:07.396Z [svc-media-0] gc pause 90ms, heap 976MB
2026-02-21T02:40:07.399Z [svc-db-0] cache hit rate 90%
2026-02-21T02:40:07.399Z [svc-queue-3] warning: slow query took 1375ms
2026-02-21T02:40:07.400Z [svc-cache-3] processed batch of 285 items
2026-02-21T02:40:07.400Z [svc-queue-4] gc pause 105ms, heap 263MB
2026-02-21T02:40:07.402Z [svc-queue-4] connected to upstream in 55ms
2026-02-21T02:40:07.403Z [svc-cache-1] processed batch of 317 items
2026-02-21T02:40:07.404Z [svc-sched-1] gc pause 102ms, heap 157MB
2026-02-21T02:40:07.406Z [pytest-xdist] gw0 test_export.py::test_sync_query PASSED in 33ms trace=fa4a339f-2c23-1297-5073-7b1c853c1f4c
2026-02-21T02:40:07.407Z [svc-media-1] processed batch of 85 items
2026-02-21T02:40:07.407Z [svc-queue-3] gc pause 120ms, heap 535MB
2026-02-21T02:40:07.408Z [svc-search-3] connected to upstream in 27ms
2026-02-21T02:40:07.411Z [svc-queue-2] health check ok
2026-02-21T02:40:07.411Z [svc-queue-4] gc pause 100ms, heap 171MB
2026-02-21T02:40:07.416Z [svc-search-4] connected to upstream in 45ms
2026-02-21T02:40:07.417Z [svc-db-4] retrying connection to postgres (attempt 3/3)
2026-02-21T02:40:07.418Z [svc-search-0] processed batch of 181 items
2026-02-21T02:40:07.422Z [svc-billing-1] connected to upstream in 79ms
2026-02-21T02:40:07.423Z [pytest-xdist] gw0 test_webhooks.py::test_validate_index PASSED in 18ms trace=fb9f0c61-94ff-9f09-b764-4f2125813950
2026-02-21T02:40:07.423Z [svc-billing-2] cache hit rate 90%
2026-02-21T02:40:07.427Z [svc-queue-2] closed idle connection after 85s
2026-02-21T02:40:07.429Z [svc-notify-2] processed batch of 448 items
2026-02-21T02:40:07.429Z [svc-sched-0] cache hit rate 92%
2026-02-21T02:40:07.430Z [svc-cache-2] cache hit rate 92%
2026-02-21T02:40:07.432Z [svc-notify-1] cache hit rate 95%
2026-02-21T02:40:07.433Z [svc-billing-0] processed batch of 413 items
2026-02-21T02:40:07.433Z [svc-media-2] retrying connection to redis (attempt 1/3)
2026-02-21T02:40:07.436Z [svc-media-4] processed batch of 217 items
2026-02-21T02:40:07.438Z [svc-search-4] health check ok
2026-02-21T02:40:07.438Z [svc-notify-4] cache hit rate 95%
2026-02-21T02:40:07.440Z [pytest-xdist] gw2 test_payments.py::test_cache_quota PASSED in 136ms trace=86281848-50e2-ceb6-a68e-1c4eca4d94c6
2026-02-21T02:40:07.440Z [svc-db-1] warning: slow query took 1783ms
2026-02-21T02:40:07.440Z [svc-gateway-2] warning: slow query took 970ms
2026-02-21T02:40:07.441Z [svc-gateway-1] retrying connection to kafka (attempt 3/3)
2026-02-21T02:40:07.442Z [svc-search-0] warning: slow query took 1410ms
2026-02-21T02:40:07.445Z [svc-gateway-3] processed batch of 143 items
2026-02-21T02:40:07.450Z [svc-search-2] closed idle connection after 56s
2026-02-21T02:40:07.450Z [svc-media-3] warning: slow query took 796ms
2026-02-21T02:40:07.451Z [svc-auth-0] cache hit rate 92%
2026-02-21T02:40:07.451Z [svc-notify-0] retrying connection to postgres (attempt 2/3)
2026-02-21T02:40:07.454Z [pytest-xdist] gw4 test_queue.py::test_validate_region PASSED in 247ms trace=e134837a-ba6d-90d4-49ae-5bdfe61eb212
2026-02-21T02:40:07.454Z [svc-cache-2] retrying connection to redis (attempt 3/3)
2026-02-21T02:40:07.455Z [svc-media-1] gc pause 38ms, heap 330MB
2026-02-21T02:40:07.456Z [svc-search-4] cache hit rate 92%
2026-02-21T02:40:07.457Z [pytest-xdist] gw1 test_notify.py::test_list_query PASSED in 222ms trace=ae5a2d2a-0403-de44-cae8-04fafd76dc7c
2026-02-21T02:40:07.457Z [svc-cache-3] closed idle connection after 72s
2026-02-21T02:40:07.458Z [svc-queue-4] processed batch of 283 items
2026-02-21T02:40:07.459Z [svc-media-1] gc pause 62ms, heap 532MB
2026-02-21T02:40:07.460Z [svc-search-1] retrying connection to redis (attempt 1/3)
2026-02-21T02:40:07.461Z [pytest-xdist] gw1 test_export.py::test_validate_subscription PASSED in 228ms trace=893b088d-a471-b250-6157-b91a256ac6af
2026-02-21T02:40:07.462Z [svc-billing-1] closed idle connection after 303s
2026-02-21T02:40:07.462Z [svc-search-0] warning: slow query took 1013ms
2026-02-21T02:40:07.463Z [svc-media-4] connected to upstream in 7ms
2026-02-21T02:40:07.468Z [svc-billing-3] gc pause 90ms, heap 290MB
2026-02-21T02:40:07.468Z [svc-media-4] processed batch of 278 items
2026-02-21T02:40:07.469Z [svc-db-2] gc pause 28ms, heap 107MB
2026-02-21T02:40:07.469Z [svc-notify-0] warning: slow query took 1469ms
2026-02-21T02:40:07.473Z [svc-search-0] processed batch of 507 items
2026-02-21T02:40:07.474Z [pytest-xdist] gw2 test_export.py::test_delete_coupon PASSED in 183ms trace=5f7ee95a-faf2-5b51-0daf-196b2b9a9788
2026-02-21T02:40:07.474Z [svc-billing-2] processed batch of 241 items
2026-02-21T02:40:07.477Z [svc-search-3] processed batch of 413 items
2026-02-21T02:40:07.481Z [svc-media-2] health check ok
2026-02-21T02:40:07.483Z [svc-auth-3] health check ok
2026-02-21T02:40:07.483Z [svc-billing-1] gc pause 60ms, heap 548MB
2026-02-21T02:40:07.484Z [svc-media-2] health check ok
2026-02-21T02:40:07.485Z [pytest-xdist] gw1 test_queue.py::test_validate_subscription PASSED in 100ms trace=ddc74e46-fc62-8dd6-80cb-36f44a21fa4e
2026-02-21T02:40:07.486Z [svc-queue-2] closed idle connection after 246s
2026-02-21T02:40:07.487Z [svc-cache-4] warning: slow query took 220ms
2026-02-21T02:40:07.489Z [svc-notify-1] health check ok
2026-02-21T02:40:07.490Z [svc-auth-4] warning: slow query took 378ms
2026-02-21T02:40:07.491Z [svc-billing-3] health check ok
2026-02-21T02:40:07.491Z [svc-sched-2] processed batch of 239 items
2026-02-21T02:40:07.494Z [svc-db-4] warning: slow query took 789ms
2026-02-21T02:40:07.494Z [svc-search-4] cache hit rate 90%
2026-02-21T02:40:07.494Z [svc-gateway-2] closed idle connection after 273s
2026-02-21T02:40:07.495Z [svc-billing-0] connected to upstream in 34ms
2026-02-21T02:40:07.495Z [svc-billing-4] processed batch of 401 items
2026-02-21T02:40:07.496Z [pytest-xdist] gw5 test_gateway.py::test_delete_shipment PASSED in 105ms trace=a4d79732-6f59-5598-9318-a104657a25bf
2026-02-21T02:40:07.496Z [svc-auth-3] health check ok
2026-02-21T02:40:07.496Z [svc-queue-0] closed idle connection after 234s
2026-02-21T02:40:07.496Z [svc-sched-1] closed idle connection after 146s
2026-02-21T02:40:07.498Z [svc-auth-2] gc pause 45ms, heap 422MB
2026-02-21T02:40:07.498Z [svc-search-1] gc pause 60ms, heap 416MB
2026-02-21T02:40:07.502Z [svc-auth-0] gc pause 80ms, heap 598MB
2026-02-21T02:40:07.502Z [svc-gateway-4] retrying connection to vault (attempt 3/3)
2026-02-21T02:40:07.502Z [svc-queue-1] warning: slow query took 1762ms
2026-02-21T02:40:07.504Z [svc-search-1] health check ok
2026-02-21T02:40:07.504Z [svc-notify-2] processed batch of 347 items
2026-02-21T02:40:07.505Z [svc-media-3] closed idle connection after 167s
2026-02-21T02:40:07.505Z [svc-queue-2] gc pause 26ms, heap 957MB
2026-02-21T02:40:07.508Z [svc-billing-0] health check ok
2026-02-21T02:40:07.513Z [svc-auth-2] gc pause 103ms, heap 615MB
2026-02-21T02:40:07.513Z [svc-db-2] closed idle connection after 182s
2026-02-21T02:40:07.513Z [svc-media-4] gc pause 89ms, heap 793MB
2026-02-21T02:40:07.514Z [pytest-xdist] gw4 test_media.py::test_render_template PASSED in 53ms trace=cc1958f5-98a7-d1d1-fc21-55150f258c2a
2026-02-21T02:40:07.514Z [svc-search-0] processed batch of 222 items
2026-02-21T02:40:07.514Z [svc-gateway-0] connected to upstream in 5ms
2026-02-21T02:40:07.514Z [svc-gateway-3] retrying connection to elasticsearch (attempt 1/3)
2026-02-21T02:40:07.514Z [svc-gateway-3] closed idle connection after 182s
2026-02-21T02:40:07.517Z [svc-auth-0] health check ok
2026-02-21T02:40:07.522Z [svc-media-1] closed idle connection after 123s
2026-02-21T02:40:07.522Z [svc-queue-0] closed idle connection after 71s
2026-02-21T02:40:07.524Z [svc-db-2] retrying connection to elasticsearch (attempt 2/3)
2026-02-21T02:40:07.525Z [svc-db-1] retrying connection to s3 (attempt 3/3)
2026-02-21T02:40:07.526Z [svc-notify-2] processed batch of 441 items
2026-02-21T02:40:07.527Z [svc-media-4] processed batch of 317 items
2026-02-21T02:40:07.528Z [svc-auth-4] closed idle connection after 109s
2026-02-21T02:40:07.528Z [svc-notify-4] gc pause 43ms, heap 262MB
2026-02-21T02:40:07.528Z [svc-gateway-2] gc pause 124ms, heap 776MB
2026-02-21T02:40:07.528Z [svc-sched-3] closed idle connection after 114s
2026-02-21T02:40:07.530Z [pytest-xdist] gw2 test_webhooks.py::test_create_template PASSED in 161ms trace=36c936da-2565-570b-a13d-70d77114d739
2026-02-21T02:40:07.532Z [svc-auth-1] warning: slow query took 720ms
2026-02-21T02:40:07.534Z [svc-billing-0] processed batch of 132 items
2026-02-21T02:40:07.534Z [svc-gateway-1] warning: slow query took 427ms
2026-02-21T02:40:07.537Z [svc-queue-3] closed idle connection after 100s
2026-02-21T02:40:07.539Z [svc-billing-4] connected to upstream in 24ms
2026-02-21T02:40:07.543Z [svc-billing-3] processed batch of 411 items
2026-02-21T02:40:07.546Z [svc-notify-4] health check ok
2026-02-21T02:40:07.546Z [svc-sched-4] warning: slow query took 984ms
2026-02-21T02:40:07.548Z [svc-auth-0] connected to upstream in 60ms
2026-02-21T02:40:07.549Z [svc-gateway-4] warning: slow query took 1507ms
2026-02-21T02:40:07.551Z [pytest-xdist] gw1 test_search.py::test_notify_webhook PASSED in 43ms trace=404e5b65-29b2-241e-aca4-46859b084557
2026-02-21T02:40:07.552Z [svc-auth-3] warning: slow query took 936ms
2026-02-21T02:40:07.552Z [svc-auth-4] health check ok
2026-02-21T02:40:07.552Z [svc-cache-1] processed batch of 355 items
2026-02-21T02:40:07.553Z [svc-billing-2] processed batch of 213 items
2026-02-21T02:40:07.557Z [svc-auth-4] processed batch of 226 items
2026-02-21T02:40:07.560Z [svc-queue-3] closed idle connection after 191s
2026-02-21T02:40:07.561Z [pytest-xdist] gw2 test_search.py::test_delete_coupon PASSED in 60ms trace=9784c7c3-1de4-8e98-b986-bc18dab9fb2d
2026-02-21T02:40:07.564Z [svc-auth-3] cache hit rate 88%
2026-02-21T02:40:07.564Z [svc-media-0] cache hit rate 88%
2026-02-21T02:40:07.565Z [svc-cache-0] retrying connection to vault (attempt 3/3)
2026-02-21T02:40:07.566Z [pytest-xdist] gw4 test_media.py::test_parse_subscription PASSED in 241ms trace=37cb5a2e-0f39-667b-94ad-de63e088c413
2026-02-21T02:40:07.567Z [svc-gateway-0] processed batch of 369 items
2026-02-21T02:40:07.570Z [svc-db-3] warning: slow query took 2178ms
2026-02-21T02:40:07.571Z [svc-gateway-1] cache hit rate 95%
2026-02-21T02:40:07.573Z [svc-notify-3] gc pause 50ms, heap 357MB
2026-02-21T02:40:07.574Z [svc-db-1] cache hit rate 92%
2026-02-21T02:40:07.575Z [svc-queue-4] cache hit rate 85%
2026-02-21T02:40:07.578Z [svc-cache-1] health check ok
2026-02-21T02:40:07.580Z [svc-billing-4] health check ok
2026-02-21T02:40:07.581Z [svc-db-4] health check ok
2026-02-21T02:40:07.582Z [svc-queue-1] closed idle connection after 45s
2026-02-21T02:40:07.582Z [svc-sched-3] connected to upstream in 57ms
2026-02-21T02:40:07.584Z [pytest-xdist] gw2 test_import.py::test_paginate_invoice PASSED in 152ms trace=a5edc541-13f7-6860-b0b8-899931c0dc3d
2026-02-21T02:40:07.586Z [svc-auth-1] health check ok
2026-02-21T02:40:07.588Z [svc-db-0] processed batch of 233 items
2026-02-21T02:40:07.591Z [svc-db-1] closed idle connection after 213s
2026-02-21T02:40:07.591Z [svc-db-2] cache hit rate 95%
2026-02-21T02:40:07.591Z [svc-search-1] closed idle connection after 229s
2026-02-21T02:40:07.592Z [svc-queue-4] health check ok
2026-02-21T02:40:07.597Z [svc-gateway-2] warning: slow query took 555ms
2026-02-21T02:40:07.599Z [svc-db-3] processed batch of 230 items
2026-02-21T02:40:07.600Z [svc-gateway-4] gc pause 58ms, heap 663MB
2026-02-21T02:40:07.601Z [svc-billing-4] processed batch of 300 items
2026-02-21T02:40:07.601Z [svc-sched-1] health check ok
2026-02-21T02:40:07.602Z [pytest-xdist] gw2 test_payments.py::test_authorize_template PASSED in 155ms trace=48f3f2fd-2b07-a7fa-1cf3-7718dafe5108
2026-02-21T02:40:07.602Z [svc-gateway-0] connected to upstream in 6ms
2026-02-21T02:40:07.602Z [svc-queue-4] retrying connection to s3 (attempt 1/3)
2026-02-21T02:40:07.604Z [svc-auth-3] closed idle connection after 76s
2026-02-21T02:40:07.604Z [svc-search-1] closed idle connection after 94s
2026-02-21T02:40:07.605Z [svc-notify-2] connected to upstream in 17ms
2026-02-21T02:40:07.608Z [svc-cache-3] retrying connection to kafka (attempt 3/3)
2026-02-21T02:40:07.608Z [svc-notify-2] warning: slow query took 2190ms
2026-02-21T02:40:07.608Z [svc-media-2] gc pause 45ms, heap 299MB
2026-02-21T02:40:07.609Z [svc-db-0] closed idle connection after 106s
2026-02-21T02:40:07.609Z [svc-notify-0] health check ok
2026-02-21T02:40:07.610Z [svc-billing-2] warning: slow query took 1856ms
2026-02-21T02:40:07.610Z [svc-media-1] processed batch of 305 items
2026-02-21T02:40:07.612Z [svc-auth-2] retrying connection to postgres (attempt 3/3)
2026-02-21T02:40:07.612Z [svc-db-0] closed idle connection after 302s
2026-02-21T02:40:07.612Z [svc-queue-2] processed batch of 385 items
2026-02-21T02:40:07.612Z [svc-queue-4] warning: slow query took 868ms
2026-02-21T02:40:07.614Z [pytest-xdist] gw0 test_queue.py::test_create_user PASSED in 182ms trace=bffb8977-d992-8154-d659-98860ad51548
2026-02-21T02:40:07.617Z [svc-cache-4] closed idle connection after 89s
2026-02-21T02:40:07.617Z [svc-db-3] health check ok
2026-02-21T02:40:07.618Z [svc-search-3] processed batch of 71 items
2026-02-21T02:40:07.621Z [svc-media-0] health check ok
2026-02-21T02:40:07.622Z [svc-search-2] processed batch of 76 items
2026-02-21T02:40:07.623Z [pytest-xdist] gw3 test_notify.py::test_reconcile_invoice PASSED in 222ms trace=56b1c292-151e-3664-c61f-e3c41af5a49e
2026-02-21T02:40:07.625Z [svc-auth-1] warning: slow query took 835ms
2026-02-21T02:40:07.626Z [svc-db-1] processed batch of 112 items
2026-02-21T02:40:07.626Z [svc-search-4] closed idle connection after 124s
2026-02-21T02:40:07.627Z [svc-notify-4] retrying connection to elasticsearch (attempt 1/3)
2026-02-21T02:40:07.629Z [svc-billing-3] connected to upstream in 38ms
2026-02-21T02:40:07.631Z [svc-queue-3] gc pause 51ms, heap 772MB
2026-02-21T02:40:07.631Z [svc-sched-2] connected to upstream in 65ms
2026-02-21T02:40:07.632Z [svc-media-4] health check ok
2026-02-21T02:40:07.637Z [svc-db-4] warning: slow query took 1511ms
2026-02-21T02:40:07.637Z [svc-media-1] processed batch of 465 items
2026-02-21T02:40:07.641Z [pytest-xdist] gw3 test_users.py::test_update_session PASSED in 193ms trace=c29b922d-9894-7c2a-82f1-a13821899e43
2026-02-21T02:40:07.644Z [svc-cache-0] processed batch of 353 items
2026-02-21T02:40:07.644Z [svc-cache-3] health check ok
2026-02-21T02:40:07.644Z [svc-billing-0] closed idle connection after 38s
2026-02-21T02:40:07.649Z [svc-db-1] connected to upstream in 13ms
2026-02-21T02:40:07.650Z [svc-notify-0] closed idle connection after 208s
2026-02-21T02:40:07.651Z [svc-db-0] health check ok
2026-02-21T02:40:07.652Z [svc-db-0] processed batch of 177 items
2026-02-21T02:40:07.652Z [svc-db-2] processed batch of 351 items
2026-02-21T02:40:07.652Z [svc-gateway-0] processed batch of 450 items
2026-02-21T02:40:07.653Z [svc-sched-3] cache hit rate 88%
2026-02-21T02:40:07.654Z [svc-gateway-3] connected to upstream in 30ms
2026-02-21T02:40:07.655Z [svc-sched-3] gc pause 26ms, heap 548MB
2026-02-21T02:40:07.656Z [svc-sched-2] retrying connection to redis (attempt 2/3)
2026-02-21T02:40:07.657Z [pytest-xdist] gw1 test_search.py::test_cache_index PASSED in 14ms trace=524eb30d-c252-1527-dff4-661f4e709afd
2026-02-21T02:40:07.657Z [svc-cache-4] warning: slow query took 282ms
2026-02-21T02:40:07.658Z [svc-cache-0] health check ok
2026-02-21T02:40:07.659Z [svc-notify-1] connected to upstream in 48ms
2026-02-21T02:40:07.659Z [svc-gateway-0] retrying connection to redis (attempt 1/3)
2026-02-21T02:40:07.660Z [pytest-xdist] gw1 test_reports.py::test_update_invoice PASSED in 195ms trace=86eedc61-cff7-081e-3c72-b587b21b9f9c
2026-02-21T02:40:07.660Z [svc-gateway-1] processed batch of 83 items
2026-02-21T02:40:07.663Z [svc-auth-3] closed idle connection after 94s
2026-02-21T02:40:07.664Z [pytest-xdist] gw4 test_export.py::test_expire_coupon PASSED in 57ms trace=0b686284-9ade-1015-2ac2-7f25f806df21
2026-02-21T02:40:07.664Z [svc-queue-3] warning: slow query took 938ms
2026-02-21T02:40:07.664Z [svc-sched-3] retrying connection to kafka (attempt 3/3)
2026-02-21T02:40:07.665Z [svc-db-1] processed batch of 32 items
2026-02-21T02:40:07.666Z [svc-search-1] connected to upstream in 6ms
2026-02-21T02:40:07.666Z [svc-search-2] connected to upstream in 39ms
2026-02-21T02:40:07.670Z [svc-notify-1] closed idle connection after 266s
2026-02-21T02:40:07.670Z [svc-sched-2] health check ok
2026-02-21T02:40:07.672Z [svc-auth-1] health check ok
2026-02-21T02:40:07.672Z [svc-auth-1] warning: slow query took 1222ms
2026-02-21T02:40:07.672Z [svc-queue-3] cache hit rate 85%
2026-02-21T02:40:07.673Z [svc-notify-2] gc pause 16ms, heap 810MB
2026-02-21T02:40:07.676Z [svc-auth-1] connected to upstream in 64ms
2026-02-21T02:40:07.678Z [svc-auth-4] connected to upstream in 45ms
2026-02-21T02:40:07.678Z [svc-queue-1] connected to upstream in 25ms
2026-02-21T02:40:07.679Z [svc-search-0] retrying connection to postgres (attempt 3/3)
2026-02-21T02:40:07.680Z [pytest-xdist] gw4 test_import.py::test_create_session PASSED in 75ms trace=264369dd-ab56-1eba-e30d-3411d1b8340a
2026-02-21T02:40:07.680Z [svc-search-1] gc pause 76ms, heap 703MB
2026-02-21T02:40:07.682Z [svc-search-1] processed batch of 408 items
2026-02-21T02:40:07.685Z [svc-db-1] gc pause 121ms, heap 375MB
2026-02-21T02:40:07.686Z [svc-gateway-2] closed idle connection after 179s
2026-02-21T02:40:07.687Z [svc-sched-3] retrying connection to kafka (attempt 3/3)
2026-02-21T02:40:07.688Z [svc-cache-4] closed idle connection after 223s
2026-02-21T02:40:07.688Z [svc-notify-4] gc pause 102ms, heap 586MB
2026-02-21T02:40:07.689Z [svc-cache-2] processed batch of 265 items
2026-02-21T02:40:07.690Z [pytest-xdist] gw1 test_auth.py::test_reconcile_attachment PASSED in 82ms trace=bb993246-73ae-3e24-af76-12e679780949
