2026-02-21T02:40:00.000Z [svc-media-2] health check ok
2026-02-21T02:40:00.002Z [svc-auth-0] gc pause 25ms, heap 972MB
2026-02-21T02:40:00.003Z [svc-gateway-1] health check ok
2026-02-21T02:40:00.003Z [svc-sched-4] cache hit rate 90%
2026-02-21T02:40:00.005Z [svc-cache-4] gc pause 80ms, heap 837MB
2026-02-21T02:40:00.005Z [svc-notify-2] connected to upstream in 29ms
2026-02-21T02:40:00.011Z [svc-auth-2] cache hit rate 92%
2026-02-21T02:40:00.011Z [svc-auth-3] cache hit rate 90%
2026-02-21T02:40:00.011Z [svc-notify-1] warning: slow query took 1121ms
2026-02-21T02:40:00.015Z [pytest-xdist] gw2 test_media.py::test_create_session SKIPPED (reason: flaky-see-issue-482)
2026-02-21T02:40:00.015Z [svc-cache-1] processed batch of 20 items
2026-02-21T02:40:00.018Z [svc-gateway-0] warning: slow query took 1031ms
2026-02-21T02:40:00.021Z [svc-cache-0] warning: slow query took 804ms
2026-02-21T02:40:00.021Z [svc-search-0] warning: slow query took 1518ms
2026-02-21T02:40:00.021Z [svc-media-2] cache hit rate 92%
2026-02-21T02:40:00.021Z [svc-media-3] processed batch of 329 items
2026-02-21T02:40:00.022Z [svc-db-1] gc pause 85ms, heap 195MB
2026-02-21T02:40:00.022Z [svc-billing-2] health check ok
2026-02-21T02:40:00.025Z [svc-notify-2] processed batch of 466 items
2026-02-21T02:40:00.025Z [svc-sched-2] health check ok
2026-02-21T02:40:00.027Z [svc-billing-1] warning: slow query took 1605ms
2026-02-21T02:40:00.033Z [pytest-xdist] gw3 test_reports.py::test_render_user PASSED in 162ms trace=751479de-56b5-8bd4-39fc-dee0eefa90bb
2026-02-21T02:40:00.036Z [svc-billing-2] warning: slow query took 743ms
2026-02-21T02:40:00.039Z [svc-queue-1] cache hit rate 92%
2026-02-21T02:40:00.040Z [svc-billing-1] warning: slow query took 364ms
2026-02-21T02:40:00.043Z [svc-db-0] processed batch of 268 items
2026-02-21T02:40:00.043Z [svc-billing-3] health check ok
2026-02-21T02:40:00.045Z [pytest-xdist] gw4 test_export.py::test_render_user PASSED in 165ms trace=f8412b98-bfb7-aea1-72ea-a5036a5c2b13
2026-02-21T02:40:00.045Z [svc-auth-0] gc pause 42ms, heap 544MB
2026-02-21T02:40:00.046Z [svc-auth-0] connected to upstream in 60ms
2026-02-21T02:40:00.046Z [svc-notify-4] gc pause 42ms, heap 852MB
2026-02-21T02:40:00.046Z [svc-sched-3] health check ok
2026-02-21T02:40:00.047Z [svc-auth-1] warning: slow query took 261ms
2026-02-21T02:40:00.047Z [svc-cache-2] connected to upstream in 28ms
2026-02-21T02:40:00.049Z [svc-media-4] health check ok
2026-02-21T02:40:00.051Z [svc-search-4] retrying connection to elasticsearch (attempt 1/3)
2026-02-21T02:40:00.051Z [svc-gateway-3] cache hit rate 88%
2026-02-21T02:40:00.054Z [svc-cache-0] health check ok
2026-02-21T02:40:00.055Z [svc-gateway-1] processed batch of 352 items
2026-02-21T02:40:00.059Z [pytest-xdist] gw0 test_search.py::test_parse_token PASSED in 189ms trace=da10a3be-a189-d005-cdfc-1e419cac58e7
2026-02-21T02:40:00.060Z [svc-db-2] gc pause 33ms, heap 433MB
2026-02-21T02:40:00.062Z [svc-billing-0] health check ok
2026-02-21T02:40:00.063Z [svc-notify-2] connected to upstream in 43ms
2026-02-21T02:40:00.064Z [svc-notify-0] connected to upstream in 31ms
2026-02-21T02:40:00.065Z [svc-auth-1] closed idle connection after 32s
2026-02-21T02:40:00.066Z [svc-auth-1] connected to upstream in 65ms
2026-02-21T02:40:00.067Z [svc-auth-2] connected to upstream in 6ms
2026-02-21T02:40:00.067Z [svc-cache-4] processed batch of 234 items
2026-02-21T02:40:00.067Z [svc-sched-1] connected to upstream in 43ms
2026-02-21T02:40:00.068Z [svc-auth-0] closed idle connection after 96s
2026-02-21T02:40:00.068Z [svc-queue-4] closed idle connection after 208s
2026-02-21T02:40:00.069Z [svc-cache-0] gc pause 86ms, heap 452MB
2026-02-21T02:40:00.070Z [pytest-xdist] gw0 test_reports.py::test_delete_token PASSED in 68ms trace=30f798bd-cfd5-efa0-0a35-17a9c74031a1
2026-02-21T02:40:00.070Z [svc-auth-2] health check ok
2026-02-21T02:40:00.071Z [svc-db-2] closed idle connection after 187s
2026-02-21T02:40:00.072Z [svc-cache-2] cache hit rate 95%
2026-02-21T02:40:00.073Z [svc-db-4] connected to upstream in 83ms
2026-02-21T02:40:00.074Z [svc-queue-3] connected to upstream in 42ms
2026-02-21T02:40:00.075Z [svc-cache-1] cache hit rate 88%
2026-02-21T02:40:00.076Z [svc-search-3] health check ok
2026-02-21T02:40:00.077Z [svc-notify-1] health check ok
2026-02-21T02:40:00.080Z [svc-db-2] connected to upstream in 16ms
2026-02-21T02:40:00.080Z [svc-queue-2] connected to upstream in 38ms
2026-02-21T02:40:00.081Z [pytest-xdist] gw5 test_sched.py::test_validate_attachment PASSED in 117ms trace=89d5ff3f-ec96-9c26-7a6f-c3e74255c07a
2026-02-21T02:40:00.083Z [svc-cache-1] processed batch of 151 items
2026-02-21T02:40:00.087Z [svc-search-2] closed idle connection after 78s
2026-02-21T02:40:00.088Z [svc-cache-4] health check ok
2026-02-21T02:40:00.089Z [svc-gateway-3] gc pause 88ms, heap 867MB
2026-02-21T02:40:00.094Z [svc-search-2] warning: slow query took 501ms
2026-02-21T02:40:00.095Z [svc-auth-3] processed batch of 234 items
2026-02-21T02:40:00.099Z [svc-search-0] gc pause 119ms, heap 153MB
2026-02-21T02:40:00.101Z [svc-media-1] connected to upstream in 62ms
2026-02-21T02:40:00.102Z [pytest-xdist] gw4 test_billing.py::test_notify_shipment PASSED in 8ms trace=e10895dd-eb65-2455-7f14-2f6b7663fe19
2026-02-21T02:40:00.103Z [svc-queue-3] connected to upstream in 71ms
2026-02-21T02:40:00.105Z [svc-db-1] retrying connection to s3 (attempt 1/3)
2026-02-21T02:40:00.107Z [svc-media-4] warning: slow query took 2107ms
2026-02-21T02:40:00.108Z [svc-db-1] warning: slow query took 2162ms
2026-02-21T02:40:00.111Z [pytest-xdist] gw5 test_billing.py::test_paginate_region PASSED in 155ms trace=3b669abe-6d42-208e-4aeb-a2f3fc88cfed
2026-02-21T02:40:00.111Z [svc-search-3] closed idle connection after 238s
2026-02-21T02:40:00.112Z [svc-cache-1] health check ok
2026-02-21T02:40:00.113Z [svc-auth-1] closed idle connection after 109s
2026-02-21T02:40:00.115Z [svc-auth-3] warning: slow query took 1012ms
2026-02-21T02:40:00.115Z [svc-sched-4] connected to upstream in 79ms
2026-02-21T02:40:00.116Z [svc-queue-2] warning: slow query took 1045ms
2026-02-21T02:40:00.119Z [svc-auth-0] processed batch of 263 items
2026-02-21T02:40:00.119Z [svc-billing-3] health check ok
2026-02-21T02:40:00.122Z [svc-queue-0] connected to upstream in 9ms
2026-02-21T02:40:00.124Z [svc-db-1] closed idle connection after 121s
2026-02-21T02:40:00.126Z [svc-billing-4] closed idle connection after 90s
2026-02-21T02:40:00.129Z [svc-gateway-3] processed batch of 337 items
2026-02-21T02:40:00.130Z [svc-media-1] closed idle connection after 175s
2026-02-21T02:40:00.131Z [svc-gateway-1] gc pause 108ms, heap 907MB
2026-02-21T02:40:00.132Z [svc-gateway-2] cache hit rate 88%
2026-02-21T02:40:00.132Z [svc-sched-0] connected to upstream in 59ms
2026-02-21T02:40:00.132Z [svc-sched-1] closed idle connection after 49s
2026-02-21T02:40:00.133Z [pytest-xdist] gw1 test_media.py::test_update_shipment PASSED in 169ms trace=9223f226-2339-5e87-c321-7cf4c345ad0a
2026-02-21T02:40:00.133Z [svc-notify-4] connected to upstream in 39ms
2026-02-21T02:40:00.139Z [svc-queue-0] closed idle connection after 54s
2026-02-21T02:40:00.140Z [svc-cache-0] warning: slow query took 2172ms
2026-02-21T02:40:00.140Z [svc-db-0] health check ok
2026-02-21T02:40:00.140Z [svc-gateway-2] connected to upstream in 13ms
2026-02-21T02:40:00.141Z [svc-db-4] cache hit rate 95%
2026-02-21T02:40:00.144Z [svc-queue-1] retrying connection to postgres (attempt 2/3)
2026-02-21T02:40:00.147Z [pytest-xdist] gw4 test_queue.py::test_retry_refund PASSED in 169ms trace=a5327d7f-853e-f415-f6c1-fe77bffcd551
2026-02-21T02:40:00.147Z [svc-media-1] closed idle connection after 122s
2026-02-21T02:40:00.148Z [svc-auth-1] cache hit rate 95%
2026-02-21T02:40:00.153Z [svc-sched-0] processed batch of 340 items
2026-02-21T02:40:00.154Z [svc-billing-4] warning: slow query took 2058ms
2026-02-21T02:40:00.155Z [pytest-xdist] gw0 test_sched.py::test_validate_region PASSED in 17ms trace=b2a2eb31-cba9-42f0-58ce-55a3a2f5c4de
2026-02-21T02:40:00.155Z [svc-db-0] gc pause 73ms, heap 812MB
2026-02-21T02:40:00.157Z [svc-search-2] closed idle connection after 73s
2026-02-21T02:40:00.158Z [pytest-xdist] gw4 test_orders.py::test_create_region PASSED in 21ms trace=62c9dfd7-d305-c1d2-39ef-bd24dafa6b5a
2026-02-21T02:40:00.159Z [svc-billing-2] connected to upstream in 82ms
2026-02-21T02:40:00.160Z [svc-cache-1] gc pause 51ms, heap 612MB
2026-02-21T02:40:00.160Z [svc-sched-0] processed batch of 134 items
2026-02-21T02:40:00.161Z [svc-media-0] closed idle connection after 235s
2026-02-21T02:40:00.161Z [svc-sched-1] retrying connection to postgres (attempt 3/3)
2026-02-21T02:40:00.162Z [svc-auth-4] processed batch of 184 items
2026-02-21T02:40:00.166Z [svc-notify-2] connected to upstream in 22ms
2026-02-21T02:40:00.166Z [svc-queue-1] health check ok
2026-02-21T02:40:00.167Z [svc-queue-0] connected to upstream in 58ms
2026-02-21T02:40:00.172Z [svc-gateway-1] processed batch of 413 items
2026-02-21T02:40:00.174Z [pytest-xdist] gw0 test_payments.py::test_render_refund PASSED in 246ms trace=4ec9ef02-e9fc-640b-1cc3-e148c1f1547c
2026-02-21T02:40:00.178Z [svc-db-2] connected to upstream in 6ms
2026-02-21T02:40:00.178Z [svc-db-2] closed idle connection after 194s
2026-02-21T02:40:00.178Z [svc-search-1] processed batch of 76 items
2026-02-21T02:40:00.180Z [svc-auth-0] processed batch of 30 items
2026-02-21T02:40:00.183Z [svc-queue-3] warning: slow query took 753ms
2026-02-21T02:40:00.187Z [svc-cache-4] health check ok
2026-02-21T02:40:00.187Z [svc-gateway-4] processed batch of 195 items
2026-02-21T02:40:00.189Z [svc-cache-1] cache hit rate 90%
2026-02-21T02:40:00.189Z [svc-media-1] cache hit rate 90%
2026-02-21T02:40:00.189Z [svc-queue-0] processed batch of 185 items
2026-02-21T02:40:00.190Z [svc-cache-4] warning: slow query took 399ms
2026-02-21T02:40:00.191Z [svc-media-4] connected to upstream in 10ms
2026-02-21T02:40:00.193Z [svc-queue-2] closed idle connection after 241s
2026-02-21T02:40:00.193Z [svc-sched-0] connected to upstream in 72ms
2026-02-21T02:40:00.194Z [pytest-xdist] gw0 test_auth.py::test_parse_template PASSED in 154ms trace=b89d13ea-5427-e0e7-bee9-8201d749d091
2026-02-21T02:40:00.194Z [svc-db-3] cache hit rate 90%
2026-02-21T02:40:00.196Z [svc-queue-2] retrying connection to redis (attempt 2/3)
2026-02-21T02:40:00.196Z [svc-sched-4] health check ok
2026-02-21T02:40:00.197Z [svc-billing-3] cache hit rate 90%
2026-02-21T02:40:00.199Z [svc-sched-1] health check ok
2026-02-21T02:40:00.200Z [svc-gateway-0] health check ok
2026-02-21T02:40:00.201Z [svc-auth-4] health check ok
2026-02-21T02:40:00.202Z [svc-media-2] gc pause 88ms, heap 869MB
2026-02-21T02:40:00.203Z [svc-auth-0] processed batch of 334 items
2026-02-21T02:40:00.204Z [svc-notify-1] processed batch of 470 items
2026-02-21T02:40:00.205Z [pytest-xdist] gw1 test_search.py::test_delete_webhook PASSED in 241ms trace=5ebb748d-ea3a-922a-cab1-57f49b4afd7f
2026-02-21T02:40:00.206Z [svc-db-2] health check ok
2026-02-21T02:40:00.206Z [svc-notify-4] cache hit rate 85%
2026-02-21T02:40:00.207Z [svc-auth-3] closed idle connection after 53s
2026-02-21T02:40:00.207Z [svc-gateway-4] connected to upstream in 21ms
2026-02-21T02:40:00.207Z [svc-sched-3] health check ok
2026-02-21T02:40:00.208Z [svc-sched-1] connected to upstream in 72ms
2026-02-21T02:40:00.210Z [svc-media-3] cache hit rate 92%
2026-02-21T02:40:00.210Z [svc-queue-3] warning: slow query took 1162ms
2026-02-21T02:40:00.211Z [svc-notify-2] closed idle connection after 203s
2026-02-21T02:40:00.213Z [svc-db-4] processed batch of 217 items
2026-02-21T02:40:00.213Z [svc-gateway-2] gc pause 98ms, heap 414MB
2026-02-21T02:40:00.214Z [svc-cache-4] gc pause 97ms, heap 251MB
2026-02-21T02:40:00.215Z [svc-sched-3] gc pause 5ms, heap 703MB
2026-02-21T02:40:00.216Z [svc-media-4] gc pause 81ms, heap 444MB
2026-02-21T02:40:00.219Z [svc-search-0] processed batch of 169 items
2026-02-21T02:40:00.220Z [svc-notify-3] processed batch of 121 items
2026-02-21T02:40:00.221Z [svc-search-4] warning: slow query took 464ms
2026-02-21T02:40:00.221Z [svc-search-4] closed idle connection after 122s
2026-02-21T02:40:00.221Z [svc-gateway-4] health check ok
2026-02-21T02:40:00.226Z [svc-db-2] warning: slow query took 576ms
2026-02-21T02:40:00.226Z [svc-media-1] retrying connection to postgres (attempt 1/3)
2026-02-21T02:40:00.227Z [pytest-xdist] gw0 test_notify.py::test_sync_token PASSED in 102ms trace=c33cd5c3-f944-0b7a-e7b5-d2afa716e679
2026-02-21T02:40:00.228Z [svc-sched-1] cache hit rate 90%
2026-02-21T02:40:00.229Z [svc-db-3] warning: slow query took 1753ms
2026-02-21T02:40:00.231Z [svc-db-0] closed idle connection after 206s
2026-02-21T02:40:00.231Z [svc-gateway-3] processed batch of 294 items
2026-02-21T02:40:00.231Z [svc-gateway-4] cache hit rate 85%
2026-02-21T02:40:00.232Z [svc-media-2] closed idle connection after 208s
2026-02-21T02:40:00.233Z [svc-db-0] gc pause 95ms, heap 672MB
2026-02-21T02:40:00.233Z [svc-billing-4] closed idle connection after 66s
2026-02-21T02:40:00.234Z [svc-search-3] connected to upstream in 51ms
2026-02-21T02:40:00.235Z [svc-auth-0] gc pause 34ms, heap 491MB
2026-02-21T02:40:00.235Z [svc-search-2] gc pause 85ms, heap 557MB
2026-02-21T02:40:00.238Z [svc-media-4] gc pause 45ms, heap 434MB
2026-02-21T02:40:00.240Z [svc-cache-3] connected to upstream in 61ms
2026-02-21T02:40:00.241Z [svc-queue-4] closed idle connection after 265s
2026-02-21T02:40:00.242Z [svc-search-1] gc pause 57ms, heap 986MB
2026-02-21T02:40:00.242Z [svc-media-3] processed batch of 160 items
2026-02-21T02:40:00.244Z [svc-db-4] closed idle connection after 217s
2026-02-21T02:40:00.245Z [svc-notify-1] health check ok
2026-02-21T02:40:00.246Z [svc-gateway-2] gc pause 103ms, heap 745MB
2026-02-21T02:40:00.249Z [pytest-xdist] gw1 test_search.py::test_reconcile_webhook PASSED in 32ms trace=ae9a7e46-9cbf-d836-0ef1-da141efbc4c1
2026-02-21T02:40:00.249Z [svc-gateway-4] cache hit rate 92%
2026-02-21T02:40:00.250Z [svc-cache-0] closed idle connection after 293s
2026-02-21T02:40:00.250Z [svc-notify-1] retrying connection to redis (attempt 2/3)
2026-02-21T02:40:00.253Z [svc-queue-3] processed batch of 432 items
2026-02-21T02:40:00.256Z [svc-cache-0] processed batch of 331 items
2026-02-21T02:40:00.256Z [svc-billing-3] closed idle connection after 140s
2026-02-21T02:40:00.257Z [svc-billing-3] processed batch of 409 items
2026-02-21T02:40:00.257Z [svc-billing-4] warning: slow query took 983ms
2026-02-21T02:40:00.257Z [svc-queue-1] closed idle connection after 128s
2026-02-21T02:40:00.258Z [svc-queue-0] warning: slow query took 1514ms
2026-02-21T02:40:00.261Z [svc-sched-0] cache hit rate 88%
2026-02-21T02:40:00.262Z [svc-notify-3] gc pause 63ms, heap 464MB
2026-02-21T02:40:00.262Z [svc-gateway-1] closed idle connection after 204s
2026-02-21T02:40:00.263Z [pytest-xdist] gw1 test_billing.py::test_paginate_coupon PASSED in 54ms trace=a13adeef-029a-91ef-a7b1-8b59b8172b05
2026-02-21T02:40:00.264Z [svc-media-0] closed idle connection after 232s
2026-02-21T02:40:00.264Z [svc-sched-3] retrying connection to kafka (attempt 2/3)
2026-02-21T02:40:00.265Z [svc-search-3] health check ok
2026-02-21T02:40:00.265Z [svc-queue-2] cache hit rate 95%
2026-02-21T02:40:00.267Z [svc-cache-1] closed idle connection after 318s
2026-02-21T02:40:00.269Z [svc-db-4] health check ok
2026-02-21T02:40:00.271Z [svc-notify-1] health check ok
2026-02-21T02:40:00.274Z [svc-auth-3] gc pause 26ms, heap 884MB
2026-02-21T02:40:00.275Z [pytest-xdist] gw4 test_gateway.py::test_cache_subscription PASSED in 7ms trace=7d70419f-c81f-cf7c-a5e1-405365694dda
2026-02-21T02:40:00.275Z [svc-cache-2] closed idle connection after 238s
2026-02-21T02:40:00.275Z [svc-search-2] health check ok
2026-02-21T02:40:00.275Z [svc-gateway-1] health check ok
2026-02-21T02:40:00.276Z [svc-db-4] gc pause 80ms, heap 376MB
2026-02-21T02:40:00.279Z [svc-media-3] health check ok
2026-02-21T02:40:00.279Z [svc-sched-2] gc pause 10ms, heap 100MB
2026-02-21T02:40:00.281Z [svc-sched-1] processed batch of 224 items
2026-02-21T02:40:00.282Z [svc-cache-1] processed batch of 506 items
2026-02-21T02:40:00.285Z [svc-queue-3] health check ok
2026-02-21T02:40:00.287Z [pytest-xdist] gw3 test_notify.py::test_parse_subscription PASSED in 226ms trace=cbc7951e-7378-7d79-6a8f-b967f08b3670
2026-02-21T02:40:00.288Z [svc-cache-3] cache hit rate 85%
2026-02-21T02:40:00.289Z [svc-auth-0] connected to upstream in 37ms
2026-02-21T02:40:00.289Z [svc-gateway-3] warning: slow query took 629ms
2026-02-21T02:40:00.291Z [svc-notify-2] connected to upstream in 81ms
2026-02-21T02:40:00.291Z [svc-notify-3] processed batch of 438 items
2026-02-21T02:40:00.298Z [svc-billing-4] cache hit rate 85%
2026-02-21T02:40:00.298Z [svc-gateway-4] gc pause 87ms, heap 571MB
2026-02-21T02:40:00.299Z [pytest-xdist] gw0 test_queue.py::test_notify_invoice PASSED in 159ms trace=e5213dd7-3a95-41db-5295-37c21dc0f69a
2026-02-21T02:40:00.300Z [svc-notify-2] connected to upstream in 28ms
2026-02-21T02:40:00.302Z [svc-cache-3] closed idle connection after 58s
2026-02-21T02:40:00.302Z [svc-notify-0] warning: slow query took 1850ms
2026-02-21T02:40:00.307Z [svc-search-4] processed batch of 463 items
2026-02-21T02:40:00.308Z [svc-notify-0] warning: slow query took 717ms
2026-02-21T02:40:00.309Z [svc-db-1] health check ok
2026-02-21T02:40:00.311Z [svc-queue-3] cache hit rate 88%
2026-02-21T02:40:00.313Z [svc-notify-1] cache hit rate 88%
2026-02-21T02:40:00.313Z [svc-sched-0] gc pause 40ms, heap 795MB
2026-02-21T02:40:00.314Z [pytest-xdist] gw1 test_billing.py::test_expire_token PASSED in 98ms trace=4b037b9d-2df4-84e3-e07f-116292507bd1
2026-02-21T02:40:00.316Z [svc-gateway-3] health check ok
2026-02-21T02:40:00.318Z [svc-cache-1] warning: slow query took 1806ms
2026-02-21T02:40:00.318Z [svc-cache-4] gc pause 50ms, heap 703MB
2026-02-21T02:40:00.319Z [svc-cache-1] warning: slow query took 1637ms
2026-02-21T02:40:00.319Z [svc-db-4] retrying connection to postgres (attempt 3/3)
2026-02-21T02:40:00.320Z [svc-gateway-2] health check ok
2026-02-21T02:40:00.322Z [pytest-xdist] gw4 test_notify.py::test_authorize_token PASSED in 231ms trace=0dcb4882-6116-1c66-59dd-e5ecd916d394
2026-02-21T02:40:00.323Z [svc-cache-4] closed idle connection after 167s
2026-02-21T02:40:00.324Z [svc-cache-4] connected to upstream in 16ms
2026-02-21T02:40:00.327Z [svc-gateway-3] processed batch of 191 items
2026-02-21T02:40:00.328Z [svc-auth-4] warning: slow query took 957ms
2026-02-21T02:40:00.328Z [svc-queue-4] warning: slow query took 1177ms
2026-02-21T02:40:00.331Z [svc-auth-0] processed batch of 393 items
2026-02-21T02:40:00.331Z [svc-billing-0] retrying connection to redis (attempt 2/3)
2026-02-21T02:40:00.331Z [svc-billing-3] cache hit rate 90%
2026-02-21T02:40:00.331Z [svc-notify-4] processed batch of 66 items
2026-02-21T02:40:00.332Z [svc-cache-2] closed idle connection after 66s
2026-02-21T02:40:00.333Z [pytest-xdist] gw1 test_billing.py::test_cache_attachment PASSED in 170ms trace=0b0c32bf-4cc2-e56c-ed13-9839f116f5f2
2026-02-21T02:40:00.334Z [svc-search-4] cache hit rate 92%
2026-02-21T02:40:00.340Z [svc-queue-4] closed idle connection after 151s
2026-02-21T02:40:00.342Z [svc-search-2] connected to upstream in 44ms
2026-02-21T02:40:00.345Z [svc-db-2] connected to upstream in 31ms
2026-02-21T02:40:00.348Z [pytest-xdist] gw2 test_users.py::test_list_coupon PASSED in 162ms trace=8e7400f6-e530-87ca-cb39-93d9f72a1740
2026-02-21T02:40:00.349Z [svc-notify-2] health check ok
2026-02-21T02:40:00.350Z [svc-notify-0] gc pause 108ms, heap 698MB
2026-02-21T02:40:00.353Z [svc-queue-1] processed batch of 108 items
2026-02-21T02:40:00.354Z [svc-db-1] processed batch of 13 items
2026-02-21T02:40:00.356Z [svc-billing-1] gc pause 101ms, heap 580MB
2026-02-21T02:40:00.356Z [svc-billing-2] cache hit rate 92%
2026-02-21T02:40:00.357Z [svc-search-0] cache hit rate 90%
2026-02-21T02:40:00.358Z [svc-auth-3] warning: slow query took 1180ms
2026-02-21T02:40:00.360Z [pytest-xdist] gw5 test_billing.py::test_sync_user PASSED in 108ms trace=64ecb0a3-f3c6-b5c5-4466-4ebb1e6067aa
2026-02-21T02:40:00.360Z [svc-media-0] processed batch of 56 items
2026-02-21T02:40:00.361Z [svc-notify-2] gc pause 112ms, heap 471MB
2026-02-21T02:40:00.362Z [svc-gateway-0] cache hit rate 88%
2026-02-21T02:40:00.364Z [svc-queue-0] cache hit rate 92%
2026-02-21T02:40:00.366Z [svc-billing-3] closed idle connection after 169s
2026-02-21T02:40:00.368Z [svc-db-4] health check ok
2026-02-21T02:40:00.369Z [svc-queue-4] health check ok
2026-02-21T02:40:00.376Z [pytest-xdist] gw2 test_payments.py::test_parse_coupon PASSED in 69ms trace=416a031a-7eb5-c604-2994-e0fcd7dabcad
2026-02-21T02:40:00.376Z [svc-db-0] cache hit rate 95%
2026-02-21T02:40:00.376Z [svc-db-0] processed batch of 170 items
2026-02-21T02:40:00.376Z [svc-gateway-1] health check ok
2026-02-21T02:40:00.377Z [svc-sched-3] gc pause 50ms, heap 180MB
2026-02-21T02:40:00.379Z [svc-gateway-0] warning: slow query took 1589ms
2026-02-21T02:40:00.381Z [svc-cache-3] health check ok
2026-02-21T02:40:00.382Z [svc-db-1] health check ok
2026-02-21T02:40:00.386Z [svc-media-4] connected to upstream in 48ms
2026-02-21T02:40:00.390Z [svc-auth-2] warning: slow query took 656ms
2026-02-21T02:40:00.392Z [svc-db-3] health check ok
2026-02-21T02:40:00.392Z [svc-media-3] health check ok
2026-02-21T02:40:00.395Z [svc-billing-1] connected to upstream in 20ms
2026-02-21T02:40:00.397Z [pytest-xdist] gw3 test_reports.py::test_validate_region PASSED in 147ms trace=42af4a25-5fa5-0ba2-1972-bdad529a2949
2026-02-21T02:40:00.402Z [svc-media-0] cache hit rate 95%
2026-02-21T02:40:00.402Z [svc-sched-2] health check ok
2026-02-21T02:40:00.404Z [svc-media-2] connected to upstream in 14ms
2026-02-21T02:40:00.406Z [svc-gateway-3] health check ok
2026-02-21T02:40:00.406Z [svc-media-2] processed batch of 238 items
2026-02-21T02:40:00.408Z [pytest-xdist] gw0 test_export.py::test_list_quota PASSED in 197ms trace=aec465a6-cb79-1685-522f-74f1b1928a4e
2026-02-21T02:40:00.408Z [svc-gateway-2] retrying connection to s3 (attempt 3/3)
2026-02-21T02:40:00.410Z [svc-gateway-1] health check ok
2026-02-21T02:40:00.411Z [svc-db-1] health check ok
2026-02-21T02:40:00.411Z [svc-billing-3] warning: slow query took 1748ms
2026-02-21T02:40:00.413Z [svc-search-1] gc pause 30ms, heap 509MB
2026-02-21T02:40:00.415Z [svc-billing-3] processed batch of 459 items
2026-02-21T02:40:00.415Z [svc-search-4] connected to upstream in 27ms
2026-02-21T02:40:00.416Z [svc-cache-4] health check ok
2026-02-21T02:40:00.417Z [pytest-xdist] gw3 test_search.py::test_reconcile_template PASSED in 213ms trace=d3e7b072-b888-3389-6793-13ced93b7542
2026-02-21T02:40:00.417Z [svc-queue-1] processed batch of 404 items
2026-02-21T02:40:00.422Z [svc-db-1] cache hit rate 92%
2026-02-21T02:40:00.427Z [svc-search-3] warning: slow query took 1790ms
2026-02-21T02:40:00.429Z [svc-auth-3] connected to upstream in 5ms
2026-02-21T02:40:00.430Z [svc-auth-1] closed idle connection after 125s
2026-02-21T02:40:00.430Z [svc-sched-2] gc pause 31ms, heap 528MB
2026-02-21T02:40:00.431Z [svc-auth-1] gc pause 45ms, heap 412MB
2026-02-21T02:40:00.431Z [svc-search-1] warning: slow query took 626ms
2026-02-21T02:40:00.431Z [svc-sched-2] cache hit rate 95%
2026-02-21T02:40:00.432Z [svc-search-1] closed idle connection after 61s
2026-02-21T02:40:00.433Z [svc-auth-1] health check ok
2026-02-21T02:40:00.433Z [svc-sched-1] connected to upstream in 50ms
2026-02-21T02:40:00.434Z [pytest-xdist] gw2 test_reports.py::test_parse_session PASSED in 236ms trace=6bb79d19-a223-3f56-7df8-bf5df5594845
2026-02-21T02:40:00.434Z [svc-auth-2] processed batch of 32 items
2026-02-21T02:40:00.434Z [svc-search-4] connected to upstream in 17ms
2026-02-21T02:40:00.435Z [svc-notify-0] closed idle connection after 30s
2026-02-21T02:40:00.436Z [svc-billing-3] cache hit rate 95%
2026-02-21T02:40:00.436Z [svc-sched-0] health check ok
2026-02-21T02:40:00.437Z [svc-cache-2] connected to upstream in 43ms
2026-02-21T02:40:00.439Z [svc-notify-3] cache hit rate 88%
2026-02-21T02:40:00.440Z [pytest-xdist] gw4 test_queue.py::test_retry_query PASSED in 226ms trace=9fdc1127-4517-da86-d285-74cec98b9144
2026-02-21T02:40:00.440Z [svc-db-4] closed idle connection after 100s
2026-02-21T02:40:00.440Z [svc-notify-4] processed batch of 436 items
2026-02-21T02:40:00.444Z [svc-search-0] gc pause 117ms, heap 101MB
2026-02-21T02:40:00.445Z [svc-auth-2] health check ok
2026-02-21T02:40:00.445Z [svc-billing-4] health check ok
2026-02-21T02:40:00.446Z [svc-notify-0] processed batch of 118 items
2026-02-21T02:40:00.447Z [svc-auth-3] health check ok
2026-02-21T02:40:00.448Z [pytest-xdist] gw5 test_media.py::test_expire_invoice PASSED in 105ms trace=44c08ab4-394d-8166-f832-1048183d0995
2026-02-21T02:40:00.449Z [svc-auth-1] gc pause 65ms, heap 449MB
2026-02-21T02:40:00.450Z [svc-gateway-3] warning: slow query took 2030ms
2026-02-21T02:40:00.451Z [svc-cache-0] cache hit rate 88%
2026-02-21T02:40:00.452Z [svc-auth-1] gc pause 17ms, heap 181MB
2026-02-21T02:40:00.454Z [svc-search-0] processed batch of 27 items
2026-02-21T02:40:00.457Z [svc-db-1] connected to upstream in 49ms
2026-02-21T02:40:00.457Z [svc-queue-4] warning: slow query took 1764ms
2026-02-21T02:40:00.458Z [svc-sched-0] warning: slow query took 1957ms
2026-02-21T02:40:00.460Z [svc-auth-3] processed batch of 301 items
2026-02-21T02:40:00.460Z [svc-gateway-0] closed idle connection after 281s
2026-02-21T02:40:00.464Z [svc-billing-1] connected to upstream in 43ms
2026-02-21T02:40:00.464Z [svc-queue-4] gc pause 84ms, heap 348MB
2026-02-21T02:40:00.465Z [svc-sched-2] health check ok
2026-02-21T02:40:00.466Z [svc-media-3] processed batch of 206 items
2026-02-21T02:40:00.467Z [svc-gateway-0] warning: slow query took 381ms
2026-02-21T02:40:00.467Z [svc-sched-1] gc pause 79ms, heap 889MB
2026-02-21T02:40:00.468Z [pytest-xdist] gw4 test_search.py::test_validate_query PASSED in 52ms trace=3c6393e5-5ae4-a8a5-2063-deb87dba2c07
2026-02-21T02:40:00.469Z [svc-sched-4] warning: slow query took 914ms
2026-02-21T02:40:00.470Z [svc-queue-2] closed idle connection after 84s
2026-02-21T02:40:00.470Z [svc-queue-4] connected to upstream in 41ms
2026-02-21T02:40:00.471Z [svc-gateway-1] cache hit rate 90%
2026-02-21T02:40:00.472Z [svc-queue-0] health check ok
2026-02-21T02:40:00.478Z [svc-cache-1] closed idle connection after 180s
2026-02-21T02:40:00.478Z [svc-search-1] connected to upstream in 50ms
2026-02-21T02:40:00.478Z [svc-sched-0] connected to upstream in 23ms
2026-02-21T02:40:00.481Z [svc-auth-2] warning: slow query took 837ms
2026-02-21T02:40:00.481Z [svc-notify-2] gc pause 78ms, heap 564MB
2026-02-21T02:40:00.482Z [svc-sched-0] gc pause 83ms, heap 597MB
2026-02-21T02:40:00.483Z [svc-sched-4] closed idle connection after 116s
2026-02-21T02:40:00.484Z [svc-sched-2] processed batch of 298 items
2026-02-21T02:40:00.485Z [pytest-xdist] gw4 test_reports.py::test_authorize_token PASSED in 209ms trace=e9e7b320-f909-3600-633b-81bd478bba37
2026-02-21T02:40:00.485Z [svc-auth-0] gc pause 59ms, heap 390MB
2026-02-21T02:40:00.485Z [svc-db-3] processed batch of 322 items
2026-02-21T02:40:00.486Z [svc-db-3] cache hit rate 90%
2026-02-21T02:40:00.487Z [svc-auth-4] processed batch of 499 items
2026-02-21T02:40:00.488Z [svc-sched-2] gc pause 50ms, heap 242MB
2026-02-21T02:40:00.489Z [svc-cache-2] warning: slow query took 1047ms
2026-02-21T02:40:00.491Z [svc-queue-1] closed idle connection after 96s
2026-02-21T02:40:00.493Z [svc-media-0] warning: slow query took 1950ms
2026-02-21T02:40:00.494Z [svc-auth-1] processed batch of 71 items
2026-02-21T02:40:00.494Z [svc-cache-3] cache hit rate 85%
2026-02-21T02:40:00.494Z [svc-billing-0] processed batch of 118 items
2026-02-21T02:40:00.495Z [svc-cache-0] health check ok
2026-02-21T02:40:00.498Z [svc-db-3] health check ok
2026-02-21T02:40:00.499Z [svc-queue-0] processed batch of 127 items
2026-02-21T02:40:00.500Z [svc-notify-0] connected to upstream in 31ms
2026-02-21T02:40:00.500Z [svc-notify-0] cache hit rate 85%
2026-02-21T02:40:00.502Z [svc-search-0] health check ok
2026-02-21T02:40:00.503Z [pytest-xdist] gw3 test_import.py::test_paginate_invoice PASSED in 75ms trace=965cb036-e9c9-c88a-77d6-c706152e4d7d
2026-02-21T02:40:00.504Z [svc-billing-4] gc pause 104ms, heap 539MB
2026-02-21T02:40:00.505Z [svc-media-1] processed batch of 142 items
2026-02-21T02:40:00.508Z [pytest-xdist] gw3 test_gateway.py::test_reconcile_refund PASSED in 134ms trace=360c692c-ed39-a9ae-23e7-7c2efd501835
2026-02-21T02:40:00.508Z [svc-media-4] closed idle connection after 82s
2026-02-21T02:40:00.509Z [svc-auth-0] warning: slow query took 206ms
2026-02-21T02:40:00.509Z [svc-queue-4] cache hit rate 85%
2026-02-21T02:40:00.511Z [svc-notify-3] processed batch of 502 items
2026-02-21T02:40:00.511Z [svc-media-3] connected to upstream in 64ms
2026-02-21T02:40:00.512Z [svc-db-3] warning: slow query took 820ms
2026-02-21T02:40:00.513Z [svc-billing-0] retrying connection to redis (attempt 2/3)
2026-02-21T02:40:00.514Z [svc-auth-1] retrying connection to vault (attempt 2/3)
2026-02-21T02:40:00.514Z [svc-auth-4] gc pause 105ms, heap 978MB
2026-02-21T02:40:00.518Z [svc-search-2] health check ok
2026-02-21T02:40:00.518Z [svc-sched-3] closed idle connection after 36s
2026-02-21T02:40:00.518Z [svc-sched-4] warning: slow query took 1603ms
2026-02-21T02:40:00.519Z [svc-db-2] processed batch of 134 items
2026-02-21T02:40:00.519Z [svc-sched-4] gc pause 89ms, heap 918MB
2026-02-21T02:40:00.521Z [svc-billing-2] connected to upstream in 33ms
2026-02-21T02:40:00.524Z [pytest-xdist] gw1 test_sched.py::test_retry_index PASSED in 188ms trace=18de25f2-61ba-578f-73f3-295d61a2fd29
2026-02-21T02:40:00.525Z [svc-search-1] connected to upstream in 34ms
2026-02-21T02:40:00.525Z [svc-search-4] cache hit rate 88%
2026-02-21T02:40:00.525Z [svc-notify-4] connected to upstream in 18ms
2026-02-21T02:40:00.526Z [svc-sched-3] processed batch of 148 items
2026-02-21T02:40:00.527Z [svc-gateway-0] warning: slow query took 201ms
2026-02-21T02:40:00.527Z [svc-media-0] retrying connection to vault (attempt 3/3)
2026-02-21T02:40:00.527Z [svc-sched-4] connected to upstream in 8ms
2026-02-21T02:40:00.529Z [svc-billing-4] closed idle connection after 321s
2026-02-21T02:40:00.529Z [svc-media-3] cache hit rate 85%
2026-02-21T02:40:00.529Z [svc-queue-3] cache hit rate 92%
2026-02-21T02:40:00.530Z [svc-notify-4] warning: slow query took 271ms
2026-02-21T02:40:00.531Z [svc-auth-2] warning: slow query took 2197ms
2026-02-21T02:40:00.537Z [svc-notify-2] cache hit rate 95%
2026-02-21T02:40:00.537Z [svc-queue-3] processed batch of 472 items
2026-02-21T02:40:00.538Z [svc-search-2] cache hit rate 95%
2026-02-21T02:40:00.539Z [pytest-xdist] gw3 test_orders.py::test_cache_coupon PASSED in 181ms trace=13726613-23a5-6c07-e235-d0333ce9a60b
2026-02-21T02:40:00.539Z [svc-media-3] processed batch of 251 items
2026-02-21T02:40:00.543Z [svc-sched-3] warning: slow query took 1011ms
2026-02-21T02:40:00.544Z [svc-sched-1] health check ok
2026-02-21T02:40:00.545Z [svc-db-0] processed batch of 492 items
2026-02-21T02:40:00.545Z [svc-billing-2] gc pause 67ms, heap 655MB
2026-02-21T02:40:00.546Z [svc-cache-2] closed idle connection after 250s
2026-02-21T02:40:00.547Z [svc-media-3] warning: slow query took 1430ms
2026-02-21T02:40:00.550Z [svc-queue-4] connected to upstream in 26ms
2026-02-21T02:40:00.550Z [svc-sched-1] cache hit rate 88%
2026-02-21T02:40:00.551Z [svc-auth-4] health check ok
2026-02-21T02:40:00.558Z [svc-billing-1] cache hit rate 88%
2026-02-21T02:40:00.558Z [svc-sched-2] health check ok
2026-02-21T02:40:00.560Z [pytest-xdist] gw4 test_queue.py::test_sync_refund PASSED in 45ms trace=a79e4613-b301-ab2e-7757-2885706fe2af
2026-02-21T02:40:00.564Z [svc-search-4] closed idle connection after 297s
2026-02-21T02:40:00.565Z [svc-auth-0] closed idle connection after 66s
2026-02-21T02:40:00.565Z [svc-sched-3] health check ok
2026-02-21T02:40:00.568Z [svc-notify-0] closed idle connection after 95s
2026-02-21T02:40:00.570Z [svc-search-3] cache hit rate 90%
2026-02-21T02:40:00.571Z [svc-gateway-1] cache hit rate 95%
2026-02-21T02:40:00.571Z [svc-sched-0] processed batch of 262 items
2026-02-21T02:40:00.573Z [svc-sched-1] connected to upstream in 73ms
2026-02-21T02:40:00.574Z [svc-media-2] warning: slow query took 1535ms
2026-02-21T02:40:00.575Z [pytest-xdist] gw4 test_export.py::test_cache_subscription PASSED in 119ms trace=ff1527f6-9656-6d26-174a-2b68714c39cc
2026-02-21T02:40:00.576Z [svc-db-3] closed idle connection after 213s
2026-02-21T02:40:00.579Z [svc-auth-2] connected to upstream in 26ms
2026-02-21T02:40:00.579Z [svc-search-2] cache hit rate 88%
2026-02-21T02:40:00.580Z [svc-queue-2] retrying connection to redis (attempt 3/3)
2026-02-21T02:40:00.582Z [svc-db-2] closed idle connection after 67s
2026-02-21T02:40:00.582Z [svc-media-3] connected to upstream in 67ms
2026-02-21T02:40:00.582Z [svc-media-4] cache hit rate 88%
2026-02-21T02:40:00.583Z [svc-sched-3] retrying connection to kafka (attempt 2/3)
2026-02-21T02:40:00.584Z [pytest-xdist] gw5 test_media.py::test_parse_template PASSED in 117ms trace=6d6404a7-88d0-de79-93e6-0afc72e72886
2026-02-21T02:40:00.584Z [svc-queue-4] health check ok
2026-02-21T02:40:00.585Z [svc-media-3] health check ok
2026-02-21T02:40:00.586Z [svc-sched-2] processed batch of 451 items
2026-02-21T02:40:00.587Z [svc-auth-0] health check ok
2026-02-21T02:40:00.587Z [svc-search-2] warning: slow query took 1090ms
2026-02-21T02:40:00.589Z [svc-billing-4] processed batch of 432 items
2026-02-21T02:40:00.589Z [svc-media-4] closed idle connection after 277s
2026-02-21T02:40:00.590Z [svc-db-2] cache hit rate 88%
2026-02-21T02:40:00.590Z [svc-sched-4] gc pause 9ms, heap 800MB
2026-02-21T02:40:00.593Z [svc-queue-4] closed idle connection after 178s
2026-02-21T02:40:00.594Z [svc-billing-3] warning: slow query took 1249ms
2026-02-21T02:40:00.594Z [svc-gateway-0] connected to upstream in 52ms
2026-02-21T02:40:00.597Z [svc-cache-1] gc pause 46ms, heap 298MB
2026-02-21T02:40:00.597Z [svc-notify-3] health check ok
2026-02-21T02:40:00.598Z [svc-gateway-3] closed idle connection after 313s
2026-02-21T02:40:00.598Z [svc-media-3] connected to upstream in 40ms
2026-02-21T02:40:00.599Z [pytest-xdist] gw2 test_auth.py::test_render_coupon PASSED in 79ms trace=b64f923d-072a-ff08-8caa-3bc8047a6332
2026-02-21T02:40:00.599Z [svc-media-3] warning: slow query took 397ms
2026-02-21T02:40:00.602Z [svc-search-3] processed batch of 489 items
2026-02-21T02:40:00.602Z [svc-gateway-2] warning: slow query took 325ms
2026-02-21T02:40:00.603Z [svc-cache-2] connected to upstream in 55ms
2026-02-21T02:40:00.604Z [svc-auth-2] processed batch of 228 items
2026-02-21T02:40:00.604Z [svc-sched-3] cache hit rate 90%
2026-02-21T02:40:00.605Z [svc-media-4] retrying connection to s3 (attempt 1/3)
2026-02-21T02:40:00.606Z [svc-search-0] closed idle connection after 146s
2026-02-21T02:40:00.606Z [svc-notify-4] warning: slow query took 518ms
2026-02-21T02:40:00.614Z [pytest-xdist] gw5 test_reports.py::test_delete_coupon PASSED in 84ms trace=6489d74a-5c35-e7b1-57d3-61c09786e2e6
2026-02-21T02:40:00.614Z [svc-auth-3] closed idle connection after 163s
2026-02-21T02:40:00.616Z [svc-media-3] cache hit rate 88%
2026-02-21T02:40:00.619Z [svc-notify-1] warning: slow query took 1102ms
2026-02-21T02:40:00.621Z [svc-db-0] closed idle connection after 69s
2026-02-21T02:40:00.621Z [svc-search-0] cache hit rate 88%
2026-02-21T02:40:00.623Z [pytest-xdist] gw4 test_import.py::test_cache_invoice PASSED in 19ms trace=047d4173-7795-ac0a-4d46-4f3fed2ac879
2026-02-21T02:40:00.627Z [svc-queue-4] closed idle connection after 38s
2026-02-21T02:40:00.630Z [svc-queue-1] warning: slow query took 1474ms
2026-02-21T02:40:00.633Z [svc-auth-4] gc pause 87ms, heap 372MB
2026-02-21T02:40:00.633Z [svc-notify-2] connected to upstream in 39ms
2026-02-21T02:40:00.635Z [svc-billing-3] closed idle connection after 173s
2026-02-21T02:40:00.639Z [svc-db-1] cache hit rate 92%
2026-02-21T02:40:00.641Z [svc-queue-4] connected to upstream in 76ms
2026-02-21T02:40:00.642Z [svc-auth-3] gc pause 85ms, heap 867MB
2026-02-21T02:40:00.642Z [svc-cache-3] processed batch of 107 items
2026-02-21T02:40:00.642Z [svc-billing-1] processed batch of 311 items
2026-02-21T02:40:00.643Z [svc-cache-0] health check ok
2026-02-21T02:40:00.643Z [svc-queue-4] gc pause 28ms, heap 792MB
2026-02-21T02:40:00.644Z [svc-media-1] connected to upstream in 73ms
2026-02-21T02:40:00.645Z [pytest-xdist] gw0 test_billing.py::test_delete_webhook PASSED in 164ms trace=c8dd699e-5238-a461-6ef0-bc4c9331c148
2026-02-21T02:40:00.646Z [svc-db-0] retrying connection to kafka (attempt 3/3)
2026-02-21T02:40:00.647Z [svc-search-1] closed idle connection after 293s
2026-02-21T02:40:00.648Z [svc-billing-1] connected to upstream in 31ms
2026-02-21T02:40:00.649Z [svc-gateway-4] connected to upstream in 82ms
2026-02-21T02:40:00.649Z [svc-sched-2] connected to upstream in 51ms
2026-02-21T02:40:00.651Z [svc-gateway-3] connected to upstream in 27ms
2026-02-21T02:40:00.651Z [svc-media-3] closed idle connection after 237s
2026-02-21T02:40:00.654Z [svc-search-2] health check ok
2026-02-21T02:40:00.655Z [svc-auth-1] warning: slow query took 1110ms
2026-02-21T02:40:00.656Z [svc-notify-4] cache hit rate 88%
2026-02-21T02:40:00.660Z [pytest-xdist] gw1 test_webhooks.py::test_validate_index PASSED in 75ms trace=c9ef350d-d7f2-a356-179c-40be9ccc23e7
2026-02-21T02:40:00.666Z [svc-db-2] connected to upstream in 36ms
2026-02-21T02:40:00.667Z [svc-cache-2] connected to upstream in 68ms
2026-02-21T02:40:00.667Z [svc-search-4] cache hit rate 85%
2026-02-21T02:40:00.668Z [svc-db-3] health check ok
2026-02-21T02:40:00.670Z [svc-db-3] closed idle connection after 328s
2026-02-21T02:40:00.671Z [svc-queue-4] warning: slow query took 563ms
2026-02-21T02:40:00.672Z [svc-cache-0] cache hit rate 85%
2026-02-21T02:40:00.672Z [svc-sched-0] health check ok
2026-02-21T02:40:00.675Z [svc-db-4] gc pause 85ms, heap 586MB
2026-02-21T02:40:00.678Z [svc-notify-0] health check ok
2026-02-21T02:40:00.678Z [svc-notify-1] warning: slow query took 832ms
2026-02-21T02:40:00.680Z [svc-media-2] retrying connection to redis (attempt 1/3)
2026-02-21T02:40:00.681Z [pytest-xdist] gw0 test_users.py::test_authorize_session PASSED in 7ms trace=cd4ab375-4c6e-dc16-04f5-dec46235dc02
2026-02-21T02:40:00.681Z [svc-search-1] cache hit rate 90%
2026-02-21T02:40:00.683Z [svc-billing-2] gc pause 81ms, heap 842MB
2026-02-21T02:40:00.684Z [pytest-xdist] gw1 test_auth.py::test_reconcile_user PASSED in 137ms trace=ed15c669-6eed-b18c-8b85-35b3fc7ae5aa
2026-02-21T02:40:00.685Z [svc-cache-0] closed idle connection after 81s
2026-02-21T02:40:00.685Z [svc-media-1] connected to upstream in 8ms
2026-02-21T02:40:00.686Z [svc-notify-3] gc pause 95ms, heap 788MB
2026-02-21T02:40:00.687Z [svc-cache-0] processed batch of 202 items
2026-02-21T02:40:00.689Z [svc-billing-2] gc pause 77ms, heap 995MB
2026-02-21T02:40:00.690Z [svc-auth-4] connected to upstream in 29ms
2026-02-21T02:40:00.690Z [svc-notify-1] retrying connection to redis (attempt 3/3)
2026-02-21T02:40:00.690Z [svc-queue-1] health check ok
2026-02-21T02:40:00.690Z [svc-queue-2] closed idle connection after 75s
2026-02-21T02:40:00.693Z [svc-db-4] health check ok
2026-02-21T02:40:00.694Z [svc-db-1] cache hit rate 92%
2026-02-21T02:40:00.694Z [svc-billing-0] closed idle connection after 169s
2026-02-21T02:40:00.696Z [pytest-xdist] gw0 test_import.py::test_reconcile_subscription PASSED in 156ms trace=a5acb896-0f04-d396-a95c-51aeeebda748
2026-02-21T02:40:00.696Z [svc-queue-4] closed idle connection after 101s
2026-02-21T02:40:00.698Z [svc-search-3] cache hit rate 95%
2026-02-21T02:40:00.699Z [svc-gateway-3] cache hit rate 95%
2026-02-21T02:40:00.702Z [svc-db-3] warning: slow query took 1068ms
2026-02-21T02:40:00.702Z [svc-notify-1] processed batch of 226 items
2026-02-21T02:40:00.703Z [svc-queue-3] health check ok
2026-02-21T02:40:00.704Z [svc-media-0] processed batch of 66 items
2026-02-21T02:40:00.705Z [pytest-xdist] gw2 test_search.py::test_create_coupon PASSED in 181ms trace=ad32ca6d-87b4-13c1-d932-bcc798a8c7bd
2026-02-21T02:40:00.706Z [svc-notify-4] health check ok
2026-02-21T02:40:00.707Z [svc-queue-1] connected to upstream in 48ms
2026-02-21T02:40:00.710Z [svc-cache-2] warning: slow query took 505ms
2026-02-21T02:40:00.713Z [svc-search-0] warning: slow query took 916ms
2026-02-21T02:40:00.714Z [svc-billing-0] warning: slow query took 288ms
2026-02-21T02:40:00.714Z [svc-search-0] processed batch of 27 items
2026-02-21T02:40:00.717Z [svc-db-0] cache hit rate 88%
2026-02-21T02:40:00.718Z [svc-cache-2] closed idle connection after 161s
2026-02-21T02:40:00.719Z [svc-db-4] processed batch of 504 items
2026-02-21T02:40:00.719Z [svc-sched-4] gc pause 58ms, heap 871MB
2026-02-21T02:40:00.721Z [pytest-xdist] gw3 test_export.py::test_sync_query PASSED in 200ms trace=d466135f-c049-d9c2-52ac-5ee6f20cbd5a
2026-02-21T02:40:00.725Z [svc-auth-1] processed batch of 443 items
2026-02-21T02:40:00.726Z [svc-auth-4] connected to upstream in 84ms
2026-02-21T02:40:00.727Z [pytest-xdist] gw2 test_users.py::test_notify_shipment PASSED in 246ms trace=278a3032-fce6-e53e-f98b-61f823c132eb
2026-02-21T02:40:00.727Z [svc-billing-0] cache hit rate 85%
2026-02-21T02:40:00.730Z [pytest-xdist] gw1 test_export.py::test_expire_shipment PASSED in 165ms trace=29654de7-ba53-cec5-5600-39d807443f5b
2026-02-21T02:40:00.730Z [svc-auth-1] cache hit rate 95%
2026-02-21T02:40:00.731Z [svc-cache-3] health check ok
2026-02-21T02:40:00.731Z [svc-billing-4] gc pause 17ms, heap 800MB
2026-02-21T02:40:00.732Z [svc-auth-4] processed batch of 441 items
2026-02-21T02:40:00.732Z [svc-search-1] gc pause 104ms, heap 971MB
2026-02-21T02:40:00.733Z [svc-cache-3] connected to upstream in 72ms
2026-02-21T02:40:00.737Z [svc-queue-2] connected to upstream in 52ms
2026-02-21T02:40:00.741Z [svc-queue-0] processed batch of 65 items
2026-02-21T02:40:00.742Z [svc-cache-1] warning: slow query took 1797ms
2026-02-21T02:40:00.742Z [svc-search-3] gc pause 81ms, heap 799MB
2026-02-21T02:40:00.743Z [svc-queue-3] closed idle connection after 76s
2026-02-21T02:40:00.743Z [svc-sched-3] cache hit rate 85%
2026-02-21T02:40:00.744Z [svc-search-2] health check ok
2026-02-21T02:40:00.748Z [svc-notify-2] connected to upstream in 43ms
2026-02-21T02:40:00.748Z [svc-queue-0] processed batch of 504 items
2026-02-21T02:40:00.749Z [svc-search-1] health check ok
2026-02-21T02:40:00.749Z [svc-media-2] cache hit rate 92%
2026-02-21T02:40:00.749Z [svc-sched-3] processed batch of 209 items
2026-02-21T02:40:00.750Z [svc-notify-0] connected to upstream in 24ms
2026-02-21T02:40:00.750Z [svc-notify-1] closed idle connection after 326s
2026-02-21T02:40:00.751Z [pytest-xdist] gw1 test_users.py::test_render_subscription PASSED in 75ms trace=fd4be792-4654-fa21-9112-f638fb22fb06
2026-02-21T02:40:00.751Z [svc-auth-3] cache hit rate 92%
2026-02-21T02:40:00.752Z [svc-auth-4] warning: slow query took 1419ms
2026-02-21T02:40:00.752Z [svc-billing-2] processed batch of 391 items
2026-02-21T02:40:00.752Z [svc-search-3] connected to upstream in 18ms
2026-02-21T02:40:00.758Z [svc-sched-4] connected to upstream in 11ms
2026-02-21T02:40:00.760Z [svc-notify-3] warning: slow query took 978ms
2026-02-21T02:40:00.761Z [svc-search-0] connected to upstream in 80ms
2026-02-21T02:40:00.762Z [svc-notify-2] health check ok
2026-02-21T02:40:00.765Z [svc-search-3] connected to upstream in 37ms
2026-02-21T02:40:00.766Z [svc-billing-1] warning: slow query took 1551ms
2026-02-21T02:40:00.767Z [pytest-xdist] gw5 test_notify.py::test_list_query PASSED in 141ms trace=85eed958-eab4-a10e-6b01-67617e1026fa
2026-02-21T02:40:00.767Z [svc-db-3] processed batch of 128 items
2026-02-21T02:40:00.768Z [svc-auth-0] health check ok
2026-02-21T02:40:00.771Z [pytest-xdist] gw0 test_webhooks.py::test_create_template PASSED in 207ms trace=d2a9b387-9476-1843-68ea-8d595413241f
2026-02-21T02:40:00.771Z [svc-notify-3] warning: slow query took 516ms
2026-02-21T02:40:00.773Z [svc-auth-2] health check ok
2026-02-21T02:40:00.776Z [svc-sched-4] warning: slow query took 1902ms
2026-02-21T02:40:00.779Z [svc-queue-0] processed batch of 186 items
2026-02-21T02:40:00.782Z [svc-auth-4] warning: slow query took 1726ms
2026-02-21T02:40:00.783Z [svc-search-1] cache hit rate 90%
2026-02-21T02:40:00.783Z [svc-gateway-4] health check ok
2026-02-21T02:40:00.783Z [svc-media-0] warning: slow query took 935ms
2026-02-21T02:40:00.785Z [svc-auth-2] gc pause 98ms, heap 746MB
2026-02-21T02:40:00.786Z [svc-queue-3] connected to upstream in 78ms
2026-02-21T02:40:00.790Z [pytest-xdist] gw2 test_users.py::test_delete_shipment PASSED in 94ms trace=14a3721e-511d-c488-934a-5e1b2986bd26
2026-02-21T02:40:00.791Z [svc-db-1] health check ok
2026-02-21T02:40:00.791Z [svc-gateway-2] closed idle connection after 157s
2026-02-21T02:40:00.793Z [pytest-xdist] gw2 test_billing.py::test_sync_refund PASSED in 81ms trace=d76fbef6-2a17-d4c8-a8c6-d54ed7854fc9
2026-02-21T02:40:00.794Z [svc-cache-3] warning: slow query took 425ms
2026-02-21T02:40:00.797Z [svc-media-1] cache hit rate 95%
2026-02-21T02:40:00.801Z [svc-billing-4] closed idle connection after 49s
2026-02-21T02:40:00.804Z [pytest-xdist] gw4 test_payments.py::test_reconcile_quota PASSED in 165ms trace=47989056-62de-6b21-4e40-f79070a759fb
2026-02-21T02:40:00.804Z [svc-notify-2] processed batch of 282 items
2026-02-21T02:40:00.804Z [svc-gateway-1] warning: slow query took 689ms
2026-02-21T02:40:00.805Z [svc-billing-1] warning: slow query took 1249ms
2026-02-21T02:40:00.805Z [svc-billing-3] processed batch of 348 items
2026-02-21T02:40:00.808Z [svc-queue-2] retrying connection to redis (attempt 2/3)
2026-02-21T02:40:00.808Z [svc-sched-1] warning: slow query took 965ms
2026-02-21T02:40:00.810Z [svc-auth-0] connected to upstream in 48ms
2026-02-21T02:40:00.811Z [svc-cache-3] warning: slow query took 699ms
2026-02-21T02:40:00.814Z [svc-db-0] connected to upstream in 68ms
2026-02-21T02:40:00.820Z [svc-billing-4] gc pause 79ms, heap 901MB
2026-02-21T02:40:00.821Z [svc-auth-1] connected to upstream in 26ms
2026-02-21T02:40:00.822Z [svc-notify-4] connected to upstream in 39ms
2026-02-21T02:40:00.826Z [pytest-xdist] gw0 test_import.py::test_retry_token PASSED in 232ms trace=fcccec4d-7a3f-f0e4-9db3-83270c693f0b
2026-02-21T02:40:00.826Z [svc-db-3] connected to upstream in 70ms
2026-02-21T02:40:00.828Z [svc-media-4] gc pause 56ms, heap 119MB
2026-02-21T02:40:00.828Z [svc-sched-3] processed batch of 376 items
2026-02-21T02:40:00.832Z [svc-auth-4] health check ok
2026-02-21T02:40:00.833Z [svc-queue-2] warning: slow query took 2021ms
2026-02-21T02:40:00.834Z [svc-notify-0] health check ok
2026-02-21T02:40:00.835Z [pytest-xdist] gw4 test_media.py::test_delete_shipment PASSED in 91ms trace=e050f590-0987-c39d-5ffe-74db198b1bdb
2026-02-21T02:40:00.835Z [svc-billing-3] connected to upstream in 74ms
2026-02-21T02:40:00.835Z [svc-gateway-1] closed idle connection after 73s
2026-02-21T02:40:00.836Z [svc-cache-0] connected to upstream in 32ms
2026-02-21T02:40:00.836Z [svc-media-4] retrying connection to s3 (attempt 3/3)
2026-02-21T02:40:00.838Z [svc-cache-2] gc pause 40ms, heap 446MB
2026-02-21T02:40:00.839Z [svc-gateway-3] health check ok
2026-02-21T02:40:00.844Z [svc-cache-3] health check ok
2026-02-21T02:40:00.845Z [svc-notify-0] closed idle connection after 300s
2026-02-21T02:40:00.846Z [svc-sched-3] gc pause 16ms, heap 271MB
2026-02-21T02:40:00.848Z [svc-gateway-0] warning: slow query took 1353ms
2026-02-21T02:40:00.849Z [pytest-xdist] gw1 test_media.py::test_delete_quota PASSED in 33ms trace=96c8e24c-bbad-bc02-85cc-f4b81e4d1e98
2026-02-21T02:40:00.850Z [svc-search-3] warning: slow query took 1649ms
2026-02-21T02:40:00.853Z [svc-cache-2] cache hit rate 85%
2026-02-21T02:40:00.853Z [svc-notify-0] gc pause 50ms, heap 394MB
2026-02-21T02:40:00.854Z [svc-cache-0] health check ok
2026-02-21T02:40:00.855Z [svc-auth-4] gc pause 73ms, heap 832MB
2026-02-21T02:40:00.855Z [svc-notify-4] processed batch of 48 items
2026-02-21T02:40:00.855Z [svc-queue-4] health check ok
2026-02-21T02:40:00.856Z [svc-notify-0] processed batch of 133 items
2026-02-21T02:40:00.857Z [svc-cache-4] cache hit rate 92%
2026-02-21T02:40:00.858Z [svc-db-3] health check ok
2026-02-21T02:40:00.858Z [svc-db-3] gc pause 86ms, heap 906MB
2026-02-21T02:40:00.863Z [svc-auth-3] processed batch of 428 items
2026-02-21T02:40:00.863Z [svc-media-3] gc pause 39ms, heap 728MB
2026-02-21T02:40:00.864Z [svc-search-0] cache hit rate 92%
2026-02-21T02:40:00.864Z [svc-gateway-0] processed batch of 382 items
2026-02-21T02:40:00.864Z [svc-sched-1] health check ok
2026-02-21T02:40:00.866Z [svc-media-1] closed idle connection after 129s
2026-02-21T02:40:00.868Z [svc-billing-2] connected to upstream in 56ms
2026-02-21T02:40:00.868Z [svc-sched-1] connected to upstream in 64ms
2026-02-21T02:40:00.869Z [svc-gateway-1] retrying connection to kafka (attempt 2/3)
2026-02-21T02:40:00.869Z [svc-queue-0] cache hit rate 90%
2026-02-21T02:40:00.871Z [pytest-xdist] gw0 test_media.py::test_notify_user PASSED in 238ms trace=6d46a06d-4bc3-7afd-40c5-c1b040919d7d
2026-02-21T02:40:00.871Z [svc-auth-3] health check ok
2026-02-21T02:40:00.874Z [pytest-xdist] gw1 test_reports.py::test_cache_user PASSED in 180ms trace=653a8a5d-a625-23ec-4ad3-49429ad2e8a4
2026-02-21T02:40:00.874Z [svc-queue-2] health check ok
2026-02-21T02:40:00.875Z [svc-queue-4] cache hit rate 90%
2026-02-21T02:40:00.877Z [pytest-xdist] gw2 test_import.py::test_parse_region PASSED in 7ms trace=32cbe2e0-861e-cf10-19b8-bc91e43d0828
2026-02-21T02:40:00.878Z [svc-auth-4] warning: slow query took 1789ms
2026-02-21T02:40:00.879Z [svc-queue-0] warning: slow query took 945ms
2026-02-21T02:40:00.881Z [svc-cache-4] processed batch of 449 items
2026-02-21T02:40:00.882Z [svc-cache-1] cache hit rate 88%
2026-02-21T02:40:00.882Z [svc-billing-0] health check ok
2026-02-21T02:40:00.885Z [svc-db-4] warning: slow query took 2184ms
2026-02-21T02:40:00.886Z [svc-sched-0] health check ok
2026-02-21T02:40:00.888Z [svc-cache-2] gc pause 51ms, heap 775MB
2026-02-21T02:40:00.889Z [svc-sched-0] processed batch of 473 items
2026-02-21T02:40:00.890Z [svc-media-2] closed idle connection after 94s
2026-02-21T02:40:00.890Z [svc-sched-0] connected to upstream in 84ms
2026-02-21T02:40:00.892Z [svc-billing-1] warning: slow query took 203ms
2026-02-21T02:40:00.893Z [pytest-xdist] gw3 test_reports.py::test_delete_template PASSED in 179ms trace=309fd137-2a07-27eb-863f-7b2a272a05f2
2026-02-21T02:40:00.893Z [svc-gateway-1] warning: slow query took 977ms
2026-02-21T02:40:00.893Z [svc-sched-3] cache hit rate 92%
2026-02-21T02:40:00.896Z [svc-cache-4] cache hit rate 95%
2026-02-21T02:40:00.897Z [svc-queue-3] gc pause 26ms, heap 201MB
2026-02-21T02:40:00.899Z [svc-auth-3] processed batch of 95 items
2026-02-21T02:40:00.900Z [svc-notify-0] gc pause 87ms, heap 525MB
2026-02-21T02:40:00.903Z [svc-notify-1] connected to upstream in 33ms
2026-02-21T02:40:00.903Z [svc-sched-1] cache hit rate 95%
2026-02-21T02:40:00.906Z [pytest-xdist] gw3 test_gateway.py::test_update_index PASSED in 62ms trace=0a088e7d-f4ca-c14a-7fea-a2594b5c5de5
2026-02-21T02:40:00.907Z [svc-media-1] gc pause 89ms, heap 857MB
2026-02-21T02:40:00.908Z [svc-media-0] cache hit rate 95%
2026-02-21T02:40:00.909Z [svc-sched-4] warning: slow query took 1261ms
2026-02-21T02:40:00.911Z [svc-billing-0] connected to upstream in 12ms
2026-02-21T02:40:00.912Z [svc-db-4] health check ok
2026-02-21T02:40:00.912Z [svc-notify-1] warning: slow query took 1508ms
2026-02-21T02:40:00.913Z [svc-queue-2] warning: slow query took 1805ms
2026-02-21T02:40:00.914Z [svc-search-3] warning: slow query took 1647ms
2026-02-21T02:40:00.914Z [svc-gateway-0] cache hit rate 88%
2026-02-21T02:40:00.915Z [svc-auth-3] processed batch of 385 items
2026-02-21T02:40:00.915Z [svc-queue-1] closed idle connection after 212s
2026-02-21T02:40:00.916Z [svc-notify-3] connected to upstream in 56ms
2026-02-21T02:40:00.916Z [svc-media-4] retrying connection to s3 (attempt 3/3)
2026-02-21T02:40:00.917Z [svc-cache-1] health check ok
2026-02-21T02:40:00.917Z [svc-search-4] processed batch of 44 items
2026-02-21T02:40:00.920Z [svc-billing-1] connected to upstream in 72ms
2026-02-21T02:40:00.921Z [svc-cache-2] cache hit rate 85%
2026-02-21T02:40:00.921Z [svc-billing-2] connected to upstream in 64ms
2026-02-21T02:40:00.922Z [svc-search-0] warning: slow query took 894ms
2026-02-21T02:40:00.922Z [svc-queue-1] connected to upstream in 9ms
2026-02-21T02:40:00.923Z [svc-billing-0] connected to upstream in 60ms
2026-02-21T02:40:00.923Z [svc-gateway-0] processed batch of 327 items
2026-02-21T02:40:00.923Z [svc-queue-0] cache hit rate 90%
2026-02-21T02:40:00.924Z [svc-billing-4] health check ok
2026-02-21T02:40:00.924Z [svc-notify-2] warning: slow query took 2133ms
2026-02-21T02:40:00.925Z [svc-gateway-4] cache hit rate 88%
2026-02-21T02:40:00.926Z [pytest-xdist] gw4 test_orders.py::test_delete_region PASSED in 80ms trace=faff004d-df85-3100-88c9-dd85500be592
2026-02-21T02:40:00.930Z [svc-notify-1] closed idle connection after 187s
2026-02-21T02:40:00.931Z [svc-sched-4] cache hit rate 90%
2026-02-21T02:40:00.933Z [svc-media-1] cache hit rate 95%
2026-02-21T02:40:00.933Z [svc-sched-0] closed idle connection after 227s
2026-02-21T02:40:00.933Z [svc-sched-2] warning: slow query took 1529ms
2026-02-21T02:40:00.936Z [svc-gateway-2] closed idle connection after 122s
2026-02-21T02:40:00.939Z [svc-cache-4] closed idle connection after 57s
2026-02-21T02:40:00.939Z [svc-billing-3] gc pause 88ms, heap 541MB
2026-02-21T02:40:00.939Z [svc-search-3] retrying connection to s3 (attempt 3/3)
2026-02-21T02:40:00.942Z [svc-queue-0] gc pause 65ms, heap 320MB
2026-02-21T02:40:00.942Z [svc-sched-1] closed idle connection after 45s
2026-02-21T02:40:00.943Z [pytest-xdist] gw3 test_queue.py::test_cache_invoice PASSED in 74ms trace=f0d1ccb9-cab2-1566-1c0f-431349a7b398
2026-02-21T02:40:00.944Z [svc-queue-3] cache hit rate 95%
2026-02-21T02:40:00.946Z [svc-notify-4] warning: slow query took 1040ms
2026-02-21T02:40:00.948Z [svc-search-3] closed idle connection after 176s
2026-02-21T02:40:00.949Z [svc-billing-1] health check ok
2026-02-21T02:40:00.950Z [svc-auth-1] connected to upstream in 42ms
2026-02-21T02:40:00.950Z [svc-db-1] processed batch of 146 items
2026-02-21T02:40:00.953Z [svc-gateway-3] cache hit rate 90%
2026-02-21T02:40:00.954Z [svc-billing-4] warning: slow query took 1572ms
2026-02-21T02:40:00.954Z [svc-media-0] cache hit rate 90%
2026-02-21T02:40:00.957Z [svc-notify-1] connected to upstream in 9ms
2026-02-21T02:40:00.957Z [svc-gateway-0] closed idle connection after 90s
2026-02-21T02:40:00.959Z [svc-notify-3] processed batch of 454 items
2026-02-21T02:40:00.963Z [pytest-xdist] gw1 test_export.py::test_create_subscription PASSED in 30ms trace=bddafc2f-e5f2-d754-0017-70415f08ee17
2026-02-21T02:40:00.964Z [svc-db-4] connected to upstream in 57ms
2026-02-21T02:40:00.964Z [svc-media-0] processed batch of 147 items
2026-02-21T02:40:00.964Z [svc-queue-4] warning: slow query took 670ms
2026-02-21T02:40:00.965Z [svc-queue-3] processed batch of 165 items
2026-02-21T02:40:00.966Z [svc-queue-3] warning: slow query took 364ms
2026-02-21T02:40:00.969Z [svc-billing-2] warning: slow query took 1132ms
2026-02-21T02:40:00.972Z [svc-search-1] gc pause 83ms, heap 809MB
2026-02-21T02:40:00.973Z [svc-billing-0] gc pause 17ms, heap 960MB
2026-02-21T02:40:00.975Z [svc-sched-4] closed idle connection after 267s
2026-02-21T02:40:00.977Z [svc-search-0] gc pause 85ms, heap 384MB
2026-02-21T02:40:00.980Z [svc-cache-3] health check ok
2026-02-21T02:40:00.980Z [svc-gateway-4] connected to upstream in 76ms
2026-02-21T02:40:00.982Z [svc-search-3] closed idle connection after 192s
2026-02-21T02:40:00.983Z [pytest-xdist] gw2 test_media.py::test_parse_shipment PASSED in 95ms trace=b84be09f-50b2-eeb1-c336-d43d838c556b
2026-02-21T02:40:00.983Z [svc-auth-3] health check ok
2026-02-21T02:40:00.986Z [pytest-xdist] gw3 test_sched.py::test_parse_invoice PASSED in 230ms trace=b164056e-9fbf-f476-c54b-e5691bb12242
2026-02-21T02:40:00.986Z [svc-billing-4] health check ok
2026-02-21T02:40:00.986Z [svc-gateway-4] closed idle connection after 41s
2026-02-21T02:40:00.988Z [svc-queue-4] closed idle connection after 324s
2026-02-21T02:40:00.992Z [svc-queue-3] closed idle connection after 73s
2026-02-21T02:40:00.993Z [svc-media-4] processed batch of 111 items
2026-02-21T02:40:00.996Z [svc-db-4] connected to upstream in 67ms
2026-02-21T02:40:00.998Z [svc-notify-1] health check ok
2026-02-21T02:40:00.998Z [svc-sched-2] connected to upstream in 47ms
2026-02-21T02:40:01.004Z [svc-gateway-2] processed batch of 287 items
2026-02-21T02:40:01.005Z [pytest-xdist] gw5 test_auth.py::test_render_index PASSED in 22ms trace=f01de062-bdf7-c927-fc8e-e1fbfa312be5
2026-02-21T02:40:01.005Z [svc-billing-4] connected to upstream in 20ms
2026-02-21T02:40:01.008Z [pytest-xdist] gw1 test_export.py::test_render_quota PASSED in 239ms trace=5753a255-b4eb-78bd-7c3e-961ddfeb2f24
2026-02-21T02:40:01.011Z [svc-billing-4] warning: slow query took 1222ms
2026-02-21T02:40:01.015Z [svc-media-0] processed batch of 209 items
2026-02-21T02:40:01.017Z [svc-auth-1] gc pause 60ms, heap 471MB
2026-02-21T02:40:01.017Z [svc-billing-3] gc pause 119ms, heap 123MB
2026-02-21T02:40:01.018Z [svc-billing-3] health check ok
2026-02-21T02:40:01.018Z [svc-gateway-1] warning: slow query took 1730ms
2026-02-21T02:40:01.019Z [svc-billing-3] connected to upstream in 50ms
2026-02-21T02:40:01.020Z [svc-db-1] closed idle connection after 112s
2026-02-21T02:40:01.020Z [svc-media-1] health check ok
2026-02-21T02:40:01.023Z [pytest-xdist] gw5 test_notify.py::test_validate_region PASSED in 68ms trace=9a3f8903-88cc-f980-b421-15a1c15c07b5
2026-02-21T02:40:01.024Z [svc-media-2] cache hit rate 95%
2026-02-21T02:40:01.025Z [svc-cache-1] connected to upstream in 44ms
2026-02-21T02:40:01.026Z [svc-search-4] connected to upstream in 46ms
2026-02-21T02:40:01.027Z [svc-media-4] health check ok
2026-02-21T02:40:01.030Z [svc-queue-1] connected to upstream in 55ms
2026-02-21T02:40:01.031Z [svc-cache-3] warning: slow query took 1419ms
2026-02-21T02:40:01.031Z [svc-notify-1] processed batch of 470 items
2026-02-21T02:40:01.032Z [svc-search-1] health check ok
2026-02-21T02:40:01.033Z [svc-search-2] warning: slow query took 338ms
2026-02-21T02:40:01.033Z [svc-notify-4] health check ok
2026-02-21T02:40:01.035Z [svc-sched-1] processed batch of 80 items
2026-02-21T02:40:01.038Z [svc-search-4] health check ok
2026-02-21T02:40:01.039Z [svc-db-3] closed idle connection after 253s
2026-02-21T02:40:01.041Z [pytest-xdist] gw4 test_queue.py::test_reconcile_region PASSED in 245ms trace=489ffde3-45e2-5600-2607-c083579fccfd
2026-02-21T02:40:01.041Z [svc-cache-3] connected to upstream in 70ms
2026-02-21T02:40:01.044Z [svc-queue-0] processed batch of 309 items
2026-02-21T02:40:01.045Z [svc-sched-1] health check ok
2026-02-21T02:40:01.048Z [svc-cache-0] closed idle connection after 304s
2026-02-21T02:40:01.052Z [pytest-xdist] gw4 test_sched.py::test_retry_template PASSED in 187ms trace=cd70d8cd-8376-5b47-a369-7e8785b58339
2026-02-21T02:40:01.052Z [svc-billing-3] cache hit rate 85%
2026-02-21T02:40:01.053Z [svc-auth-2] connected to upstream in 18ms
2026-02-21T02:40:01.054Z [svc-media-0] warning: slow query took 1116ms
2026-02-21T02:40:01.055Z [svc-notify-3] closed idle connection after 235s
2026-02-21T02:40:01.056Z [svc-search-2] health check ok
2026-02-21T02:40:01.057Z [svc-notify-1] warning: slow query took 1115ms
2026-02-21T02:40:01.057Z [svc-media-3] retrying connection to kafka (attempt 2/3)
2026-02-21T02:40:01.058Z [svc-search-4] warning: slow query took 671ms
2026-02-21T02:40:01.059Z [svc-billing-1] warning: slow query took 2159ms
2026-02-21T02:40:01.060Z [svc-media-4] connected to upstream in 36ms
2026-02-21T02:40:01.061Z [svc-cache-2] gc pause 121ms, heap 550MB
2026-02-21T02:40:01.062Z [svc-billing-1] cache hit rate 95%
2026-02-21T02:40:01.062Z [svc-sched-2] cache hit rate 92%
2026-02-21T02:40:01.065Z [pytest-xdist] gw2 test_auth.py::test_list_coupon PASSED in 154ms trace=690dc6a9-8a4f-3bd4-81ae-642d28fc0c2d
2026-02-21T02:40:01.065Z [svc-auth-0] health check ok
2026-02-21T02:40:01.065Z [svc-media-0] connected to upstream in 32ms
2026-02-21T02:40:01.066Z [svc-gateway-4] health check ok
2026-02-21T02:40:01.066Z [svc-media-1] cache hit rate 92%
2026-02-21T02:40:01.068Z [svc-media-4] processed batch of 424 items
2026-02-21T02:40:01.070Z [svc-billing-1] closed idle connection after 270s
2026-02-21T02:40:01.072Z [svc-media-2] processed batch of 301 items
2026-02-21T02:40:01.072Z [svc-sched-1] health check ok
2026-02-21T02:40:01.073Z [svc-search-1] gc pause 47ms, heap 652MB
2026-02-21T02:40:01.073Z [svc-queue-1] processed batch of 147 items
2026-02-21T02:40:01.076Z [svc-billing-3] closed idle connection after 57s
2026-02-21T02:40:01.077Z [pytest-xdist] gw3 test_users.py::test_authorize_user PASSED in 245ms trace=decfb628-f84f-fcb4-b332-193afb64de8c
2026-02-21T02:40:01.079Z [svc-gateway-2] health check ok
2026-02-21T02:40:01.079Z [svc-gateway-3] cache hit rate 85%
2026-02-21T02:40:01.082Z [pytest-xdist] gw3 test_queue.py::test_authorize_query PASSED in 69ms trace=3b22e95a-5117-7946-5424-2e69e6d5f0de
2026-02-21T02:40:01.084Z [svc-billing-0] closed idle connection after 113s
2026-02-21T02:40:01.084Z [svc-gateway-3] cache hit rate 90%
2026-02-21T02:40:01.084Z [svc-sched-0] retrying connection to vault (attempt 1/3)
2026-02-21T02:40:01.085Z [svc-billing-4] gc pause 121ms, heap 396MB
2026-02-21T02:40:01.087Z [svc-billing-4] processed batch of 496 items
2026-02-21T02:40:01.088Z [svc-sched-0] cache hit rate 95%
2026-02-21T02:40:01.089Z [svc-media-4] closed idle connection after 81s
2026-02-21T02:40:01.092Z [pytest-xdist] gw0 test_search.py::test_cache_session PASSED in 68ms trace=23556d36-5cbe-ea41-2fcc-53b86b82c75b
2026-02-21T02:40:01.093Z [svc-sched-1] gc pause 87ms, heap 203MB
2026-02-21T02:40:01.096Z [svc-cache-1] processed batch of 31 items
2026-02-21T02:40:01.098Z [svc-gateway-1] closed idle connection after 215s
2026-02-21T02:40:01.102Z [svc-cache-1] closed idle connection after 106s
2026-02-21T02:40:01.104Z [svc-queue-3] health check ok
2026-02-21T02:40:01.104Z [svc-queue-4] closed idle connection after 239s
2026-02-21T02:40:01.107Z [pytest-xdist] gw5 test_import.py::test_delete_user PASSED in 227ms trace=2ac8f66e-0e9b-e105-89f5-aca05df4d724
2026-02-21T02:40:01.107Z [svc-search-0] warning: slow query took 1297ms
2026-02-21T02:40:01.108Z [svc-search-1] processed batch of 479 items
2026-02-21T02:40:01.110Z [pytest-xdist] gw1 test_orders.py::test_authorize_query PASSED in 12ms trace=0927e0d1-103f-e4c1-14e5-29d43fbeff80
2026-02-21T02:40:01.110Z [svc-billing-1] cache hit rate 85%
2026-02-21T02:40:01.110Z [svc-gateway-3] gc pause 80ms, heap 339MB
2026-02-21T02:40:01.112Z [svc-db-1] closed idle connection after 112s
2026-02-21T02:40:01.112Z [svc-media-0] processed batch of 477 items
2026-02-21T02:40:01.115Z [svc-auth-0] connected to upstream in 84ms
2026-02-21T02:40:01.115Z [svc-notify-3] connected to upstream in 46ms
2026-02-21T02:40:01.115Z [svc-notify-3] closed idle connection after 121s
2026-02-21T02:40:01.115Z [svc-gateway-0] cache hit rate 90%
2026-02-21T02:40:01.116Z [svc-db-2] gc pause 66ms, heap 368MB
2026-02-21T02:40:01.116Z [svc-media-0] health check ok
2026-02-21T02:40:01.118Z [svc-gateway-3] retrying connection to elasticsearch (attempt 3/3)
2026-02-21T02:40:01.119Z [svc-media-0] connected to upstream in 63ms
2026-02-21T02:40:01.119Z [svc-media-2] connected to upstream in 72ms
2026-02-21T02:40:01.120Z [svc-gateway-2] health check ok
2026-02-21T02:40:01.121Z [svc-cache-0] warning: slow query took 1635ms
2026-02-21T02:40:01.121Z [svc-media-4] processed batch of 421 items
2026-02-21T02:40:01.122Z [svc-queue-1] gc pause 8ms, heap 918MB
2026-02-21T02:40:01.123Z [pytest-xdist] gw0 test_export.py::test_validate_invoice PASSED in 4ms trace=accc34d0-8b87-7e48-8bec-75670870a210
2026-02-21T02:40:01.123Z [svc-db-0] cache hit rate 92%
2026-02-21T02:40:01.125Z [svc-media-2] cache hit rate 85%
2026-02-21T02:40:01.126Z [svc-billing-2] warning: slow query took 2077ms
2026-02-21T02:40:01.127Z [svc-notify-0] retrying connection to postgres (attempt 1/3)
2026-02-21T02:40:01.131Z [svc-cache-2] gc pause 24ms, heap 455MB
2026-02-21T02:40:01.132Z [svc-cache-3] health check ok
2026-02-21T02:40:01.132Z [svc-search-1] health check ok
2026-02-21T02:40:01.132Z [svc-sched-2] processed batch of 182 items
2026-02-21T02:40:01.134Z [svc-gateway-2] health check ok
2026-02-21T02:40:01.135Z [svc-db-3] cache hit rate 92%
2026-02-21T02:40:01.135Z [svc-search-4] cache hit rate 90%
2026-02-21T02:40:01.136Z [pytest-xdist] gw3 test_search.py::test_delete_shipment PASSED in 217ms trace=670d3f2a-cbf5-065b-616b-4d3a48703109
2026-02-21T02:40:01.136Z [svc-sched-2] connected to upstream in 69ms
2026-02-21T02:40:01.137Z [svc-gateway-2] closed idle connection after 287s
2026-02-21T02:40:01.137Z [svc-sched-3] warning: slow query took 2082ms
2026-02-21T02:40:01.138Z [svc-notify-3] gc pause 75ms, heap 560MB
2026-02-21T02:40:01.140Z [svc-sched-1] closed idle connection after 96s
2026-02-21T02:40:01.141Z [svc-db-0] health check ok
2026-02-21T02:40:01.141Z [svc-db-2] warning: slow query took 582ms
2026-02-21T02:40:01.141Z [svc-gateway-2] cache hit rate 92%
2026-02-21T02:40:01.142Z [svc-db-2] gc pause 53ms, heap 273MB
2026-02-21T02:40:01.143Z [svc-billing-3] cache hit rate 88%
2026-02-21T02:40:01.145Z [svc-billing-2] health check ok
2026-02-21T02:40:01.149Z [svc-queue-2] cache hit rate 95%
2026-02-21T02:40:01.151Z [svc-queue-3] connected to upstream in 69ms
2026-02-21T02:40:01.153Z [svc-notify-2] connected to upstream in 68ms
2026-02-21T02:40:01.155Z [svc-sched-0] health check ok
2026-02-21T02:40:01.156Z [pytest-xdist] gw2 test_media.py::test_list_index PASSED in 205ms trace=60b55022-d5fe-4be0-8e97-5f6f5ac08597
2026-02-21T02:40:01.156Z [svc-auth-4] health check ok
2026-02-21T02:40:01.156Z [svc-search-4] processed batch of 210 items
2026-02-21T02:40:01.156Z [svc-gateway-1] gc pause 81ms, heap 252MB
2026-02-21T02:40:01.156Z [svc-media-3] closed idle connection after 196s
2026-02-21T02:40:01.157Z [svc-media-1] warning: slow query took 916ms
2026-02-21T02:40:01.159Z [svc-cache-4] health check ok
2026-02-21T02:40:01.160Z [pytest-xdist] gw4 test_billing.py::test_cache_refund PASSED in 67ms trace=233cae7a-ecf9-864a-dacc-5a80509b2000
2026-02-21T02:40:01.160Z [svc-billing-4] closed idle connection after 290s
2026-02-21T02:40:01.164Z [svc-sched-1] cache hit rate 90%
2026-02-21T02:40:01.167Z [svc-cache-1] connected to upstream in 65ms
2026-02-21T02:40:01.168Z [svc-db-1] processed batch of 97 items
2026-02-21T02:40:01.168Z [svc-search-1] health check ok
2026-02-21T02:40:01.170Z [svc-queue-0] processed batch of 324 items
2026-02-21T02:40:01.170Z [svc-sched-1] health check ok
2026-02-21T02:40:01.171Z [pytest-xdist] gw5 test_orders.py::test_sync_attachment PASSED in 246ms trace=8a3c81ad-33ba-9d6d-10c7-44309c7ed02b
2026-02-21T02:40:01.171Z [svc-notify-3] health check ok
2026-02-21T02:40:01.176Z [svc-db-2] connected to upstream in 7ms
2026-02-21T02:40:01.177Z [svc-cache-3] warning: slow query took 1216ms
2026-02-21T02:40:01.177Z [svc-queue-2] processed batch of 486 items
2026-02-21T02:40:01.177Z [svc-sched-4] processed batch of 224 items
2026-02-21T02:40:01.178Z [svc-auth-3] warning: slow query took 1802ms
2026-02-21T02:40:01.178Z [svc-notify-3] cache hit rate 95%
2026-02-21T02:40:01.178Z [svc-notify-4] cache hit rate 88%
2026-02-21T02:40:01.179Z [svc-cache-2] connected to upstream in 79ms
2026-02-21T02:40:01.179Z [svc-notify-3] closed idle connection after 97s
2026-02-21T02:40:01.180Z [svc-sched-4] retrying connection to s3 (attempt 1/3)
2026-02-21T02:40:01.183Z [svc-search-3] closed idle connection after 234s
2026-02-21T02:40:01.184Z [pytest-xdist] gw3 test_gateway.py::test_list_coupon PASSED in 158ms trace=6773cc24-496e-d425-b447-2805210c94eb
2026-02-21T02:40:01.189Z [svc-queue-2] processed batch of 146 items
2026-02-21T02:40:01.190Z [svc-db-0] cache hit rate 92%
2026-02-21T02:40:01.191Z [svc-cache-0] health check ok
2026-02-21T02:40:01.192Z [svc-notify-0] closed idle connection after 229s
2026-02-21T02:40:01.193Z [svc-queue-1] closed idle connection after 172s
2026-02-21T02:40:01.194Z [svc-db-2] closed idle connection after 136s
2026-02-21T02:40:01.194Z [svc-media-0] retrying connection to vault (attempt 3/3)
2026-02-21T02:40:01.196Z [svc-auth-1] processed batch of 211 items
2026-02-21T02:40:01.196Z [svc-gateway-3] cache hit rate 88%
2026-02-21T02:40:01.196Z [svc-media-4] connected to upstream in 17ms
2026-02-21T02:40:01.197Z [svc-notify-1] cache hit rate 85%
2026-02-21T02:40:01.198Z [pytest-xdist] gw1 test_notify.py::test_render_index PASSED in 82ms trace=17d4f252-9a41-53fc-03ac-b6293fc3dea6
2026-02-21T02:40:01.202Z [svc-db-0] connected to upstream in 44ms
2026-02-21T02:40:01.205Z [svc-queue-2] cache hit rate 88%
2026-02-21T02:40:01.207Z [pytest-xdist] gw2 test_webhooks.py::test_reconcile_quota PASSED in 69ms trace=fc67c125-6d0b-d44b-7adf-0cf5c8e72b3a
2026-02-21T02:40:01.207Z [svc-notify-4] connected to upstream in 44ms
2026-02-21T02:40:01.208Z [svc-sched-1] health check ok
2026-02-21T02:40:01.211Z [svc-queue-3] cache hit rate 88%
2026-02-21T02:40:01.214Z [svc-cache-3] closed idle connection after 184s
2026-02-21T02:40:01.214Z [svc-search-0] gc pause 30ms, heap 278MB
2026-02-21T02:40:01.215Z [svc-search-3] connected to upstream in 53ms
2026-02-21T02:40:01.216Z [svc-search-4] connected to upstream in 27ms
2026-02-21T02:40:01.217Z [svc-billing-2] processed batch of 298 items
2026-02-21T02:40:01.217Z [svc-queue-4] closed idle connection after 122s
2026-02-21T02:40:01.219Z [svc-search-0] connected to upstream in 71ms
2026-02-21T02:40:01.221Z [svc-notify-2] processed batch of 47 items
2026-02-21T02:40:01.222Z [svc-sched-1] closed idle connection after 235s
2026-02-21T02:40:01.223Z [pytest-xdist] gw2 test_users.py::test_render_region PASSED in 95ms trace=de57b299-a553-82f4-75cf-71480e4e1118
2026-02-21T02:40:01.224Z [svc-queue-0] closed idle connection after 205s
2026-02-21T02:40:01.224Z [svc-queue-1] connected to upstream in 41ms
2026-02-21T02:40:01.226Z [svc-gateway-2] health check ok
2026-02-21T02:40:01.226Z [svc-queue-0] gc pause 122ms, heap 324MB
2026-02-21T02:40:01.228Z [svc-gateway-3] connected to upstream in 35ms
2026-02-21T02:40:01.231Z [svc-auth-4] health check ok
2026-02-21T02:40:01.231Z [svc-media-1] connected to upstream in 34ms
2026-02-21T02:40:01.234Z [svc-queue-3] cache hit rate 92%
2026-02-21T02:40:01.235Z [svc-gateway-3] health check ok
2026-02-21T02:40:01.237Z [svc-cache-3] gc pause 115ms, heap 330MB
2026-02-21T02:40:01.238Z [svc-media-0] connected to upstream in 76ms
2026-02-21T02:40:01.239Z [pytest-xdist] gw3 test_queue.py::test_delete_subscription PASSED in 231ms trace=205d00d4-4c8b-82fc-c59a-e7777933db92
2026-02-21T02:40:01.239Z [svc-media-1] gc pause 116ms, heap 875MB
2026-02-21T02:40:01.239Z [svc-media-2] health check ok
2026-02-21T02:40:01.239Z [svc-queue-1] warning: slow query took 1870ms
2026-02-21T02:40:01.245Z [svc-gateway-0] connected to upstream in 11ms
2026-02-21T02:40:01.246Z [pytest-xdist] gw5 test_payments.py::test_authorize_subscription PASSED in 191ms trace=5fd3aed8-d7cc-6366-a261-48db23f6e75e
2026-02-21T02:40:01.246Z [svc-sched-1] warning: slow query took 2135ms
2026-02-21T02:40:01.247Z [svc-billing-0] gc pause 82ms, heap 700MB
2026-02-21T02:40:01.247Z [svc-sched-1] processed batch of 328 items
2026-02-21T02:40:01.249Z [svc-auth-0] processed batch of 252 items
2026-02-21T02:40:01.250Z [svc-search-2] retrying connection to kafka (attempt 3/3)
2026-02-21T02:40:01.255Z [svc-auth-2] connected to upstream in 23ms
2026-02-21T02:40:01.255Z [svc-auth-2] closed idle connection after 49s
2026-02-21T02:40:01.255Z [svc-db-2] cache hit rate 88%
2026-02-21T02:40:01.256Z [pytest-xdist] gw5 test_auth.py::test_list_shipment PASSED in 8ms trace=66c45cfb-ddb0-3be3-3a6f-f2cda0720563
2026-02-21T02:40:01.257Z [svc-notify-0] warning: slow query took 2024ms
2026-02-21T02:40:01.260Z [svc-media-1] closed idle connection after 46s
2026-02-21T02:40:01.265Z [pytest-xdist] gw3 test_notify.py::test_sync_shipment PASSED in 84ms trace=237edfc4-506e-44ba-7563-277e516ecd6c
2026-02-21T02:40:01.265Z [svc-gateway-1] processed batch of 127 items
2026-02-21T02:40:01.266Z [svc-search-3] connected to upstream in 33ms
2026-02-21T02:40:01.266Z [svc-gateway-1] connected to upstream in 13ms
2026-02-21T02:40:01.266Z [svc-queue-1] health check ok
2026-02-21T02:40:01.267Z [svc-notify-0] connected to upstream in 30ms
2026-02-21T02:40:01.268Z [svc-media-3] gc pause 13ms, heap 295MB
2026-02-21T02:40:01.268Z [svc-sched-0] health check ok
2026-02-21T02:40:01.269Z [svc-media-1] gc pause 20ms, heap 341MB
2026-02-21T02:40:01.270Z [svc-notify-0] connected to upstream in 64ms
2026-02-21T02:40:01.273Z [svc-queue-0] closed idle connection after 96s
2026-02-21T02:40:01.273Z [svc-queue-1] processed batch of 188 items
2026-02-21T02:40:01.273Z [svc-sched-2] connected to upstream in 42ms
2026-02-21T02:40:01.275Z [svc-media-4] cache hit rate 88%
2026-02-21T02:40:01.276Z [svc-notify-0] connected to upstream in 43ms
2026-02-21T02:40:01.277Z [svc-notify-0] gc pause 22ms, heap 853MB
2026-02-21T02:40:01.278Z [svc-billing-4] processed batch of 408 items
2026-02-21T02:40:01.278Z [svc-notify-0] cache hit rate 95%
2026-02-21T02:40:01.282Z [svc-cache-4] gc pause 36ms, heap 271MB
2026-02-21T02:40:01.286Z [svc-gateway-1] processed batch of 463 items
2026-02-21T02:40:01.287Z [pytest-xdist] gw3 test_webhooks.py::test_delete_shipment PASSED in 128ms trace=92c36167-2384-b319-75f3-84b3d883dcda
2026-02-21T02:40:01.288Z [svc-gateway-4] health check ok
2026-02-21T02:40:01.289Z [svc-notify-0] closed idle connection after 139s
2026-02-21T02:40:01.289Z [svc-sched-4] processed batch of 64 items
2026-02-21T02:40:01.290Z [svc-auth-4] warning: slow query took 1271ms
2026-02-21T02:40:01.291Z [pytest-xdist] gw1 test_gateway.py::test_list_webhook SKIPPED (reason: not-implemented-here)
2026-02-21T02:40:01.292Z [svc-cache-2] processed batch of 210 items
2026-02-21T02:40:01.293Z [svc-billing-0] warning: slow query took 1852ms
2026-02-21T02:40:01.294Z [svc-db-2] processed batch of 125 items
2026-02-21T02:40:01.294Z [svc-media-2] cache hit rate 85%
2026-02-21T02:40:01.294Z [svc-sched-4] health check ok
2026-02-21T02:40:01.295Z [svc-queue-0] gc pause 82ms, heap 501MB
2026-02-21T02:40:01.297Z [svc-media-3] cache hit rate 88%
2026-02-21T02:40:01.299Z [svc-queue-1] gc pause 107ms, heap 695MB
2026-02-21T02:40:01.302Z [svc-db-4] closed idle connection after 203s
2026-02-21T02:40:01.303Z [svc-queue-4] retrying connection to s3 (attempt 2/3)
2026-02-21T02:40:01.309Z [svc-queue-4] cache hit rate 95%
2026-02-21T02:40:01.310Z [svc-search-0] connected to upstream in 78ms
2026-02-21T02:40:01.311Z [pytest-xdist] gw0 test_reports.py::test_validate_coupon PASSED in 143ms trace=f516a1fc-1df1-a221-2845-be4a900e1280
2026-02-21T02:40:01.311Z [svc-billing-0] connected to upstream in 81ms
2026-02-21T02:40:01.312Z [svc-db-0] cache hit rate 88%
2026-02-21T02:40:01.312Z [svc-sched-4] cache hit rate 88%
2026-02-21T02:40:01.318Z [svc-db-1] connected to upstream in 54ms
2026-02-21T02:40:01.319Z [svc-cache-2] gc pause 24ms, heap 297MB
2026-02-21T02:40:01.322Z [svc-cache-1] warning: slow query took 1471ms
2026-02-21T02:40:01.322Z [svc-gateway-3] health check ok
2026-02-21T02:40:01.322Z [svc-queue-1] gc pause 12ms, heap 350MB
2026-02-21T02:40:01.324Z [pytest-xdist] gw5 test_sched.py::test_delete_template PASSED in 132ms trace=3e39cf40-5a33-fadd-a3f1-545e9da7ca0a
2026-02-21T02:40:01.329Z [pytest-xdist] gw2 test_users.py::test_cache_session PASSED in 48ms trace=ee55f7b8-0507-e4df-48d2-57f221c5130b
2026-02-21T02:40:01.329Z [svc-cache-0] closed idle connection after 78s
2026-02-21T02:40:01.329Z [svc-db-2] closed idle connection after 172s
2026-02-21T02:40:01.329Z [svc-gateway-2] warning: slow query took 1344ms
2026-02-21T02:40:01.330Z [svc-cache-4] connected to upstream in 37ms
2026-02-21T02:40:01.330Z [svc-db-0] cache hit rate 90%
2026-02-21T02:40:01.330Z [svc-sched-0] closed idle connection after 59s
2026-02-21T02:40:01.331Z [svc-db-1] processed batch of 395 items
2026-02-21T02:40:01.333Z [pytest-xdist] gw2 test_sched.py::test_sync_webhook PASSED in 244ms trace=4777564c-3d5f-3f80-5810-655a697e1506
2026-02-21T02:40:01.333Z [svc-queue-3] gc pause 75ms, heap 863MB
2026-02-21T02:40:01.335Z [svc-db-1] retrying connection to s3 (attempt 2/3)
2026-02-21T02:40:01.337Z [svc-cache-4] health check ok
2026-02-21T02:40:01.339Z [svc-billing-2] connected to upstream in 27ms
2026-02-21T02:40:01.341Z [svc-media-0] connected to upstream in 64ms
2026-02-21T02:40:01.342Z [svc-search-3] processed batch of 201 items
2026-02-21T02:40:01.344Z [pytest-xdist] gw1 test_queue.py::test_reconcile_query PASSED in 112ms trace=0524926c-91e5-c78d-457d-ba41d539669c
2026-02-21T02:40:01.346Z [svc-notify-4] closed idle connection after 137s
2026-02-21T02:40:01.346Z [svc-sched-2] closed idle connection after 221s
2026-02-21T02:40:01.348Z [svc-db-4] closed idle connection after 321s
2026-02-21T02:40:01.348Z [svc-sched-0] gc pause 123ms, heap 685MB
2026-02-21T02:40:01.352Z [svc-queue-3] processed batch of 94 items
2026-02-21T02:40:01.354Z [svc-db-3] gc pause 88ms, heap 587MB
2026-02-21T02:40:01.355Z [svc-auth-1] gc pause 82ms, heap 583MB
2026-02-21T02:40:01.356Z [svc-cache-2] health check ok
2026-02-21T02:40:01.356Z [svc-sched-0] connected to upstream in 43ms
2026-02-21T02:40:01.358Z [svc-search-3] cache hit rate 85%
2026-02-21T02:40:01.359Z [svc-gateway-3] processed batch of 215 items
2026-02-21T02:40:01.360Z [pytest-xdist] gw5 test_gateway.py::test_create_index PASSED in 51ms trace=18ba6c08-05e4-bee1-a4ec-9c0efe54aa34
2026-02-21T02:40:01.360Z [svc-notify-3] closed idle connection after 242s
2026-02-21T02:40:01.360Z [svc-gateway-4] cache hit rate 85%
2026-02-21T02:40:01.361Z [svc-gateway-4] processed batch of 262 items
2026-02-21T02:40:01.362Z [svc-billing-4] health check ok
2026-02-21T02:40:01.365Z [svc-gateway-0] gc pause 97ms, heap 188MB
2026-02-21T02:40:01.367Z [svc-db-1] cache hit rate 88%
2026-02-21T02:40:01.367Z [svc-sched-3] warning: slow query took 353ms
2026-02-21T02:40:01.368Z [pytest-xdist] gw1 test_sched.py::test_delete_webhook PASSED in 112ms trace=23e634bd-d15b-cfa0-4095-f40798c5ac04
2026-02-21T02:40:01.370Z [svc-media-2] processed batch of 133 items
2026-02-21T02:40:01.371Z [pytest-xdist] gw1 test_queue.py::test_update_refund PASSED in 179ms trace=d6ed1bd6-2bab-25d1-00c6-0b3584dc68b8
2026-02-21T02:40:01.371Z [svc-db-4] connected to upstream in 57ms
2026-02-21T02:40:01.371Z [svc-sched-0] gc pause 83ms, heap 684MB
2026-02-21T02:40:01.373Z [svc-search-4] health check ok
2026-02-21T02:40:01.373Z [svc-gateway-0] cache hit rate 90%
2026-02-21T02:40:01.373Z [svc-queue-4] closed idle connection after 227s
2026-02-21T02:40:01.374Z [svc-auth-0] connected to upstream in 10ms
2026-02-21T02:40:01.375Z [svc-billing-4] closed idle connection after 301s
2026-02-21T02:40:01.376Z [pytest-xdist] gw0 test_import.py::test_create_user PASSED in 53ms trace=9ada30e5-46d3-aedb-c1d7-58b34ba35f1a
2026-02-21T02:40:01.377Z [svc-search-4] processed batch of 337 items
2026-02-21T02:40:01.378Z [svc-gateway-0] health check ok
2026-02-21T02:40:01.379Z [svc-search-3] closed idle connection after 155s
2026-02-21T02:40:01.380Z [svc-media-0] processed batch of 377 items
2026-02-21T02:40:01.380Z [svc-sched-4] warning: slow query took 1267ms
2026-02-21T02:40:01.381Z [svc-gateway-3] warning: slow query took 1993ms
2026-02-21T02:40:01.383Z [svc-billing-0] processed batch of 359 items
2026-02-21T02:40:01.383Z [svc-notify-4] closed idle connection after 281s
2026-02-21T02:40:01.384Z [svc-gateway-0] processed batch of 219 items
2026-02-21T02:40:01.385Z [svc-sched-3] gc pause 46ms, heap 319MB
2026-02-21T02:40:01.387Z [svc-db-3] warning: slow query took 644ms
2026-02-21T02:40:01.387Z [svc-queue-4] warning: slow query took 472ms
2026-02-21T02:40:01.388Z [svc-queue-1] cache hit rate 85%
2026-02-21T02:40:01.390Z [pytest-xdist] gw1 test_queue.py::test_notify_attachment PASSED in 241ms trace=39aac63a-9fb5-cc21-0a44-5fb80d0580c9
2026-02-21T02:40:01.393Z [svc-db-1] cache hit rate 88%
2026-02-21T02:40:01.393Z [svc-billing-4] warning: slow query took 1210ms
2026-02-21T02:40:01.396Z [svc-search-4] health check ok
2026-02-21T02:40:01.397Z [svc-search-0] warning: slow query took 1767ms
2026-02-21T02:40:01.400Z [svc-cache-0] connected to upstream in 37ms
2026-02-21T02:40:01.400Z [svc-billing-4] gc pause 96ms, heap 365MB
2026-02-21T02:40:01.401Z [svc-search-4] cache hit rate 85%
2026-02-21T02:40:01.403Z [svc-billing-1] health check ok
2026-02-21T02:40:01.404Z [svc-cache-3] health check ok
2026-02-21T02:40:01.404Z [svc-media-3] warning: slow query took 708ms
2026-02-21T02:40:01.405Z [svc-sched-0] closed idle connection after 180s
2026-02-21T02:40:01.406Z [pytest-xdist] gw0 test_gateway.py::test_update_token PASSED in 250ms trace=3ccc3193-9a6a-0e24-815f-797f77095a8d
2026-02-21T02:40:01.407Z [svc-auth-2] warning: slow query took 1144ms
2026-02-21T02:40:01.408Z [svc-gateway-4] gc pause 76ms, heap 159MB
2026-02-21T02:40:01.408Z [svc-queue-1] health check ok
2026-02-21T02:40:01.409Z [svc-billing-0] connected to upstream in 17ms
2026-02-21T02:40:01.410Z [svc-notify-0] connected to upstream in 6ms
2026-02-21T02:40:01.410Z [svc-gateway-0] gc pause 105ms, heap 515MB
2026-02-21T02:40:01.411Z [svc-gateway-2] gc pause 85ms, heap 982MB
2026-02-21T02:40:01.412Z [pytest-xdist] gw0 test_import.py::test_cache_token PASSED in 92ms trace=4fa30934-3bae-964a-90f2-047e11bd9404
2026-02-21T02:40:01.415Z [svc-sched-4] connected to upstream in 59ms
2026-02-21T02:40:01.417Z [pytest-xdist] gw3 test_import.py::test_validate_session PASSED in 16ms trace=ddd942ce-1a00-961a-9425-97800c19ecf3
2026-02-21T02:40:01.417Z [svc-queue-3] warning: slow query took 707ms
2026-02-21T02:40:01.420Z [svc-gateway-1] gc pause 10ms, heap 273MB
2026-02-21T02:40:01.421Z [svc-db-3] cache hit rate 90%
2026-02-21T02:40:01.421Z [svc-billing-2] connected to upstream in 34ms
2026-02-21T02:40:01.422Z [svc-gateway-3] warning: slow query took 2016ms
2026-02-21T02:40:01.423Z [svc-queue-1] closed idle connection after 231s
2026-02-21T02:40:01.425Z [pytest-xdist] gw5 test_search.py::test_reconcile_region PASSED in 101ms trace=de5ee733-852b-fa03-9436-fbe100992ba8
2026-02-21T02:40:01.425Z [svc-auth-1] cache hit rate 92%
2026-02-21T02:40:01.425Z [svc-queue-1] gc pause 26ms, heap 775MB
2026-02-21T02:40:01.427Z [svc-cache-3] cache hit rate 88%
2026-02-21T02:40:01.427Z [svc-notify-0] gc pause 103ms, heap 823MB
2026-02-21T02:40:01.428Z [svc-cache-1] cache hit rate 85%
2026-02-21T02:40:01.430Z [svc-db-3] gc pause 73ms, heap 651MB
2026-02-21T02:40:01.430Z [svc-gateway-4] closed idle connection after 212s
2026-02-21T02:40:01.431Z [svc-cache-0] cache hit rate 90%
2026-02-21T02:40:01.432Z [svc-gateway-2] processed batch of 157 items
2026-02-21T02:40:01.433Z [svc-search-2] warning: slow query took 373ms
2026-02-21T02:40:01.434Z [svc-db-1] cache hit rate 85%
2026-02-21T02:40:01.434Z [svc-billing-3] connected to upstream in 37ms
2026-02-21T02:40:01.435Z [svc-auth-2] retrying connection to postgres (attempt 1/3)
2026-02-21T02:40:01.437Z [pytest-xdist] gw1 test_reports.py::test_update_subscription PASSED in 30ms trace=a245d104-9634-858b-3975-b94552a37c00
2026-02-21T02:40:01.438Z [svc-auth-2] gc pause 108ms, heap 502MB
2026-02-21T02:40:01.441Z [svc-notify-0] cache hit rate 88%
2026-02-21T02:40:01.443Z [svc-auth-4] connected to upstream in 71ms
2026-02-21T02:40:01.443Z [svc-cache-2] gc pause 111ms, heap 269MB
2026-02-21T02:40:01.445Z [svc-notify-2] gc pause 26ms, heap 671MB
2026-02-21T02:40:01.446Z [svc-cache-0] connected to upstream in 22ms
2026-02-21T02:40:01.447Z [svc-db-2] health check ok
2026-02-21T02:40:01.447Z [svc-sched-2] health check ok
2026-02-21T02:40:01.453Z [svc-search-4] warning: slow query took 1885ms
2026-02-21T02:40:01.454Z [svc-media-1] cache hit rate 95%
2026-02-21T02:40:01.455Z [svc-db-4] processed batch of 170 items
2026-02-21T02:40:01.456Z [svc-auth-3] health check ok
2026-02-21T02:40:01.457Z [pytest-xdist] gw2 test_reports.py::test_list_session PASSED in 128ms trace=1de9d7af-92c5-a638-843c-511778f28039
2026-02-21T02:40:01.461Z [svc-queue-0] health check ok
2026-02-21T02:40:01.463Z [pytest-xdist] gw5 test_orders.py::test_create_index PASSED in 102ms trace=06245e22-c82d-d24d-ab18-6670e6b7fad6
2026-02-21T02:40:01.463Z [svc-queue-3] closed idle connection after 196s
2026-02-21T02:40:01.465Z [svc-media-3] processed batch of 364 items
2026-02-21T02:40:01.471Z [svc-billing-4] warning: slow query took 1120ms
2026-02-21T02:40:01.472Z [svc-auth-2] warning: slow query took 2083ms
2026-02-21T02:40:01.474Z [pytest-xdist] gw3 test_sched.py::test_validate_refund PASSED in 195ms trace=2b011498-d08a-0e9b-ebda-3e77aaa999eb
2026-02-21T02:40:01.475Z [svc-queue-4] connected to upstream in 11ms
2026-02-21T02:40:01.476Z [svc-db-0] processed batch of 85 items
2026-02-21T02:40:01.476Z [svc-billing-4] connected to upstream in 38ms
2026-02-21T02:40:01.476Z [svc-queue-2] gc pause 40ms, heap 356MB
2026-02-21T02:40:01.477Z [pytest-xdist] gw3 test_search.py::test_expire_index PASSED in 97ms trace=828a4c96-1e90-3efb-b654-8b5c2b26b475
2026-02-21T02:40:01.477Z [svc-billing-3] health check ok
2026-02-21T02:40:01.477Z [svc-gateway-4] warning: slow query took 903ms
2026-02-21T02:40:01.478Z [svc-queue-2] closed idle connection after 63s
2026-02-21T02:40:01.480Z [svc-cache-2] gc pause 62ms, heap 918MB
2026-02-21T02:40:01.480Z [svc-billing-3] closed idle connection after 276s
2026-02-21T02:40:01.482Z [svc-queue-1] health check ok
2026-02-21T02:40:01.483Z [svc-sched-4] health check ok
2026-02-21T02:40:01.484Z [svc-auth-0] warning: slow query took 1560ms
2026-02-21T02:40:01.485Z [svc-gateway-1] health check ok
2026-02-21T02:40:01.487Z [svc-gateway-2] processed batch of 284 items
2026-02-21T02:40:01.488Z [svc-billing-3] connected to upstream in 83ms
2026-02-21T02:40:01.491Z [svc-search-2] gc pause 56ms, heap 666MB
2026-02-21T02:40:01.492Z [svc-gateway-1] processed batch of 43 items
2026-02-21T02:40:01.493Z [pytest-xdist] gw0 test_queue.py::test_validate_region PASSED in 186ms trace=f45ce837-094d-1d3f-b52a-27c760d4f267
2026-02-21T02:40:01.493Z [svc-billing-0] closed idle connection after 115s
2026-02-21T02:40:01.495Z [svc-search-0] closed idle connection after 109s
2026-02-21T02:40:01.497Z [pytest-xdist] gw3 test_billing.py::test_paginate_refund PASSED in 12ms trace=aff773ee-2d4a-1113-150a-075fc5c1efd2
2026-02-21T02:40:01.497Z [svc-search-3] processed batch of 254 items
2026-02-21T02:40:01.498Z [svc-billing-4] processed batch of 38 items
2026-02-21T02:40:01.501Z [svc-sched-0] health check ok
2026-02-21T02:40:01.502Z [svc-cache-4] gc pause 38ms, heap 261MB
2026-02-21T02:40:01.502Z [svc-notify-2] gc pause 111ms, heap 358MB
2026-02-21T02:40:01.503Z [pytest-xdist] gw3 test_orders.py::test_authorize_index PASSED in 98ms trace=60dd0df3-9260-d7d7-0e74-3a826fc1fff9
2026-02-21T02:40:01.504Z [svc-search-1] connected to upstream in 64ms
2026-02-21T02:40:01.507Z [svc-db-4] warning: slow query took 1610ms
2026-02-21T02:40:01.508Z [svc-db-2] warning: slow query took 2038ms
2026-02-21T02:40:01.510Z [svc-notify-2] gc pause 43ms, heap 275MB
2026-02-21T02:40:01.511Z [svc-db-1] health check ok
2026-02-21T02:40:01.511Z [svc-db-1] closed idle connection after 141s
2026-02-21T02:40:01.511Z [svc-gateway-4] closed idle connection after 245s
2026-02-21T02:40:01.512Z [svc-db-4] gc pause 39ms, heap 848MB
2026-02-21T02:40:01.515Z [pytest-xdist] gw2 test_orders.py::test_expire_index PASSED in 149ms trace=73634221-32e2-ab92-29d9-13e10fc3a59e
2026-02-21T02:40:01.517Z [svc-queue-3] cache hit rate 92%
2026-02-21T02:40:01.518Z [svc-media-4] processed batch of 345 items
2026-02-21T02:40:01.521Z [svc-media-1] closed idle connection after 164s
2026-02-21T02:40:01.522Z [svc-queue-1] cache hit rate 90%
2026-02-21T02:40:01.524Z [pytest-xdist] gw1 test_gateway.py::test_delete_shipment PASSED in 238ms trace=fb234cb3-1bf5-377b-a392-22140a3a8627
2026-02-21T02:40:01.525Z [svc-notify-1] closed idle connection after 260s
2026-02-21T02:40:01.527Z [svc-cache-0] cache hit rate 92%
2026-02-21T02:40:01.528Z [svc-search-1] gc pause 39ms, heap 673MB
2026-02-21T02:40:01.529Z [svc-gateway-4] connected to upstream in 25ms
2026-02-21T02:40:01.533Z [svc-cache-3] processed batch of 165 items
2026-02-21T02:40:01.534Z [svc-billing-2] closed idle connection after 163s
2026-02-21T02:40:01.537Z [svc-search-1] processed batch of 356 items
2026-02-21T02:40:01.541Z [pytest-xdist] gw5 test_search.py::test_render_region PASSED in 187ms trace=132d51cf-7f92-937b-3eb2-6577cba204de
2026-02-21T02:40:01.541Z [svc-db-1] health check ok
2026-02-21T02:40:01.543Z [svc-notify-2] warning: slow query took 844ms
2026-02-21T02:40:01.544Z [svc-db-4] warning: slow query took 246ms
2026-02-21T02:40:01.544Z [svc-queue-0] closed idle connection after 312s
2026-02-21T02:40:01.545Z [svc-cache-0] connected to upstream in 44ms
2026-02-21T02:40:01.545Z [svc-search-3] gc pause 10ms, heap 759MB
2026-02-21T02:40:01.547Z [svc-db-3] processed batch of 21 items
2026-02-21T02:40:01.547Z [svc-media-4] processed batch of 445 items
2026-02-21T02:40:01.547Z [svc-sched-0] connected to upstream in 46ms
2026-02-21T02:40:01.549Z [svc-gateway-3] gc pause 123ms, heap 115MB
2026-02-21T02:40:01.551Z [svc-sched-4] gc pause 111ms, heap 747MB
2026-02-21T02:40:01.553Z [svc-sched-2] warning: slow query took 1361ms
2026-02-21T02:40:01.554Z [svc-auth-4] gc pause 42ms, heap 416MB
2026-02-21T02:40:01.554Z [svc-gateway-0] processed batch of 60 items
2026-02-21T02:40:01.555Z [svc-auth-4] cache hit rate 90%
2026-02-21T02:40:01.555Z [svc-search-1] warning: slow query took 2072ms
2026-02-21T02:40:01.560Z [svc-db-4] gc pause 63ms, heap 681MB
2026-02-21T02:40:01.560Z [svc-sched-4] cache hit rate 90%
2026-02-21T02:40:01.561Z [pytest-xdist] gw0 test_media.py::test_authorize_query PASSED in 36ms trace=0532fb9f-0095-dd73-670c-ee32d0cc3d13
2026-02-21T02:40:01.561Z [svc-db-1] gc pause 44ms, heap 377MB
2026-02-21T02:40:01.561Z [svc-gateway-4] warning: slow query took 1852ms
2026-02-21T02:40:01.562Z [svc-auth-3] warning: slow query took 1418ms
2026-02-21T02:40:01.562Z [svc-billing-4] processed batch of 395 items
2026-02-21T02:40:01.562Z [svc-search-3] cache hit rate 88%
2026-02-21T02:40:01.562Z [svc-sched-1] gc pause 71ms, heap 520MB
2026-02-21T02:40:01.564Z [svc-notify-2] warning: slow query took 1133ms
2026-02-21T02:40:01.570Z [svc-db-0] warning: slow query took 463ms
2026-02-21T02:40:01.570Z [svc-search-1] health check ok
2026-02-21T02:40:01.570Z [svc-sched-3] warning: slow query took 2076ms
2026-02-21T02:40:01.572Z [svc-db-3] closed idle connection after 30s
2026-02-21T02:40:01.574Z [svc-auth-1] health check ok
2026-02-21T02:40:01.575Z [svc-db-2] processed batch of 111 items
2026-02-21T02:40:01.577Z [svc-db-4] closed idle connection after 275s
2026-02-21T02:40:01.577Z [svc-gateway-0] gc pause 12ms, heap 331MB
2026-02-21T02:40:01.578Z [pytest-xdist] gw5 test_media.py::test_create_index PASSED in 77ms trace=8c8e5731-be04-4be5-00a4-72d8d89f70d9
2026-02-21T02:40:01.578Z [svc-search-2] gc pause 13ms, heap 481MB
2026-02-21T02:40:01.582Z [svc-billing-0] health check ok
2026-02-21T02:40:01.583Z [svc-auth-0] warning: slow query took 1388ms
2026-02-21T02:40:01.583Z [svc-media-4] cache hit rate 95%
2026-02-21T02:40:01.584Z [svc-cache-2] cache hit rate 95%
2026-02-21T02:40:01.584Z [svc-db-0] closed idle connection after 43s
2026-02-21T02:40:01.585Z [svc-search-0] health check ok
2026-02-21T02:40:01.587Z [svc-notify-4] health check ok
2026-02-21T02:40:01.588Z [svc-auth-0] processed batch of 84 items
2026-02-21T02:40:01.588Z [svc-search-1] health check ok
2026-02-21T02:40:01.588Z [svc-queue-1] cache hit rate 90%
2026-02-21T02:40:01.589Z [svc-queue-1] closed idle connection after 198s
2026-02-21T02:40:01.591Z [pytest-xdist] gw1 test_export.py::test_validate_index PASSED in 105ms trace=37047971-daac-745e-3dcb-536310e5d8c2
2026-02-21T02:40:01.593Z [svc-gateway-4] cache hit rate 92%
2026-02-21T02:40:01.594Z [pytest-xdist] gw0 test_webhooks.py::test_notify_session PASSED in 89ms trace=4fbb1443-a649-6fe3-6929-dd616881c70a
2026-02-21T02:40:01.594Z [svc-search-2] gc pause 63ms, heap 982MB
2026-02-21T02:40:01.595Z [svc-billing-3] health check ok
2026-02-21T02:40:01.595Z [svc-search-4] gc pause 59ms, heap 659MB
2026-02-21T02:40:01.596Z [svc-notify-0] gc pause 42ms, heap 401MB
2026-02-21T02:40:01.602Z [svc-notify-2] gc pause 44ms, heap 191MB
2026-02-21T02:40:01.603Z [pytest-xdist] gw2 test_gateway.py::test_render_attachment PASSED in 99ms trace=271f59cb-56e1-02bf-fc40-9e6b181aa13f
2026-02-21T02:40:01.603Z [svc-sched-3] connected to upstream in 78ms
2026-02-21T02:40:01.604Z [svc-db-0] cache hit rate 95%
2026-02-21T02:40:01.604Z [svc-media-2] gc pause 102ms, heap 108MB
2026-02-21T02:40:01.606Z [svc-gateway-1] processed batch of 117 items
2026-02-21T02:40:01.609Z [svc-sched-1] gc pause 5ms, heap 882MB
2026-02-21T02:40:01.610Z [svc-cache-4] cache hit rate 85%
2026-02-21T02:40:01.612Z [svc-queue-2] closed idle connection after 46s
2026-02-21T02:40:01.613Z [svc-billing-1] connected to upstream in 54ms
2026-02-21T02:40:01.614Z [svc-gateway-2] warning: slow query took 1853ms
2026-02-21T02:40:01.615Z [svc-gateway-3] health check ok
2026-02-21T02:40:01.616Z [pytest-xdist] gw4 test_webhooks.py::test_create_refund PASSED in 61ms trace=ff34efc2-5e7d-535e-a386-ce8446871fed
2026-02-21T02:40:01.620Z [svc-media-4] gc pause 18ms, heap 484MB
2026-02-21T02:40:01.621Z [svc-cache-4] processed batch of 90 items
2026-02-21T02:40:01.621Z [svc-cache-4] gc pause 100ms, heap 159MB
2026-02-21T02:40:01.621Z [svc-notify-0] processed batch of 497 items
2026-02-21T02:40:01.621Z [svc-media-2] connected to upstream in 75ms
2026-02-21T02:40:01.621Z [svc-queue-1] warning: slow query took 613ms
2026-02-21T02:40:01.622Z [svc-notify-3] closed idle connection after 109s
2026-02-21T02:40:01.623Z [svc-notify-0] closed idle connection after 327s
2026-02-21T02:40:01.624Z [svc-queue-1] warning: slow query took 217ms
2026-02-21T02:40:01.625Z [svc-db-3] cache hit rate 92%
2026-02-21T02:40:01.627Z [svc-cache-4] warning: slow query took 1264ms
2026-02-21T02:40:01.628Z [svc-media-3] health check ok
2026-02-21T02:40:01.629Z [pytest-xdist] gw3 test_billing.py::test_render_index PASSED in 144ms trace=392c8619-59ca-b416-acc0-5d7e54e3bc57
2026-02-21T02:40:01.629Z [svc-auth-3] processed batch of 397 items
2026-02-21T02:40:01.630Z [svc-gateway-0] processed batch of 188 items
2026-02-21T02:40:01.632Z [svc-queue-4] health check ok
2026-02-21T02:40:01.634Z [svc-auth-0] connected to upstream in 84ms
2026-02-21T02:40:01.634Z [svc-media-1] connected to upstream in 47ms
2026-02-21T02:40:01.635Z [pytest-xdist] gw2 test_reports.py::test_retry_template PASSED in 143ms trace=815de41c-ea7f-fac3-6de8-35f235c70e18
2026-02-21T02:40:01.636Z [svc-media-1] warning: slow query took 2048ms
2026-02-21T02:40:01.637Z [svc-auth-2] gc pause 72ms, heap 423MB
2026-02-21T02:40:01.637Z [svc-notify-0] health check ok
2026-02-21T02:40:01.638Z [svc-cache-4] warning: slow query took 1564ms
2026-02-21T02:40:01.639Z [svc-gateway-2] cache hit rate 95%
2026-02-21T02:40:01.641Z [svc-billing-1] cache hit rate 85%
2026-02-21T02:40:01.641Z [svc-gateway-4] warning: slow query took 2058ms
2026-02-21T02:40:01.642Z [svc-media-2] processed batch of 297 items
2026-02-21T02:40:01.644Z [svc-billing-1] health check ok
2026-02-21T02:40:01.646Z [pytest-xdist] gw3 test_gateway.py::test_retry_refund PASSED in 231ms trace=538ff339-e167-27da-ca39-0007ac15ac8c
2026-02-21T02:40:01.646Z [svc-search-2] warning: slow query took 754ms
2026-02-21T02:40:01.646Z [svc-notify-3] health check ok
2026-02-21T02:40:01.648Z [svc-notify-4] health check ok
2026-02-21T02:40:01.648Z [svc-media-2] health check ok
2026-02-21T02:40:01.648Z [svc-sched-0] warning: slow query took 442ms
2026-02-21T02:40:01.650Z [svc-cache-0] gc pause 117ms, heap 477MB
2026-02-21T02:40:01.652Z [svc-billing-2] cache hit rate 88%
2026-02-21T02:40:01.652Z [svc-search-0] connected to upstream in 6ms
2026-02-21T02:40:01.654Z [svc-queue-4] processed batch of 404 items
2026-02-21T02:40:01.655Z [svc-gateway-1] health check ok
2026-02-21T02:40:01.656Z [svc-queue-3] cache hit rate 90%
2026-02-21T02:40:01.657Z [svc-billing-2] warning: slow query took 1164ms
2026-02-21T02:40:01.658Z [pytest-xdist] gw3 test_auth.py::test_sync_shipment PASSED in 245ms trace=04a50f19-86c6-b58c-4bff-707103617cb7
2026-02-21T02:40:01.658Z [svc-queue-0] gc pause 15ms, heap 993MB
2026-02-21T02:40:01.658Z [svc-sched-3] health check ok
2026-02-21T02:40:01.659Z [svc-auth-3] warning: slow query took 830ms
2026-02-21T02:40:01.660Z [svc-billing-0] cache hit rate 95%
2026-02-21T02:40:01.661Z [svc-db-1] closed idle connection after 84s
2026-02-21T02:40:01.661Z [svc-sched-1] closed idle connection after 203s
2026-02-21T02:40:01.662Z [svc-billing-0] cache hit rate 88%
2026-02-21T02:40:01.668Z [pytest-xdist] gw2 test_webhooks.py::test_create_subscription PASSED in 209ms trace=c26b2b24-7699-557d-8ead-2d9a51715cd3
2026-02-21T02:40:01.668Z [svc-sched-3] processed batch of 196 items
2026-02-21T02:40:01.670Z [svc-queue-0] warning: slow query took 1174ms
2026-02-21T02:40:01.674Z [svc-auth-1] processed batch of 14 items
2026-02-21T02:40:01.674Z [svc-queue-0] health check ok
2026-02-21T02:40:01.675Z [svc-notify-4] closed idle connection after 309s
2026-02-21T02:40:01.675Z [svc-sched-2] gc pause 69ms, heap 176MB
2026-02-21T02:40:01.676Z [svc-notify-3] health check ok
2026-02-21T02:40:01.679Z [svc-gateway-3] closed idle connection after 276s
2026-02-21T02:40:01.680Z [pytest-xdist] gw2 test_gateway.py::test_authorize_user PASSED in 241ms trace=38b67f52-c75a-a6a7-bf1e-8cad9a5da761
2026-02-21T02:40:01.680Z [svc-sched-3] processed batch of 397 items
2026-02-21T02:40:01.681Z [svc-sched-2] gc pause 78ms, heap 557MB
2026-02-21T02:40:01.683Z [svc-db-3] retrying connection to vault (attempt 2/3)
2026-02-21T02:40:01.686Z [svc-auth-4] closed idle connection after 191s
2026-02-21T02:40:01.687Z [svc-queue-3] connected to upstream in 16ms
2026-02-21T02:40:01.688Z [svc-auth-1] gc pause 13ms, heap 385MB
2026-02-21T02:40:01.689Z [svc-cache-4] closed idle connection after 234s
2026-02-21T02:40:01.691Z [pytest-xdist] gw5 test_media.py::test_list_session PASSED in 120ms trace=673be7cd-aac4-3671-81c1-615390b933d9
2026-02-21T02:40:01.691Z [svc-gateway-2] connected to upstream in 64ms
2026-02-21T02:40:01.692Z [svc-auth-1] warning: slow query took 1027ms
2026-02-21T02:40:01.694Z [svc-cache-3] cache hit rate 88%
2026-02-21T02:40:01.694Z [svc-search-0] closed idle connection after 135s
2026-02-21T02:40:01.695Z [svc-gateway-0] gc pause 67ms, heap 421MB
2026-02-21T02:40:01.695Z [svc-media-2] warning: slow query took 912ms
2026-02-21T02:40:01.697Z [svc-search-0] connected to upstream in 27ms
2026-02-21T02:40:01.697Z [svc-gateway-0] closed idle connection after 90s
2026-02-21T02:40:01.699Z [pytest-xdist] gw4 test_orders.py::test_retry_attachment PASSED in 198ms trace=45557c4f-d895-ce06-1d2b-565e1e9a1289
2026-02-21T02:40:01.700Z [svc-auth-2] connected to upstream in 15ms
2026-02-21T02:40:01.706Z [svc-gateway-4] processed batch of 459 items
2026-02-21T02:40:01.707Z [svc-search-4] processed batch of 56 items
2026-02-21T02:40:01.710Z [svc-notify-1] gc pause 31ms, heap 880MB
2026-02-21T02:40:01.711Z [svc-sched-2] cache hit rate 90%
2026-02-21T02:40:01.712Z [svc-queue-2] gc pause 63ms, heap 579MB
2026-02-21T02:40:01.713Z [svc-gateway-3] health check ok
2026-02-21T02:40:01.713Z [svc-queue-4] cache hit rate 95%
2026-02-21T02:40:01.716Z [pytest-xdist] gw0 test_users.py::test_validate_index PASSED in 225ms trace=8ac3e97b-b968-4e6e-14f7-f6a7ad91ed77
2026-02-21T02:40:01.716Z [svc-billing-4] processed batch of 150 items
2026-02-21T02:40:01.718Z [svc-search-1] warning: slow query took 1322ms
2026-02-21T02:40:01.719Z [svc-gateway-2] gc pause 65ms, heap 639MB
2026-02-21T02:40:01.720Z [svc-billing-0] gc pause 15ms, heap 799MB
2026-02-21T02:40:01.721Z [svc-queue-2] health check ok
2026-02-21T02:40:01.722Z [svc-queue-1] connected to upstream in 37ms
2026-02-21T02:40:01.723Z [svc-gateway-3] retrying connection to elasticsearch (attempt 2/3)
2026-02-21T02:40:01.725Z [svc-billing-2] processed batch of 313 items
2026-02-21T02:40:01.728Z [svc-db-3] cache hit rate 90%
2026-02-21T02:40:01.730Z [svc-auth-3] closed idle connection after 47s
2026-02-21T02:40:01.730Z [svc-db-4] connected to upstream in 17ms
2026-02-21T02:40:01.733Z [svc-media-3] health check ok
2026-02-21T02:40:01.734Z [svc-queue-4] processed batch of 36 items
2026-02-21T02:40:01.736Z [svc-auth-3] connected to upstream in 40ms
2026-02-21T02:40:01.737Z [svc-gateway-2] connected to upstream in 9ms
2026-02-21T02:40:01.738Z [pytest-xdist] gw5 test_export.py::test_expire_invoice PASSED in 87ms trace=ad16efb2-2a9f-2468-93d9-1ddeafd9410b
2026-02-21T02:40:01.738Z [svc-gateway-1] retrying connection to kafka (attempt 2/3)
2026-02-21T02:40:01.740Z [svc-notify-2] gc pause 63ms, heap 210MB
2026-02-21T02:40:01.741Z [svc-cache-1] gc pause 94ms, heap 414MB
2026-02-21T02:40:01.742Z [svc-cache-3] connected to upstream in 10ms
2026-02-21T02:40:01.743Z [svc-auth-0] health check ok
2026-02-21T02:40:01.743Z [svc-sched-0] warning: slow query took 2188ms
2026-02-21T02:40:01.744Z [pytest-xdist] gw4 test_payments.py::test_create_token PASSED in 168ms trace=f4a40c98-fc6b-7a08-f5f7-f35a522b7339
2026-02-21T02:40:01.744Z [svc-sched-3] gc pause 20ms, heap 469MB
2026-02-21T02:40:01.746Z [svc-media-1] processed batch of 74 items
2026-02-21T02:40:01.746Z [svc-sched-1] gc pause 85ms, heap 678MB
2026-02-21T02:40:01.748Z [svc-media-4] connected to upstream in 14ms
2026-02-21T02:40:01.749Z [svc-auth-4] processed batch of 317 items
2026-02-21T02:40:01.750Z [svc-media-3] warning: slow query took 891ms
2026-02-21T02:40:01.751Z [svc-queue-0] warning: slow query took 1536ms
2026-02-21T02:40:01.753Z [svc-db-2] cache hit rate 85%
2026-02-21T02:40:01.753Z [svc-gateway-2] connected to upstream in 34ms
2026-02-21T02:40:01.754Z [svc-media-4] gc pause 53ms, heap 263MB
2026-02-21T02:40:01.757Z [pytest-xdist] gw1 test_reports.py::test_paginate_query PASSED in 61ms trace=4cde3704-f2e3-87c3-4b3b-a0fe015dd3a3
2026-02-21T02:40:01.757Z [svc-billing-3] processed batch of 133 items
2026-02-21T02:40:01.757Z [svc-queue-2] warning: slow query took 857ms
2026-02-21T02:40:01.759Z [svc-cache-0] cache hit rate 88%
2026-02-21T02:40:01.763Z [svc-auth-2] closed idle connection after 165s
2026-02-21T02:40:01.766Z [svc-media-2] connected to upstream in 49ms
2026-02-21T02:40:01.768Z [svc-cache-3] warning: slow query took 809ms
2026-02-21T02:40:01.768Z [svc-gateway-0] warning: slow query took 897ms
2026-02-21T02:40:01.769Z [svc-gateway-3] processed batch of 51 items
2026-02-21T02:40:01.771Z [svc-media-0] processed batch of 380 items
2026-02-21T02:40:01.772Z [svc-db-3] warning: slow query took 1521ms
2026-02-21T02:40:01.775Z [pytest-xdist] gw5 test_webhooks.py::test_notify_template PASSED in 186ms trace=1160bfb4-8524-1f6c-f272-b481319ea880
2026-02-21T02:40:01.776Z [svc-gateway-2] health check ok
2026-02-21T02:40:01.776Z [svc-queue-1] closed idle connection after 278s
2026-02-21T02:40:01.781Z [svc-auth-0] processed batch of 374 items
2026-02-21T02:40:01.782Z [svc-billing-1] warning: slow query took 281ms
2026-02-21T02:40:01.782Z [svc-queue-3] health check ok
2026-02-21T02:40:01.783Z [svc-gateway-1] retrying connection to kafka (attempt 2/3)
2026-02-21T02:40:01.791Z [svc-auth-4] processed batch of 477 items
2026-02-21T02:40:01.792Z [svc-billing-0] cache hit rate 92%
2026-02-21T02:40:01.792Z [svc-queue-1] connected to upstream in 61ms
2026-02-21T02:40:01.794Z [svc-billing-0] closed idle connection after 118s
2026-02-21T02:40:01.795Z [pytest-xdist] gw5 test_sched.py::test_parse_token PASSED in 6ms trace=7e038be8-98ef-5813-efb1-155eb2756ab1
2026-02-21T02:40:01.795Z [svc-gateway-3] cache hit rate 85%
2026-02-21T02:40:01.796Z [svc-gateway-2] cache hit rate 95%
2026-02-21T02:40:01.798Z [pytest-xdist] gw4 test_search.py::test_notify_index PASSED in 16ms trace=162251a9-cdb5-5df9-a401-c0665e03d254
2026-02-21T02:40:01.801Z [pytest-xdist] gw0 test_auth.py::test_paginate_index PASSED in 26ms trace=950db267-b537-cc20-62e3-aa3cbd0ad6fe
2026-02-21T02:40:01.806Z [pytest-xdist] gw5 test_export.py::test_expire_subscription PASSED in 6ms trace=e01c4921-6958-f5ac-d1ef-367bae660a4f
2026-02-21T02:40:01.806Z [svc-cache-2] processed batch of 130 items
2026-02-21T02:40:01.806Z [svc-db-4] cache hit rate 92%
2026-02-21T02:40:01.809Z [svc-search-0] closed idle connection after 170s
2026-02-21T02:40:01.816Z [svc-search-2] cache hit rate 90%
2026-02-21T02:40:01.817Z [svc-search-1] warning: slow query took 1712ms
2026-02-21T02:40:01.819Z [svc-sched-4] processed batch of 54 items
2026-02-21T02:40:01.821Z [svc-media-2] closed idle connection after 78s
2026-02-21T02:40:01.822Z [svc-auth-0] cache hit rate 92%
2026-02-21T02:40:01.822Z [svc-cache-0] gc pause 89ms, heap 530MB
2026-02-21T02:40:01.822Z [svc-search-1] gc pause 97ms, heap 768MB
2026-02-21T02:40:01.822Z [svc-gateway-3] connected to upstream in 29ms
2026-02-21T02:40:01.824Z [svc-billing-3] retrying connection to elasticsearch (attempt 1/3)
2026-02-21T02:40:01.825Z [pytest-xdist] gw4 test_notify.py::test_paginate_refund PASSED in 56ms trace=b61b6c87-5a51-1ae6-c61b-7bbc6f145a24
2026-02-21T02:40:01.825Z [svc-db-1] cache hit rate 85%
2026-02-21T02:40:01.826Z [svc-search-2] processed batch of 83 items
2026-02-21T02:40:01.827Z [svc-gateway-4] gc pause 82ms, heap 761MB
2026-02-21T02:40:01.829Z [svc-sched-2] health check ok
2026-02-21T02:40:01.833Z [svc-cache-0] health check ok
2026-02-21T02:40:01.833Z [svc-media-1] closed idle connection after 77s
2026-02-21T02:40:01.835Z [svc-auth-4] warning: slow query took 1780ms
2026-02-21T02:40:01.835Z [svc-notify-2] processed batch of 114 items
2026-02-21T02:40:01.837Z [svc-queue-3] connected to upstream in 14ms
2026-02-21T02:40:01.838Z [svc-media-0] processed batch of 351 items
2026-02-21T02:40:01.839Z [svc-billing-0] cache hit rate 95%
2026-02-21T02:40:01.839Z [svc-notify-3] gc pause 83ms, heap 708MB
2026-02-21T02:40:01.840Z [svc-search-2] connected to upstream in 14ms
2026-02-21T02:40:01.840Z [svc-gateway-4] closed idle connection after 257s
2026-02-21T02:40:01.840Z [svc-media-3] connected to upstream in 64ms
2026-02-21T02:40:01.843Z [pytest-xdist] gw4 test_notify.py::test_render_token PASSED in 60ms trace=60d0ac41-56d2-cde2-5815-7e35c835773f
2026-02-21T02:40:01.843Z [svc-notify-1] closed idle connection after 202s
2026-02-21T02:40:01.844Z [svc-cache-1] warning: slow query took 833ms
2026-02-21T02:40:01.844Z [svc-cache-4] warning: slow query took 1265ms
2026-02-21T02:40:01.846Z [svc-notify-0] cache hit rate 85%
2026-02-21T02:40:01.846Z [svc-media-1] connected to upstream in 59ms
2026-02-21T02:40:01.846Z [svc-queue-0] processed batch of 478 items
2026-02-21T02:40:01.849Z [svc-search-1] warning: slow query took 416ms
2026-02-21T02:40:01.849Z [svc-gateway-4] warning: slow query took 1086ms
2026-02-21T02:40:01.850Z [pytest-xdist] gw2 test_billing.py::test_retry_token PASSED in 129ms trace=c7d0fbad-746a-8621-7d48-cdf200687e74
2026-02-21T02:40:01.851Z [svc-sched-1] processed batch of 226 items
2026-02-21T02:40:01.852Z [svc-sched-1] cache hit rate 92%
2026-02-21T02:40:01.853Z [svc-notify-0] warning: slow query took 1061ms
2026-02-21T02:40:01.854Z [svc-queue-3] closed idle connection after 200s
2026-02-21T02:40:01.856Z [svc-gateway-1] connected to upstream in 12ms
2026-02-21T02:40:01.859Z [svc-billing-4] gc pause 72ms, heap 270MB
2026-02-21T02:40:01.860Z [svc-auth-1] health check ok
2026-02-21T02:40:01.860Z [svc-notify-3] closed idle connection after 172s
2026-02-21T02:40:01.860Z [svc-media-2] processed batch of 260 items
2026-02-21T02:40:01.861Z [svc-queue-4] retrying connection to s3 (attempt 3/3)
2026-02-21T02:40:01.866Z [pytest-xdist] gw5 test_import.py::test_cache_quota PASSED in 28ms trace=9633a0c3-85e7-1427-e708-c78ec395dc4e
2026-02-21T02:40:01.866Z [svc-gateway-4] warning: slow query took 1597ms
2026-02-21T02:40:01.867Z [svc-billing-4] connected to upstream in 65ms
2026-02-21T02:40:01.868Z [svc-search-2] health check ok
2026-02-21T02:40:01.869Z [svc-billing-1] processed batch of 217 items
2026-02-21T02:40:01.869Z [svc-gateway-0] warning: slow query took 1909ms
2026-02-21T02:40:01.869Z [svc-sched-2] warning: slow query took 1108ms
2026-02-21T02:40:01.873Z [pytest-xdist] gw1 test_media.py::test_parse_subscription PASSED in 246ms trace=82aa9183-fc58-9fd4-33af-b6b1f534d428
2026-02-21T02:40:01.874Z [svc-cache-4] closed idle connection after 173s
2026-02-21T02:40:01.875Z [svc-gateway-1] closed idle connection after 77s
2026-02-21T02:40:01.876Z [pytest-xdist] gw0 test_users.py::test_delete_region PASSED in 120ms trace=f4588d79-3d0b-b04d-4ee6-d7fd88fdd704
2026-02-21T02:40:01.877Z [svc-media-0] closed idle connection after 67s
2026-02-21T02:40:01.877Z [svc-sched-4] health check ok
2026-02-21T02:40:01.879Z [svc-billing-1] connected to upstream in 5ms
2026-02-21T02:40:01.880Z [pytest-xdist] gw3 test_import.py::test_sync_query PASSED in 116ms trace=527b64a7-e5fc-3625-5325-3a7fbf015f00
2026-02-21T02:40:01.881Z [svc-sched-3] connected to upstream in 66ms
2026-02-21T02:40:01.882Z [svc-search-2] health check ok
2026-02-21T02:40:01.882Z [svc-gateway-1] processed batch of 435 items
2026-02-21T02:40:01.883Z [svc-sched-3] closed idle connection after 99s
2026-02-21T02:40:01.884Z [svc-billing-0] connected to upstream in 23ms
2026-02-21T02:40:01.884Z [svc-media-0] warning: slow query took 655ms
2026-02-21T02:40:01.885Z [svc-billing-3] processed batch of 176 items
2026-02-21T02:40:01.887Z [svc-auth-1] health check ok
2026-02-21T02:40:01.889Z [svc-cache-1] retrying connection to postgres (attempt 1/3)
2026-02-21T02:40:01.891Z [svc-notify-1] closed idle connection after 54s
2026-02-21T02:40:01.892Z [pytest-xdist] gw1 test_search.py::test_validate_token PASSED in 123ms trace=e67088bc-307c-4d4a-d671-5d9200bfe5c0
2026-02-21T02:40:01.893Z [svc-auth-2] processed batch of 254 items
2026-02-21T02:40:01.895Z [svc-cache-2] closed idle connection after 300s
2026-02-21T02:40:01.896Z [svc-auth-1] warning: slow query took 614ms
2026-02-21T02:40:01.896Z [svc-cache-0] closed idle connection after 148s
2026-02-21T02:40:01.897Z [svc-gateway-4] connected to upstream in 14ms
2026-02-21T02:40:01.898Z [svc-cache-2] cache hit rate 90%
2026-02-21T02:40:01.898Z [svc-billing-2] retrying connection to s3 (attempt 2/3)
2026-02-21T02:40:01.900Z [svc-auth-1] closed idle connection after 282s
2026-02-21T02:40:01.901Z [pytest-xdist] gw5 test_export.py::test_list_user PASSED in 161ms trace=a6ef3032-433d-00e0-8582-e85e641df838
2026-02-21T02:40:01.902Z [svc-cache-4] gc pause 14ms, heap 870MB
2026-02-21T02:40:01.902Z [svc-queue-4] gc pause 74ms, heap 724MB
2026-02-21T02:40:01.905Z [svc-media-2] closed idle connection after 217s
2026-02-21T02:40:01.906Z [svc-gateway-4] retrying connection to vault (attempt 1/3)
2026-02-21T02:40:01.908Z [svc-queue-2] closed idle connection after 66s
2026-02-21T02:40:01.909Z [pytest-xdist] gw3 test_notify.py::test_list_refund PASSED in 175ms trace=7d9f4c11-23d2-c196-b647-8a0b3fa181e3
2026-02-21T02:40:01.910Z [svc-db-2] health check ok
2026-02-21T02:40:01.911Z [svc-cache-2] health check ok
2026-02-21T02:40:01.916Z [svc-db-3] cache hit rate 88%
2026-02-21T02:40:01.916Z [svc-search-1] connected to upstream in 56ms
2026-02-21T02:40:01.916Z [svc-sched-0] warning: slow query took 1705ms
2026-02-21T02:40:01.917Z [svc-notify-4] closed idle connection after 324s
2026-02-21T02:40:01.918Z [pytest-xdist] gw1 test_gateway.py::test_paginate_invoice PASSED in 148ms trace=4cab0f48-881d-47b0-11e4-960288ca106e
2026-02-21T02:40:01.918Z [svc-search-2] processed batch of 320 items
2026-02-21T02:40:01.919Z [svc-search-4] health check ok
2026-02-21T02:40:01.921Z [svc-sched-3] processed batch of 91 items
2026-02-21T02:40:01.922Z [svc-billing-0] processed batch of 450 items
2026-02-21T02:40:01.924Z [svc-auth-2] warning: slow query took 1236ms
2026-02-21T02:40:01.924Z [svc-billing-2] closed idle connection after 226s
2026-02-21T02:40:01.924Z [svc-sched-0] warning: slow query took 551ms
2026-02-21T02:40:01.925Z [svc-auth-3] cache hit rate 90%
2026-02-21T02:40:01.925Z [svc-sched-2] cache hit rate 88%
2026-02-21T02:40:01.928Z [svc-billing-4] processed batch of 92 items
2026-02-21T02:40:01.930Z [svc-auth-2] gc pause 88ms, heap 823MB
2026-02-21T02:40:01.932Z [svc-db-0] warning: slow query took 1701ms
2026-02-21T02:40:01.932Z [svc-media-1] retrying connection to postgres (attempt 1/3)
2026-02-21T02:40:01.934Z [pytest-xdist] gw2 test_payments.py::test_expire_quota PASSED in 202ms trace=6a4299ec-02e6-37db-893f-7bd14fa4fd8e
2026-02-21T02:40:01.935Z [svc-auth-3] gc pause 25ms, heap 200MB
2026-02-21T02:40:01.935Z [svc-cache-4] warning: slow query took 1759ms
2026-02-21T02:40:01.938Z [svc-media-2] connected to upstream in 5ms
2026-02-21T02:40:01.939Z [svc-cache-3] processed batch of 397 items
2026-02-21T02:40:01.939Z [svc-media-0] closed idle connection after 100s
2026-02-21T02:40:01.939Z [svc-queue-1] connected to upstream in 17ms
2026-02-21T02:40:01.940Z [svc-billing-4] warning: slow query took 1935ms
2026-02-21T02:40:01.941Z [svc-db-1] connected to upstream in 23ms
2026-02-21T02:40:01.946Z [pytest-xdist] gw4 test_reports.py::test_update_token PASSED in 86ms trace=5dda30ef-24ac-5bae-0e83-d2e1928c0f1d
2026-02-21T02:40:01.946Z [svc-media-1] warning: slow query took 1328ms
2026-02-21T02:40:01.948Z [svc-cache-0] closed idle connection after 174s
2026-02-21T02:40:01.949Z [svc-billing-3] cache hit rate 92%
2026-02-21T02:40:01.950Z [pytest-xdist] gw2 test_orders.py::test_update_session PASSED in 95ms trace=b0cf1c32-f383-04a8-6394-e12351f1dc65
2026-02-21T02:40:01.953Z [pytest-xdist] gw5 test_queue.py::test_create_user PASSED in 211ms trace=56c954d1-f8f5-cd2c-5dba-c83dad71bb63
2026-02-21T02:40:01.953Z [svc-billing-1] closed idle connection after 279s
2026-02-21T02:40:01.957Z [svc-media-0] gc pause 90ms, heap 601MB
2026-02-21T02:40:01.957Z [svc-sched-4] gc pause 93ms, heap 749MB
2026-02-21T02:40:01.960Z [svc-search-4] closed idle connection after 263s
2026-02-21T02:40:01.963Z [pytest-xdist] gw5 test_queue.py::test_update_index PASSED in 40ms trace=0d7aabca-7026-4f40-9d9c-cde54956e0b2
2026-02-21T02:40:01.963Z [svc-media-0] health check ok
2026-02-21T02:40:01.965Z [svc-queue-3] warning: slow query took 2136ms
2026-02-21T02:40:01.966Z [svc-cache-0] warning: slow query took 2184ms
2026-02-21T02:40:01.967Z [svc-cache-0] connected to upstream in 75ms
2026-02-21T02:40:01.967Z [svc-db-2] health check ok
2026-02-21T02:40:01.968Z [svc-gateway-3] cache hit rate 92%
2026-02-21T02:40:01.969Z [svc-queue-3] retrying connection to kafka (attempt 1/3)
2026-02-21T02:40:01.973Z [pytest-xdist] gw5 test_reports.py::test_parse_token PASSED in 14ms trace=4339b6c7-b3be-f6c7-7620-bb37038f5ec7
2026-02-21T02:40:01.973Z [svc-queue-2] closed idle connection after 42s
2026-02-21T02:40:01.975Z [svc-gateway-4] health check ok
2026-02-21T02:40:01.976Z [svc-billing-2] closed idle connection after 147s
2026-02-21T02:40:01.984Z [pytest-xdist] gw0 test_queue.py::test_list_attachment PASSED in 164ms trace=9a239007-bed7-91b8-2549-178ae6cea8c3
2026-02-21T02:40:01.985Z [svc-cache-4] processed batch of 443 items
2026-02-21T02:40:01.985Z [svc-search-2] connected to upstream in 11ms
2026-02-21T02:40:01.987Z [svc-notify-2] closed idle connection after 30s
2026-02-21T02:40:01.987Z [svc-notify-2] closed idle connection after 234s
2026-02-21T02:40:01.990Z [svc-billing-4] gc pause 79ms, heap 699MB
2026-02-21T02:40:01.991Z [svc-auth-3] warning: slow query took 1897ms
2026-02-21T02:40:01.991Z [svc-queue-1] warning: slow query took 267ms
2026-02-21T02:40:01.991Z [svc-sched-0] cache hit rate 92%
2026-02-21T02:40:01.994Z [svc-auth-0] cache hit rate 92%
2026-02-21T02:40:01.996Z [svc-auth-2] closed idle connection after 206s
2026-02-21T02:40:01.996Z [svc-notify-1] gc pause 104ms, heap 460MB
2026-02-21T02:40:01.996Z [svc-sched-3] warning: slow query took 904ms
2026-02-21T02:40:01.997Z [svc-auth-3] health check ok
2026-02-21T02:40:02.000Z [svc-notify-2] connected to upstream in 83ms
2026-02-21T02:40:02.001Z [svc-sched-0] closed idle connection after 194s
2026-02-21T02:40:02.002Z [svc-gateway-2] processed batch of 12 items
2026-02-21T02:40:02.003Z [pytest-xdist] gw5 test_queue.py::test_retry_invoice PASSED in 106ms trace=057eb4ac-0e37-696e-9840-e4201fb3b0a4
2026-02-21T02:40:02.004Z [svc-db-4] cache hit rate 90%
2026-02-21T02:40:02.010Z [svc-sched-3] cache hit rate 85%
2026-02-21T02:40:02.012Z [svc-auth-0] closed idle connection after 281s
2026-02-21T02:40:02.012Z [svc-cache-0] closed idle connection after 232s
2026-02-21T02:40:02.014Z [svc-auth-0] gc pause 118ms, heap 586MB
2026-02-21T02:40:02.016Z [pytest-xdist] gw5 test_queue.py::test_retry_attachment PASSED in 180ms trace=cb63750d-3d99-d76d-6348-32af6481f773
2026-02-21T02:40:02.016Z [svc-cache-1] warning: slow query took 744ms
2026-02-21T02:40:02.021Z [svc-cache-1] connected to upstream in 82ms
2026-02-21T02:40:02.022Z [pytest-xdist] gw3 test_billing.py::test_sync_invoice PASSED in 56ms trace=fe492dfa-7df9-5825-e45c-b15e7a375954
2026-02-21T02:40:02.022Z [svc-search-0] processed batch of 275 items
2026-02-21T02:40:02.023Z [svc-queue-4] connected to upstream in 61ms
2026-02-21T02:40:02.025Z [pytest-xdist] gw5 test_auth.py::test_authorize_shipment PASSED in 76ms trace=ca89214d-ec37-9e1e-bca4-18beb4d849d6
2026-02-21T02:40:02.027Z [svc-search-1] closed idle connection after 300s
2026-02-21T02:40:02.027Z [svc-media-2] cache hit rate 88%
2026-02-21T02:40:02.027Z [svc-sched-3] retrying connection to kafka (attempt 3/3)
2026-02-21T02:40:02.028Z [svc-search-3] gc pause 79ms, heap 247MB
2026-02-21T02:40:02.030Z [svc-search-0] health check ok
2026-02-21T02:40:02.030Z [svc-gateway-2] warning: slow query took 1496ms
2026-02-21T02:40:02.032Z [svc-sched-4] connected to upstream in 53ms
2026-02-21T02:40:02.033Z [svc-db-1] closed idle connection after 182s
2026-02-21T02:40:02.034Z [svc-search-0] closed idle connection after 308s
2026-02-21T02:40:02.034Z [svc-search-4] connected to upstream in 23ms
2026-02-21T02:40:02.035Z [svc-sched-4] cache hit rate 88%
2026-02-21T02:40:02.036Z [svc-billing-0] connected to upstream in 29ms
2026-02-21T02:40:02.036Z [svc-gateway-0] gc pause 43ms, heap 485MB
2026-02-21T02:40:02.036Z [svc-media-0] health check ok
2026-02-21T02:40:02.037Z [svc-auth-4] closed idle connection after 165s
2026-02-21T02:40:02.037Z [svc-queue-4] connected to upstream in 11ms
2026-02-21T02:40:02.038Z [svc-cache-1] health check ok
2026-02-21T02:40:02.040Z [svc-media-1] connected to upstream in 78ms
2026-02-21T02:40:02.043Z [pytest-xdist] gw2 test_export.py::test_expire_quota PASSED in 22ms trace=c2468d31-a1df-18f7-c50a-5e007d0350a0
2026-02-21T02:40:02.044Z [svc-db-4] connected to upstream in 82ms
2026-02-21T02:40:02.045Z [svc-db-3] closed idle connection after 52s
2026-02-21T02:40:02.045Z [svc-notify-2] cache hit rate 95%
2026-02-21T02:40:02.046Z [svc-notify-0] closed idle connection after 215s
2026-02-21T02:40:02.047Z [svc-cache-4] closed idle connection after 110s
2026-02-21T02:40:02.048Z [svc-auth-1] processed batch of 69 items
2026-02-21T02:40:02.048Z [svc-sched-0] connected to upstream in 74ms
2026-02-21T02:40:02.048Z [svc-sched-3] cache hit rate 90%
2026-02-21T02:40:02.050Z [pytest-xdist] gw4 test_payments.py::test_reconcile_webhook PASSED in 98ms trace=7af53752-d9cb-ee49-545e-f7b47fe9065f
2026-02-21T02:40:02.050Z [svc-cache-2] cache hit rate 92%
2026-02-21T02:40:02.050Z [svc-media-1] health check ok
2026-02-21T02:40:02.052Z [svc-db-1] connected to upstream in 35ms
2026-02-21T02:40:02.052Z [svc-queue-3] warning: slow query took 674ms
2026-02-21T02:40:02.054Z [svc-auth-1] gc pause 53ms, heap 584MB
2026-02-21T02:40:02.056Z [pytest-xdist] gw2 test_users.py::test_sync_webhook PASSED in 21ms trace=656bedb2-5454-a324-d7ff-102265ca816a
2026-02-21T02:40:02.057Z [svc-cache-0] gc pause 37ms, heap 874MB
2026-02-21T02:40:02.057Z [svc-media-3] closed idle connection after 205s
2026-02-21T02:40:02.057Z [svc-queue-2] processed batch of 296 items
2026-02-21T02:40:02.058Z [svc-media-2] closed idle connection after 65s
2026-02-21T02:40:02.059Z [svc-sched-3] health check ok
2026-02-21T02:40:02.061Z [svc-auth-1] connected to upstream in 77ms
2026-02-21T02:40:02.066Z [svc-sched-4] connected to upstream in 33ms
2026-02-21T02:40:02.068Z [svc-billing-4] health check ok
2026-02-21T02:40:02.068Z [svc-search-1] gc pause 122ms, heap 965MB
2026-02-21T02:40:02.069Z [svc-search-3] cache hit rate 90%
2026-02-21T02:40:02.070Z [svc-queue-3] connected to upstream in 73ms
2026-02-21T02:40:02.070Z [svc-sched-1] cache hit rate 92%
2026-02-21T02:40:02.072Z [svc-media-0] health check ok
2026-02-21T02:40:02.072Z [svc-sched-2] closed idle connection after 42s
2026-02-21T02:40:02.074Z [pytest-xdist] gw2 test_export.py::test_list_query PASSED in 50ms trace=159ef585-ffd8-c1a8-1fdf-32385309429d
2026-02-21T02:40:02.074Z [svc-search-0] health check ok
2026-02-21T02:40:02.079Z [svc-auth-4] warning: slow query took 2134ms
2026-02-21T02:40:02.082Z [svc-auth-2] warning: slow query took 1220ms
2026-02-21T02:40:02.084Z [svc-search-2] processed batch of 336 items
2026-02-21T02:40:02.086Z [svc-search-2] retrying connection to kafka (attempt 2/3)
2026-02-21T02:40:02.086Z [svc-search-4] connected to upstream in 75ms
2026-02-21T02:40:02.086Z [svc-search-4] cache hit rate 85%
2026-02-21T02:40:02.086Z [svc-gateway-3] warning: slow query took 345ms
2026-02-21T02:40:02.091Z [pytest-xdist] gw3 test_reports.py::test_authorize_quota PASSED in 145ms trace=cdf9f623-44b0-2478-1679-0d84ea193d79
2026-02-21T02:40:02.092Z [svc-billing-2] gc pause 34ms, heap 457MB
2026-02-21T02:40:02.093Z [svc-db-0] cache hit rate 92%
2026-02-21T02:40:02.093Z [svc-queue-0] closed idle connection after 191s
2026-02-21T02:40:02.093Z [svc-sched-2] gc pause 25ms, heap 948MB
2026-02-21T02:40:02.094Z [svc-auth-0] closed idle connection after 45s
2026-02-21T02:40:02.096Z [svc-gateway-2] connected to upstream in 27ms
2026-02-21T02:40:02.097Z [svc-media-2] closed idle connection after 109s
2026-02-21T02:40:02.100Z [svc-billing-1] gc pause 71ms, heap 750MB
2026-02-21T02:40:02.107Z [svc-gateway-0] processed batch of 159 items
2026-02-21T02:40:02.108Z [pytest-xdist] gw5 test_billing.py::test_retry_invoice PASSED in 76ms trace=c6740902-e38f-fa54-c37e-0d0a464f16fe
2026-02-21T02:40:02.110Z [svc-billing-4] connected to upstream in 83ms
2026-02-21T02:40:02.110Z [svc-queue-2] cache hit rate 92%
2026-02-21T02:40:02.111Z [svc-search-1] retrying connection to redis (attempt 3/3)
2026-02-21T02:40:02.114Z [svc-auth-3] cache hit rate 92%
2026-02-21T02:40:02.115Z [svc-cache-4] warning: slow query took 1111ms
2026-02-21T02:40:02.116Z [svc-auth-3] health check ok
2026-02-21T02:40:02.120Z [svc-search-2] cache hit rate 92%
2026-02-21T02:40:02.120Z [svc-sched-1] processed batch of 169 items
2026-02-21T02:40:02.121Z [svc-cache-0] cache hit rate 92%
2026-02-21T02:40:02.122Z [svc-sched-2] closed idle connection after 186s
2026-02-21T02:40:02.123Z [svc-queue-4] connected to upstream in 56ms
2026-02-21T02:40:02.127Z [svc-gateway-2] warning: slow query took 445ms
2026-02-21T02:40:02.127Z [svc-queue-0] connected to upstream in 20ms
2026-02-21T02:40:02.129Z [svc-db-4] connected to upstream in 71ms
2026-02-21T02:40:02.130Z [pytest-xdist] gw2 test_billing.py::test_retry_user PASSED in 92ms trace=ee8c6b05-c76c-c923-d654-0faa9b4433c8
2026-02-21T02:40:02.130Z [svc-cache-0] processed batch of 410 items
2026-02-21T02:40:02.133Z [svc-gateway-3] gc pause 64ms, heap 714MB
2026-02-21T02:40:02.134Z [svc-billing-4] cache hit rate 95%
2026-02-21T02:40:02.134Z [svc-gateway-1] warning: slow query took 1642ms
2026-02-21T02:40:02.134Z [svc-sched-0] health check ok
2026-02-21T02:40:02.137Z [svc-billing-3] connected to upstream in 75ms
2026-02-21T02:40:02.138Z [svc-cache-4] closed idle connection after 148s
2026-02-21T02:40:02.138Z [svc-notify-0] connected to upstream in 46ms
2026-02-21T02:40:02.139Z [svc-cache-2] connected to upstream in 51ms
2026-02-21T02:40:02.139Z [svc-search-1] closed idle connection after 145s
2026-02-21T02:40:02.139Z [svc-search-3] retrying connection to s3 (attempt 3/3)
2026-02-21T02:40:02.141Z [pytest-xdist] gw0 test_webhooks.py::test_expire_coupon PASSED in 2ms trace=c1592212-eefc-c839-6bfa-dfe9412acc54
2026-02-21T02:40:02.149Z [svc-sched-3] warning: slow query took 1416ms
2026-02-21T02:40:02.150Z [pytest-xdist] gw0 test_queue.py::test_delete_token PASSED in 103ms trace=c6c1e38c-7c3a-efaf-b75d-5d9dc89d2d7a
2026-02-21T02:40:02.150Z [svc-notify-0] cache hit rate 85%
2026-02-21T02:40:02.150Z [svc-gateway-1] processed batch of 260 items
2026-02-21T02:40:02.150Z [svc-media-2] connected to upstream in 16ms
2026-02-21T02:40:02.151Z [svc-queue-2] gc pause 63ms, heap 343MB
2026-02-21T02:40:02.152Z [svc-search-0] health check ok
2026-02-21T02:40:02.155Z [svc-gateway-0] cache hit rate 95%
2026-02-21T02:40:02.157Z [pytest-xdist] gw0 test_search.py::test_paginate_user PASSED in 40ms trace=ee6fa6a6-f51d-5228-1236-b97a7f75992a
2026-02-21T02:40:02.158Z [svc-db-2] processed batch of 270 items
2026-02-21T02:40:02.159Z [svc-billing-4] closed idle connection after 140s
2026-02-21T02:40:02.162Z [pytest-xdist] gw2 test_sched.py::test_cache_region PASSED in 246ms trace=b14548be-e96b-7826-d01c-8e156105ea3e
2026-02-21T02:40:02.162Z [svc-auth-0] cache hit rate 92%
2026-02-21T02:40:02.162Z [svc-notify-2] warning: slow query took 1274ms
2026-02-21T02:40:02.164Z [svc-search-3] closed idle connection after 83s
2026-02-21T02:40:02.165Z [svc-billing-2] closed idle connection after 41s
2026-02-21T02:40:02.165Z [svc-billing-4] connected to upstream in 77ms
2026-02-21T02:40:02.167Z [svc-gateway-2] processed batch of 16 items
2026-02-21T02:40:02.169Z [svc-billing-0] health check ok
2026-02-21T02:40:02.171Z [svc-auth-1] connected to upstream in 48ms
2026-02-21T02:40:02.175Z [svc-billing-1] closed idle connection after 284s
2026-02-21T02:40:02.178Z [svc-cache-1] gc pause 35ms, heap 430MB
2026-02-21T02:40:02.178Z [svc-notify-2] retrying connection to kafka (attempt 3/3)
2026-02-21T02:40:02.178Z [svc-sched-4] cache hit rate 92%
2026-02-21T02:40:02.181Z [pytest-xdist] gw3 test_search.py::test_parse_attachment PASSED in 13ms trace=d0bfb218-acff-3292-0336-c9c56ab76e8b
2026-02-21T02:40:02.185Z [svc-gateway-4] closed idle connection after 307s
2026-02-21T02:40:02.186Z [svc-sched-2] closed idle connection after 311s
2026-02-21T02:40:02.187Z [svc-media-4] warning: slow query took 221ms
2026-02-21T02:40:02.191Z [svc-gateway-3] warning: slow query took 1578ms
2026-02-21T02:40:02.192Z [pytest-xdist] gw4 test_webhooks.py::test_authorize_token PASSED in 243ms trace=c514a921-bb82-75d3-5b27-4b587d6ed7a3
2026-02-21T02:40:02.195Z [svc-search-1] closed idle connection after 94s
2026-02-21T02:40:02.196Z [svc-queue-2] gc pause 83ms, heap 751MB
2026-02-21T02:40:02.198Z [svc-auth-2] processed batch of 206 items
2026-02-21T02:40:02.198Z [svc-notify-2] closed idle connection after 128s
2026-02-21T02:40:02.199Z [svc-notify-4] closed idle connection after 59s
2026-02-21T02:40:02.201Z [svc-billing-0] health check ok
2026-02-21T02:40:02.202Z [svc-auth-3] health check ok
2026-02-21T02:40:02.202Z [svc-media-1] retrying connection to postgres (attempt 3/3)
2026-02-21T02:40:02.204Z [svc-notify-4] health check ok
2026-02-21T02:40:02.204Z [svc-media-3] gc pause 60ms, heap 659MB
2026-02-21T02:40:02.204Z [svc-sched-1] processed batch of 489 items
2026-02-21T02:40:02.205Z [svc-billing-3] health check ok
2026-02-21T02:40:02.211Z [pytest-xdist] gw5 test_notify.py::test_list_coupon PASSED in 41ms trace=1da54541-ec6c-2d25-bdb5-42f0e9cfd2e9
2026-02-21T02:40:02.211Z [svc-notify-4] gc pause 92ms, heap 221MB
2026-02-21T02:40:02.214Z [svc-gateway-1] gc pause 19ms, heap 803MB
2026-02-21T02:40:02.214Z [svc-media-3] processed batch of 72 items
2026-02-21T02:40:02.216Z [svc-media-4] cache hit rate 90%
2026-02-21T02:40:02.218Z [svc-sched-1] processed batch of 87 items
2026-02-21T02:40:02.219Z [pytest-xdist] gw1 test_notify.py::test_validate_user PASSED in 32ms trace=31e5c5b1-bc3b-523d-dba6-8c5ab8df2403
2026-02-21T02:40:02.220Z [svc-auth-2] cache hit rate 88%
2026-02-21T02:40:02.220Z [svc-billing-1] gc pause 25ms, heap 697MB
2026-02-21T02:40:02.222Z [svc-sched-4] cache hit rate 95%
2026-02-21T02:40:02.223Z [svc-db-4] gc pause 14ms, heap 857MB
2026-02-21T02:40:02.224Z [svc-auth-3] health check ok
2026-02-21T02:40:02.226Z [svc-auth-4] retrying connection to kafka (attempt 1/3)
2026-02-21T02:40:02.227Z [svc-search-2] gc pause 36ms, heap 929MB
2026-02-21T02:40:02.227Z [svc-notify-4] warning: slow query took 642ms
2026-02-21T02:40:02.228Z [svc-billing-3] connected to upstream in 8ms
2026-02-21T02:40:02.228Z [svc-search-2] connected to upstream in 84ms
2026-02-21T02:40:02.228Z [svc-gateway-2] cache hit rate 90%
2026-02-21T02:40:02.229Z [svc-billing-3] health check ok
2026-02-21T02:40:02.232Z [svc-search-1] cache hit rate 95%
2026-02-21T02:40:02.233Z [svc-cache-1] cache hit rate 85%
2026-02-21T02:40:02.234Z [svc-search-3] retrying connection to s3 (attempt 1/3)
2026-02-21T02:40:02.237Z [svc-cache-1] cache hit rate 95%
2026-02-21T02:40:02.239Z [pytest-xdist] gw5 test_webhooks.py::test_reconcile_token PASSED in 87ms trace=c5449c7d-2771-2b39-a2e5-6ae0b793eb32
2026-02-21T02:40:02.240Z [svc-media-0] health check ok
2026-02-21T02:40:02.241Z [svc-search-0] closed idle connection after 115s
2026-02-21T02:40:02.243Z [svc-billing-0] connected to upstream in 41ms
2026-02-21T02:40:02.246Z [svc-search-3] closed idle connection after 298s
2026-02-21T02:40:02.250Z [pytest-xdist] gw2 test_webhooks.py::test_sync_index PASSED in 157ms trace=03738929-8080-919e-eb5e-b4634d7a08fa
2026-02-21T02:40:02.251Z [svc-db-3] warning: slow query took 2083ms
2026-02-21T02:40:02.254Z [svc-cache-2] cache hit rate 90%
2026-02-21T02:40:02.254Z [svc-gateway-0] closed idle connection after 144s
2026-02-21T02:40:02.255Z [svc-search-0] health check ok
2026-02-21T02:40:02.257Z [svc-db-1] connected to upstream in 61ms
2026-02-21T02:40:02.258Z [svc-db-1] health check ok
2026-02-21T02:40:02.258Z [svc-search-4] connected to upstream in 18ms
2026-02-21T02:40:02.259Z [svc-notify-3] health check ok
2026-02-21T02:40:02.260Z [svc-notify-0] cache hit rate 88%
2026-02-21T02:40:02.261Z [svc-auth-4] health check ok
2026-02-21T02:40:02.262Z [svc-queue-4] warning: slow query took 1822ms
2026-02-21T02:40:02.264Z [pytest-xdist] gw3 test_export.py::test_retry_refund PASSED in 169ms trace=b07d7e19-d0d6-faaf-3f76-56b315a52bb7
2026-02-21T02:40:02.264Z [svc-notify-1] processed batch of 401 items
2026-02-21T02:40:02.264Z [svc-notify-2] processed batch of 88 items
2026-02-21T02:40:02.264Z [svc-notify-4] connected to upstream in 9ms
2026-02-21T02:40:02.265Z [svc-notify-4] gc pause 5ms, heap 885MB
2026-02-21T02:40:02.266Z [svc-billing-1] processed batch of 439 items
2026-02-21T02:40:02.266Z [svc-search-2] warning: slow query took 471ms
2026-02-21T02:40:02.266Z [svc-media-0] cache hit rate 95%
2026-02-21T02:40:02.266Z [svc-media-3] cache hit rate 92%
2026-02-21T02:40:02.269Z [svc-auth-3] warning: slow query took 445ms
2026-02-21T02:40:02.269Z [svc-gateway-1] warning: slow query took 902ms
2026-02-21T02:40:02.272Z [svc-auth-3] processed batch of 287 items
2026-02-21T02:40:02.273Z [svc-media-3] gc pause 25ms, heap 894MB
2026-02-21T02:40:02.277Z [svc-notify-3] health check ok
2026-02-21T02:40:02.277Z [svc-sched-2] cache hit rate 95%
2026-02-21T02:40:02.279Z [svc-db-4] gc pause 118ms, heap 672MB
2026-02-21T02:40:02.280Z [svc-auth-0] connected to upstream in 72ms
2026-02-21T02:40:02.280Z [svc-search-3] cache hit rate 85%
2026-02-21T02:40:02.281Z [svc-notify-0] processed batch of 475 items
2026-02-21T02:40:02.282Z [svc-db-0] gc pause 118ms, heap 128MB
2026-02-21T02:40:02.283Z [svc-cache-1] processed batch of 12 items
2026-02-21T02:40:02.284Z [pytest-xdist] gw5 test_media.py::test_authorize_shipment PASSED in 248ms trace=bd393620-b1f0-6051-6427-c1d0454b0f42
2026-02-21T02:40:02.289Z [pytest-xdist] gw3 test_gateway.py::test_create_refund PASSED in 83ms trace=a0c9dec1-a934-256e-0453-c2f423abf59e
2026-02-21T02:40:02.292Z [pytest-xdist] gw2 test_gateway.py::test_parse_token PASSED in 108ms trace=5bf7a7a1-b88b-acd5-7d75-8f38b1107059
2026-02-21T02:40:02.292Z [svc-auth-1] warning: slow query took 994ms
2026-02-21T02:40:02.292Z [svc-gateway-3] closed idle connection after 47s
2026-02-21T02:40:02.294Z [svc-media-1] warning: slow query took 1838ms
2026-02-21T02:40:02.295Z [svc-media-1] cache hit rate 88%
2026-02-21T02:40:02.299Z [svc-media-3] warning: slow query took 644ms
2026-02-21T02:40:02.301Z [pytest-xdist] gw1 test_export.py::test_reconcile_index PASSED in 113ms trace=de3f4ab5-1292-72de-70bd-51036b1ebe80
2026-02-21T02:40:02.301Z [svc-auth-3] processed batch of 47 items
2026-02-21T02:40:02.301Z [svc-notify-4] closed idle connection after 329s
2026-02-21T02:40:02.301Z [svc-sched-2] warning: slow query took 1044ms
2026-02-21T02:40:02.302Z [svc-gateway-3] gc pause 17ms, heap 556MB
2026-02-21T02:40:02.303Z [svc-sched-4] retrying connection to s3 (attempt 3/3)
2026-02-21T02:40:02.305Z [svc-db-4] processed batch of 152 items
2026-02-21T02:40:02.311Z [svc-cache-2] cache hit rate 88%
2026-02-21T02:40:02.311Z [svc-billing-4] retrying connection to vault (attempt 1/3)
2026-02-21T02:40:02.312Z [svc-auth-4] health check ok
2026-02-21T02:40:02.312Z [svc-sched-2] closed idle connection after 36s
2026-02-21T02:40:02.313Z [svc-cache-2] processed batch of 373 items
2026-02-21T02:40:02.314Z [svc-gateway-2] cache hit rate 85%
2026-02-21T02:40:02.315Z [svc-media-1] health check ok
2026-02-21T02:40:02.316Z [svc-db-2] warning: slow query took 1898ms
2026-02-21T02:40:02.316Z [svc-sched-0] gc pause 65ms, heap 935MB
2026-02-21T02:40:02.317Z [svc-gateway-1] health check ok
2026-02-21T02:40:02.318Z [svc-gateway-0] processed batch of 130 items
2026-02-21T02:40:02.319Z [svc-db-4] health check ok
2026-02-21T02:40:02.319Z [svc-gateway-0] health check ok
2026-02-21T02:40:02.320Z [pytest-xdist] gw5 test_orders.py::test_notify_region PASSED in 155ms trace=a83451b7-7207-1607-6f89-4dff7bf220c9
2026-02-21T02:40:02.320Z [svc-sched-0] processed batch of 98 items
2026-02-21T02:40:02.321Z [svc-sched-1] connected to upstream in 48ms
2026-02-21T02:40:02.322Z [svc-gateway-1] cache hit rate 85%
2026-02-21T02:40:02.324Z [svc-media-2] cache hit rate 85%
2026-02-21T02:40:02.325Z [svc-billing-2] health check ok
2026-02-21T02:40:02.325Z [svc-notify-0] health check ok
2026-02-21T02:40:02.325Z [svc-gateway-2] processed batch of 428 items
2026-02-21T02:40:02.325Z [svc-queue-1] health check ok
2026-02-21T02:40:02.327Z [pytest-xdist] gw3 test_gateway.py::test_validate_invoice PASSED in 96ms trace=4c9ed436-2036-1615-4880-45228657d9bc
2026-02-21T02:40:02.328Z [svc-auth-0] cache hit rate 88%
2026-02-21T02:40:02.328Z [svc-gateway-1] gc pause 123ms, heap 273MB
2026-02-21T02:40:02.329Z [svc-media-3] processed batch of 467 items
2026-02-21T02:40:02.330Z [svc-billing-0] warning: slow query took 1651ms
2026-02-21T02:40:02.334Z [svc-media-3] cache hit rate 92%
2026-02-21T02:40:02.335Z [svc-notify-0] health check ok
2026-02-21T02:40:02.336Z [svc-gateway-3] closed idle connection after 117s
2026-02-21T02:40:02.338Z [pytest-xdist] gw1 test_import.py::test_expire_refund PASSED in 16ms trace=4658e835-fc3e-721d-324a-e8670b4d894e
2026-02-21T02:40:02.338Z [svc-sched-1] closed idle connection after 329s
2026-02-21T02:40:02.339Z [svc-auth-2] gc pause 94ms, heap 466MB
2026-02-21T02:40:02.339Z [svc-db-0] connected to upstream in 80ms
2026-02-21T02:40:02.339Z [svc-queue-0] processed batch of 228 items
2026-02-21T02:40:02.340Z [svc-notify-1] gc pause 28ms, heap 867MB
2026-02-21T02:40:02.340Z [svc-gateway-4] processed batch of 447 items
2026-02-21T02:40:02.341Z [svc-media-3] processed batch of 292 items
2026-02-21T02:40:02.342Z [svc-db-1] connected to upstream in 56ms
2026-02-21T02:40:02.342Z [svc-gateway-3] warning: slow query took 1651ms
2026-02-21T02:40:02.342Z [svc-media-0] connected to upstream in 44ms
2026-02-21T02:40:02.343Z [svc-db-2] cache hit rate 90%
2026-02-21T02:40:02.345Z [svc-notify-4] health check ok
2026-02-21T02:40:02.346Z [svc-notify-3] connected to upstream in 71ms
2026-02-21T02:40:02.347Z [svc-cache-3] connected to upstream in 84ms
2026-02-21T02:40:02.347Z [svc-db-3] connected to upstream in 77ms
2026-02-21T02:40:02.348Z [svc-search-1] warning: slow query took 1506ms
2026-02-21T02:40:02.349Z [svc-queue-0] closed idle connection after 299s
2026-02-21T02:40:02.349Z [svc-queue-4] cache hit rate 85%
2026-02-21T02:40:02.350Z [svc-notify-0] cache hit rate 95%
2026-02-21T02:40:02.352Z [svc-queue-4] health check ok
2026-02-21T02:40:02.353Z [svc-db-3] closed idle connection after 69s
2026-02-21T02:40:02.357Z [svc-auth-3] cache hit rate 88%
2026-02-21T02:40:02.358Z [pytest-xdist] gw1 test_media.py::test_authorize_subscription PASSED in 234ms trace=d8c112a1-a0af-b524-8e37-7dd807a96b5f
2026-02-21T02:40:02.360Z [svc-media-0] connected to upstream in 55ms
2026-02-21T02:40:02.362Z [svc-gateway-3] processed batch of 282 items
2026-02-21T02:40:02.363Z [svc-search-0] health check ok
2026-02-21T02:40:02.364Z [svc-queue-1] cache hit rate 95%
2026-02-21T02:40:02.365Z [svc-db-0] closed idle connection after 234s
2026-02-21T02:40:02.366Z [svc-db-0] processed batch of 136 items
2026-02-21T02:40:02.367Z [svc-search-1] cache hit rate 92%
2026-02-21T02:40:02.367Z [svc-search-2] connected to upstream in 37ms
2026-02-21T02:40:02.371Z [svc-notify-3] connected to upstream in 32ms
2026-02-21T02:40:02.371Z [svc-sched-4] closed idle connection after 59s
2026-02-21T02:40:02.375Z [pytest-xdist] gw5 test_notify.py::test_cache_region PASSED in 200ms trace=8de4d947-c7ee-7613-c908-40b23d2283aa
2026-02-21T02:40:02.376Z [svc-sched-4] processed batch of 331 items
2026-02-21T02:40:02.378Z [svc-sched-1] connected to upstream in 16ms
2026-02-21T02:40:02.379Z [svc-cache-4] processed batch of 444 items
2026-02-21T02:40:02.380Z [svc-auth-4] cache hit rate 90%
2026-02-21T02:40:02.380Z [svc-sched-2] connected to upstream in 23ms
2026-02-21T02:40:02.381Z [svc-db-3] closed idle connection after 257s
2026-02-21T02:40:02.381Z [svc-search-4] closed idle connection after 90s
2026-02-21T02:40:02.382Z [svc-notify-2] warning: slow query took 1237ms
2026-02-21T02:40:02.382Z [svc-queue-1] gc pause 73ms, heap 497MB
2026-02-21T02:40:02.383Z [pytest-xdist] gw5 test_payments.py::test_create_coupon PASSED in 119ms trace=5caeacf2-0cd2-96ab-34fc-af045c34e3bb
2026-02-21T02:40:02.383Z [svc-cache-0] processed batch of 326 items
2026-02-21T02:40:02.383Z [svc-sched-3] closed idle connection after 65s
2026-02-21T02:40:02.387Z [svc-media-2] cache hit rate 95%
2026-02-21T02:40:02.390Z [pytest-xdist] gw4 test_webhooks.py::test_cache_subscription PASSED in 4ms trace=690ccaf8-d973-f59d-3240-d91b09bf7dc7
2026-02-21T02:40:02.391Z [svc-media-1] processed batch of 108 items
2026-02-21T02:40:02.392Z [svc-queue-1] cache hit rate 95%
2026-02-21T02:40:02.395Z [svc-cache-1] closed idle connection after 158s
2026-02-21T02:40:02.399Z [svc-media-0] cache hit rate 85%
2026-02-21T02:40:02.402Z [pytest-xdist] gw0 test_search.py::test_create_session PASSED in 93ms trace=dcdd5d79-3db6-0478-d66b-e09647508054
2026-02-21T02:40:02.402Z [svc-queue-3] health check ok
2026-02-21T02:40:02.403Z [svc-cache-3] connected to upstream in 72ms
2026-02-21T02:40:02.407Z [svc-billing-0] health check ok
2026-02-21T02:40:02.408Z [pytest-xdist] gw2 test_notify.py::test_delete_attachment PASSED in 102ms trace=cf5bf2e4-b434-d81b-018a-d33ebf8aed02
2026-02-21T02:40:02.408Z [svc-search-0] warning: slow query took 381ms
2026-02-21T02:40:02.409Z [svc-db-1] cache hit rate 90%
2026-02-21T02:40:02.409Z [svc-media-1] health check ok
2026-02-21T02:40:02.409Z [svc-media-3] connected to upstream in 52ms
2026-02-21T02:40:02.410Z [svc-db-4] connected to upstream in 79ms
2026-02-21T02:40:02.410Z [svc-queue-3] connected to upstream in 57ms
2026-02-21T02:40:02.411Z [pytest-xdist] gw5 test_import.py::test_update_region PASSED in 91ms trace=03aa9cda-ce03-36ec-abe8-bedcbd547927
2026-02-21T02:40:02.411Z [svc-sched-0] connected to upstream in 36ms
2026-02-21T02:40:02.413Z [svc-media-3] warning: slow query took 1412ms
2026-02-21T02:40:02.414Z [svc-billing-4] connected to upstream in 84ms
2026-02-21T02:40:02.414Z [svc-queue-4] closed idle connection after 326s
2026-02-21T02:40:02.416Z [svc-db-1] closed idle connection after 82s
2026-02-21T02:40:02.418Z [svc-search-1] processed batch of 47 items
2026-02-21T02:40:02.418Z [svc-notify-4] connected to upstream in 61ms
2026-02-21T02:40:02.419Z [pytest-xdist] gw0 test_auth.py::test_render_user PASSED in 141ms trace=2ae47e94-ffa0-d941-73b2-ca418f248f52
2026-02-21T02:40:02.420Z [svc-search-2] connected to upstream in 6ms
2026-02-21T02:40:02.422Z [svc-cache-2] processed batch of 28 items
2026-02-21T02:40:02.423Z [svc-sched-0] processed batch of 65 items
2026-02-21T02:40:02.426Z [svc-gateway-0] processed batch of 307 items
2026-02-21T02:40:02.427Z [svc-db-3] closed idle connection after 102s
2026-02-21T02:40:02.427Z [svc-media-3] cache hit rate 85%
2026-02-21T02:40:02.427Z [svc-queue-0] health check ok
2026-02-21T02:40:02.432Z [svc-notify-3] retrying connection to s3 (attempt 3/3)
2026-02-21T02:40:02.433Z [svc-queue-2] warning: slow query took 208ms
2026-02-21T02:40:02.436Z [pytest-xdist] gw1 test_queue.py::test_sync_invoice PASSED in 94ms trace=555545c0-b5f2-d80b-e9fb-40351c4aedca
2026-02-21T02:40:02.436Z [svc-cache-4] retrying connection to s3 (attempt 1/3)
2026-02-21T02:40:02.439Z [svc-auth-1] health check ok
2026-02-21T02:40:02.439Z [svc-db-2] cache hit rate 85%
2026-02-21T02:40:02.439Z [svc-notify-0] cache hit rate 88%
2026-02-21T02:40:02.441Z [svc-db-3] cache hit rate 90%
2026-02-21T02:40:02.442Z [pytest-xdist] gw0 test_webhooks.py::test_reconcile_session PASSED in 237ms trace=0dfd0505-acf2-951d-be27-3fe161b0f3b3
2026-02-21T02:40:02.444Z [svc-cache-1] connected to upstream in 80ms
2026-02-21T02:40:02.445Z [svc-gateway-0] retrying connection to redis (attempt 1/3)
2026-02-21T02:40:02.447Z [svc-notify-1] cache hit rate 88%
2026-02-21T02:40:02.448Z [svc-auth-1] processed batch of 301 items
2026-02-21T02:40:02.448Z [svc-search-2] closed idle connection after 70s
2026-02-21T02:40:02.448Z [svc-sched-3] warning: slow query took 1743ms
2026-02-21T02:40:02.449Z [svc-auth-2] cache hit rate 85%
2026-02-21T02:40:02.450Z [svc-gateway-4] closed idle connection after 74s
2026-02-21T02:40:02.450Z [svc-media-4] processed batch of 104 items
2026-02-21T02:40:02.453Z [pytest-xdist] gw1 test_import.py::test_create_coupon SKIPPED (reason: requires-network)
2026-02-21T02:40:02.454Z [svc-gateway-4] closed idle connection after 134s
2026-02-21T02:40:02.459Z [svc-queue-3] health check ok
2026-02-21T02:40:02.460Z [svc-auth-1] health check ok
2026-02-21T02:40:02.464Z [svc-sched-4] connected to upstream in 83ms
2026-02-21T02:40:02.467Z [svc-queue-0] health check ok
2026-02-21T02:40:02.468Z [svc-db-0] processed batch of 439 items
2026-02-21T02:40:02.469Z [pytest-xdist] gw0 test_gateway.py::test_sync_coupon PASSED in 203ms trace=cb1ba6bd-87cb-1da7-40ed-0def911abe9d
2026-02-21T02:40:02.470Z [svc-auth-3] processed batch of 506 items
2026-02-21T02:40:02.470Z [svc-gateway-2] connected to upstream in 74ms
2026-02-21T02:40:02.471Z [svc-auth-0] cache hit rate 88%
2026-02-21T02:40:02.471Z [svc-search-3] gc pause 104ms, heap 876MB
2026-02-21T02:40:02.472Z [svc-cache-2] warning: slow query took 1865ms
2026-02-21T02:40:02.472Z [svc-db-1] gc pause 111ms, heap 219MB
2026-02-21T02:40:02.472Z [svc-db-3] processed batch of 501 items
2026-02-21T02:40:02.473Z [svc-billing-1] processed batch of 134 items
2026-02-21T02:40:02.473Z [svc-billing-2] health check ok
2026-02-21T02:40:02.476Z [svc-auth-0] processed batch of 282 items
2026-02-21T02:40:02.476Z [svc-cache-4] connected to upstream in 21ms
2026-02-21T02:40:02.478Z [svc-billing-3] processed batch of 213 items
2026-02-21T02:40:02.478Z [svc-media-3] warning: slow query took 987ms
2026-02-21T02:40:02.480Z [svc-auth-3] closed idle connection after 67s
2026-02-21T02:40:02.484Z [svc-auth-2] connected to upstream in 15ms
2026-02-21T02:40:02.485Z [svc-db-3] connected to upstream in 29ms
2026-02-21T02:40:02.486Z [svc-search-4] health check ok
2026-02-21T02:40:02.489Z [svc-auth-2] processed batch of 81 items
2026-02-21T02:40:02.491Z [pytest-xdist] gw2 test_billing.py::test_cache_token PASSED in 239ms trace=e00ec776-a949-c795-b280-18a79d19af04
2026-02-21T02:40:02.495Z [svc-cache-2] warning: slow query took 1863ms
2026-02-21T02:40:02.495Z [svc-queue-2] health check ok
2026-02-21T02:40:02.496Z [svc-billing-3] connected to upstream in 26ms
2026-02-21T02:40:02.498Z [svc-notify-3] cache hit rate 88%
2026-02-21T02:40:02.498Z [svc-gateway-2] gc pause 49ms, heap 331MB
2026-02-21T02:40:02.498Z [svc-media-2] closed idle connection after 44s
2026-02-21T02:40:02.499Z [svc-search-1] closed idle connection after 167s
2026-02-21T02:40:02.499Z [svc-notify-0] warning: slow query took 1164ms
2026-02-21T02:40:02.499Z [svc-media-4] closed idle connection after 211s
2026-02-21T02:40:02.500Z [svc-billing-2] closed idle connection after 254s
2026-02-21T02:40:02.502Z [svc-search-1] processed batch of 251 items
2026-02-21T02:40:02.505Z [svc-cache-0] closed idle connection after 48s
2026-02-21T02:40:02.506Z [pytest-xdist] gw1 test_sched.py::test_cache_template PASSED in 148ms trace=deccbebb-d854-4b75-3fcb-0471c12af700
2026-02-21T02:40:02.506Z [svc-auth-2] gc pause 18ms, heap 423MB
2026-02-21T02:40:02.508Z [svc-search-2] processed batch of 199 items
2026-02-21T02:40:02.508Z [svc-notify-1] health check ok
2026-02-21T02:40:02.508Z [svc-notify-2] closed idle connection after 176s
2026-02-21T02:40:02.508Z [svc-queue-1] processed batch of 310 items
2026-02-21T02:40:02.510Z [pytest-xdist] gw0 test_orders.py::test_authorize_webhook PASSED in 222ms trace=9aa158f8-5df7-f149-8392-4343e4184007
2026-02-21T02:40:02.513Z [pytest-xdist] gw5 test_export.py::test_paginate_user PASSED in 200ms trace=18067be8-f81a-5dce-09e2-372887ef788a
2026-02-21T02:40:02.513Z [svc-billing-1] cache hit rate 95%
2026-02-21T02:40:02.513Z [svc-notify-1] closed idle connection after 174s
2026-02-21T02:40:02.513Z [svc-notify-2] warning: slow query took 1360ms
2026-02-21T02:40:02.514Z [svc-search-2] closed idle connection after 274s
2026-02-21T02:40:02.515Z [svc-billing-1] gc pause 111ms, heap 838MB
2026-02-21T02:40:02.517Z [svc-db-3] health check ok
2026-02-21T02:40:02.518Z [svc-media-0] warning: slow query took 240ms
2026-02-21T02:40:02.520Z [svc-auth-1] health check ok
2026-02-21T02:40:02.520Z [svc-billing-2] processed batch of 361 items
2026-02-21T02:40:02.521Z [pytest-xdist] gw1 test_billing.py::test_sync_subscription PASSED in 140ms trace=a3ec84d8-3b05-8ee5-9f6d-0652aa78284e
2026-02-21T02:40:02.524Z [svc-billing-3] cache hit rate 88%
2026-02-21T02:40:02.525Z [svc-db-0] closed idle connection after 102s
2026-02-21T02:40:02.528Z [svc-auth-4] processed batch of 327 items
2026-02-21T02:40:02.530Z [svc-notify-3] retrying connection to s3 (attempt 3/3)
2026-02-21T02:40:02.531Z [svc-auth-4] closed idle connection after 160s
2026-02-21T02:40:02.532Z [svc-sched-4] cache hit rate 88%
2026-02-21T02:40:02.533Z [svc-search-1] closed idle connection after 233s
2026-02-21T02:40:02.534Z [svc-billing-3] connected to upstream in 65ms
2026-02-21T02:40:02.535Z [svc-queue-0] warning: slow query took 376ms
2026-02-21T02:40:02.537Z [svc-db-0] connected to upstream in 73ms
2026-02-21T02:40:02.538Z [svc-billing-4] closed idle connection after 227s
2026-02-21T02:40:02.540Z [svc-auth-3] health check ok
2026-02-21T02:40:02.541Z [pytest-xdist] gw4 test_export.py::test_retry_region PASSED in 249ms trace=53615d2c-0500-1921-c454-3c5504396f75
2026-02-21T02:40:02.541Z [svc-db-1] connected to upstream in 35ms
2026-02-21T02:40:02.541Z [svc-media-4] processed batch of 286 items
2026-02-21T02:40:02.544Z [svc-cache-4] warning: slow query took 935ms
2026-02-21T02:40:02.546Z [pytest-xdist] gw3 test_notify.py::test_notify_refund PASSED in 79ms trace=d46323ed-59c7-8092-2301-59eea1fdeef2
2026-02-21T02:40:02.547Z [svc-gateway-4] gc pause 112ms, heap 936MB
2026-02-21T02:40:02.549Z [svc-search-4] cache hit rate 85%
2026-02-21T02:40:02.551Z [svc-media-2] closed idle connection after 210s
2026-02-21T02:40:02.552Z [pytest-xdist] gw3 test_users.py::test_validate_session PASSED in 111ms trace=4adf3d46-ef90-8e78-8a42-07af59c8a59c
2026-02-21T02:40:02.552Z [svc-queue-3] cache hit rate 85%
2026-02-21T02:40:02.555Z [svc-notify-2] health check ok
2026-02-21T02:40:02.557Z [svc-billing-3] warning: slow query took 1353ms
2026-02-21T02:40:02.557Z [svc-media-3] closed idle connection after 306s
2026-02-21T02:40:02.558Z [svc-cache-3] gc pause 39ms, heap 330MB
2026-02-21T02:40:02.561Z [svc-media-0] warning: slow query took 1344ms
2026-02-21T02:40:02.564Z [svc-search-3] gc pause 47ms, heap 696MB
2026-02-21T02:40:02.567Z [svc-search-4] gc pause 63ms, heap 178MB
2026-02-21T02:40:02.568Z [svc-search-2] cache hit rate 88%
2026-02-21T02:40:02.568Z [svc-queue-4] gc pause 74ms, heap 893MB
2026-02-21T02:40:02.569Z [svc-notify-1] processed batch of 92 items
2026-02-21T02:40:02.570Z [svc-search-4] health check ok
2026-02-21T02:40:02.570Z [svc-notify-3] closed idle connection after 160s
2026-02-21T02:40:02.570Z [svc-gateway-4] gc pause 108ms, heap 320MB
2026-02-21T02:40:02.570Z [svc-queue-3] warning: slow query took 525ms
2026-02-21T02:40:02.572Z [svc-auth-0] closed idle connection after 205s
2026-02-21T02:40:02.573Z [pytest-xdist] gw0 test_gateway.py::test_reconcile_quota PASSED in 190ms trace=88576c40-1149-d0a2-77a1-1de671893a31
2026-02-21T02:40:02.573Z [svc-cache-3] gc pause 111ms, heap 506MB
2026-02-21T02:40:02.573Z [svc-db-0] gc pause 97ms, heap 603MB
2026-02-21T02:40:02.574Z [svc-db-1] warning: slow query took 236ms
2026-02-21T02:40:02.574Z [svc-media-3] gc pause 100ms, heap 532MB
2026-02-21T02:40:02.576Z [svc-db-4] health check ok
2026-02-21T02:40:02.578Z [svc-queue-1] warning: slow query took 687ms
2026-02-21T02:40:02.579Z [svc-queue-2] connected to upstream in 25ms
2026-02-21T02:40:02.582Z [svc-auth-4] processed batch of 382 items
2026-02-21T02:40:02.582Z [svc-billing-1] closed idle connection after 257s
2026-02-21T02:40:02.582Z [svc-queue-2] processed batch of 356 items
2026-02-21T02:40:02.586Z [svc-billing-4] processed batch of 504 items
2026-02-21T02:40:02.587Z [svc-media-2] closed idle connection after 211s
2026-02-21T02:40:02.588Z [svc-media-2] gc pause 121ms, heap 743MB
2026-02-21T02:40:02.589Z [svc-auth-2] processed batch of 505 items
2026-02-21T02:40:02.590Z [svc-billing-1] processed batch of 170 items
2026-02-21T02:40:02.590Z [svc-gateway-1] health check ok
2026-02-21T02:40:02.591Z [pytest-xdist] gw2 test_reports.py::test_delete_index PASSED in 75ms trace=697ca205-9e84-6e4e-7408-8c0373a646a6
2026-02-21T02:40:02.591Z [svc-notify-0] health check ok
2026-02-21T02:40:02.591Z [svc-gateway-4] connected to upstream in 39ms
2026-02-21T02:40:02.593Z [svc-auth-1] processed batch of 320 items
2026-02-21T02:40:02.595Z [svc-search-4] connected to upstream in 62ms
2026-02-21T02:40:02.596Z [svc-search-0] gc pause 78ms, heap 837MB
2026-02-21T02:40:02.598Z [svc-queue-2] gc pause 9ms, heap 423MB
2026-02-21T02:40:02.599Z [svc-sched-3] connected to upstream in 84ms
2026-02-21T02:40:02.600Z [svc-search-3] gc pause 75ms, heap 557MB
2026-02-21T02:40:02.601Z [svc-db-3] closed idle connection after 56s
2026-02-21T02:40:02.603Z [svc-auth-1] warning: slow query took 1838ms
2026-02-21T02:40:02.606Z [pytest-xdist] gw2 test_orders.py::test_reconcile_coupon PASSED in 231ms trace=7860fdd5-ea24-85c2-1314-2b5921a30853
2026-02-21T02:40:02.607Z [svc-media-3] gc pause 98ms, heap 966MB
2026-02-21T02:40:02.612Z [svc-cache-2] health check ok
2026-02-21T02:40:02.616Z [svc-queue-4] processed batch of 503 items
2026-02-21T02:40:02.617Z [pytest-xdist] gw2 test_media.py::test_cache_user PASSED in 150ms trace=dd3c3a61-3130-90ed-b24e-ee818e246bdd
2026-02-21T02:40:02.619Z [svc-notify-1] closed idle connection after 182s
2026-02-21T02:40:02.620Z [svc-db-4] retrying connection to postgres (attempt 3/3)
2026-02-21T02:40:02.622Z [svc-cache-2] processed batch of 332 items
2026-02-21T02:40:02.625Z [svc-notify-1] connected to upstream in 5ms
2026-02-21T02:40:02.626Z [svc-media-0] cache hit rate 92%
2026-02-21T02:40:02.630Z [pytest-xdist] gw3 test_payments.py::test_sync_template PASSED in 31ms trace=2d610eef-ddf8-6f8e-c81b-d325b548a8d6
2026-02-21T02:40:02.631Z [svc-sched-0] health check ok
2026-02-21T02:40:02.631Z [svc-sched-2] warning: slow query took 1699ms
2026-02-21T02:40:02.634Z [svc-media-1] health check ok
2026-02-21T02:40:02.639Z [svc-notify-0] cache hit rate 90%
2026-02-21T02:40:02.639Z [svc-gateway-1] gc pause 71ms, heap 887MB
2026-02-21T02:40:02.641Z [svc-cache-4] cache hit rate 90%
2026-02-21T02:40:02.641Z [svc-billing-1] processed batch of 498 items
2026-02-21T02:40:02.645Z [pytest-xdist] gw4 test_sched.py::test_render_session PASSED in 152ms trace=3bc6aeef-1940-4208-4f71-8d8147dee46f
2026-02-21T02:40:02.645Z [svc-sched-2] connected to upstream in 22ms
2026-02-21T02:40:02.646Z [svc-db-2] processed batch of 160 items
2026-02-21T02:40:02.647Z [svc-cache-2] closed idle connection after 297s
2026-02-21T02:40:02.647Z [svc-cache-4] closed idle connection after 285s
2026-02-21T02:40:02.647Z [svc-notify-1] health check ok
2026-02-21T02:40:02.649Z [svc-billing-0] gc pause 82ms, heap 145MB
2026-02-21T02:40:02.649Z [svc-gateway-2] closed idle connection after 182s
2026-02-21T02:40:02.649Z [svc-gateway-4] cache hit rate 95%
2026-02-21T02:40:02.650Z [svc-db-0] warning: slow query took 679ms
2026-02-21T02:40:02.652Z [svc-queue-1] processed batch of 329 items
2026-02-21T02:40:02.654Z [svc-notify-0] retrying connection to postgres (attempt 1/3)
2026-02-21T02:40:02.655Z [svc-auth-1] cache hit rate 90%
2026-02-21T02:40:02.655Z [svc-auth-4] closed idle connection after 209s
2026-02-21T02:40:02.656Z [svc-sched-0] health check ok
2026-02-21T02:40:02.658Z [pytest-xdist] gw0 test_auth.py::test_sync_refund PASSED in 186ms trace=31ea91c3-1c4c-7b20-a7dc-266eea984563
2026-02-21T02:40:02.658Z [svc-search-2] retrying connection to kafka (attempt 1/3)
2026-02-21T02:40:02.658Z [svc-notify-4] closed idle connection after 207s
2026-02-21T02:40:02.658Z [svc-media-2] connected to upstream in 28ms
2026-02-21T02:40:02.660Z [svc-cache-1] gc pause 123ms, heap 300MB
2026-02-21T02:40:02.661Z [pytest-xdist] gw5 test_queue.py::test_cache_index PASSED in 153ms trace=47250949-a63b-3bd1-458b-868934eb9a5b
2026-02-21T02:40:02.662Z [svc-gateway-3] processed batch of 462 items
2026-02-21T02:40:02.662Z [svc-queue-2] connected to upstream in 57ms
2026-02-21T02:40:02.663Z [svc-search-1] warning: slow query took 796ms
2026-02-21T02:40:02.664Z [svc-sched-4] closed idle connection after 298s
2026-02-21T02:40:02.666Z [svc-gateway-2] gc pause 93ms, heap 357MB
2026-02-21T02:40:02.667Z [svc-billing-4] gc pause 32ms, heap 440MB
2026-02-21T02:40:02.670Z [svc-queue-0] cache hit rate 92%
2026-02-21T02:40:02.674Z [svc-queue-1] cache hit rate 88%
2026-02-21T02:40:02.677Z [svc-db-4] cache hit rate 92%
2026-02-21T02:40:02.679Z [svc-notify-4] processed batch of 507 items
2026-02-21T02:40:02.680Z [svc-queue-3] warning: slow query took 1541ms
2026-02-21T02:40:02.682Z [pytest-xdist] gw2 test_orders.py::test_expire_query PASSED in 168ms trace=357fb048-8549-f900-a7c5-fa00275e3684
2026-02-21T02:40:02.684Z [svc-gateway-0] connected to upstream in 47ms
2026-02-21T02:40:02.684Z [svc-gateway-4] connected to upstream in 56ms
2026-02-21T02:40:02.685Z [svc-media-1] health check ok
2026-02-21T02:40:02.688Z [svc-sched-3] closed idle connection after 201s
2026-02-21T02:40:02.690Z [pytest-xdist] gw2 test_orders.py::test_render_shipment PASSED in 29ms trace=25989fbb-7b87-27c8-4959-c6675065b14c
2026-02-21T02:40:02.693Z [svc-search-4] processed batch of 383 items
2026-02-21T02:40:02.695Z [svc-notify-0] health check ok
2026-02-21T02:40:02.701Z [svc-notify-1] gc pause 119ms, heap 380MB
2026-02-21T02:40:02.701Z [svc-notify-3] health check ok
2026-02-21T02:40:02.702Z [svc-billing-1] retrying connection to kafka (attempt 3/3)
2026-02-21T02:40:02.704Z [svc-db-0] health check ok
2026-02-21T02:40:02.707Z [svc-cache-4] health check ok
2026-02-21T02:40:02.709Z [svc-db-4] health check ok
2026-02-21T02:40:02.710Z [svc-db-4] gc pause 48ms, heap 603MB
2026-02-21T02:40:02.710Z [svc-queue-2] gc pause 79ms, heap 450MB
2026-02-21T02:40:02.711Z [svc-db-4] warning: slow query took 1504ms
2026-02-21T02:40:02.712Z [pytest-xdist] gw4 test_media.py::test_create_token PASSED in 161ms trace=93cc6bc5-7a82-d07a-3bf3-d42b28906461
2026-02-21T02:40:02.721Z [svc-billing-0] processed batch of 318 items
2026-02-21T02:40:02.722Z [svc-notify-0] gc pause 97ms, heap 411MB
2026-02-21T02:40:02.723Z [svc-search-2] cache hit rate 88%
2026-02-21T02:40:02.725Z [svc-sched-1] processed batch of 179 items
2026-02-21T02:40:02.726Z [svc-cache-3] warning: slow query took 284ms
2026-02-21T02:40:02.727Z [svc-search-4] processed batch of 231 items
2026-02-21T02:40:02.728Z [svc-media-4] processed batch of 175 items
2026-02-21T02:40:02.731Z [svc-queue-2] processed batch of 330 items
2026-02-21T02:40:02.732Z [pytest-xdist] gw0 test_search.py::test_reconcile_subscription PASSED in 5ms trace=51826371-8c03-544e-0f9f-e8b1b51fd64b
2026-02-21T02:40:02.732Z [svc-search-4] closed idle connection after 296s
2026-02-21T02:40:02.733Z [svc-db-1] warning: slow query took 884ms
2026-02-21T02:40:02.735Z [svc-queue-4] connected to upstream in 13ms
2026-02-21T02:40:02.736Z [svc-auth-2] processed batch of 367 items
2026-02-21T02:40:02.737Z [svc-gateway-3] closed idle connection after 124s
2026-02-21T02:40:02.738Z [svc-search-1] connected to upstream in 39ms
2026-02-21T02:40:02.738Z [svc-media-0] closed idle connection after 200s
2026-02-21T02:40:02.740Z [pytest-xdist] gw4 test_billing.py::test_update_subscription PASSED in 128ms trace=26427970-d081-0058-8f71-a2491eff58ca
2026-02-21T02:40:02.740Z [svc-auth-1] warning: slow query took 2039ms
2026-02-21T02:40:02.746Z [svc-cache-3] health check ok
2026-02-21T02:40:02.746Z [svc-db-3] connected to upstream in 64ms
2026-02-21T02:40:02.747Z [svc-queue-0] gc pause 68ms, heap 798MB
2026-02-21T02:40:02.749Z [svc-notify-2] processed batch of 329 items
2026-02-21T02:40:02.749Z [svc-queue-4] warning: slow query took 1426ms
2026-02-21T02:40:02.751Z [svc-auth-2] cache hit rate 85%
2026-02-21T02:40:02.751Z [svc-queue-4] gc pause 103ms, heap 994MB
2026-02-21T02:40:02.756Z [svc-media-3] retrying connection to kafka (attempt 3/3)
2026-02-21T02:40:02.757Z [svc-queue-4] health check ok
2026-02-21T02:40:02.758Z [pytest-xdist] gw2 test_search.py::test_update_shipment PASSED in 125ms trace=a74672e1-b439-62fa-c294-51e69223eb0f
2026-02-21T02:40:02.758Z [svc-gateway-1] warning: slow query took 1036ms
2026-02-21T02:40:02.758Z [svc-sched-1] processed batch of 509 items
2026-02-21T02:40:02.761Z [svc-db-1] cache hit rate 85%
2026-02-21T02:40:02.762Z [pytest-xdist] gw3 test_search.py::test_expire_webhook PASSED in 45ms trace=d6ddaab2-1d15-84ba-d862-757882e1c056
2026-02-21T02:40:02.762Z [svc-search-2] gc pause 81ms, heap 961MB
2026-02-21T02:40:02.766Z [svc-sched-0] processed batch of 305 items
2026-02-21T02:40:02.767Z [svc-db-3] gc pause 104ms, heap 474MB
2026-02-21T02:40:02.768Z [svc-sched-3] cache hit rate 95%
2026-02-21T02:40:02.769Z [svc-media-1] processed batch of 296 items
2026-02-21T02:40:02.770Z [svc-gateway-0] connected to upstream in 8ms
2026-02-21T02:40:02.772Z [svc-media-1] gc pause 36ms, heap 909MB
2026-02-21T02:40:02.775Z [svc-billing-2] connected to upstream in 50ms
2026-02-21T02:40:02.777Z [svc-cache-2] connected to upstream in 30ms
2026-02-21T02:40:02.780Z [svc-db-2] retrying connection to elasticsearch (attempt 1/3)
2026-02-21T02:40:02.783Z [pytest-xdist] gw2 test_users.py::test_create_subscription PASSED in 104ms trace=40ad0cb0-9938-9b64-ca59-1325d741cc6f
2026-02-21T02:40:02.783Z [svc-billing-4] cache hit rate 90%
2026-02-21T02:40:02.783Z [svc-media-0] closed idle connection after 106s
2026-02-21T02:40:02.783Z [svc-queue-2] gc pause 51ms, heap 908MB
2026-02-21T02:40:02.784Z [svc-gateway-3] warning: slow query took 1004ms
2026-02-21T02:40:02.787Z [svc-cache-0] processed batch of 49 items
2026-02-21T02:40:02.787Z [svc-db-4] warning: slow query took 2167ms
2026-02-21T02:40:02.790Z [svc-auth-2] warning: slow query took 336ms
2026-02-21T02:40:02.790Z [svc-gateway-3] closed idle connection after 120s
2026-02-21T02:40:02.790Z [svc-media-3] warning: slow query took 752ms
2026-02-21T02:40:02.791Z [svc-cache-0] health check ok
2026-02-21T02:40:02.791Z [svc-db-0] gc pause 17ms, heap 623MB
2026-02-21T02:40:02.791Z [svc-gateway-3] connected to upstream in 74ms
2026-02-21T02:40:02.791Z [svc-queue-4] health check ok
2026-02-21T02:40:02.795Z [svc-gateway-2] health check ok
2026-02-21T02:40:02.798Z [svc-notify-3] connected to upstream in 25ms
2026-02-21T02:40:02.799Z [svc-sched-1] warning: slow query took 1097ms
2026-02-21T02:40:02.800Z [svc-billing-4] health check ok
2026-02-21T02:40:02.801Z [pytest-xdist] gw0 test_import.py::test_paginate_attachment PASSED in 205ms trace=4079ccc5-c41c-f5aa-9239-08237723a5d5
2026-02-21T02:40:02.801Z [svc-cache-3] closed idle connection after 185s
2026-02-21T02:40:02.801Z [svc-media-0] warning: slow query took 1137ms
2026-02-21T02:40:02.802Z [svc-cache-2] health check ok
2026-02-21T02:40:02.814Z [svc-billing-2] gc pause 124ms, heap 480MB
2026-02-21T02:40:02.814Z [svc-notify-3] gc pause 8ms, heap 787MB
2026-02-21T02:40:02.816Z [pytest-xdist] gw2 test_sched.py::test_list_webhook PASSED in 134ms trace=b204dedd-7ac6-ba88-3c6a-b4f9a8002bd1
2026-02-21T02:40:02.816Z [svc-search-4] health check ok
2026-02-21T02:40:02.816Z [svc-sched-3] processed batch of 252 items
2026-02-21T02:40:02.818Z [svc-search-1] health check ok
2026-02-21T02:40:02.819Z [svc-gateway-0] cache hit rate 85%
2026-02-21T02:40:02.820Z [svc-notify-1] warning: slow query took 861ms
2026-02-21T02:40:02.821Z [svc-billing-1] gc pause 95ms, heap 691MB
2026-02-21T02:40:02.822Z [svc-gateway-4] health check ok
2026-02-21T02:40:02.823Z [svc-cache-3] health check ok
2026-02-21T02:40:02.826Z [svc-notify-4] warning: slow query took 2106ms
2026-02-21T02:40:02.827Z [pytest-xdist] gw4 test_media.py::test_reconcile_region PASSED in 201ms trace=51193094-b6c1-90b5-2c3a-5a771d19086a
2026-02-21T02:40:02.827Z [svc-queue-2] processed batch of 239 items
2026-02-21T02:40:02.828Z [svc-billing-3] cache hit rate 90%
2026-02-21T02:40:02.829Z [svc-gateway-3] closed idle connection after 329s
2026-02-21T02:40:02.833Z [svc-db-1] processed batch of 435 items
2026-02-21T02:40:02.833Z [svc-gateway-2] connected to upstream in 14ms
2026-02-21T02:40:02.837Z [svc-cache-1] health check ok
2026-02-21T02:40:02.837Z [svc-cache-1] gc pause 59ms, heap 149MB
2026-02-21T02:40:02.838Z [svc-db-0] connected to upstream in 18ms
2026-02-21T02:40:02.838Z [svc-db-1] connected to upstream in 30ms
2026-02-21T02:40:02.839Z [svc-search-0] processed batch of 27 items
2026-02-21T02:40:02.840Z [svc-queue-0] cache hit rate 90%
2026-02-21T02:40:02.841Z [svc-auth-0] cache hit rate 92%
2026-02-21T02:40:02.846Z [pytest-xdist] gw1 test_notify.py::test_render_attachment PASSED in 173ms trace=0e925d75-e46d-a242-8dd8-fd8a6ecf833c
2026-02-21T02:40:02.848Z [svc-media-2] warning: slow query took 1321ms
2026-02-21T02:40:02.851Z [svc-billing-3] warning: slow query took 1109ms
2026-02-21T02:40:02.853Z [pytest-xdist] gw2 test_notify.py::test_parse_template PASSED in 3ms trace=e1402820-86a3-dee9-4f8d-9f1056ebdd59
2026-02-21T02:40:02.855Z [svc-gateway-1] connected to upstream in 82ms
2026-02-21T02:40:02.857Z [svc-cache-2] warning: slow query took 1435ms
2026-02-21T02:40:02.858Z [svc-search-0] gc pause 78ms, heap 379MB
2026-02-21T02:40:02.858Z [svc-media-2] closed idle connection after 165s
2026-02-21T02:40:02.860Z [svc-cache-2] health check ok
2026-02-21T02:40:02.863Z [pytest-xdist] gw3 test_import.py::test_sync_coupon PASSED in 53ms trace=3641afb1-426d-1a0c-bb34-c1596a45fc43
2026-02-21T02:40:02.863Z [svc-gateway-2] connected to upstream in 24ms
2026-02-21T02:40:02.869Z [svc-search-1] cache hit rate 90%
2026-02-21T02:40:02.869Z [svc-search-2] gc pause 90ms, heap 210MB
2026-02-21T02:40:02.870Z [svc-notify-2] closed idle connection after 211s
2026-02-21T02:40:02.871Z [svc-sched-1] closed idle connection after 86s
2026-02-21T02:40:02.873Z [svc-notify-3] gc pause 124ms, heap 437MB
2026-02-21T02:40:02.874Z [pytest-xdist] gw1 test_reports.py::test_list_query PASSED in 43ms trace=c706e355-18d3-5c2d-7fb7-66633ef370db
2026-02-21T02:40:02.874Z [svc-billing-2] health check ok
2026-02-21T02:40:02.874Z [svc-queue-1] gc pause 51ms, heap 177MB
2026-02-21T02:40:02.875Z [svc-sched-1] health check ok
2026-02-21T02:40:02.877Z [svc-search-4] warning: slow query took 1624ms
2026-02-21T02:40:02.877Z [svc-queue-4] cache hit rate 90%
2026-02-21T02:40:02.880Z [svc-gateway-2] gc pause 17ms, heap 444MB
2026-02-21T02:40:02.882Z [svc-search-0] processed batch of 31 items
2026-02-21T02:40:02.884Z [svc-queue-1] cache hit rate 90%
2026-02-21T02:40:02.885Z [svc-gateway-3] warning: slow query took 332ms
2026-02-21T02:40:02.886Z [svc-notify-3] cache hit rate 92%
2026-02-21T02:40:02.887Z [svc-gateway-3] cache hit rate 92%
2026-02-21T02:40:02.889Z [svc-billing-4] retrying connection to vault (attempt 2/3)
2026-02-21T02:40:02.889Z [svc-gateway-2] closed idle connection after 322s
2026-02-21T02:40:02.890Z [svc-search-3] health check ok
2026-02-21T02:40:02.892Z [svc-notify-0] warning: slow query took 1310ms
2026-02-21T02:40:02.892Z [svc-gateway-0] gc pause 42ms, heap 893MB
2026-02-21T02:40:02.893Z [pytest-xdist] gw2 test_queue.py::test_authorize_attachment PASSED in 96ms trace=12044960-1bd0-d6fe-65f4-f15356da66a5
2026-02-21T02:40:02.893Z [svc-billing-1] health check ok
2026-02-21T02:40:02.894Z [svc-notify-3] processed batch of 10 items
2026-02-21T02:40:02.895Z [svc-sched-3] processed batch of 217 items
2026-02-21T02:40:02.897Z [svc-gateway-1] gc pause 49ms, heap 460MB
2026-02-21T02:40:02.901Z [svc-db-1] gc pause 102ms, heap 153MB
2026-02-21T02:40:02.901Z [svc-billing-1] connected to upstream in 78ms
2026-02-21T02:40:02.904Z [pytest-xdist] gw4 test_queue.py::test_parse_attachment PASSED in 188ms trace=7c1830e9-b8fe-3a73-6382-91a6f369430c
2026-02-21T02:40:02.904Z [svc-sched-0] cache hit rate 88%
2026-02-21T02:40:02.905Z [svc-auth-4] gc pause 119ms, heap 643MB
2026-02-21T02:40:02.905Z [svc-gateway-2] processed batch of 180 items
2026-02-21T02:40:02.905Z [svc-media-0] cache hit rate 90%
2026-02-21T02:40:02.906Z [svc-gateway-3] connected to upstream in 21ms
2026-02-21T02:40:02.908Z [svc-db-0] gc pause 122ms, heap 987MB
2026-02-21T02:40:02.908Z [svc-gateway-1] gc pause 21ms, heap 446MB
2026-02-21T02:40:02.909Z [svc-notify-1] processed batch of 160 items
2026-02-21T02:40:02.910Z [pytest-xdist] gw2 test_search.py::test_parse_user PASSED in 210ms trace=b1ba1a57-2023-63a9-26de-05a790510fe1
2026-02-21T02:40:02.910Z [svc-cache-4] closed idle connection after 157s
2026-02-21T02:40:02.910Z [svc-media-1] warning: slow query took 1900ms
2026-02-21T02:40:02.911Z [svc-cache-1] closed idle connection after 259s
2026-02-21T02:40:02.911Z [svc-search-3] health check ok
2026-02-21T02:40:02.914Z [svc-auth-1] warning: slow query took 929ms
2026-02-21T02:40:02.914Z [svc-sched-2] gc pause 109ms, heap 267MB
2026-02-21T02:40:02.915Z [svc-notify-0] connected to upstream in 26ms
2026-02-21T02:40:02.918Z [svc-media-4] processed batch of 349 items
2026-02-21T02:40:02.920Z [svc-billing-0] connected to upstream in 77ms
2026-02-21T02:40:02.921Z [svc-notify-2] health check ok
2026-02-21T02:40:02.922Z [svc-media-1] processed batch of 234 items
2026-02-21T02:40:02.922Z [svc-queue-0] retrying connection to vault (attempt 1/3)
2026-02-21T02:40:02.922Z [svc-queue-3] gc pause 107ms, heap 925MB
2026-02-21T02:40:02.923Z [svc-media-1] cache hit rate 90%
2026-02-21T02:40:02.924Z [svc-billing-1] health check ok
2026-02-21T02:40:02.925Z [svc-auth-0] warning: slow query took 867ms
2026-02-21T02:40:02.928Z [svc-db-2] connected to upstream in 74ms
2026-02-21T02:40:02.929Z [svc-auth-4] health check ok
2026-02-21T02:40:02.931Z [svc-media-2] cache hit rate 85%
2026-02-21T02:40:02.932Z [pytest-xdist] gw0 test_reports.py::test_sync_quota PASSED in 19ms trace=a73c696e-cbff-f373-7938-199c6a995344
2026-02-21T02:40:02.934Z [svc-media-0] processed batch of 415 items
2026-02-21T02:40:02.934Z [svc-queue-3] gc pause 18ms, heap 677MB
2026-02-21T02:40:02.935Z [svc-search-3] connected to upstream in 21ms
2026-02-21T02:40:02.935Z [svc-sched-0] gc pause 101ms, heap 996MB
2026-02-21T02:40:02.936Z [svc-auth-4] retrying connection to kafka (attempt 2/3)
2026-02-21T02:40:02.936Z [svc-cache-1] warning: slow query took 1338ms
2026-02-21T02:40:02.936Z [svc-db-4] warning: slow query took 878ms
2026-02-21T02:40:02.936Z [svc-gateway-0] warning: slow query took 430ms
2026-02-21T02:40:02.938Z [svc-gateway-0] warning: slow query took 1772ms
2026-02-21T02:40:02.939Z [svc-sched-1] connected to upstream in 44ms
2026-02-21T02:40:02.939Z [svc-sched-2] processed batch of 127 items
2026-02-21T02:40:02.940Z [svc-db-1] health check ok
2026-02-21T02:40:02.942Z [svc-gateway-1] cache hit rate 90%
2026-02-21T02:40:02.942Z [svc-sched-4] health check ok
2026-02-21T02:40:02.945Z [svc-search-2] connected to upstream in 7ms
2026-02-21T02:40:02.945Z [svc-notify-3] closed idle connection after 173s
2026-02-21T02:40:02.946Z [svc-billing-2] connected to upstream in 27ms
2026-02-21T02:40:02.949Z [svc-sched-0] warning: slow query took 593ms
2026-02-21T02:40:02.950Z [svc-search-2] warning: slow query took 383ms
2026-02-21T02:40:02.952Z [pytest-xdist] gw5 test_billing.py::test_notify_query PASSED in 14ms trace=7f96a709-0d3e-7b4e-18c7-93f4fe458b78
2026-02-21T02:40:02.953Z [svc-sched-4] closed idle connection after 153s
2026-02-21T02:40:02.955Z [svc-notify-1] closed idle connection after 60s
2026-02-21T02:40:02.955Z [svc-sched-1] closed idle connection after 188s
2026-02-21T02:40:02.957Z [svc-notify-4] closed idle connection after 276s
2026-02-21T02:40:02.959Z [svc-billing-3] gc pause 19ms, heap 934MB
2026-02-21T02:40:02.960Z [svc-queue-2] health check ok
2026-02-21T02:40:02.965Z [svc-db-1] closed idle connection after 163s
2026-02-21T02:40:02.967Z [svc-notify-1] gc pause 84ms, heap 420MB
2026-02-21T02:40:02.968Z [svc-auth-4] warning: slow query took 1052ms
2026-02-21T02:40:02.969Z [svc-gateway-3] cache hit rate 85%
2026-02-21T02:40:02.971Z [pytest-xdist] gw1 test_media.py::test_reconcile_shipment PASSED in 85ms trace=66b9bcbc-53c4-67b7-2fc8-ec84758d5371
2026-02-21T02:40:02.971Z [svc-notify-3] closed idle connection after 75s
2026-02-21T02:40:02.973Z [svc-db-4] cache hit rate 88%
2026-02-21T02:40:02.973Z [svc-search-1] connected to upstream in 7ms
2026-02-21T02:40:02.973Z [svc-media-1] cache hit rate 85%
2026-02-21T02:40:02.973Z [svc-media-2] gc pause 111ms, heap 829MB
2026-02-21T02:40:02.974Z [svc-notify-3] cache hit rate 92%
2026-02-21T02:40:02.977Z [svc-db-2] health check ok
2026-02-21T02:40:02.977Z [svc-media-0] closed idle connection after 312s
2026-02-21T02:40:02.978Z [svc-search-2] closed idle connection after 279s
2026-02-21T02:40:02.979Z [pytest-xdist] gw5 test_reports.py::test_update_user PASSED in 74ms trace=623cbd7b-009a-b1e8-aa06-0275b8c80caa
2026-02-21T02:40:02.982Z [svc-cache-1] processed batch of 338 items
2026-02-21T02:40:02.983Z [svc-auth-0] closed idle connection after 50s
2026-02-21T02:40:02.984Z [pytest-xdist] gw4 test_import.py::test_cache_subscription PASSED in 238ms trace=b8a5daf7-c7c8-4203-4f09-b56418b868da
2026-02-21T02:40:02.984Z [svc-billing-0] closed idle connection after 303s
2026-02-21T02:40:02.985Z [svc-media-2] gc pause 69ms, heap 769MB
2026-02-21T02:40:02.986Z [svc-billing-1] retrying connection to kafka (attempt 3/3)
2026-02-21T02:40:02.987Z [pytest-xdist] gw2 test_users.py::test_render_user PASSED in 61ms trace=b079f752-58d7-d1da-4c1a-5af314302aac
2026-02-21T02:40:02.988Z [svc-db-2] connected to upstream in 33ms
2026-02-21T02:40:02.990Z [svc-cache-4] closed idle connection after 83s
2026-02-21T02:40:02.992Z [svc-cache-0] retrying connection to vault (attempt 3/3)
2026-02-21T02:40:02.996Z [svc-auth-1] connected to upstream in 76ms
2026-02-21T02:40:02.997Z [svc-queue-2] gc pause 95ms, heap 968MB
2026-02-21T02:40:02.998Z [svc-billing-2] processed batch of 163 items
2026-02-21T02:40:02.999Z [svc-cache-1] connected to upstream in 12ms
2026-02-21T02:40:02.999Z [svc-notify-2] cache hit rate 92%
2026-02-21T02:40:03.000Z [svc-search-0] warning: slow query took 855ms
2026-02-21T02:40:03.001Z [svc-queue-2] closed idle connection after 56s
2026-02-21T02:40:03.006Z [svc-gateway-1] closed idle connection after 59s
2026-02-21T02:40:03.007Z [svc-cache-3] cache hit rate 95%
2026-02-21T02:40:03.008Z [pytest-xdist] gw0 test_search.py::test_create_subscription PASSED in 114ms trace=bb5a5f79-7798-32ab-e960-bca29e2eacf9
2026-02-21T02:40:03.009Z [svc-billing-3] gc pause 40ms, heap 504MB
2026-02-21T02:40:03.010Z [svc-cache-0] connected to upstream in 27ms
2026-02-21T02:40:03.010Z [svc-db-3] warning: slow query took 785ms
2026-02-21T02:40:03.011Z [svc-cache-4] gc pause 89ms, heap 640MB
2026-02-21T02:40:03.011Z [svc-gateway-1] closed idle connection after 122s
2026-02-21T02:40:03.014Z [svc-cache-2] closed idle connection after 197s
2026-02-21T02:40:03.014Z [svc-db-1] gc pause 50ms, heap 728MB
2026-02-21T02:40:03.015Z [pytest-xdist] gw2 test_billing.py::test_sync_session PASSED in 202ms trace=3ce6ffdd-2d0e-cb54-2bf2-e09d2112decf
2026-02-21T02:40:03.015Z [svc-cache-0] retrying connection to vault (attempt 1/3)
2026-02-21T02:40:03.015Z [svc-billing-1] connected to upstream in 48ms
2026-02-21T02:40:03.016Z [svc-media-3] health check ok
2026-02-21T02:40:03.017Z [svc-cache-1] connected to upstream in 6ms
2026-02-21T02:40:03.017Z [svc-search-0] cache hit rate 90%
2026-02-21T02:40:03.019Z [svc-notify-1] closed idle connection after 263s
2026-02-21T02:40:03.019Z [svc-sched-0] closed idle connection after 303s
2026-02-21T02:40:03.022Z [svc-gateway-1] closed idle connection after 286s
2026-02-21T02:40:03.023Z [svc-billing-1] processed batch of 14 items
2026-02-21T02:40:03.023Z [svc-media-1] warning: slow query took 1592ms
2026-02-21T02:40:03.024Z [svc-search-0] closed idle connection after 115s
2026-02-21T02:40:03.024Z [svc-notify-3] cache hit rate 95%
2026-02-21T02:40:03.025Z [svc-search-4] gc pause 75ms, heap 890MB
2026-02-21T02:40:03.026Z [svc-billing-3] gc pause 49ms, heap 439MB
2026-02-21T02:40:03.028Z [svc-gateway-1] gc pause 110ms, heap 755MB
2026-02-21T02:40:03.031Z [svc-search-3] processed batch of 503 items
2026-02-21T02:40:03.031Z [svc-search-3] closed idle connection after 248s
2026-02-21T02:40:03.032Z [svc-media-2] retrying connection to redis (attempt 3/3)
2026-02-21T02:40:03.032Z [svc-queue-1] warning: slow query took 1523ms
2026-02-21T02:40:03.034Z [svc-db-3] warning: slow query took 1055ms
2026-02-21T02:40:03.035Z [svc-cache-0] processed batch of 61 items
2026-02-21T02:40:03.036Z [pytest-xdist] gw4 test_reports.py::test_update_query PASSED in 44ms trace=c657de7f-fa13-291e-d6a3-6cefff185a97
2026-02-21T02:40:03.036Z [svc-search-2] gc pause 13ms, heap 812MB
2026-02-21T02:40:03.039Z [svc-db-4] warning: slow query took 1539ms
2026-02-21T02:40:03.041Z [svc-billing-2] health check ok
2026-02-21T02:40:03.041Z [svc-gateway-1] connected to upstream in 39ms
2026-02-21T02:40:03.041Z [svc-media-0] cache hit rate 95%
2026-02-21T02:40:03.041Z [svc-sched-2] warning: slow query took 1811ms
2026-02-21T02:40:03.043Z [svc-sched-4] processed batch of 47 items
2026-02-21T02:40:03.044Z [svc-db-3] gc pause 10ms, heap 223MB
2026-02-21T02:40:03.044Z [svc-billing-0] processed batch of 476 items
2026-02-21T02:40:03.044Z [svc-notify-4] closed idle connection after 154s
2026-02-21T02:40:03.045Z [svc-cache-2] closed idle connection after 314s
2026-02-21T02:40:03.045Z [svc-gateway-2] warning: slow query took 1126ms
2026-02-21T02:40:03.045Z [svc-queue-3] retrying connection to kafka (attempt 1/3)
2026-02-21T02:40:03.046Z [svc-notify-0] processed batch of 250 items
2026-02-21T02:40:03.047Z [svc-media-3] cache hit rate 90%
2026-02-21T02:40:03.050Z [svc-billing-1] closed idle connection after 183s
2026-02-21T02:40:03.051Z [svc-notify-0] warning: slow query took 1656ms
2026-02-21T02:40:03.051Z [svc-media-1] gc pause 14ms, heap 499MB
2026-02-21T02:40:03.052Z [pytest-xdist] gw3 test_webhooks.py::test_validate_region PASSED in 66ms trace=0a83a8d0-d0a6-34cc-093d-e37ac6fd9441
2026-02-21T02:40:03.052Z [svc-sched-3] connected to upstream in 53ms
2026-02-21T02:40:03.053Z [svc-db-4] cache hit rate 85%
2026-02-21T02:40:03.055Z [svc-auth-3] connected to upstream in 20ms
2026-02-21T02:40:03.057Z [svc-queue-1] health check ok
2026-02-21T02:40:03.061Z [pytest-xdist] gw1 test_reports.py::test_cache_refund PASSED in 40ms trace=d4419209-06a7-a2d1-0fb1-9aef9c0c78b3
2026-02-21T02:40:03.061Z [svc-notify-2] cache hit rate 90%
2026-02-21T02:40:03.061Z [svc-media-4] gc pause 20ms, heap 458MB
2026-02-21T02:40:03.064Z [svc-cache-2] connected to upstream in 42ms
2026-02-21T02:40:03.065Z [svc-db-4] processed batch of 65 items
2026-02-21T02:40:03.067Z [svc-search-4] gc pause 20ms, heap 806MB
2026-02-21T02:40:03.069Z [svc-auth-1] health check ok
2026-02-21T02:40:03.071Z [svc-queue-3] connected to upstream in 23ms
2026-02-21T02:40:03.074Z [svc-gateway-4] closed idle connection after 250s
2026-02-21T02:40:03.075Z [svc-cache-1] connected to upstream in 38ms
2026-02-21T02:40:03.076Z [svc-search-4] warning: slow query took 1516ms
2026-02-21T02:40:03.077Z [pytest-xdist] gw3 test_search.py::test_validate_invoice PASSED in 226ms trace=a0ee88fd-f753-9018-8f0d-ed07a6ad4440
2026-02-21T02:40:03.079Z [svc-gateway-4] cache hit rate 88%
2026-02-21T02:40:03.080Z [svc-cache-2] warning: slow query took 1191ms
2026-02-21T02:40:03.080Z [svc-notify-4] closed idle connection after 237s
2026-02-21T02:40:03.082Z [svc-search-0] processed batch of 378 items
2026-02-21T02:40:03.084Z [pytest-xdist] gw5 test_queue.py::test_notify_subscription PASSED in 69ms trace=2582cdab-a427-208e-e9b9-771ffdeaa4b2
2026-02-21T02:40:03.089Z [svc-auth-2] connected to upstream in 34ms
2026-02-21T02:40:03.089Z [svc-db-4] warning: slow query took 1808ms
2026-02-21T02:40:03.090Z [svc-queue-1] connected to upstream in 25ms
2026-02-21T02:40:03.098Z [svc-search-3] gc pause 44ms, heap 892MB
2026-02-21T02:40:03.100Z [svc-billing-0] health check ok
2026-02-21T02:40:03.100Z [svc-sched-3] gc pause 91ms, heap 557MB
2026-02-21T02:40:03.101Z [svc-db-0] connected to upstream in 19ms
2026-02-21T02:40:03.101Z [svc-gateway-4] closed idle connection after 174s
2026-02-21T02:40:03.103Z [svc-media-1] connected to upstream in 44ms
2026-02-21T02:40:03.105Z [pytest-xdist] gw0 test_webhooks.py::test_sync_user PASSED in 49ms trace=6e51d029-cf6d-58be-f466-6b14a3ee9b7f
2026-02-21T02:40:03.106Z [svc-gateway-1] processed batch of 169 items
2026-02-21T02:40:03.108Z [svc-billing-0] connected to upstream in 82ms
2026-02-21T02:40:03.109Z [svc-media-4] warning: slow query took 1493ms
2026-02-21T02:40:03.110Z [svc-billing-0] processed batch of 257 items
2026-02-21T02:40:03.111Z [svc-search-3] connected to upstream in 45ms
2026-02-21T02:40:03.111Z [svc-sched-2] warning: slow query took 660ms
2026-02-21T02:40:03.112Z [svc-notify-4] warning: slow query took 2139ms
2026-02-21T02:40:03.112Z [svc-sched-4] processed batch of 135 items
2026-02-21T02:40:03.116Z [svc-cache-2] gc pause 121ms, heap 631MB
2026-02-21T02:40:03.116Z [svc-search-1] closed idle connection after 194s
2026-02-21T02:40:03.117Z [svc-search-2] closed idle connection after 60s
2026-02-21T02:40:03.119Z [svc-db-0] health check ok
2026-02-21T02:40:03.120Z [svc-search-0] gc pause 104ms, heap 200MB
2026-02-21T02:40:03.120Z [svc-notify-4] connected to upstream in 37ms
2026-02-21T02:40:03.121Z [svc-auth-1] gc pause 101ms, heap 177MB
2026-02-21T02:40:03.121Z [svc-gateway-2] warning: slow query took 325ms
2026-02-21T02:40:03.122Z [svc-queue-2] connected to upstream in 26ms
2026-02-21T02:40:03.125Z [svc-notify-4] gc pause 18ms, heap 915MB
2026-02-21T02:40:03.126Z [pytest-xdist] gw5 test_payments.py::test_retry_token PASSED in 7ms trace=658785b2-b48d-c508-2d0c-1be3c7929f50
2026-02-21T02:40:03.126Z [svc-cache-1] cache hit rate 88%
2026-02-21T02:40:03.127Z [svc-cache-1] connected to upstream in 22ms
2026-02-21T02:40:03.128Z [svc-auth-0] health check ok
2026-02-21T02:40:03.129Z [svc-gateway-3] closed idle connection after 111s
2026-02-21T02:40:03.131Z [svc-billing-0] cache hit rate 92%
2026-02-21T02:40:03.131Z [svc-gateway-0] gc pause 122ms, heap 812MB
2026-02-21T02:40:03.132Z [svc-queue-1] warning: slow query took 753ms
2026-02-21T02:40:03.134Z [svc-db-4] processed batch of 484 items
2026-02-21T02:40:03.134Z [svc-search-2] connected to upstream in 18ms
2026-02-21T02:40:03.134Z [svc-queue-2] health check ok
2026-02-21T02:40:03.138Z [svc-billing-1] warning: slow query took 776ms
2026-02-21T02:40:03.142Z [svc-auth-2] connected to upstream in 72ms
2026-02-21T02:40:03.144Z [pytest-xdist] gw1 test_notify.py::test_create_template PASSED in 68ms trace=2b2ab940-a775-441a-8654-e74bc359bdb2
2026-02-21T02:40:03.145Z [svc-auth-4] gc pause 61ms, heap 476MB
2026-02-21T02:40:03.145Z [svc-gateway-4] processed batch of 385 items
2026-02-21T02:40:03.145Z [svc-queue-1] processed batch of 58 items
2026-02-21T02:40:03.147Z [svc-sched-3] closed idle connection after 247s
2026-02-21T02:40:03.150Z [svc-auth-1] processed batch of 33 items
2026-02-21T02:40:03.151Z [svc-auth-4] gc pause 28ms, heap 349MB
2026-02-21T02:40:03.155Z [svc-search-0] health check ok
2026-02-21T02:40:03.156Z [svc-cache-0] gc pause 46ms, heap 540MB
2026-02-21T02:40:03.156Z [svc-billing-4] cache hit rate 90%
2026-02-21T02:40:03.160Z [svc-search-0] gc pause 83ms, heap 805MB
2026-02-21T02:40:03.161Z [svc-gateway-2] closed idle connection after 133s
2026-02-21T02:40:03.161Z [svc-sched-4] connected to upstream in 39ms
2026-02-21T02:40:03.162Z [svc-db-0] cache hit rate 88%
2026-02-21T02:40:03.163Z [svc-search-1] cache hit rate 95%
2026-02-21T02:40:03.166Z [pytest-xdist] gw5 test_import.py::test_parse_webhook PASSED in 125ms trace=f32bb43a-4732-ae81-385c-53e3b3948e92
2026-02-21T02:40:03.166Z [svc-cache-0] closed idle connection after 48s
2026-02-21T02:40:03.169Z [pytest-xdist] gw2 test_search.py::test_render_token PASSED in 248ms trace=4eaa8d62-6dca-e359-30b8-83b6103ffee4
2026-02-21T02:40:03.172Z [svc-media-1] gc pause 40ms, heap 859MB
2026-02-21T02:40:03.173Z [pytest-xdist] gw3 test_billing.py::test_delete_shipment PASSED in 215ms trace=7fd3a6e5-c034-9e77-37d8-9b8029c63019
2026-02-21T02:40:03.173Z [svc-media-4] warning: slow query took 2013ms
2026-02-21T02:40:03.176Z [svc-queue-0] processed batch of 167 items
2026-02-21T02:40:03.178Z [pytest-xdist] gw0 test_users.py::test_sync_subscription PASSED in 156ms trace=45dffc04-27e2-87d6-e575-7da80d002657
2026-02-21T02:40:03.180Z [svc-queue-3] health check ok
2026-02-21T02:40:03.182Z [pytest-xdist] gw3 test_orders.py::test_reconcile_refund PASSED in 23ms trace=337e02c4-4263-8d8d-9cdd-3367da667778
2026-02-21T02:40:03.183Z [svc-cache-3] gc pause 119ms, heap 756MB
2026-02-21T02:40:03.185Z [svc-db-0] retrying connection to kafka (attempt 1/3)
2026-02-21T02:40:03.185Z [svc-search-4] warning: slow query took 535ms
2026-02-21T02:40:03.187Z [svc-notify-2] gc pause 51ms, heap 806MB
2026-02-21T02:40:03.189Z [svc-db-3] health check ok
2026-02-21T02:40:03.189Z [svc-db-4] health check ok
2026-02-21T02:40:03.189Z [svc-billing-1] cache hit rate 88%
2026-02-21T02:40:03.189Z [svc-search-2] processed batch of 338 items
2026-02-21T02:40:03.190Z [svc-notify-3] gc pause 79ms, heap 123MB
2026-02-21T02:40:03.191Z [svc-sched-4] health check ok
2026-02-21T02:40:03.197Z [pytest-xdist] gw5 test_auth.py::test_list_session PASSED in 226ms trace=4a3fc0c2-1f5a-813e-717d-2c7e864ff0e1
2026-02-21T02:40:03.200Z [svc-auth-4] processed batch of 298 items
2026-02-21T02:40:03.200Z [svc-db-4] retrying connection to postgres (attempt 1/3)
2026-02-21T02:40:03.200Z [svc-db-4] closed idle connection after 159s
2026-02-21T02:40:03.201Z [pytest-xdist] gw1 test_notify.py::test_reconcile_invoice PASSED in 156ms trace=6f6aca30-e3e9-0db0-21be-1c4389341d0a
2026-02-21T02:40:03.204Z [pytest-xdist] gw2 test_sched.py::test_parse_refund PASSED in 28ms trace=4c958586-bb26-c40c-3f44-19476aa891b5
2026-02-21T02:40:03.205Z [svc-db-3] warning: slow query took 963ms
2026-02-21T02:40:03.206Z [svc-cache-2] retrying connection to redis (attempt 2/3)
2026-02-21T02:40:03.207Z [svc-db-2] closed idle connection after 121s
2026-02-21T02:40:03.210Z [svc-cache-1] health check ok
2026-02-21T02:40:03.211Z [svc-cache-0] warning: slow query took 1484ms
2026-02-21T02:40:03.212Z [svc-notify-4] cache hit rate 92%
2026-02-21T02:40:03.212Z [svc-media-2] connected to upstream in 63ms
2026-02-21T02:40:03.213Z [svc-media-0] gc pause 15ms, heap 103MB
2026-02-21T02:40:03.215Z [svc-search-1] gc pause 101ms, heap 275MB
2026-02-21T02:40:03.218Z [svc-gateway-3] cache hit rate 85%
2026-02-21T02:40:03.219Z [svc-auth-2] health check ok
2026-02-21T02:40:03.219Z [svc-gateway-1] connected to upstream in 16ms
2026-02-21T02:40:03.220Z [svc-billing-3] connected to upstream in 46ms
2026-02-21T02:40:03.220Z [svc-notify-2] health check ok
2026-02-21T02:40:03.220Z [svc-queue-4] health check ok
2026-02-21T02:40:03.223Z [pytest-xdist] gw2 test_users.py::test_reconcile_index PASSED in 229ms trace=4fef6062-775f-1721-194e-b85f1a46d4f6
2026-02-21T02:40:03.223Z [svc-cache-4] health check ok
2026-02-21T02:40:03.223Z [svc-billing-0] processed batch of 92 items
2026-02-21T02:40:03.227Z [pytest-xdist] gw5 test_reports.py::test_update_invoice PASSED in 155ms trace=42b8627e-47bb-7c93-98ff-5cc7a84641c0
2026-02-21T02:40:03.230Z [svc-gateway-1] cache hit rate 92%
2026-02-21T02:40:03.233Z [svc-db-4] connected to upstream in 43ms
2026-02-21T02:40:03.233Z [svc-search-3] connected to upstream in 49ms
2026-02-21T02:40:03.234Z [svc-auth-1] closed idle connection after 32s
2026-02-21T02:40:03.237Z [svc-queue-1] closed idle connection after 251s
2026-02-21T02:40:03.238Z [svc-cache-3] health check ok
2026-02-21T02:40:03.238Z [svc-media-2] connected to upstream in 43ms
2026-02-21T02:40:03.239Z [svc-search-3] processed batch of 242 items
2026-02-21T02:40:03.241Z [svc-billing-0] warning: slow query took 1141ms
2026-02-21T02:40:03.243Z [pytest-xdist] gw4 test_orders.py::test_parse_subscription PASSED in 4ms trace=fdcfbd38-8e5b-9605-db4c-26a54434dba5
2026-02-21T02:40:03.245Z [svc-media-2] retrying connection to redis (attempt 2/3)
2026-02-21T02:40:03.247Z [svc-auth-1] warning: slow query took 1412ms
2026-02-21T02:40:03.247Z [svc-media-2] processed batch of 95 items
2026-02-21T02:40:03.248Z [svc-cache-1] processed batch of 409 items
2026-02-21T02:40:03.250Z [svc-auth-3] closed idle connection after 80s
2026-02-21T02:40:03.253Z [svc-sched-1] gc pause 58ms, heap 851MB
2026-02-21T02:40:03.255Z [svc-db-4] closed idle connection after 275s
2026-02-21T02:40:03.256Z [pytest-xdist] gw1 test_media.py::test_create_coupon PASSED in 125ms trace=b1b5e19b-628d-7615-e398-9a65a9d092c8
2026-02-21T02:40:03.258Z [svc-auth-4] warning: slow query took 672ms
2026-02-21T02:40:03.258Z [svc-cache-1] retrying connection to postgres (attempt 2/3)
2026-02-21T02:40:03.261Z [svc-notify-4] warning: slow query took 904ms
2026-02-21T02:40:03.262Z [svc-billing-3] closed idle connection after 138s
2026-02-21T02:40:03.264Z [svc-auth-1] connected to upstream in 47ms
2026-02-21T02:40:03.264Z [svc-search-1] gc pause 41ms, heap 715MB
2026-02-21T02:40:03.264Z [svc-notify-4] warning: slow query took 1842ms
2026-02-21T02:40:03.264Z [svc-sched-0] processed batch of 161 items
2026-02-21T02:40:03.265Z [svc-notify-2] processed batch of 75 items
2026-02-21T02:40:03.266Z [svc-sched-2] warning: slow query took 1360ms
2026-02-21T02:40:03.268Z [svc-billing-0] processed batch of 467 items
2026-02-21T02:40:03.268Z [svc-billing-0] warning: slow query took 1595ms
2026-02-21T02:40:03.268Z [svc-billing-3] retrying connection to elasticsearch (attempt 2/3)
2026-02-21T02:40:03.268Z [svc-queue-2] health check ok
2026-02-21T02:40:03.269Z [svc-db-3] gc pause 79ms, heap 306MB
2026-02-21T02:40:03.270Z [svc-cache-2] processed batch of 284 items
2026-02-21T02:40:03.271Z [svc-queue-4] cache hit rate 95%
2026-02-21T02:40:03.272Z [svc-search-0] warning: slow query took 1246ms
2026-02-21T02:40:03.275Z [svc-auth-0] health check ok
2026-02-21T02:40:03.275Z [svc-auth-3] warning: slow query took 1033ms
2026-02-21T02:40:03.276Z [svc-notify-1] health check ok
2026-02-21T02:40:03.276Z [svc-gateway-4] connected to upstream in 76ms
2026-02-21T02:40:03.277Z [svc-media-2] warning: slow query took 936ms
2026-02-21T02:40:03.278Z [pytest-xdist] gw1 test_orders.py::test_list_template PASSED in 96ms trace=8a333857-880a-ffd1-143d-e94b21d5649d
2026-02-21T02:40:03.278Z [svc-billing-4] warning: slow query took 1877ms
2026-02-21T02:40:03.278Z [svc-search-4] retrying connection to elasticsearch (attempt 3/3)
2026-02-21T02:40:03.280Z [svc-auth-3] gc pause 89ms, heap 877MB
2026-02-21T02:40:03.280Z [svc-db-3] connected to upstream in 8ms
2026-02-21T02:40:03.281Z [pytest-xdist] gw5 test_export.py::test_list_index PASSED in 80ms trace=455585fd-371a-70e9-b3b5-a7ce233401f5
2026-02-21T02:40:03.283Z [svc-search-2] warning: slow query took 1783ms
2026-02-21T02:40:03.286Z [pytest-xdist] gw0 test_users.py::test_paginate_user PASSED in 169ms trace=5cbb5011-5e8d-270b-eb67-096576229562
2026-02-21T02:40:03.286Z [svc-cache-3] connected to upstream in 51ms
2026-02-21T02:40:03.288Z [svc-notify-4] processed batch of 500 items
2026-02-21T02:40:03.293Z [svc-queue-4] processed batch of 321 items
2026-02-21T02:40:03.294Z [svc-search-1] retrying connection to redis (attempt 1/3)
2026-02-21T02:40:03.297Z [svc-search-2] health check ok
2026-02-21T02:40:03.298Z [svc-auth-0] cache hit rate 92%
2026-02-21T02:40:03.299Z [svc-cache-1] cache hit rate 85%
2026-02-21T02:40:03.300Z [svc-auth-1] retrying connection to vault (attempt 1/3)
2026-02-21T02:40:03.301Z [svc-sched-4] warning: slow query took 1253ms
2026-02-21T02:40:03.304Z [pytest-xdist] gw3 test_sched.py::test_expire_user PASSED in 204ms trace=d30902f5-0e30-ef84-4252-c6122d499ef7
2026-02-21T02:40:03.304Z [svc-search-4] health check ok
2026-02-21T02:40:03.305Z [svc-auth-2] cache hit rate 88%
2026-02-21T02:40:03.305Z [svc-billing-3] health check ok
2026-02-21T02:40:03.306Z [svc-db-2] gc pause 28ms, heap 118MB
2026-02-21T02:40:03.307Z [svc-billing-4] gc pause 66ms, heap 932MB
2026-02-21T02:40:03.308Z [svc-queue-1] processed batch of 228 items
2026-02-21T02:40:03.313Z [svc-media-2] warning: slow query took 1131ms
2026-02-21T02:40:03.315Z [svc-cache-4] health check ok
2026-02-21T02:40:03.316Z [svc-billing-3] processed batch of 267 items
2026-02-21T02:40:03.317Z [svc-cache-0] cache hit rate 92%
2026-02-21T02:40:03.318Z [svc-sched-3] closed idle connection after 146s
2026-02-21T02:40:03.319Z [svc-cache-0] connected to upstream in 53ms
2026-02-21T02:40:03.322Z [svc-queue-0] warning: slow query took 1812ms
2026-02-21T02:40:03.323Z [pytest-xdist] gw3 test_billing.py::test_notify_subscription PASSED in 201ms trace=b6330da0-4acd-d644-e1cf-2141f9212ec1
2026-02-21T02:40:03.323Z [svc-media-0] cache hit rate 90%
2026-02-21T02:40:03.324Z [svc-search-2] warning: slow query took 426ms
2026-02-21T02:40:03.324Z [svc-queue-1] closed idle connection after 173s
2026-02-21T02:40:03.326Z [svc-gateway-3] health check ok
2026-02-21T02:40:03.328Z [svc-auth-2] processed batch of 212 items
2026-02-21T02:40:03.328Z [svc-gateway-4] processed batch of 461 items
2026-02-21T02:40:03.335Z [svc-db-1] cache hit rate 95%
2026-02-21T02:40:03.335Z [svc-billing-3] closed idle connection after 187s
2026-02-21T02:40:03.336Z [svc-notify-1] processed batch of 162 items
2026-02-21T02:40:03.337Z [svc-gateway-0] connected to upstream in 52ms
2026-02-21T02:40:03.337Z [svc-media-0] gc pause 18ms, heap 764MB
2026-02-21T02:40:03.338Z [svc-gateway-3] health check ok
2026-02-21T02:40:03.340Z [svc-queue-3] processed batch of 476 items
2026-02-21T02:40:03.341Z [svc-media-2] health check ok
2026-02-21T02:40:03.343Z [pytest-xdist] gw0 test_media.py::test_render_subscription PASSED in 143ms trace=43f922e7-3645-da41-2464-6db3489bbbac
2026-02-21T02:40:03.344Z [svc-search-4] retrying connection to elasticsearch (attempt 3/3)
2026-02-21T02:40:03.344Z [svc-sched-4] gc pause 20ms, heap 471MB
2026-02-21T02:40:03.345Z [svc-sched-4] connected to upstream in 18ms
2026-02-21T02:40:03.347Z [svc-billing-4] connected to upstream in 45ms
2026-02-21T02:40:03.347Z [svc-sched-0] closed idle connection after 176s
2026-02-21T02:40:03.348Z [svc-queue-2] processed batch of 121 items
2026-02-21T02:40:03.350Z [svc-media-0] gc pause 21ms, heap 215MB
2026-02-21T02:40:03.351Z [svc-queue-3] processed batch of 107 items
2026-02-21T02:40:03.352Z [svc-search-2] gc pause 77ms, heap 182MB
2026-02-21T02:40:03.353Z [svc-auth-4] health check ok
2026-02-21T02:40:03.354Z [svc-search-4] cache hit rate 92%
2026-02-21T02:40:03.354Z [svc-notify-4] warning: slow query took 1808ms
2026-02-21T02:40:03.355Z [svc-billing-2] gc pause 41ms, heap 155MB
2026-02-21T02:40:03.355Z [svc-media-3] closed idle connection after 258s
2026-02-21T02:40:03.356Z [pytest-xdist] gw1 test_queue.py::test_expire_coupon PASSED in 12ms trace=8c2087a0-1229-a7d4-b426-182c8705ddc2
2026-02-21T02:40:03.359Z [svc-db-0] processed batch of 223 items
2026-02-21T02:40:03.359Z [svc-notify-3] processed batch of 258 items
2026-02-21T02:40:03.360Z [pytest-xdist] gw4 test_orders.py::test_paginate_coupon PASSED in 14ms trace=a58bed69-61d3-1199-9179-cd45f401f3cc
2026-02-21T02:40:03.361Z [svc-auth-1] connected to upstream in 24ms
2026-02-21T02:40:03.361Z [svc-auth-1] health check ok
2026-02-21T02:40:03.361Z [svc-search-0] warning: slow query took 1585ms
2026-02-21T02:40:03.361Z [svc-queue-1] warning: slow query took 564ms
2026-02-21T02:40:03.364Z [svc-search-2] cache hit rate 88%
2026-02-21T02:40:03.365Z [svc-queue-1] retrying connection to postgres (attempt 2/3)
2026-02-21T02:40:03.371Z [pytest-xdist] gw0 test_search.py::test_authorize_refund PASSED in 50ms trace=c7c5e75c-18e4-c594-86f1-842e15fdaf3d
2026-02-21T02:40:03.371Z [svc-auth-4] warning: slow query took 1143ms
2026-02-21T02:40:03.371Z [svc-cache-2] connected to upstream in 12ms
2026-02-21T02:40:03.372Z [svc-auth-3] closed idle connection after 248s
2026-02-21T02:40:03.374Z [svc-auth-0] health check ok
2026-02-21T02:40:03.374Z [svc-media-4] health check ok
2026-02-21T02:40:03.375Z [svc-notify-1] health check ok
2026-02-21T02:40:03.375Z [svc-sched-1] closed idle connection after 172s
2026-02-21T02:40:03.378Z [svc-media-4] processed batch of 340 items
2026-02-21T02:40:03.379Z [svc-db-0] processed batch of 211 items
2026-02-21T02:40:03.379Z [svc-notify-2] cache hit rate 85%
2026-02-21T02:40:03.380Z [svc-sched-2] connected to upstream in 10ms
2026-02-21T02:40:03.381Z [pytest-xdist] gw3 test_billing.py::test_reconcile_subscription PASSED in 142ms trace=1dea2918-50fa-c484-b2f9-49ceeee997ba
2026-02-21T02:40:03.382Z [svc-gateway-2] warning: slow query took 1429ms
2026-02-21T02:40:03.383Z [svc-db-4] closed idle connection after 79s
2026-02-21T02:40:03.383Z [svc-media-2] warning: slow query took 721ms
2026-02-21T02:40:03.384Z [svc-gateway-3] processed batch of 357 items
2026-02-21T02:40:03.386Z [svc-search-2] retrying connection to kafka (attempt 2/3)
2026-02-21T02:40:03.386Z [svc-sched-4] processed batch of 387 items
2026-02-21T02:40:03.389Z [svc-auth-3] gc pause 80ms, heap 483MB
2026-02-21T02:40:03.389Z [svc-queue-1] cache hit rate 85%
2026-02-21T02:40:03.390Z [svc-queue-4] gc pause 12ms, heap 967MB
2026-02-21T02:40:03.393Z [svc-billing-0] health check ok
2026-02-21T02:40:03.393Z [svc-sched-0] closed idle connection after 94s
2026-02-21T02:40:03.397Z [svc-notify-0] health check ok
2026-02-21T02:40:03.398Z [svc-search-4] warning: slow query took 577ms
2026-02-21T02:40:03.398Z [svc-notify-3] cache hit rate 95%
2026-02-21T02:40:03.399Z [pytest-xdist] gw4 test_gateway.py::test_expire_webhook PASSED in 171ms trace=275ecced-076b-3d0d-18a3-01c0737721e0
2026-02-21T02:40:03.399Z [svc-search-1] cache hit rate 95%
2026-02-21T02:40:03.400Z [svc-gateway-3] processed batch of 473 items
2026-02-21T02:40:03.400Z [svc-media-4] cache hit rate 90%
2026-02-21T02:40:03.401Z [svc-billing-0] warning: slow query took 1803ms
2026-02-21T02:40:03.401Z [svc-billing-1] processed batch of 385 items
2026-02-21T02:40:03.405Z [svc-auth-1] connected to upstream in 25ms
2026-02-21T02:40:03.406Z [svc-media-2] gc pause 85ms, heap 902MB
2026-02-21T02:40:03.407Z [pytest-xdist] gw4 test_reports.py::test_delete_query PASSED in 114ms trace=fc28aa53-73b1-ec70-6d87-07452f8ba778
2026-02-21T02:40:03.408Z [svc-billing-0] gc pause 50ms, heap 587MB
2026-02-21T02:40:03.408Z [svc-media-0] processed batch of 17 items
2026-02-21T02:40:03.410Z [svc-billing-3] cache hit rate 92%
2026-02-21T02:40:03.415Z [svc-media-1] gc pause 118ms, heap 497MB
2026-02-21T02:40:03.417Z [svc-db-2] retrying connection to elasticsearch (attempt 3/3)
2026-02-21T02:40:03.417Z [svc-queue-2] cache hit rate 92%
2026-02-21T02:40:03.418Z [pytest-xdist] gw2 test_reports.py::test_parse_subscription PASSED in 164ms trace=061d0f5a-e236-b90c-8a6f-97f81c3d623a
2026-02-21T02:40:03.418Z [svc-sched-0] warning: slow query took 1751ms
2026-02-21T02:40:03.420Z [svc-sched-3] warning: slow query took 1142ms
2026-02-21T02:40:03.421Z [svc-notify-3] gc pause 120ms, heap 245MB
2026-02-21T02:40:03.424Z [svc-notify-1] gc pause 112ms, heap 129MB
2026-02-21T02:40:03.426Z [pytest-xdist] gw1 test_users.py::test_delete_user PASSED in 52ms trace=6ae41acd-0f67-6cb3-c078-bacbe74648c8
2026-02-21T02:40:03.427Z [svc-gateway-3] gc pause 63ms, heap 637MB
2026-02-21T02:40:03.428Z [svc-queue-0] connected to upstream in 32ms
2026-02-21T02:40:03.429Z [svc-db-2] gc pause 65ms, heap 962MB
2026-02-21T02:40:03.432Z [svc-media-0] cache hit rate 88%
2026-02-21T02:40:03.433Z [svc-billing-4] cache hit rate 88%
2026-02-21T02:40:03.433Z [svc-search-0] cache hit rate 92%
2026-02-21T02:40:03.433Z [svc-media-2] closed idle connection after 165s
2026-02-21T02:40:03.434Z [svc-sched-2] warning: slow query took 1312ms
2026-02-21T02:40:03.435Z [svc-gateway-3] closed idle connection after 262s
2026-02-21T02:40:03.435Z [svc-media-1] closed idle connection after 170s
2026-02-21T02:40:03.436Z [svc-media-4] warning: slow query took 903ms
2026-02-21T02:40:03.436Z [svc-queue-4] gc pause 106ms, heap 613MB
2026-02-21T02:40:03.437Z [pytest-xdist] gw4 test_webhooks.py::test_sync_quota PASSED in 63ms trace=faddbffc-554e-6dbb-590b-f9afb0cf2099
2026-02-21T02:40:03.437Z [svc-sched-3] connected to upstream in 61ms
2026-02-21T02:40:03.438Z [svc-cache-2] gc pause 105ms, heap 961MB
2026-02-21T02:40:03.438Z [svc-cache-3] connected to upstream in 43ms
2026-02-21T02:40:03.438Z [svc-billing-2] cache hit rate 92%
2026-02-21T02:40:03.439Z [svc-gateway-0] closed idle connection after 108s
2026-02-21T02:40:03.446Z [svc-search-2] health check ok
2026-02-21T02:40:03.446Z [svc-sched-4] closed idle connection after 249s
2026-02-21T02:40:03.447Z [svc-auth-1] closed idle connection after 202s
2026-02-21T02:40:03.449Z [svc-db-4] health check ok
2026-02-21T02:40:03.449Z [svc-media-3] gc pause 47ms, heap 312MB
2026-02-21T02:40:03.454Z [svc-billing-3] closed idle connection after 290s
2026-02-21T02:40:03.455Z [svc-billing-2] warning: slow query took 1503ms
2026-02-21T02:40:03.456Z [svc-gateway-2] connected to upstream in 9ms
2026-02-21T02:40:03.456Z [svc-sched-0] connected to upstream in 8ms
2026-02-21T02:40:03.457Z [pytest-xdist] gw4 test_notify.py::test_notify_invoice PASSED in 75ms trace=a28e3a44-897f-bbc3-c633-3fbc8c0f882f
2026-02-21T02:40:03.457Z [svc-sched-2] cache hit rate 85%
2026-02-21T02:40:03.458Z [svc-cache-1] processed batch of 509 items
2026-02-21T02:40:03.458Z [svc-search-2] closed idle connection after 248s
2026-02-21T02:40:03.460Z [svc-cache-0] gc pause 17ms, heap 700MB
2026-02-21T02:40:03.460Z [svc-notify-1] processed batch of 255 items
2026-02-21T02:40:03.463Z [pytest-xdist] gw1 test_orders.py::test_create_template PASSED in 109ms trace=48adff7c-9b16-0521-8b70-59d369789b15
2026-02-21T02:40:03.464Z [svc-notify-4] gc pause 45ms, heap 982MB
2026-02-21T02:40:03.466Z [svc-gateway-3] gc pause 85ms, heap 720MB
2026-02-21T02:40:03.468Z [svc-gateway-0] health check ok
2026-02-21T02:40:03.473Z [svc-db-0] retrying connection to kafka (attempt 2/3)
2026-02-21T02:40:03.473Z [svc-db-3] health check ok
2026-02-21T02:40:03.475Z [svc-gateway-3] connected to upstream in 49ms
2026-02-21T02:40:03.476Z [pytest-xdist] gw0 test_users.py::test_update_session PASSED in 238ms trace=49193b51-85e2-3dee-fca3-5a035f29893e
2026-02-21T02:40:03.476Z [svc-media-1] health check ok
2026-02-21T02:40:03.479Z [svc-media-4] health check ok
2026-02-21T02:40:03.488Z [svc-gateway-2] connected to upstream in 7ms
2026-02-21T02:40:03.489Z [svc-media-4] warning: slow query took 989ms
2026-02-21T02:40:03.490Z [svc-billing-2] cache hit rate 88%
2026-02-21T02:40:03.491Z [svc-cache-2] warning: slow query took 1307ms
2026-02-21T02:40:03.494Z [svc-gateway-3] processed batch of 243 items
2026-02-21T02:40:03.495Z [svc-notify-3] gc pause 80ms, heap 270MB
2026-02-21T02:40:03.496Z [pytest-xdist] gw2 test_payments.py::test_expire_template PASSED in 213ms trace=72d53a7f-3c7b-e46e-f586-28ebea89c3a7
2026-02-21T02:40:03.496Z [svc-search-4] health check ok
2026-02-21T02:40:03.497Z [svc-queue-1] gc pause 76ms, heap 364MB
2026-02-21T02:40:03.498Z [svc-billing-4] warning: slow query took 1966ms
2026-02-21T02:40:03.498Z [svc-media-4] cache hit rate 90%
2026-02-21T02:40:03.498Z [svc-queue-3] processed batch of 441 items
2026-02-21T02:40:03.501Z [pytest-xdist] gw1 test_notify.py::test_create_refund PASSED in 165ms trace=6dba68d7-65bd-66d7-54aa-0ba9f599e067
2026-02-21T02:40:03.501Z [svc-cache-3] connected to upstream in 26ms
2026-02-21T02:40:03.502Z [svc-auth-1] connected to upstream in 84ms
2026-02-21T02:40:03.503Z [svc-db-4] warning: slow query took 892ms
2026-02-21T02:40:03.503Z [svc-billing-0] cache hit rate 90%
2026-02-21T02:40:03.503Z [svc-media-0] closed idle connection after 158s
2026-02-21T02:40:03.506Z [svc-cache-3] processed batch of 161 items
2026-02-21T02:40:03.506Z [svc-db-2] processed batch of 391 items
2026-02-21T02:40:03.511Z [svc-gateway-1] retrying connection to kafka (attempt 3/3)
2026-02-21T02:40:03.512Z [pytest-xdist] gw2 test_search.py::test_expire_invoice PASSED in 205ms trace=57586f0b-8a20-02e4-f970-5a5680b5424a
2026-02-21T02:40:03.512Z [svc-search-2] health check ok
2026-02-21T02:40:03.512Z [svc-notify-3] connected to upstream in 10ms
2026-02-21T02:40:03.512Z [svc-queue-3] closed idle connection after 112s
2026-02-21T02:40:03.515Z [svc-notify-0] health check ok
2026-02-21T02:40:03.516Z [svc-auth-2] closed idle connection after 171s
2026-02-21T02:40:03.516Z [svc-queue-1] health check ok
2026-02-21T02:40:03.517Z [svc-media-4] connected to upstream in 28ms
2026-02-21T02:40:03.519Z [svc-notify-3] connected to upstream in 25ms
2026-02-21T02:40:03.520Z [svc-billing-0] gc pause 64ms, heap 887MB
2026-02-21T02:40:03.521Z [pytest-xdist] gw4 test_export.py::test_paginate_subscription PASSED in 205ms trace=78a36567-0d2f-d1ef-baf0-50c3eebab505
2026-02-21T02:40:03.522Z [svc-notify-4] cache hit rate 95%
2026-02-21T02:40:03.523Z [svc-db-0] closed idle connection after 186s
2026-02-21T02:40:03.524Z [svc-sched-2] gc pause 56ms, heap 412MB
2026-02-21T02:40:03.525Z [svc-search-3] cache hit rate 85%
2026-02-21T02:40:03.525Z [svc-search-4] health check ok
2026-02-21T02:40:03.528Z [svc-db-2] closed idle connection after 212s
2026-02-21T02:40:03.531Z [svc-gateway-0] retrying connection to redis (attempt 1/3)
2026-02-21T02:40:03.532Z [svc-db-2] cache hit rate 95%
2026-02-21T02:40:03.534Z [svc-auth-3] health check ok
2026-02-21T02:40:03.534Z [svc-queue-1] closed idle connection after 264s
2026-02-21T02:40:03.536Z [pytest-xdist] gw3 test_export.py::test_parse_index PASSED in 78ms trace=350acf64-7a57-9dd0-eb35-550f6d005adb
2026-02-21T02:40:03.541Z [svc-gateway-3] retrying connection to elasticsearch (attempt 1/3)
2026-02-21T02:40:03.542Z [svc-auth-3] warning: slow query took 216ms
2026-02-21T02:40:03.544Z [svc-notify-0] cache hit rate 95%
2026-02-21T02:40:03.544Z [svc-sched-0] gc pause 124ms, heap 992MB
2026-02-21T02:40:03.546Z [svc-search-4] closed idle connection after 214s
2026-02-21T02:40:03.547Z [svc-gateway-0] gc pause 24ms, heap 231MB
2026-02-21T02:40:03.547Z [svc-media-4] gc pause 59ms, heap 913MB
2026-02-21T02:40:03.547Z [svc-sched-3] closed idle connection after 277s
2026-02-21T02:40:03.548Z [svc-auth-4] cache hit rate 90%
2026-02-21T02:40:03.548Z [svc-notify-3] gc pause 34ms, heap 127MB
2026-02-21T02:40:03.550Z [pytest-xdist] gw4 test_gateway.py::test_parse_subscription PASSED in 38ms trace=605069bd-2b5b-0a3d-dc67-59a51d387f73
2026-02-21T02:40:03.550Z [svc-gateway-3] connected to upstream in 75ms
2026-02-21T02:40:03.552Z [svc-sched-3] connected to upstream in 55ms
2026-02-21T02:40:03.553Z [svc-auth-2] health check ok
2026-02-21T02:40:03.553Z [svc-search-1] cache hit rate 95%
2026-02-21T02:40:03.553Z [svc-notify-2] retrying connection to kafka (attempt 1/3)
2026-02-21T02:40:03.554Z [svc-media-0] warning: slow query took 1271ms
2026-02-21T02:40:03.555Z [svc-auth-2] closed idle connection after 227s
2026-02-21T02:40:03.557Z [svc-notify-4] cache hit rate 85%
2026-02-21T02:40:03.558Z [svc-search-4] cache hit rate 90%
2026-02-21T02:40:03.559Z [svc-billing-4] health check ok
2026-02-21T02:40:03.559Z [svc-search-2] health check ok
2026-02-21T02:40:03.563Z [svc-db-0] connected to upstream in 44ms
2026-02-21T02:40:03.563Z [svc-media-3] closed idle connection after 98s
2026-02-21T02:40:03.563Z [svc-queue-4] warning: slow query took 1382ms
2026-02-21T02:40:03.564Z [svc-db-2] health check ok
2026-02-21T02:40:03.564Z [svc-sched-1] retrying connection to postgres (attempt 2/3)
2026-02-21T02:40:03.565Z [svc-media-1] closed idle connection after 310s
2026-02-21T02:40:03.567Z [pytest-xdist] gw4 test_media.py::test_parse_coupon PASSED in 47ms trace=d1f61be1-9458-aa31-43a2-2ba94f84c5f3
2026-02-21T02:40:03.568Z [svc-search-0] processed batch of 433 items
2026-02-21T02:40:03.568Z [svc-sched-0] warning: slow query took 884ms
2026-02-21T02:40:03.571Z [svc-queue-3] health check ok
2026-02-21T02:40:03.572Z [svc-db-3] connected to upstream in 56ms
2026-02-21T02:40:03.577Z [svc-db-0] warning: slow query took 915ms
2026-02-21T02:40:03.577Z [svc-billing-0] gc pause 64ms, heap 906MB
2026-02-21T02:40:03.577Z [svc-media-1] warning: slow query took 2080ms
2026-02-21T02:40:03.578Z [pytest-xdist] gw3 test_users.py::test_parse_refund PASSED in 180ms trace=712e470f-9ae0-2f87-5136-d32db14826c2
2026-02-21T02:40:03.579Z [svc-notify-1] processed batch of 289 items
2026-02-21T02:40:03.580Z [svc-auth-0] closed idle connection after 73s
2026-02-21T02:40:03.580Z [svc-queue-3] warning: slow query took 1372ms
2026-02-21T02:40:03.582Z [svc-sched-2] health check ok
2026-02-21T02:40:03.584Z [svc-billing-3] gc pause 80ms, heap 237MB
2026-02-21T02:40:03.586Z [svc-notify-1] cache hit rate 95%
2026-02-21T02:40:03.586Z [svc-gateway-3] warning: slow query took 1239ms
2026-02-21T02:40:03.587Z [svc-cache-1] gc pause 90ms, heap 267MB
2026-02-21T02:40:03.587Z [svc-billing-4] health check ok
2026-02-21T02:40:03.587Z [svc-sched-4] health check ok
2026-02-21T02:40:03.588Z [svc-media-0] gc pause 122ms, heap 899MB
2026-02-21T02:40:03.591Z [svc-cache-2] health check ok
2026-02-21T02:40:03.592Z [svc-media-4] closed idle connection after 299s
2026-02-21T02:40:03.595Z [svc-gateway-2] cache hit rate 90%
2026-02-21T02:40:03.595Z [svc-sched-2] warning: slow query took 1274ms
2026-02-21T02:40:03.596Z [svc-search-2] warning: slow query took 544ms
2026-02-21T02:40:03.599Z [pytest-xdist] gw2 test_import.py::test_list_token PASSED in 126ms trace=b4e31e43-4b97-c9d7-06a6-f9169d5742d5
2026-02-21T02:40:03.600Z [svc-notify-4] closed idle connection after 149s
2026-02-21T02:40:03.601Z [svc-search-0] connected to upstream in 25ms
2026-02-21T02:40:03.601Z [svc-notify-1] cache hit rate 88%
2026-02-21T02:40:03.601Z [svc-gateway-0] closed idle connection after 305s
2026-02-21T02:40:03.602Z [pytest-xdist] gw0 test_import.py::test_update_shipment PASSED in 187ms trace=360f786f-dd84-2dae-45bc-0479bbd386ad
2026-02-21T02:40:03.603Z [svc-sched-3] gc pause 75ms, heap 325MB
2026-02-21T02:40:03.605Z [pytest-xdist] gw5 test_payments.py::test_create_session PASSED in 225ms trace=b3d65a46-4f89-ab84-87b7-c2f4ca7239e9
2026-02-21T02:40:03.605Z [svc-queue-3] health check ok
2026-02-21T02:40:03.607Z [svc-search-1] processed batch of 382 items
2026-02-21T02:40:03.608Z [svc-media-1] processed batch of 470 items
2026-02-21T02:40:03.608Z [svc-sched-1] cache hit rate 95%
2026-02-21T02:40:03.610Z [svc-billing-1] warning: slow query took 1257ms
2026-02-21T02:40:03.611Z [svc-billing-4] cache hit rate 90%
2026-02-21T02:40:03.612Z [svc-auth-3] health check ok
2026-02-21T02:40:03.613Z [svc-search-4] processed batch of 409 items
2026-02-21T02:40:03.613Z [svc-sched-1] gc pause 8ms, heap 902MB
2026-02-21T02:40:03.614Z [svc-db-4] warning: slow query took 1798ms
2026-02-21T02:40:03.615Z [svc-auth-2] warning: slow query took 1918ms
2026-02-21T02:40:03.616Z [svc-billing-1] gc pause 56ms, heap 433MB
2026-02-21T02:40:03.616Z [svc-notify-0] connected to upstream in 73ms
2026-02-21T02:40:03.617Z [svc-gateway-2] gc pause 35ms, heap 465MB
2026-02-21T02:40:03.617Z [svc-queue-4] cache hit rate 90%
2026-02-21T02:40:03.619Z [svc-cache-0] gc pause 105ms, heap 127MB
2026-02-21T02:40:03.620Z [svc-sched-3] connected to upstream in 10ms
2026-02-21T02:40:03.622Z [svc-search-3] cache hit rate 95%
2026-02-21T02:40:03.624Z [pytest-xdist] gw3 test_import.py::test_authorize_index PASSED in 172ms trace=e9ee8cee-c716-21f1-19dd-376f36c0bc16
2026-02-21T02:40:03.625Z [svc-search-2] gc pause 66ms, heap 251MB
2026-02-21T02:40:03.626Z [svc-notify-3] closed idle connection after 241s
2026-02-21T02:40:03.626Z [svc-queue-0] closed idle connection after 129s
2026-02-21T02:40:03.627Z [svc-auth-4] health check ok
2026-02-21T02:40:03.627Z [svc-billing-1] connected to upstream in 74ms
2026-02-21T02:40:03.628Z [svc-billing-2] cache hit rate 90%
2026-02-21T02:40:03.628Z [svc-notify-4] health check ok
2026-02-21T02:40:03.630Z [svc-media-0] health check ok
2026-02-21T02:40:03.630Z [svc-queue-0] cache hit rate 88%
2026-02-21T02:40:03.631Z [svc-sched-3] gc pause 86ms, heap 519MB
2026-02-21T02:40:03.632Z [svc-cache-2] warning: slow query took 1744ms
2026-02-21T02:40:03.633Z [svc-gateway-1] connected to upstream in 38ms
2026-02-21T02:40:03.633Z [svc-gateway-4] warning: slow query took 688ms
2026-02-21T02:40:03.635Z [svc-auth-1] cache hit rate 85%
2026-02-21T02:40:03.636Z [svc-db-1] gc pause 28ms, heap 137MB
2026-02-21T02:40:03.636Z [svc-gateway-0] retrying connection to redis (attempt 3/3)
2026-02-21T02:40:03.636Z [svc-queue-4] health check ok
2026-02-21T02:40:03.637Z [svc-sched-0] health check ok
2026-02-21T02:40:03.637Z [svc-sched-0] health check ok
2026-02-21T02:40:03.639Z [svc-media-2] health check ok
2026-02-21T02:40:03.640Z [svc-db-2] connected to upstream in 74ms
2026-02-21T02:40:03.642Z [svc-sched-4] cache hit rate 92%
2026-02-21T02:40:03.643Z [svc-auth-0] warning: slow query took 1707ms
2026-02-21T02:40:03.644Z [svc-auth-3] closed idle connection after 303s
2026-02-21T02:40:03.644Z [svc-billing-1] closed idle connection after 162s
2026-02-21T02:40:03.646Z [pytest-xdist] gw2 test_notify.py::test_sync_user PASSED in 237ms trace=bee8e007-3971-fd1b-46f5-53918af2a771
2026-02-21T02:40:03.647Z [svc-media-2] warning: slow query took 1494ms
2026-02-21T02:40:03.647Z [svc-queue-1] closed idle connection after 246s
2026-02-21T02:40:03.649Z [svc-notify-2] connected to upstream in 41ms
2026-02-21T02:40:03.649Z [svc-queue-2] processed batch of 386 items
2026-02-21T02:40:03.651Z [svc-media-0] health check ok
2026-02-21T02:40:03.653Z [svc-auth-4] connected to upstream in 22ms
2026-02-21T02:40:03.653Z [svc-sched-4] health check ok
2026-02-21T02:40:03.654Z [svc-db-4] warning: slow query took 2181ms
2026-02-21T02:40:03.657Z [svc-db-0] health check ok
2026-02-21T02:40:03.660Z [svc-auth-0] health check ok
2026-02-21T02:40:03.662Z [pytest-xdist] gw5 test_billing.py::test_validate_shipment PASSED in 110ms trace=49fe3f52-0c33-7af6-e707-f77908dedd6d
2026-02-21T02:40:03.664Z [svc-cache-3] retrying connection to kafka (attempt 2/3)
2026-02-21T02:40:03.665Z [svc-search-4] health check ok
2026-02-21T02:40:03.668Z [svc-db-2] warning: slow query took 1002ms
2026-02-21T02:40:03.668Z [svc-db-2] warning: slow query took 474ms
2026-02-21T02:40:03.671Z [svc-sched-2] closed idle connection after 212s
2026-02-21T02:40:03.672Z [svc-cache-0] processed batch of 64 items
2026-02-21T02:40:03.672Z [svc-search-3] cache hit rate 95%
2026-02-21T02:40:03.673Z [svc-search-0] closed idle connection after 41s
2026-02-21T02:40:03.674Z [pytest-xdist] gw4 test_notify.py::test_retry_subscription PASSED in 172ms trace=a7c00d0b-b4ae-e968-2afa-f73762d8ec44
2026-02-21T02:40:03.677Z [svc-gateway-2] connected to upstream in 10ms
2026-02-21T02:40:03.680Z [svc-auth-4] connected to upstream in 15ms
2026-02-21T02:40:03.680Z [svc-billing-1] cache hit rate 88%
2026-02-21T02:40:03.680Z [svc-media-2] cache hit rate 85%
2026-02-21T02:40:03.680Z [svc-media-3] retrying connection to kafka (attempt 2/3)
2026-02-21T02:40:03.682Z [svc-notify-2] gc pause 10ms, heap 121MB
2026-02-21T02:40:03.685Z [svc-gateway-4] health check ok
2026-02-21T02:40:03.687Z [svc-db-2] connected to upstream in 7ms
2026-02-21T02:40:03.690Z [svc-search-2] gc pause 36ms, heap 680MB
2026-02-21T02:40:03.692Z [svc-billing-2] cache hit rate 85%
2026-02-21T02:40:03.692Z [svc-notify-4] warning: slow query took 2056ms
2026-02-21T02:40:03.693Z [svc-cache-0] warning: slow query took 465ms
2026-02-21T02:40:03.694Z [pytest-xdist] gw5 test_webhooks.py::test_reconcile_attachment PASSED in 79ms trace=3a096ff4-36d6-e00f-ba2f-76cf5953dec9
2026-02-21T02:40:03.696Z [svc-sched-2] cache hit rate 85%
2026-02-21T02:40:03.697Z [svc-notify-1] cache hit rate 85%
2026-02-21T02:40:03.697Z [svc-media-3] health check ok
2026-02-21T02:40:03.698Z [svc-search-4] connected to upstream in 57ms
2026-02-21T02:40:03.699Z [pytest-xdist] gw0 test_import.py::test_sync_invoice SKIPPED (reason: requires-network)
2026-02-21T02:40:03.706Z [svc-media-2] warning: slow query took 1426ms
2026-02-21T02:40:03.710Z [svc-sched-2] connected to upstream in 38ms
2026-02-21T02:40:03.713Z [svc-gateway-2] health check ok
2026-02-21T02:40:03.714Z [svc-queue-2] cache hit rate 95%
2026-02-21T02:40:03.715Z [svc-gateway-3] processed batch of 103 items
2026-02-21T02:40:03.715Z [svc-queue-2] health check ok
2026-02-21T02:40:03.716Z [svc-media-0] connected to upstream in 25ms
2026-02-21T02:40:03.717Z [svc-search-2] processed batch of 379 items
2026-02-21T02:40:03.717Z [svc-search-2] processed batch of 392 items
2026-02-21T02:40:03.718Z [svc-auth-2] cache hit rate 90%
2026-02-21T02:40:03.718Z [svc-billing-0] gc pause 109ms, heap 812MB
2026-02-21T02:40:03.720Z [svc-notify-1] warning: slow query took 555ms
2026-02-21T02:40:03.721Z [pytest-xdist] gw4 test_search.py::test_parse_region PASSED in 37ms trace=2ce75daa-f3cd-ac9d-4a6e-533bc0f09242
2026-02-21T02:40:03.724Z [svc-cache-4] health check ok
2026-02-21T02:40:03.724Z [svc-search-3] warning: slow query took 1550ms
2026-02-21T02:40:03.726Z [svc-sched-0] health check ok
2026-02-21T02:40:03.727Z [svc-notify-0] closed idle connection after 215s
2026-02-21T02:40:03.727Z [svc-queue-0] warning: slow query took 741ms
2026-02-21T02:40:03.728Z [svc-db-4] warning: slow query took 1539ms
2026-02-21T02:40:03.728Z [svc-search-0] cache hit rate 85%
2026-02-21T02:40:03.729Z [svc-auth-2] cache hit rate 90%
2026-02-21T02:40:03.730Z [svc-cache-1] closed idle connection after 323s
2026-02-21T02:40:03.733Z [svc-auth-4] health check ok
2026-02-21T02:40:03.733Z [svc-notify-3] health check ok
2026-02-21T02:40:03.734Z [svc-gateway-0] warning: slow query took 2164ms
2026-02-21T02:40:03.735Z [pytest-xdist] gw2 test_billing.py::test_paginate_template PASSED in 203ms trace=31198fd7-0443-643e-10cf-8ac9332e5c44
2026-02-21T02:40:03.738Z [svc-auth-3] health check ok
2026-02-21T02:40:03.742Z [svc-db-1] warning: slow query took 1310ms
2026-02-21T02:40:03.745Z [pytest-xdist] gw3 test_auth.py::test_validate_shipment PASSED in 49ms trace=f2d0278c-7caa-8953-8057-c3047dd7ec25
2026-02-21T02:40:03.748Z [svc-search-1] closed idle connection after 121s
2026-02-21T02:40:03.749Z [svc-auth-3] cache hit rate 85%
2026-02-21T02:40:03.749Z [svc-sched-3] health check ok
2026-02-21T02:40:03.750Z [svc-db-4] cache hit rate 95%
2026-02-21T02:40:03.750Z [svc-media-0] connected to upstream in 23ms
2026-02-21T02:40:03.751Z [svc-auth-1] cache hit rate 92%
2026-02-21T02:40:03.751Z [svc-notify-1] health check ok
2026-02-21T02:40:03.751Z [svc-gateway-3] health check ok
2026-02-21T02:40:03.754Z [svc-queue-2] processed batch of 327 items
2026-02-21T02:40:03.755Z [svc-billing-2] closed idle connection after 120s
2026-02-21T02:40:03.756Z [svc-search-2] processed batch of 289 items
2026-02-21T02:40:03.763Z [svc-media-0] closed idle connection after 81s
2026-02-21T02:40:03.764Z [svc-gateway-4] gc pause 50ms, heap 904MB
2026-02-21T02:40:03.765Z [svc-cache-4] connected to upstream in 11ms
2026-02-21T02:40:03.765Z [svc-db-0] health check ok
2026-02-21T02:40:03.765Z [svc-billing-0] warning: slow query took 1516ms
2026-02-21T02:40:03.766Z [pytest-xdist] gw1 test_reports.py::test_authorize_subscription PASSED in 118ms trace=b580d8c9-cfee-8d30-fd57-429057b9b570
2026-02-21T02:40:03.766Z [svc-db-4] closed idle connection after 303s
2026-02-21T02:40:03.767Z [svc-queue-0] warning: slow query took 2000ms
2026-02-21T02:40:03.767Z [svc-queue-3] connected to upstream in 63ms
2026-02-21T02:40:03.771Z [pytest-xdist] gw3 test_orders.py::test_cache_refund PASSED in 237ms trace=a357bf7c-afad-bfb4-8d96-d0f6460814d0
2026-02-21T02:40:03.771Z [svc-notify-1] gc pause 44ms, heap 829MB
2026-02-21T02:40:03.773Z [svc-db-3] processed batch of 387 items
2026-02-21T02:40:03.776Z [svc-search-4] connected to upstream in 18ms
2026-02-21T02:40:03.777Z [svc-search-3] health check ok
2026-02-21T02:40:03.778Z [pytest-xdist] gw5 test_auth.py::test_create_token PASSED in 240ms trace=0521d7d4-937d-09d6-afe6-ee7a42d20b31
2026-02-21T02:40:03.778Z [svc-sched-2] warning: slow query took 1963ms
2026-02-21T02:40:03.780Z [svc-gateway-4] warning: slow query took 1479ms
2026-02-21T02:40:03.781Z [svc-search-1] health check ok
2026-02-21T02:40:03.786Z [svc-gateway-1] warning: slow query took 1406ms
2026-02-21T02:40:03.787Z [svc-auth-2] closed idle connection after 67s
2026-02-21T02:40:03.787Z [svc-db-3] retrying connection to vault (attempt 3/3)
2026-02-21T02:40:03.787Z [svc-billing-3] health check ok
2026-02-21T02:40:03.790Z [pytest-xdist] gw2 test_export.py::test_sync_shipment PASSED in 94ms trace=6f26d16b-314b-ec9c-f65d-61ed571d6b35
2026-02-21T02:40:03.797Z [pytest-xdist] gw0 test_payments.py::test_render_webhook PASSED in 124ms trace=aa8041c7-ab79-f563-41a4-76467631c5cc
2026-02-21T02:40:03.798Z [svc-db-0] health check ok
2026-02-21T02:40:03.803Z [svc-billing-4] health check ok
2026-02-21T02:40:03.807Z [svc-media-4] health check ok
2026-02-21T02:40:03.808Z [svc-queue-2] connected to upstream in 50ms
2026-02-21T02:40:03.808Z [svc-sched-0] gc pause 14ms, heap 951MB
2026-02-21T02:40:03.810Z [svc-cache-3] warning: slow query took 1713ms
2026-02-21T02:40:03.811Z [pytest-xdist] gw4 test_payments.py::test_parse_subscription PASSED in 74ms trace=619dc7bd-ec0c-5b07-a9a1-9d70bc929392
2026-02-21T02:40:03.812Z [svc-auth-4] cache hit rate 88%
2026-02-21T02:40:03.812Z [svc-billing-0] processed batch of 413 items
2026-02-21T02:40:03.814Z [svc-auth-3] connected to upstream in 37ms
2026-02-21T02:40:03.814Z [svc-billing-2] connected to upstream in 79ms
2026-02-21T02:40:03.815Z [svc-cache-2] processed batch of 53 items
2026-02-21T02:40:03.817Z [svc-notify-3] cache hit rate 88%
2026-02-21T02:40:03.817Z [svc-gateway-3] retrying connection to elasticsearch (attempt 2/3)
2026-02-21T02:40:03.817Z [svc-sched-3] closed idle connection after 181s
2026-02-21T02:40:03.821Z [svc-auth-3] warning: slow query took 620ms
2026-02-21T02:40:03.821Z [svc-db-0] gc pause 30ms, heap 848MB
2026-02-21T02:40:03.821Z [svc-search-0] processed batch of 108 items
2026-02-21T02:40:03.821Z [svc-search-2] health check ok
2026-02-21T02:40:03.822Z [pytest-xdist] gw0 test_queue.py::test_validate_subscription PASSED in 88ms trace=3bf641f3-034d-9f54-ac0b-f2a8fa28d9e2
2026-02-21T02:40:03.824Z [svc-notify-3] connected to upstream in 71ms
2026-02-21T02:40:03.825Z [svc-notify-0] cache hit rate 90%
2026-02-21T02:40:03.825Z [svc-queue-0] connected to upstream in 71ms
2026-02-21T02:40:03.828Z [svc-queue-3] processed batch of 139 items
2026-02-21T02:40:03.829Z [svc-queue-4] connected to upstream in 53ms
2026-02-21T02:40:03.831Z [svc-search-4] warning: slow query took 573ms
2026-02-21T02:40:03.832Z [pytest-xdist] gw2 test_notify.py::test_cache_attachment PASSED in 231ms trace=285fa64e-35c6-95e9-ede9-7b271a297f05
2026-02-21T02:40:03.836Z [svc-media-3] connected to upstream in 27ms
2026-02-21T02:40:03.842Z [svc-db-1] processed batch of 508 items
2026-02-21T02:40:03.845Z [pytest-xdist] gw3 test_import.py::test_render_refund PASSED in 149ms trace=02c444a0-84af-8f6a-c49e-f0e68f4b0673
2026-02-21T02:40:03.846Z [svc-gateway-0] connected to upstream in 37ms
2026-02-21T02:40:03.848Z [svc-auth-3] gc pause 117ms, heap 726MB
2026-02-21T02:40:03.851Z [pytest-xdist] gw4 test_auth.py::test_cache_subscription PASSED in 226ms trace=1a2af86d-27d0-cb06-9a62-c37b77c46786
2026-02-21T02:40:03.851Z [svc-db-4] retrying connection to postgres (attempt 3/3)
2026-02-21T02:40:03.851Z [svc-billing-2] gc pause 102ms, heap 699MB
2026-02-21T02:40:03.852Z [svc-search-1] warning: slow query took 1052ms
2026-02-21T02:40:03.853Z [svc-search-0] processed batch of 37 items
2026-02-21T02:40:03.854Z [svc-db-2] health check ok
2026-02-21T02:40:03.854Z [svc-gateway-0] connected to upstream in 41ms
2026-02-21T02:40:03.854Z [svc-queue-4] warning: slow query took 1149ms
2026-02-21T02:40:03.855Z [svc-sched-4] processed batch of 376 items
2026-02-21T02:40:03.861Z [svc-cache-4] warning: slow query took 339ms
2026-02-21T02:40:03.861Z [svc-db-2] closed idle connection after 198s
2026-02-21T02:40:03.861Z [svc-db-4] processed batch of 61 items
2026-02-21T02:40:03.861Z [svc-billing-1] health check ok
2026-02-21T02:40:03.862Z [svc-auth-0] connected to upstream in 58ms
2026-02-21T02:40:03.862Z [svc-auth-0] gc pause 58ms, heap 538MB
2026-02-21T02:40:03.865Z [svc-notify-2] gc pause 100ms, heap 228MB
2026-02-21T02:40:03.866Z [svc-media-4] connected to upstream in 67ms
2026-02-21T02:40:03.868Z [pytest-xdist] gw2 test_queue.py::test_expire_query PASSED in 198ms trace=751057da-8469-db2d-484c-18d28c727ec7
2026-02-21T02:40:03.871Z [pytest-xdist] gw2 test_billing.py::test_render_template PASSED in 88ms trace=28083ede-b2a2-8031-0639-0d61ba8ed3bf
2026-02-21T02:40:03.873Z [svc-queue-3] connected to upstream in 18ms
2026-02-21T02:40:03.874Z [svc-db-1] processed batch of 261 items
2026-02-21T02:40:03.874Z [svc-queue-4] gc pause 118ms, heap 199MB
2026-02-21T02:40:03.875Z [svc-search-4] health check ok
2026-02-21T02:40:03.876Z [svc-notify-2] connected to upstream in 71ms
2026-02-21T02:40:03.876Z [svc-sched-2] processed batch of 155 items
2026-02-21T02:40:03.877Z [svc-sched-2] cache hit rate 92%
2026-02-21T02:40:03.878Z [svc-db-1] processed batch of 53 items
2026-02-21T02:40:03.882Z [svc-queue-4] processed batch of 358 items
2026-02-21T02:40:03.883Z [svc-media-3] closed idle connection after 303s
2026-02-21T02:40:03.883Z [svc-queue-2] processed batch of 335 items
2026-02-21T02:40:03.885Z [svc-queue-3] cache hit rate 85%
2026-02-21T02:40:03.886Z [svc-gateway-2] warning: slow query took 1720ms
2026-02-21T02:40:03.888Z [svc-search-1] processed batch of 426 items
2026-02-21T02:40:03.890Z [svc-auth-3] gc pause 95ms, heap 803MB
2026-02-21T02:40:03.890Z [svc-db-2] warning: slow query took 882ms
2026-02-21T02:40:03.893Z [pytest-xdist] gw1 test_billing.py::test_cache_user PASSED in 34ms trace=4a137490-f7e2-6053-891c-100e64d2db97
2026-02-21T02:40:03.893Z [svc-auth-2] processed batch of 77 items
2026-02-21T02:40:03.895Z [svc-notify-0] gc pause 35ms, heap 904MB
2026-02-21T02:40:03.895Z [svc-media-2] processed batch of 400 items
2026-02-21T02:40:03.896Z [svc-queue-1] gc pause 70ms, heap 654MB
2026-02-21T02:40:03.898Z [svc-db-1] warning: slow query took 1035ms
2026-02-21T02:40:03.900Z [svc-media-0] gc pause 92ms, heap 810MB
2026-02-21T02:40:03.902Z [svc-media-4] health check ok
2026-02-21T02:40:03.905Z [svc-sched-0] closed idle connection after 92s
2026-02-21T02:40:03.906Z [svc-media-2] cache hit rate 90%
2026-02-21T02:40:03.907Z [svc-auth-3] retrying connection to redis (attempt 3/3)
2026-02-21T02:40:03.908Z [svc-cache-0] connected to upstream in 15ms
2026-02-21T02:40:03.910Z [svc-auth-3] closed idle connection after 169s
2026-02-21T02:40:03.910Z [svc-db-1] connected to upstream in 43ms
2026-02-21T02:40:03.911Z [pytest-xdist] gw5 test_orders.py::test_list_query PASSED in 174ms trace=bbd8ddab-fe5d-93ec-c8c8-164f6ac0d5cd
2026-02-21T02:40:03.911Z [svc-billing-1] cache hit rate 85%
2026-02-21T02:40:03.912Z [svc-notify-3] warning: slow query took 1265ms
2026-02-21T02:40:03.914Z [svc-search-4] gc pause 69ms, heap 391MB
2026-02-21T02:40:03.915Z [svc-db-2] warning: slow query took 1799ms
2026-02-21T02:40:03.915Z [svc-db-2] gc pause 52ms, heap 989MB
2026-02-21T02:40:03.915Z [svc-billing-3] processed batch of 453 items
2026-02-21T02:40:03.916Z [svc-auth-4] closed idle connection after 136s
2026-02-21T02:40:03.916Z [svc-billing-4] warning: slow query took 983ms
2026-02-21T02:40:03.916Z [svc-gateway-4] closed idle connection after 90s
2026-02-21T02:40:03.917Z [svc-gateway-2] connected to upstream in 71ms
2026-02-21T02:40:03.918Z [svc-search-0] warning: slow query took 653ms
2026-02-21T02:40:03.919Z [svc-cache-1] health check ok
2026-02-21T02:40:03.919Z [svc-cache-3] processed batch of 46 items
2026-02-21T02:40:03.919Z [svc-notify-1] retrying connection to redis (attempt 3/3)
2026-02-21T02:40:03.919Z [svc-queue-4] warning: slow query took 254ms
2026-02-21T02:40:03.920Z [svc-queue-4] health check ok
2026-02-21T02:40:03.921Z [svc-auth-0] connected to upstream in 58ms
2026-02-21T02:40:03.921Z [svc-billing-2] warning: slow query took 1217ms
2026-02-21T02:40:03.922Z [svc-queue-4] connected to upstream in 51ms
2026-02-21T02:40:03.923Z [pytest-xdist] gw1 test_webhooks.py::test_render_user PASSED in 234ms trace=1b6807db-58af-81e4-789c-e3399f548e3d
2026-02-21T02:40:03.925Z [svc-search-3] closed idle connection after 305s
2026-02-21T02:40:03.927Z [svc-sched-0] warning: slow query took 660ms
2026-02-21T02:40:03.928Z [svc-media-1] health check ok
2026-02-21T02:40:03.930Z [svc-media-2] processed batch of 180 items
2026-02-21T02:40:03.931Z [svc-media-1] health check ok
2026-02-21T02:40:03.932Z [svc-cache-4] closed idle connection after 308s
2026-02-21T02:40:03.934Z [svc-cache-3] health check ok
2026-02-21T02:40:03.935Z [svc-db-1] warning: slow query took 307ms
2026-02-21T02:40:03.936Z [svc-auth-0] processed batch of 424 items
2026-02-21T02:40:03.936Z [svc-search-4] retrying connection to elasticsearch (attempt 3/3)
2026-02-21T02:40:03.938Z [pytest-xdist] gw4 test_orders.py::test_expire_token PASSED in 198ms trace=d0322ac0-1a74-4896-f30e-bb82882963a6
2026-02-21T02:40:03.940Z [svc-search-0] closed idle connection after 30s
2026-02-21T02:40:03.941Z [svc-billing-1] gc pause 91ms, heap 459MB
2026-02-21T02:40:03.943Z [svc-gateway-3] cache hit rate 95%
2026-02-21T02:40:03.944Z [svc-media-0] cache hit rate 92%
2026-02-21T02:40:03.945Z [pytest-xdist] gw2 test_queue.py::test_delete_session PASSED in 82ms trace=40cf9066-6635-b1f6-a8cd-31753081d572
2026-02-21T02:40:03.945Z [svc-billing-4] health check ok
2026-02-21T02:40:03.946Z [svc-notify-1] health check ok
2026-02-21T02:40:03.951Z [pytest-xdist] gw4 test_orders.py::test_delete_invoice PASSED in 228ms trace=b5d8a593-6279-1b0f-399c-2d7da6b31a07
2026-02-21T02:40:03.951Z [svc-cache-2] connected to upstream in 9ms
2026-02-21T02:40:03.952Z [svc-gateway-0] health check ok
2026-02-21T02:40:03.953Z [svc-queue-2] health check ok
2026-02-21T02:40:03.954Z [svc-billing-0] connected to upstream in 65ms
2026-02-21T02:40:03.954Z [svc-sched-2] closed idle connection after 294s
2026-02-21T02:40:03.955Z [pytest-xdist] gw0 test_search.py::test_validate_refund PASSED in 112ms trace=e07315a5-e7c1-c4d9-1e89-32cc0a317a34
2026-02-21T02:40:03.955Z [svc-notify-3] warning: slow query took 1591ms
2026-02-21T02:40:03.956Z [svc-auth-3] gc pause 48ms, heap 967MB
2026-02-21T02:40:03.956Z [svc-cache-1] gc pause 86ms, heap 685MB
2026-02-21T02:40:03.957Z [svc-media-4] connected to upstream in 31ms
2026-02-21T02:40:03.958Z [svc-notify-3] processed batch of 363 items
2026-02-21T02:40:03.963Z [svc-db-1] connected to upstream in 27ms
2026-02-21T02:40:03.963Z [svc-gateway-3] gc pause 37ms, heap 517MB
2026-02-21T02:40:03.964Z [svc-cache-4] connected to upstream in 50ms
2026-02-21T02:40:03.964Z [svc-sched-0] gc pause 112ms, heap 305MB
2026-02-21T02:40:03.968Z [svc-gateway-0] connected to upstream in 17ms
2026-02-21T02:40:03.969Z [pytest-xdist] gw2 test_auth.py::test_update_query PASSED in 168ms trace=14ecb583-efc2-6d42-d9aa-94f7308d0ba8
2026-02-21T02:40:03.969Z [svc-auth-4] cache hit rate 85%
2026-02-21T02:40:03.970Z [svc-auth-2] processed batch of 106 items
2026-02-21T02:40:03.971Z [svc-sched-3] processed batch of 253 items
2026-02-21T02:40:03.972Z [svc-auth-1] closed idle connection after 42s
2026-02-21T02:40:03.972Z [svc-db-0] health check ok
2026-02-21T02:40:03.974Z [svc-db-3] warning: slow query took 602ms
2026-02-21T02:40:03.977Z [svc-cache-1] health check ok
2026-02-21T02:40:03.977Z [svc-billing-3] cache hit rate 85%
2026-02-21T02:40:03.977Z [svc-queue-0] closed idle connection after 242s
2026-02-21T02:40:03.978Z [svc-sched-2] cache hit rate 90%
2026-02-21T02:40:03.980Z [svc-search-3] gc pause 78ms, heap 177MB
2026-02-21T02:40:03.982Z [svc-gateway-4] connected to upstream in 73ms
2026-02-21T02:40:03.983Z [svc-db-4] gc pause 59ms, heap 548MB
2026-02-21T02:40:03.984Z [svc-media-3] processed batch of 86 items
2026-02-21T02:40:03.987Z [svc-search-3] closed idle connection after 189s
2026-02-21T02:40:03.987Z [svc-queue-0] connected to upstream in 51ms
2026-02-21T02:40:03.988Z [pytest-xdist] gw2 test_notify.py::test_cache_quota PASSED in 7ms trace=9c57623a-95f0-2d2f-e421-af95d167351a
2026-02-21T02:40:03.988Z [svc-billing-1] cache hit rate 95%
2026-02-21T02:40:03.994Z [svc-search-1] connected to upstream in 15ms
2026-02-21T02:40:03.994Z [svc-queue-1] health check ok
2026-02-21T02:40:03.996Z [svc-sched-2] warning: slow query took 1260ms
2026-02-21T02:40:03.997Z [svc-auth-0] gc pause 59ms, heap 919MB
2026-02-21T02:40:04.000Z [svc-sched-2] closed idle connection after 37s
2026-02-21T02:40:04.001Z [svc-queue-4] closed idle connection after 71s
2026-02-21T02:40:04.002Z [svc-media-3] health check ok
2026-02-21T02:40:04.003Z [svc-auth-0] health check ok
2026-02-21T02:40:04.003Z [svc-search-0] retrying connection to postgres (attempt 1/3)
2026-02-21T02:40:04.005Z [svc-cache-3] health check ok
2026-02-21T02:40:04.006Z [svc-auth-2] gc pause 77ms, heap 626MB
2026-02-21T02:40:04.006Z [svc-search-3] processed batch of 19 items
2026-02-21T02:40:04.007Z [pytest-xdist] gw5 test_gateway.py::test_create_shipment PASSED in 159ms trace=16d850f2-e33c-3e5d-6535-6f298ea8bfff
2026-02-21T02:40:04.007Z [svc-notify-2] retrying connection to kafka (attempt 2/3)
2026-02-21T02:40:04.007Z [svc-queue-0] warning: slow query took 1847ms
2026-02-21T02:40:04.008Z [svc-billing-1] gc pause 67ms, heap 960MB
2026-02-21T02:40:04.009Z [svc-sched-3] warning: slow query took 504ms
2026-02-21T02:40:04.010Z [svc-db-2] processed batch of 220 items
2026-02-21T02:40:04.013Z [svc-billing-3] health check ok
2026-02-21T02:40:04.013Z [svc-gateway-2] processed batch of 290 items
2026-02-21T02:40:04.018Z [svc-auth-0] gc pause 15ms, heap 170MB
2026-02-21T02:40:04.018Z [svc-db-0] processed batch of 400 items
2026-02-21T02:40:04.018Z [svc-search-3] gc pause 10ms, heap 786MB
2026-02-21T02:40:04.020Z [svc-billing-0] connected to upstream in 74ms
2026-02-21T02:40:04.022Z [svc-cache-4] closed idle connection after 119s
2026-02-21T02:40:04.023Z [svc-billing-2] processed batch of 245 items
2026-02-21T02:40:04.024Z [svc-notify-4] closed idle connection after 253s
2026-02-21T02:40:04.026Z [pytest-xdist] gw5 test_auth.py::test_expire_subscription PASSED in 129ms trace=3482f2f8-96ea-457d-69aa-4c85b2d1e7bd
2026-02-21T02:40:04.026Z [svc-search-0] connected to upstream in 58ms
2026-02-21T02:40:04.028Z [svc-queue-0] closed idle connection after 150s
2026-02-21T02:40:04.030Z [svc-auth-4] health check ok
2026-02-21T02:40:04.030Z [svc-search-1] health check ok
2026-02-21T02:40:04.030Z [svc-media-3] cache hit rate 92%
2026-02-21T02:40:04.034Z [svc-billing-1] connected to upstream in 17ms
2026-02-21T02:40:04.034Z [svc-notify-3] retrying connection to s3 (attempt 2/3)
2026-02-21T02:40:04.036Z [svc-sched-3] processed batch of 366 items
2026-02-21T02:40:04.037Z [svc-queue-2] closed idle connection after 70s
2026-02-21T02:40:04.041Z [svc-media-0] processed batch of 280 items
2026-02-21T02:40:04.043Z [svc-search-0] cache hit rate 85%
2026-02-21T02:40:04.046Z [svc-billing-3] gc pause 60ms, heap 175MB
2026-02-21T02:40:04.047Z [pytest-xdist] gw0 test_media.py::test_cache_subscription PASSED in 44ms trace=16e398b8-9a06-0572-27b4-1ff05180e5c9
2026-02-21T02:40:04.047Z [svc-queue-1] warning: slow query took 2109ms
2026-02-21T02:40:04.048Z [svc-cache-4] warning: slow query took 1028ms
2026-02-21T02:40:04.053Z [svc-search-3] warning: slow query took 1463ms
2026-02-21T02:40:04.054Z [pytest-xdist] gw0 test_orders.py::test_update_webhook PASSED in 173ms trace=9e8c55ba-0e42-a696-0214-f0031c7f19d6
2026-02-21T02:40:04.055Z [svc-notify-4] connected to upstream in 49ms
2026-02-21T02:40:04.057Z [svc-db-4] cache hit rate 90%
2026-02-21T02:40:04.059Z [svc-auth-2] health check ok
2026-02-21T02:40:04.059Z [svc-media-3] connected to upstream in 56ms
2026-02-21T02:40:04.060Z [pytest-xdist] gw3 test_sched.py::test_sync_coupon PASSED in 213ms trace=20ed43ba-4036-4fb4-bbab-cd09057a6d89
2026-02-21T02:40:04.061Z [svc-media-2] gc pause 5ms, heap 940MB
2026-02-21T02:40:04.063Z [svc-billing-1] cache hit rate 88%
2026-02-21T02:40:04.065Z [svc-auth-2] warning: slow query took 1869ms
2026-02-21T02:40:04.065Z [svc-queue-0] gc pause 101ms, heap 844MB
2026-02-21T02:40:04.066Z [svc-gateway-2] retrying connection to s3 (attempt 1/3)
2026-02-21T02:40:04.067Z [svc-auth-4] connected to upstream in 47ms
2026-02-21T02:40:04.068Z [svc-sched-0] warning: slow query took 1488ms
2026-02-21T02:40:04.069Z [pytest-xdist] gw1 test_import.py::test_retry_region PASSED in 59ms trace=22670c35-268a-5ac6-4309-dd7177187b16
2026-02-21T02:40:04.069Z [svc-auth-0] health check ok
2026-02-21T02:40:04.071Z [svc-billing-2] warning: slow query took 1881ms
2026-02-21T02:40:04.071Z [svc-search-1] closed idle connection after 241s
2026-02-21T02:40:04.072Z [pytest-xdist] gw3 test_billing.py::test_reconcile_token PASSED in 223ms trace=132a3e93-0fa8-7263-6904-c41466cc4d09
2026-02-21T02:40:04.078Z [svc-notify-2] cache hit rate 95%
2026-02-21T02:40:04.079Z [svc-auth-0] connected to upstream in 74ms
2026-02-21T02:40:04.081Z [svc-db-1] warning: slow query took 1031ms
2026-02-21T02:40:04.082Z [svc-auth-4] processed batch of 298 items
2026-02-21T02:40:04.082Z [svc-cache-4] gc pause 89ms, heap 644MB
2026-02-21T02:40:04.082Z [svc-gateway-3] connected to upstream in 79ms
2026-02-21T02:40:04.083Z [pytest-xdist] gw5 test_auth.py::test_validate_user PASSED in 69ms trace=40de11ef-f340-8b36-220d-63546f13a414
2026-02-21T02:40:04.084Z [svc-notify-1] closed idle connection after 274s
2026-02-21T02:40:04.084Z [svc-gateway-4] gc pause 34ms, heap 886MB
2026-02-21T02:40:04.085Z [svc-sched-0] retrying connection to vault (attempt 2/3)
2026-02-21T02:40:04.086Z [svc-gateway-0] cache hit rate 92%
2026-02-21T02:40:04.088Z [svc-auth-0] connected to upstream in 36ms
2026-02-21T02:40:04.094Z [svc-notify-2] health check ok
2026-02-21T02:40:04.096Z [pytest-xdist] gw2 test_queue.py::test_sync_index PASSED in 44ms trace=821b424f-cfa3-440e-1d68-4f1330ac771a
2026-02-21T02:40:04.097Z [svc-media-2] health check ok
2026-02-21T02:40:04.098Z [svc-media-0] connected to upstream in 83ms
2026-02-21T02:40:04.099Z [svc-db-0] connected to upstream in 76ms
2026-02-21T02:40:04.102Z [svc-queue-1] closed idle connection after 56s
2026-02-21T02:40:04.103Z [svc-search-2] warning: slow query took 592ms
2026-02-21T02:40:04.103Z [svc-gateway-0] connected to upstream in 9ms
2026-02-21T02:40:04.104Z [svc-cache-3] processed batch of 236 items
2026-02-21T02:40:04.105Z [pytest-xdist] gw4 test_import.py::test_create_region PASSED in 186ms trace=42e2c644-45f0-f4f7-f82c-961f6bef5462
2026-02-21T02:40:04.106Z [svc-queue-2] warning: slow query took 370ms
2026-02-21T02:40:04.108Z [pytest-xdist] gw0 test_users.py::test_list_refund PASSED in 108ms trace=c51ab3ee-00a7-3096-54ff-e2a504a55fbf
2026-02-21T02:40:04.108Z [svc-cache-1] warning: slow query took 342ms
2026-02-21T02:40:04.108Z [svc-db-0] connected to upstream in 56ms
2026-02-21T02:40:04.109Z [svc-billing-3] cache hit rate 95%
2026-02-21T02:40:04.109Z [svc-gateway-4] processed batch of 123 items
2026-02-21T02:40:04.110Z [svc-billing-0] health check ok
2026-02-21T02:40:04.113Z [pytest-xdist] gw5 test_export.py::test_sync_refund PASSED in 207ms trace=d0b99605-4684-c346-7f76-d40513104fa9
2026-02-21T02:40:04.114Z [svc-auth-1] processed batch of 285 items
2026-02-21T02:40:04.114Z [svc-auth-4] connected to upstream in 48ms
2026-02-21T02:40:04.114Z [svc-cache-3] health check ok
2026-02-21T02:40:04.114Z [svc-gateway-4] warning: slow query took 1857ms
2026-02-21T02:40:04.115Z [svc-media-1] connected to upstream in 72ms
2026-02-21T02:40:04.115Z [svc-queue-3] closed idle connection after 100s
2026-02-21T02:40:04.116Z [svc-sched-3] closed idle connection after 321s
2026-02-21T02:40:04.117Z [svc-cache-3] warning: slow query took 1482ms
2026-02-21T02:40:04.117Z [svc-notify-2] health check ok
2026-02-21T02:40:04.118Z [svc-billing-2] health check ok
2026-02-21T02:40:04.123Z [svc-billing-3] gc pause 18ms, heap 956MB
2026-02-21T02:40:04.127Z [svc-gateway-1] cache hit rate 85%
2026-02-21T02:40:04.128Z [svc-queue-2] connected to upstream in 33ms
2026-02-21T02:40:04.130Z [svc-gateway-2] processed batch of 143 items
2026-02-21T02:40:04.133Z [svc-media-3] closed idle connection after 329s
2026-02-21T02:40:04.134Z [svc-billing-3] retrying connection to elasticsearch (attempt 3/3)
2026-02-21T02:40:04.135Z [pytest-xdist] gw2 test_sched.py::test_expire_coupon PASSED in 114ms trace=c8b9b83b-f432-d931-ec38-4ec9d575acc7
2026-02-21T02:40:04.135Z [svc-billing-1] warning: slow query took 1355ms
2026-02-21T02:40:04.135Z [svc-search-4] gc pause 67ms, heap 751MB
2026-02-21T02:40:04.139Z [svc-notify-4] processed batch of 156 items
2026-02-21T02:40:04.139Z [svc-gateway-1] processed batch of 175 items
2026-02-21T02:40:04.141Z [svc-cache-0] connected to upstream in 23ms
2026-02-21T02:40:04.141Z [svc-media-4] gc pause 75ms, heap 360MB
2026-02-21T02:40:04.142Z [svc-sched-4] processed batch of 225 items
2026-02-21T02:40:04.146Z [svc-auth-0] retrying connection to elasticsearch (attempt 1/3)
2026-02-21T02:40:04.148Z [svc-billing-0] gc pause 111ms, heap 280MB
2026-02-21T02:40:04.149Z [svc-sched-2] closed idle connection after 138s
2026-02-21T02:40:04.150Z [svc-notify-4] gc pause 14ms, heap 621MB
2026-02-21T02:40:04.151Z [svc-media-4] closed idle connection after 265s
2026-02-21T02:40:04.152Z [svc-sched-4] gc pause 112ms, heap 207MB
2026-02-21T02:40:04.156Z [pytest-xdist] gw0 test_payments.py::test_cache_quota PASSED in 242ms trace=30a6c655-ac59-b1d8-38ee-919e41c3a1a2
2026-02-21T02:40:04.157Z [svc-billing-4] warning: slow query took 886ms
2026-02-21T02:40:04.157Z [svc-gateway-4] cache hit rate 85%
2026-02-21T02:40:04.159Z [svc-search-0] processed batch of 242 items
2026-02-21T02:40:04.160Z [svc-auth-3] processed batch of 432 items
2026-02-21T02:40:04.161Z [pytest-xdist] gw2 test_billing.py::test_list_template PASSED in 126ms trace=12913c2b-3078-7793-4011-5fdfdc139ada
2026-02-21T02:40:04.163Z [svc-cache-1] closed idle connection after 56s
2026-02-21T02:40:04.163Z [svc-sched-3] connected to upstream in 73ms
2026-02-21T02:40:04.164Z [svc-gateway-4] warning: slow query took 341ms
2026-02-21T02:40:04.165Z [svc-auth-4] cache hit rate 85%
2026-02-21T02:40:04.168Z [svc-cache-2] health check ok
2026-02-21T02:40:04.168Z [svc-queue-3] cache hit rate 90%
2026-02-21T02:40:04.169Z [svc-auth-0] gc pause 79ms, heap 840MB
2026-02-21T02:40:04.169Z [svc-db-0] closed idle connection after 329s
2026-02-21T02:40:04.169Z [svc-notify-4] cache hit rate 90%
2026-02-21T02:40:04.170Z [svc-auth-0] retrying connection to elasticsearch (attempt 2/3)
2026-02-21T02:40:04.170Z [svc-billing-0] gc pause 66ms, heap 925MB
2026-02-21T02:40:04.170Z [svc-gateway-3] processed batch of 86 items
2026-02-21T02:40:04.170Z [svc-media-1] warning: slow query took 2157ms
2026-02-21T02:40:04.173Z [svc-cache-3] connected to upstream in 53ms
2026-02-21T02:40:04.173Z [svc-notify-0] gc pause 23ms, heap 200MB
2026-02-21T02:40:04.175Z [svc-sched-4] connected to upstream in 5ms
2026-02-21T02:40:04.176Z [svc-media-3] warning: slow query took 629ms
2026-02-21T02:40:04.177Z [pytest-xdist] gw3 test_search.py::test_reconcile_refund PASSED in 64ms trace=d3bab328-af0d-24c5-d153-2032181e4ba0
2026-02-21T02:40:04.177Z [svc-cache-2] connected to upstream in 8ms
2026-02-21T02:40:04.177Z [svc-gateway-4] gc pause 34ms, heap 281MB
2026-02-21T02:40:04.179Z [svc-search-4] gc pause 53ms, heap 650MB
2026-02-21T02:40:04.179Z [svc-media-3] health check ok
2026-02-21T02:40:04.182Z [svc-db-3] warning: slow query took 1589ms
2026-02-21T02:40:04.182Z [svc-notify-3] warning: slow query took 1207ms
2026-02-21T02:40:04.183Z [svc-queue-1] processed batch of 211 items
2026-02-21T02:40:04.184Z [svc-auth-2] processed batch of 294 items
2026-02-21T02:40:04.184Z [svc-search-0] warning: slow query took 1054ms
2026-02-21T02:40:04.184Z [svc-sched-0] processed batch of 67 items
2026-02-21T02:40:04.187Z [svc-db-3] processed batch of 21 items
2026-02-21T02:40:04.188Z [pytest-xdist] gw1 test_notify.py::test_notify_query PASSED in 131ms trace=4265980d-494a-45a0-2b64-af150eadc036
2026-02-21T02:40:04.188Z [svc-db-2] gc pause 62ms, heap 753MB
2026-02-21T02:40:04.188Z [svc-sched-1] closed idle connection after 215s
2026-02-21T02:40:04.190Z [svc-billing-2] retrying connection to s3 (attempt 1/3)
2026-02-21T02:40:04.193Z [svc-sched-3] warning: slow query took 1648ms
2026-02-21T02:40:04.194Z [svc-auth-1] connected to upstream in 35ms
2026-02-21T02:40:04.197Z [svc-notify-1] cache hit rate 95%
2026-02-21T02:40:04.198Z [svc-db-2] warning: slow query took 725ms
2026-02-21T02:40:04.199Z [svc-db-4] gc pause 120ms, heap 624MB
2026-02-21T02:40:04.199Z [svc-media-2] gc pause 107ms, heap 773MB
2026-02-21T02:40:04.202Z [pytest-xdist] gw5 test_search.py::test_retry_quota PASSED in 81ms trace=d3f0b0f9-d064-accb-e2bd-9e4fb5a730f7
2026-02-21T02:40:04.202Z [svc-sched-1] health check ok
2026-02-21T02:40:04.203Z [svc-billing-3] connected to upstream in 30ms
2026-02-21T02:40:04.203Z [svc-notify-0] health check ok
2026-02-21T02:40:04.204Z [svc-search-2] processed batch of 73 items
2026-02-21T02:40:04.207Z [svc-media-4] gc pause 32ms, heap 220MB
2026-02-21T02:40:04.210Z [pytest-xdist] gw1 test_users.py::test_notify_coupon PASSED in 135ms trace=b803d067-f178-e931-6667-96b4dcf9fea7
2026-02-21T02:40:04.210Z [svc-gateway-2] health check ok
2026-02-21T02:40:04.212Z [svc-db-1] closed idle connection after 231s
2026-02-21T02:40:04.213Z [svc-cache-4] connected to upstream in 25ms
2026-02-21T02:40:04.214Z [pytest-xdist] gw0 test_notify.py::test_authorize_template PASSED in 50ms trace=21a2f79e-2f64-4a46-7fb6-7a41861dde58
2026-02-21T02:40:04.214Z [svc-cache-2] closed idle connection after 50s
2026-02-21T02:40:04.215Z [svc-billing-1] closed idle connection after 256s
2026-02-21T02:40:04.218Z [svc-media-0] closed idle connection after 170s
2026-02-21T02:40:04.220Z [svc-billing-2] health check ok
2026-02-21T02:40:04.222Z [svc-notify-1] health check ok
2026-02-21T02:40:04.223Z [svc-gateway-0] closed idle connection after 274s
2026-02-21T02:40:04.224Z [svc-media-2] connected to upstream in 75ms
2026-02-21T02:40:04.225Z [svc-auth-1] closed idle connection after 61s
2026-02-21T02:40:04.225Z [svc-cache-4] processed batch of 237 items
2026-02-21T02:40:04.226Z [svc-sched-0] gc pause 35ms, heap 747MB
2026-02-21T02:40:04.228Z [pytest-xdist] gw1 test_export.py::test_create_invoice PASSED in 21ms trace=c8ee2204-c84e-f47a-a627-4ff700647198
2026-02-21T02:40:04.228Z [svc-db-3] closed idle connection after 49s
2026-02-21T02:40:04.233Z [pytest-xdist] gw3 test_billing.py::test_expire_session PASSED in 118ms trace=f4a54982-e219-69be-0300-d85bfb32a6e2
2026-02-21T02:40:04.233Z [svc-auth-0] closed idle connection after 58s
2026-02-21T02:40:04.233Z [svc-queue-4] health check ok
2026-02-21T02:40:04.233Z [svc-sched-0] gc pause 79ms, heap 363MB
2026-02-21T02:40:04.236Z [svc-search-1] warning: slow query took 505ms
2026-02-21T02:40:04.237Z [svc-cache-4] retrying connection to s3 (attempt 1/3)
2026-02-21T02:40:04.237Z [svc-billing-1] health check ok
2026-02-21T02:40:04.240Z [svc-auth-2] gc pause 38ms, heap 967MB
2026-02-21T02:40:04.241Z [svc-billing-0] warning: slow query took 734ms
2026-02-21T02:40:04.243Z [svc-billing-1] gc pause 21ms, heap 259MB
2026-02-21T02:40:04.243Z [svc-sched-3] closed idle connection after 280s
2026-02-21T02:40:04.246Z [svc-cache-1] health check ok
2026-02-21T02:40:04.249Z [svc-billing-3] warning: slow query took 1717ms
2026-02-21T02:40:04.250Z [pytest-xdist] gw1 test_notify.py::test_update_webhook PASSED in 104ms trace=152ffc3b-871a-bf27-811a-9cdce9e7a1d5
2026-02-21T02:40:04.250Z [svc-auth-0] health check ok
2026-02-21T02:40:04.250Z [svc-notify-4] processed batch of 30 items
2026-02-21T02:40:04.250Z [svc-queue-4] retrying connection to s3 (attempt 2/3)
2026-02-21T02:40:04.252Z [svc-billing-3] health check ok
2026-02-21T02:40:04.252Z [svc-notify-0] closed idle connection after 138s
2026-02-21T02:40:04.254Z [svc-media-1] retrying connection to postgres (attempt 3/3)
2026-02-21T02:40:04.254Z [svc-queue-3] processed batch of 43 items
2026-02-21T02:40:04.256Z [svc-billing-0] warning: slow query took 588ms
2026-02-21T02:40:04.257Z [svc-search-1] health check ok
2026-02-21T02:40:04.258Z [svc-billing-1] health check ok
2026-02-21T02:40:04.258Z [svc-notify-2] cache hit rate 88%
2026-02-21T02:40:04.258Z [svc-media-2] health check ok
2026-02-21T02:40:04.260Z [svc-search-0] connected to upstream in 72ms
2026-02-21T02:40:04.261Z [svc-queue-0] cache hit rate 90%
2026-02-21T02:40:04.263Z [svc-search-4] cache hit rate 95%
2026-02-21T02:40:04.269Z [svc-db-0] processed batch of 279 items
2026-02-21T02:40:04.270Z [svc-gateway-1] gc pause 47ms, heap 273MB
2026-02-21T02:40:04.271Z [pytest-xdist] gw3 test_export.py::test_validate_coupon PASSED in 82ms trace=fbc7d489-2afb-d46e-6a31-bba3604f594c
2026-02-21T02:40:04.273Z [svc-media-4] closed idle connection after 46s
2026-02-21T02:40:04.275Z [svc-cache-3] gc pause 61ms, heap 104MB
2026-02-21T02:40:04.275Z [svc-cache-3] gc pause 25ms, heap 558MB
2026-02-21T02:40:04.275Z [svc-sched-2] warning: slow query took 353ms
2026-02-21T02:40:04.275Z [svc-sched-3] health check ok
2026-02-21T02:40:04.277Z [svc-db-1] warning: slow query took 445ms
2026-02-21T02:40:04.277Z [svc-search-2] processed batch of 320 items
2026-02-21T02:40:04.279Z [svc-sched-3] gc pause 111ms, heap 679MB
2026-02-21T02:40:04.280Z [pytest-xdist] gw3 test_search.py::test_authorize_region PASSED in 156ms trace=91181365-da7a-b997-33a0-0eaf67784cef
2026-02-21T02:40:04.281Z [svc-notify-3] gc pause 56ms, heap 832MB
2026-02-21T02:40:04.284Z [svc-db-4] processed batch of 318 items
2026-02-21T02:40:04.284Z [svc-queue-2] cache hit rate 90%
2026-02-21T02:40:04.285Z [svc-notify-3] closed idle connection after 104s
2026-02-21T02:40:04.286Z [svc-media-3] gc pause 87ms, heap 775MB
2026-02-21T02:40:04.287Z [svc-notify-2] gc pause 52ms, heap 227MB
2026-02-21T02:40:04.288Z [svc-auth-0] warning: slow query took 1754ms
2026-02-21T02:40:04.288Z [svc-db-3] warning: slow query took 252ms
2026-02-21T02:40:04.290Z [svc-notify-0] processed batch of 332 items
2026-02-21T02:40:04.290Z [svc-gateway-2] health check ok
2026-02-21T02:40:04.291Z [svc-cache-4] gc pause 106ms, heap 645MB
2026-02-21T02:40:04.295Z [svc-notify-4] connected to upstream in 47ms
2026-02-21T02:40:04.295Z [svc-gateway-2] closed idle connection after 183s
2026-02-21T02:40:04.297Z [pytest-xdist] gw5 test_queue.py::test_notify_webhook PASSED in 231ms trace=f7a60360-f420-85da-2505-d4672063c745
2026-02-21T02:40:04.301Z [pytest-xdist] gw1 test_sched.py::test_notify_quota PASSED in 247ms trace=3738707c-95a1-c401-61e2-241c8f47286c
2026-02-21T02:40:04.302Z [svc-media-0] connected to upstream in 32ms
2026-02-21T02:40:04.305Z [svc-cache-4] closed idle connection after 287s
2026-02-21T02:40:04.305Z [svc-db-1] gc pause 33ms, heap 441MB
2026-02-21T02:40:04.305Z [svc-gateway-1] gc pause 49ms, heap 542MB
2026-02-21T02:40:04.307Z [svc-media-0] processed batch of 80 items
2026-02-21T02:40:04.311Z [svc-db-4] warning: slow query took 2057ms
2026-02-21T02:40:04.311Z [svc-queue-2] cache hit rate 90%
2026-02-21T02:40:04.312Z [svc-media-4] closed idle connection after 130s
2026-02-21T02:40:04.315Z [svc-cache-1] processed batch of 80 items
2026-02-21T02:40:04.315Z [svc-billing-3] closed idle connection after 139s
2026-02-21T02:40:04.317Z [svc-billing-2] closed idle connection after 180s
2026-02-21T02:40:04.320Z [svc-sched-0] closed idle connection after 186s
2026-02-21T02:40:04.322Z [pytest-xdist] gw3 test_auth.py::test_cache_template PASSED in 192ms trace=b8f937ea-8dc0-38d6-aecf-3d7d44137da6
2026-02-21T02:40:04.322Z [svc-cache-0] retrying connection to vault (attempt 3/3)
2026-02-21T02:40:04.323Z [svc-cache-0] gc pause 72ms, heap 116MB
2026-02-21T02:40:04.324Z [svc-sched-4] health check ok
2026-02-21T02:40:04.325Z [svc-cache-0] closed idle connection after 178s
2026-02-21T02:40:04.326Z [svc-auth-4] retrying connection to kafka (attempt 1/3)
2026-02-21T02:40:04.326Z [svc-billing-1] health check ok
2026-02-21T02:40:04.326Z [svc-notify-3] cache hit rate 88%
2026-02-21T02:40:04.331Z [svc-db-4] gc pause 38ms, heap 427MB
2026-02-21T02:40:04.332Z [svc-sched-2] connected to upstream in 6ms
2026-02-21T02:40:04.333Z [svc-billing-1] gc pause 19ms, heap 269MB
2026-02-21T02:40:04.334Z [pytest-xdist] gw1 test_gateway.py::test_list_template PASSED in 46ms trace=1468fa90-e892-5f31-b127-63524658ed4f
2026-02-21T02:40:04.334Z [svc-auth-0] health check ok
2026-02-21T02:40:04.335Z [svc-auth-2] closed idle connection after 145s
2026-02-21T02:40:04.336Z [svc-billing-0] health check ok
2026-02-21T02:40:04.336Z [svc-media-1] cache hit rate 95%
2026-02-21T02:40:04.339Z [svc-auth-0] gc pause 84ms, heap 407MB
2026-02-21T02:40:04.341Z [svc-search-0] processed batch of 230 items
2026-02-21T02:40:04.342Z [svc-cache-2] closed idle connection after 70s
2026-02-21T02:40:04.343Z [svc-queue-4] retrying connection to s3 (attempt 3/3)
2026-02-21T02:40:04.344Z [svc-cache-2] gc pause 69ms, heap 216MB
2026-02-21T02:40:04.345Z [svc-db-1] connected to upstream in 82ms
2026-02-21T02:40:04.347Z [svc-db-3] processed batch of 487 items
2026-02-21T02:40:04.347Z [svc-search-0] warning: slow query took 862ms
2026-02-21T02:40:04.351Z [svc-db-2] cache hit rate 92%
2026-02-21T02:40:04.351Z [svc-billing-2] closed idle connection after 132s
2026-02-21T02:40:04.353Z [pytest-xdist] gw3 test_notify.py::test_reconcile_quota PASSED in 168ms trace=2f556e7f-9f2b-6c2f-89c8-9c0d2f8fc743
2026-02-21T02:40:04.356Z [pytest-xdist] gw4 test_webhooks.py::test_render_coupon PASSED in 14ms trace=494002df-e114-10db-572c-29a2f1c5a582
2026-02-21T02:40:04.357Z [svc-media-1] processed batch of 509 items
2026-02-21T02:40:04.358Z [svc-cache-2] health check ok
2026-02-21T02:40:04.359Z [svc-cache-4] warning: slow query took 2010ms
2026-02-21T02:40:04.361Z [svc-queue-2] warning: slow query took 1110ms
2026-02-21T02:40:04.362Z [pytest-xdist] gw2 test_sched.py::test_paginate_shipment PASSED in 55ms trace=0873679a-29de-55f9-5f9c-9e1bf0e9c58d
2026-02-21T02:40:04.365Z [svc-cache-0] gc pause 50ms, heap 124MB
2026-02-21T02:40:04.366Z [svc-db-1] gc pause 42ms, heap 610MB
2026-02-21T02:40:04.367Z [svc-search-3] retrying connection to s3 (attempt 2/3)
2026-02-21T02:40:04.370Z [svc-search-0] processed batch of 302 items
2026-02-21T02:40:04.370Z [svc-media-4] gc pause 27ms, heap 674MB
2026-02-21T02:40:04.371Z [svc-db-0] closed idle connection after 160s
2026-02-21T02:40:04.373Z [svc-auth-4] closed idle connection after 142s
2026-02-21T02:40:04.374Z [svc-queue-4] health check ok
2026-02-21T02:40:04.378Z [svc-db-2] cache hit rate 92%
2026-02-21T02:40:04.380Z [svc-media-3] cache hit rate 88%
2026-02-21T02:40:04.381Z [svc-media-0] warning: slow query took 1686ms
2026-02-21T02:40:04.383Z [pytest-xdist] gw0 test_gateway.py::test_reconcile_user PASSED in 100ms trace=ad56d968-6a0b-c60e-df0f-f846b71e9c04
2026-02-21T02:40:04.384Z [svc-queue-2] warning: slow query took 1711ms
2026-02-21T02:40:04.385Z [svc-cache-0] processed batch of 356 items
2026-02-21T02:40:04.385Z [svc-queue-2] closed idle connection after 157s
2026-02-21T02:40:04.386Z [svc-db-0] gc pause 11ms, heap 545MB
2026-02-21T02:40:04.386Z [svc-db-3] health check ok
2026-02-21T02:40:04.387Z [svc-cache-1] cache hit rate 95%
2026-02-21T02:40:04.389Z [svc-queue-0] health check ok
2026-02-21T02:40:04.391Z [svc-gateway-4] connected to upstream in 20ms
2026-02-21T02:40:04.391Z [svc-sched-2] retrying connection to redis (attempt 1/3)
2026-02-21T02:40:04.392Z [svc-gateway-0] cache hit rate 92%
2026-02-21T02:40:04.394Z [svc-cache-0] health check ok
2026-02-21T02:40:04.394Z [svc-search-4] connected to upstream in 48ms
2026-02-21T02:40:04.396Z [svc-auth-4] gc pause 118ms, heap 143MB
2026-02-21T02:40:04.396Z [svc-sched-0] connected to upstream in 75ms
2026-02-21T02:40:04.398Z [svc-media-4] cache hit rate 88%
2026-02-21T02:40:04.400Z [svc-gateway-1] connected to upstream in 49ms
2026-02-21T02:40:04.400Z [svc-queue-1] connected to upstream in 54ms
2026-02-21T02:40:04.401Z [pytest-xdist] gw4 test_webhooks.py::test_render_query PASSED in 101ms trace=e287a649-d29c-ffb5-16b4-7d4706360752
2026-02-21T02:40:04.406Z [pytest-xdist] gw3 test_media.py::test_validate_shipment PASSED in 71ms trace=6450c6bc-9e86-585f-6721-ac8c07d588d2
2026-02-21T02:40:04.407Z [svc-search-1] processed batch of 121 items
2026-02-21T02:40:04.411Z [svc-auth-2] cache hit rate 92%
2026-02-21T02:40:04.411Z [svc-gateway-4] processed batch of 215 items
2026-02-21T02:40:04.411Z [svc-media-4] health check ok
2026-02-21T02:40:04.412Z [svc-media-4] processed batch of 184 items
2026-02-21T02:40:04.413Z [svc-media-3] gc pause 111ms, heap 203MB
2026-02-21T02:40:04.414Z [svc-auth-0] warning: slow query took 1070ms
2026-02-21T02:40:04.414Z [svc-notify-4] processed batch of 361 items
2026-02-21T02:40:04.415Z [svc-notify-3] health check ok
2026-02-21T02:40:04.417Z [svc-db-2] cache hit rate 95%
2026-02-21T02:40:04.417Z [svc-search-4] processed batch of 132 items
2026-02-21T02:40:04.418Z [svc-queue-0] gc pause 36ms, heap 770MB
2026-02-21T02:40:04.422Z [svc-queue-4] health check ok
2026-02-21T02:40:04.423Z [pytest-xdist] gw4 test_sched.py::test_render_region PASSED in 62ms trace=53facac7-1b3e-3e54-ee49-97ce85fb80f8
2026-02-21T02:40:04.423Z [svc-queue-1] connected to upstream in 69ms
2026-02-21T02:40:04.428Z [svc-db-3] gc pause 86ms, heap 707MB
2026-02-21T02:40:04.428Z [svc-search-2] health check ok
2026-02-21T02:40:04.429Z [svc-cache-4] connected to upstream in 81ms
2026-02-21T02:40:04.431Z [svc-queue-3] warning: slow query took 1711ms
2026-02-21T02:40:04.432Z [svc-notify-2] closed idle connection after 294s
2026-02-21T02:40:04.434Z [svc-db-0] gc pause 87ms, heap 324MB
2026-02-21T02:40:04.435Z [svc-billing-0] cache hit rate 92%
2026-02-21T02:40:04.435Z [svc-search-2] connected to upstream in 34ms
2026-02-21T02:40:04.436Z [svc-notify-4] gc pause 32ms, heap 957MB
2026-02-21T02:40:04.436Z [svc-gateway-3] gc pause 83ms, heap 945MB
2026-02-21T02:40:04.436Z [svc-gateway-4] health check ok
2026-02-21T02:40:04.437Z [svc-db-0] health check ok
2026-02-21T02:40:04.437Z [svc-sched-4] warning: slow query took 1786ms
2026-02-21T02:40:04.438Z [svc-db-2] health check ok
2026-02-21T02:40:04.439Z [svc-cache-4] processed batch of 85 items
2026-02-21T02:40:04.440Z [pytest-xdist] gw1 test_search.py::test_cache_index PASSED in 239ms trace=b8ce1e97-3074-286a-52ad-cb59d09f4ee4
2026-02-21T02:40:04.441Z [svc-billing-0] retrying connection to redis (attempt 1/3)
2026-02-21T02:40:04.442Z [svc-db-0] closed idle connection after 202s
2026-02-21T02:40:04.442Z [svc-db-3] processed batch of 15 items
2026-02-21T02:40:04.442Z [svc-search-2] closed idle connection after 308s
2026-02-21T02:40:04.443Z [svc-notify-1] closed idle connection after 82s
2026-02-21T02:40:04.445Z [svc-search-3] health check ok
2026-02-21T02:40:04.449Z [pytest-xdist] gw1 test_users.py::test_list_session PASSED in 223ms trace=fa467068-a655-676a-9138-ac7ea77b8681
2026-02-21T02:40:04.449Z [svc-db-3] closed idle connection after 313s
2026-02-21T02:40:04.449Z [svc-media-3] processed batch of 39 items
2026-02-21T02:40:04.451Z [svc-search-1] connected to upstream in 54ms
2026-02-21T02:40:04.452Z [svc-notify-0] health check ok
2026-02-21T02:40:04.453Z [svc-search-0] gc pause 80ms, heap 239MB
2026-02-21T02:40:04.454Z [svc-search-1] processed batch of 37 items
2026-02-21T02:40:04.455Z [pytest-xdist] gw2 test_search.py::test_validate_user PASSED in 210ms trace=1f9b1771-4194-06b4-0e11-31b29a63b65d
2026-02-21T02:40:04.455Z [svc-billing-4] health check ok
2026-02-21T02:40:04.455Z [svc-notify-4] health check ok
2026-02-21T02:40:04.455Z [svc-sched-4] processed batch of 368 items
2026-02-21T02:40:04.457Z [svc-db-2] warning: slow query took 719ms
2026-02-21T02:40:04.457Z [svc-gateway-3] warning: slow query took 1485ms
2026-02-21T02:40:04.458Z [svc-billing-4] cache hit rate 92%
2026-02-21T02:40:04.458Z [svc-queue-2] health check ok
2026-02-21T02:40:04.460Z [svc-search-3] gc pause 95ms, heap 257MB
2026-02-21T02:40:04.460Z [svc-media-3] cache hit rate 85%
2026-02-21T02:40:04.462Z [svc-db-0] warning: slow query took 1445ms
2026-02-21T02:40:04.463Z [svc-search-3] warning: slow query took 1805ms
2026-02-21T02:40:04.465Z [svc-cache-0] retrying connection to vault (attempt 2/3)
2026-02-21T02:40:04.465Z [svc-media-0] warning: slow query took 927ms
2026-02-21T02:40:04.471Z [svc-auth-2] cache hit rate 85%
2026-02-21T02:40:04.471Z [svc-queue-1] processed batch of 206 items
2026-02-21T02:40:04.472Z [svc-gateway-3] connected to upstream in 78ms
2026-02-21T02:40:04.473Z [svc-db-3] gc pause 57ms, heap 565MB
2026-02-21T02:40:04.474Z [svc-gateway-1] gc pause 78ms, heap 251MB
2026-02-21T02:40:04.476Z [pytest-xdist] gw3 test_queue.py::test_cache_query PASSED in 238ms trace=affd095e-2996-1575-33d0-a3b457be2448
2026-02-21T02:40:04.479Z [pytest-xdist] gw2 test_queue.py::test_create_invoice PASSED in 223ms trace=dfb468f3-6955-c9c7-e3e6-160422b07a53
2026-02-21T02:40:04.483Z [svc-auth-0] closed idle connection after 273s
2026-02-21T02:40:04.486Z [svc-sched-3] processed batch of 468 items
2026-02-21T02:40:04.488Z [svc-gateway-1] warning: slow query took 791ms
2026-02-21T02:40:04.492Z [svc-sched-3] cache hit rate 85%
2026-02-21T02:40:04.493Z [svc-gateway-1] processed batch of 298 items
2026-02-21T02:40:04.493Z [svc-sched-1] health check ok
2026-02-21T02:40:04.494Z [svc-gateway-4] cache hit rate 92%
2026-02-21T02:40:04.495Z [svc-auth-1] warning: slow query took 1277ms
2026-02-21T02:40:04.495Z [svc-auth-2] connected to upstream in 72ms
2026-02-21T02:40:04.495Z [svc-media-3] processed batch of 33 items
2026-02-21T02:40:04.496Z [pytest-xdist] gw2 test_search.py::test_render_subscription PASSED in 176ms trace=59e75f05-3d8f-0662-4626-e7ff804e2cb0
2026-02-21T02:40:04.497Z [svc-db-2] processed batch of 246 items
2026-02-21T02:40:04.498Z [svc-cache-3] processed batch of 162 items
2026-02-21T02:40:04.500Z [svc-gateway-3] connected to upstream in 73ms
2026-02-21T02:40:04.504Z [pytest-xdist] gw5 test_import.py::test_create_session PASSED in 232ms trace=f48b8d9a-6ba8-7eb2-1aa8-e9539485472a
2026-02-21T02:40:04.506Z [svc-auth-1] retrying connection to vault (attempt 1/3)
2026-02-21T02:40:04.507Z [svc-auth-2] health check ok
2026-02-21T02:40:04.507Z [svc-sched-1] gc pause 16ms, heap 719MB
2026-02-21T02:40:04.509Z [svc-search-3] connected to upstream in 34ms
2026-02-21T02:40:04.511Z [svc-billing-0] retrying connection to redis (attempt 1/3)
2026-02-21T02:40:04.515Z [svc-db-2] health check ok
2026-02-21T02:40:04.515Z [svc-db-3] gc pause 95ms, heap 326MB
2026-02-21T02:40:04.515Z [svc-search-3] processed batch of 40 items
2026-02-21T02:40:04.516Z [svc-db-1] connected to upstream in 35ms
2026-02-21T02:40:04.516Z [svc-db-2] connected to upstream in 19ms
2026-02-21T02:40:04.517Z [svc-search-1] connected to upstream in 40ms
2026-02-21T02:40:04.517Z [svc-notify-2] warning: slow query took 832ms
2026-02-21T02:40:04.517Z [svc-media-0] connected to upstream in 18ms
2026-02-21T02:40:04.518Z [svc-queue-0] connected to upstream in 57ms
2026-02-21T02:40:04.518Z [svc-queue-3] processed batch of 15 items
2026-02-21T02:40:04.519Z [svc-db-1] closed idle connection after 165s
2026-02-21T02:40:04.520Z [svc-cache-2] warning: slow query took 271ms
2026-02-21T02:40:04.521Z [svc-queue-4] closed idle connection after 120s
2026-02-21T02:40:04.522Z [pytest-xdist] gw0 test_sched.py::test_authorize_refund PASSED in 86ms trace=0242d65a-6f0d-a139-7a3c-f0f85ef984a6
2026-02-21T02:40:04.522Z [svc-gateway-0] connected to upstream in 15ms
2026-02-21T02:40:04.525Z [svc-db-2] processed batch of 334 items
2026-02-21T02:40:04.527Z [svc-db-0] warning: slow query took 941ms
2026-02-21T02:40:04.528Z [svc-auth-2] health check ok
2026-02-21T02:40:04.529Z [svc-billing-0] closed idle connection after 325s
2026-02-21T02:40:04.530Z [svc-auth-2] cache hit rate 95%
2026-02-21T02:40:04.530Z [svc-billing-2] gc pause 120ms, heap 477MB
2026-02-21T02:40:04.531Z [svc-gateway-3] gc pause 76ms, heap 977MB
2026-02-21T02:40:04.531Z [svc-sched-4] health check ok
2026-02-21T02:40:04.533Z [svc-billing-4] closed idle connection after 313s
2026-02-21T02:40:04.535Z [svc-cache-2] gc pause 42ms, heap 729MB
2026-02-21T02:40:04.536Z [pytest-xdist] gw1 test_billing.py::test_validate_region PASSED in 171ms trace=1e6c4a3b-2d9c-0e60-ef5d-1068c5599884
2026-02-21T02:40:04.536Z [svc-notify-2] closed idle connection after 124s
2026-02-21T02:40:04.538Z [svc-queue-1] health check ok
2026-02-21T02:40:04.540Z [svc-auth-2] retrying connection to postgres (attempt 3/3)
2026-02-21T02:40:04.543Z [svc-db-3] gc pause 65ms, heap 279MB
2026-02-21T02:40:04.545Z [svc-db-1] processed batch of 420 items
2026-02-21T02:40:04.545Z [svc-notify-2] warning: slow query took 873ms
2026-02-21T02:40:04.545Z [svc-media-1] gc pause 14ms, heap 541MB
2026-02-21T02:40:04.546Z [pytest-xdist] gw4 test_media.py::test_authorize_invoice PASSED in 207ms trace=fd5ed7ac-bfdf-806e-f695-510ffc3f9a2d
2026-02-21T02:40:04.547Z [svc-media-3] health check ok
2026-02-21T02:40:04.548Z [svc-cache-3] cache hit rate 85%
2026-02-21T02:40:04.552Z [svc-cache-2] cache hit rate 90%
2026-02-21T02:40:04.552Z [svc-db-0] closed idle connection after 79s
2026-02-21T02:40:04.554Z [svc-cache-2] connected to upstream in 16ms
2026-02-21T02:40:04.554Z [svc-media-4] processed batch of 477 items
2026-02-21T02:40:04.555Z [pytest-xdist] gw2 test_queue.py::test_cache_subscription PASSED in 152ms trace=32efff2e-0ba8-4031-9c29-101ddd8c92d9
2026-02-21T02:40:04.555Z [svc-db-1] warning: slow query took 1138ms
2026-02-21T02:40:04.558Z [svc-sched-4] gc pause 95ms, heap 544MB
2026-02-21T02:40:04.559Z [svc-db-4] cache hit rate 88%
2026-02-21T02:40:04.561Z [svc-db-0] warning: slow query took 429ms
2026-02-21T02:40:04.561Z [svc-notify-4] processed batch of 299 items
2026-02-21T02:40:04.561Z [svc-media-2] processed batch of 279 items
2026-02-21T02:40:04.563Z [svc-search-0] connected to upstream in 11ms
2026-02-21T02:40:04.564Z [svc-sched-2] connected to upstream in 30ms
2026-02-21T02:40:04.565Z [svc-media-3] closed idle connection after 167s
2026-02-21T02:40:04.570Z [svc-queue-4] gc pause 98ms, heap 776MB
2026-02-21T02:40:04.572Z [pytest-xdist] gw1 test_billing.py::test_notify_region PASSED in 54ms trace=7aa46c4a-d97e-c15c-148e-176942258e7d
2026-02-21T02:40:04.572Z [svc-search-0] cache hit rate 92%
2026-02-21T02:40:04.573Z [svc-cache-1] connected to upstream in 29ms
2026-02-21T02:40:04.573Z [svc-notify-4] cache hit rate 92%
2026-02-21T02:40:04.573Z [svc-sched-1] processed batch of 174 items
2026-02-21T02:40:04.574Z [svc-billing-2] processed batch of 480 items
2026-02-21T02:40:04.574Z [svc-gateway-0] gc pause 115ms, heap 268MB
2026-02-21T02:40:04.577Z [svc-notify-4] retrying connection to elasticsearch (attempt 2/3)
2026-02-21T02:40:04.578Z [svc-notify-4] health check ok
2026-02-21T02:40:04.579Z [svc-gateway-0] gc pause 109ms, heap 845MB
2026-02-21T02:40:04.580Z [svc-queue-2] closed idle connection after 300s
2026-02-21T02:40:04.583Z [svc-sched-1] warning: slow query took 1871ms
2026-02-21T02:40:04.583Z [svc-sched-4] retrying connection to s3 (attempt 2/3)
2026-02-21T02:40:04.584Z [svc-media-4] closed idle connection after 41s
2026-02-21T02:40:04.587Z [svc-billing-0] gc pause 94ms, heap 927MB
2026-02-21T02:40:04.590Z [svc-billing-0] health check ok
2026-02-21T02:40:04.592Z [pytest-xdist] gw0 test_export.py::test_expire_token PASSED in 9ms trace=80d1ff5b-ec11-73b3-52f3-9404d933ee5b
2026-02-21T02:40:04.594Z [svc-cache-1] connected to upstream in 15ms
2026-02-21T02:40:04.594Z [svc-db-2] health check ok
2026-02-21T02:40:04.595Z [svc-gateway-2] health check ok
2026-02-21T02:40:04.596Z [svc-sched-4] closed idle connection after 75s
2026-02-21T02:40:04.600Z [pytest-xdist] gw4 test_export.py::test_authorize_template PASSED in 118ms trace=a6b6eef5-3c02-afa6-4d6a-50d6cbeb982a
2026-02-21T02:40:04.600Z [svc-cache-0] cache hit rate 90%
2026-02-21T02:40:04.603Z [svc-auth-3] gc pause 77ms, heap 630MB
2026-02-21T02:40:04.603Z [svc-gateway-3] connected to upstream in 60ms
2026-02-21T02:40:04.605Z [svc-notify-3] health check ok
2026-02-21T02:40:04.606Z [svc-db-3] cache hit rate 92%
2026-02-21T02:40:04.607Z [svc-gateway-4] health check ok
2026-02-21T02:40:04.608Z [svc-db-1] processed batch of 470 items
2026-02-21T02:40:04.608Z [svc-billing-1] connected to upstream in 84ms
2026-02-21T02:40:04.609Z [svc-billing-4] cache hit rate 85%
2026-02-21T02:40:04.609Z [svc-sched-4] gc pause 84ms, heap 270MB
2026-02-21T02:40:04.610Z [svc-queue-4] processed batch of 392 items
2026-02-21T02:40:04.614Z [svc-sched-2] gc pause 16ms, heap 769MB
2026-02-21T02:40:04.615Z [svc-db-3] warning: slow query took 325ms
2026-02-21T02:40:04.617Z [svc-search-0] gc pause 101ms, heap 361MB
2026-02-21T02:40:04.618Z [pytest-xdist] gw0 test_queue.py::test_sync_quota PASSED in 205ms trace=6194bb0d-296c-139d-8776-e10812eb35bb
2026-02-21T02:40:04.618Z [svc-auth-4] connected to upstream in 16ms
2026-02-21T02:40:04.619Z [svc-billing-1] connected to upstream in 25ms
2026-02-21T02:40:04.620Z [svc-notify-1] warning: slow query took 2033ms
2026-02-21T02:40:04.620Z [svc-notify-3] closed idle connection after 187s
2026-02-21T02:40:04.622Z [svc-gateway-2] gc pause 56ms, heap 380MB
2026-02-21T02:40:04.623Z [svc-cache-4] cache hit rate 92%
2026-02-21T02:40:04.623Z [svc-queue-2] warning: slow query took 300ms
2026-02-21T02:40:04.627Z [svc-notify-0] gc pause 44ms, heap 400MB
2026-02-21T02:40:04.627Z [svc-gateway-4] cache hit rate 88%
2026-02-21T02:40:04.628Z [svc-queue-4] cache hit rate 95%
2026-02-21T02:40:04.629Z [pytest-xdist] gw1 test_sched.py::test_create_token PASSED in 43ms trace=0f12d899-50fd-a23c-ce24-53e77b942d3f
2026-02-21T02:40:04.629Z [svc-media-1] closed idle connection after 231s
2026-02-21T02:40:04.630Z [svc-db-3] gc pause 98ms, heap 292MB
2026-02-21T02:40:04.632Z [svc-cache-3] cache hit rate 85%
2026-02-21T02:40:04.634Z [svc-billing-3] connected to upstream in 74ms
2026-02-21T02:40:04.635Z [svc-notify-1] cache hit rate 92%
2026-02-21T02:40:04.635Z [svc-queue-4] health check ok
2026-02-21T02:40:04.637Z [svc-search-3] processed batch of 347 items
2026-02-21T02:40:04.638Z [pytest-xdist] gw4 test_export.py::test_parse_invoice PASSED in 131ms trace=10165408-5533-cfbe-d917-c6d21d8d947e
2026-02-21T02:40:04.638Z [svc-cache-4] health check ok
2026-02-21T02:40:04.641Z [svc-auth-4] processed batch of 272 items
2026-02-21T02:40:04.642Z [svc-media-2] processed batch of 262 items
2026-02-21T02:40:04.642Z [svc-queue-3] health check ok
2026-02-21T02:40:04.642Z [svc-sched-4] warning: slow query took 1588ms
2026-02-21T02:40:04.643Z [svc-gateway-1] gc pause 22ms, heap 636MB
2026-02-21T02:40:04.644Z [svc-media-0] warning: slow query took 553ms
2026-02-21T02:40:04.646Z [svc-auth-4] warning: slow query took 906ms
2026-02-21T02:40:04.648Z [svc-gateway-3] connected to upstream in 59ms
2026-02-21T02:40:04.649Z [pytest-xdist] gw4 test_webhooks.py::test_parse_index PASSED in 248ms trace=704148cf-df68-50cd-a996-8d03b1aa1a58
2026-02-21T02:40:04.649Z [svc-sched-1] warning: slow query took 1389ms
2026-02-21T02:40:04.650Z [svc-db-0] warning: slow query took 1093ms
2026-02-21T02:40:04.650Z [svc-db-3] gc pause 15ms, heap 870MB
2026-02-21T02:40:04.651Z [svc-sched-4] warning: slow query took 1089ms
2026-02-21T02:40:04.653Z [svc-cache-2] health check ok
2026-02-21T02:40:04.653Z [svc-gateway-2] closed idle connection after 266s
2026-02-21T02:40:04.655Z [svc-cache-2] gc pause 77ms, heap 745MB
2026-02-21T02:40:04.655Z [svc-sched-2] processed batch of 41 items
2026-02-21T02:40:04.655Z [svc-sched-2] gc pause 89ms, heap 626MB
2026-02-21T02:40:04.657Z [svc-gateway-1] processed batch of 117 items
2026-02-21T02:40:04.658Z [svc-auth-4] gc pause 36ms, heap 138MB
2026-02-21T02:40:04.659Z [svc-auth-0] warning: slow query took 2135ms
2026-02-21T02:40:04.659Z [svc-billing-2] connected to upstream in 33ms
2026-02-21T02:40:04.659Z [svc-notify-1] processed batch of 454 items
2026-02-21T02:40:04.661Z [svc-auth-3] cache hit rate 85%
2026-02-21T02:40:04.662Z [svc-notify-0] health check ok
2026-02-21T02:40:04.662Z [svc-media-4] health check ok
2026-02-21T02:40:04.666Z [svc-media-1] gc pause 114ms, heap 124MB
2026-02-21T02:40:04.666Z [svc-sched-2] health check ok
2026-02-21T02:40:04.671Z [pytest-xdist] gw4 test_sched.py::test_authorize_shipment PASSED in 135ms trace=126f4622-c5e3-bbfa-795c-0d2a87649ef6
2026-02-21T02:40:04.671Z [svc-search-1] processed batch of 27 items
2026-02-21T02:40:04.673Z [svc-cache-0] connected to upstream in 39ms
2026-02-21T02:40:04.675Z [svc-media-3] connected to upstream in 67ms
2026-02-21T02:40:04.678Z [svc-notify-3] connected to upstream in 59ms
2026-02-21T02:40:04.679Z [pytest-xdist] gw4 test_billing.py::test_update_session PASSED in 125ms trace=02037668-4ad5-2254-420f-4f763aaa6382
2026-02-21T02:40:04.679Z [svc-db-2] connected to upstream in 73ms
2026-02-21T02:40:04.682Z [svc-sched-2] connected to upstream in 14ms
2026-02-21T02:40:04.684Z [svc-queue-1] gc pause 70ms, heap 708MB
2026-02-21T02:40:04.688Z [svc-billing-1] gc pause 28ms, heap 275MB
2026-02-21T02:40:04.690Z [svc-sched-2] health check ok
2026-02-21T02:40:04.691Z [svc-queue-0] cache hit rate 92%
2026-02-21T02:40:04.692Z [pytest-xdist] gw5 test_orders.py::test_paginate_index PASSED in 223ms trace=5c9ce208-b29a-2c40-1e43-a121ae9b9760
2026-02-21T02:40:04.693Z [svc-billing-2] processed batch of 35 items
2026-02-21T02:40:04.693Z [svc-media-4] health check ok
2026-02-21T02:40:04.694Z [svc-media-3] warning: slow query took 875ms
2026-02-21T02:40:04.696Z [svc-media-1] gc pause 54ms, heap 471MB
2026-02-21T02:40:04.697Z [svc-queue-2] warning: slow query took 592ms
2026-02-21T02:40:04.698Z [svc-queue-3] closed idle connection after 296s
2026-02-21T02:40:04.699Z [svc-billing-1] cache hit rate 95%
2026-02-21T02:40:04.699Z [svc-notify-3] cache hit rate 90%
2026-02-21T02:40:04.699Z [svc-gateway-0] warning: slow query took 1862ms
2026-02-21T02:40:04.699Z [svc-gateway-0] closed idle connection after 299s
2026-02-21T02:40:04.701Z [svc-gateway-0] health check ok
2026-02-21T02:40:04.703Z [svc-notify-3] connected to upstream in 70ms
2026-02-21T02:40:04.704Z [svc-media-4] closed idle connection after 312s
2026-02-21T02:40:04.705Z [svc-gateway-4] processed batch of 259 items
2026-02-21T02:40:04.708Z [svc-notify-4] gc pause 84ms, heap 379MB
2026-02-21T02:40:04.710Z [svc-auth-3] connected to upstream in 17ms
2026-02-21T02:40:04.710Z [svc-cache-2] closed idle connection after 236s
2026-02-21T02:40:04.712Z [svc-auth-0] warning: slow query took 830ms
2026-02-21T02:40:04.713Z [svc-auth-0] processed batch of 120 items
2026-02-21T02:40:04.713Z [svc-auth-2] cache hit rate 90%
2026-02-21T02:40:04.713Z [svc-auth-2] health check ok
2026-02-21T02:40:04.713Z [svc-db-0] cache hit rate 85%
2026-02-21T02:40:04.713Z [svc-billing-3] gc pause 86ms, heap 495MB
2026-02-21T02:40:04.714Z [pytest-xdist] gw5 test_payments.py::test_expire_session PASSED in 8ms trace=7da2a06b-f9ea-b6ea-1922-f70c1cfd6e25
2026-02-21T02:40:04.714Z [svc-sched-2] cache hit rate 95%
2026-02-21T02:40:04.720Z [svc-gateway-1] gc pause 24ms, heap 989MB
2026-02-21T02:40:04.722Z [svc-notify-2] cache hit rate 90%
2026-02-21T02:40:04.724Z [svc-gateway-0] health check ok
2026-02-21T02:40:04.725Z [svc-search-2] processed batch of 482 items
2026-02-21T02:40:04.726Z [pytest-xdist] gw3 test_notify.py::test_sync_index PASSED in 43ms trace=e20ec301-78c1-ae48-d13c-477a8cceb054
2026-02-21T02:40:04.726Z [svc-notify-2] health check ok
2026-02-21T02:40:04.730Z [svc-billing-3] gc pause 17ms, heap 388MB
2026-02-21T02:40:04.730Z [svc-sched-2] processed batch of 485 items
2026-02-21T02:40:04.731Z [svc-notify-2] closed idle connection after 92s
2026-02-21T02:40:04.736Z [svc-cache-3] gc pause 88ms, heap 224MB
2026-02-21T02:40:04.737Z [pytest-xdist] gw3 test_webhooks.py::test_delete_index PASSED in 214ms trace=4c1f71e8-1a5f-e8e6-d841-aab5e35f64eb
2026-02-21T02:40:04.737Z [svc-queue-1] closed idle connection after 140s
2026-02-21T02:40:04.740Z [svc-billing-1] connected to upstream in 78ms
2026-02-21T02:40:04.741Z [svc-queue-3] gc pause 123ms, heap 296MB
2026-02-21T02:40:04.742Z [svc-billing-4] processed batch of 437 items
2026-02-21T02:40:04.742Z [svc-search-3] closed idle connection after 153s
2026-02-21T02:40:04.745Z [svc-notify-3] closed idle connection after 296s
2026-02-21T02:40:04.747Z [svc-db-4] closed idle connection after 293s
2026-02-21T02:40:04.748Z [svc-gateway-1] connected to upstream in 66ms
2026-02-21T02:40:04.748Z [svc-gateway-2] cache hit rate 90%
2026-02-21T02:40:04.749Z [svc-notify-3] cache hit rate 88%
2026-02-21T02:40:04.750Z [svc-gateway-1] health check ok
2026-02-21T02:40:04.751Z [svc-auth-4] gc pause 122ms, heap 230MB
2026-02-21T02:40:04.752Z [pytest-xdist] gw4 test_export.py::test_parse_attachment PASSED in 111ms trace=1730c7a3-a0a1-7d11-088e-d57e3117f2fe
2026-02-21T02:40:04.752Z [svc-db-2] cache hit rate 92%
2026-02-21T02:40:04.753Z [svc-queue-4] connected to upstream in 61ms
2026-02-21T02:40:04.754Z [svc-queue-4] connected to upstream in 84ms
2026-02-21T02:40:04.755Z [svc-queue-3] closed idle connection after 249s
2026-02-21T02:40:04.756Z [svc-billing-3] closed idle connection after 124s
2026-02-21T02:40:04.759Z [svc-cache-3] warning: slow query took 1233ms
2026-02-21T02:40:04.761Z [svc-db-0] connected to upstream in 44ms
2026-02-21T02:40:04.762Z [svc-cache-3] closed idle connection after 73s
2026-02-21T02:40:04.764Z [svc-db-1] warning: slow query took 1279ms
2026-02-21T02:40:04.765Z [svc-queue-2] processed batch of 264 items
2026-02-21T02:40:04.767Z [svc-cache-1] warning: slow query took 1086ms
2026-02-21T02:40:04.767Z [svc-cache-3] connected to upstream in 33ms
2026-02-21T02:40:04.767Z [svc-gateway-2] closed idle connection after 65s
2026-02-21T02:40:04.767Z [svc-sched-4] cache hit rate 85%
2026-02-21T02:40:04.768Z [svc-sched-4] cache hit rate 88%
2026-02-21T02:40:04.772Z [pytest-xdist] gw3 test_notify.py::test_create_coupon PASSED in 239ms trace=0a41ec64-6c38-81f4-c2b1-e6e5ec2a7dcb
2026-02-21T02:40:04.773Z [svc-auth-2] cache hit rate 88%
2026-02-21T02:40:04.774Z [svc-media-0] health check ok
2026-02-21T02:40:04.774Z [svc-queue-0] gc pause 73ms, heap 242MB
2026-02-21T02:40:04.775Z [svc-search-3] health check ok
2026-02-21T02:40:04.775Z [svc-media-0] cache hit rate 88%
2026-02-21T02:40:04.776Z [svc-cache-2] closed idle connection after 166s
2026-02-21T02:40:04.777Z [svc-cache-1] processed batch of 252 items
2026-02-21T02:40:04.778Z [svc-notify-1] connected to upstream in 7ms
2026-02-21T02:40:04.778Z [svc-media-0] health check ok
2026-02-21T02:40:04.779Z [svc-notify-4] cache hit rate 85%
2026-02-21T02:40:04.781Z [svc-db-2] closed idle connection after 207s
2026-02-21T02:40:04.781Z [svc-billing-2] processed batch of 157 items
2026-02-21T02:40:04.783Z [svc-search-3] connected to upstream in 58ms
2026-02-21T02:40:04.784Z [svc-cache-4] health check ok
2026-02-21T02:40:04.787Z [svc-notify-1] gc pause 15ms, heap 740MB
2026-02-21T02:40:04.788Z [svc-auth-0] gc pause 18ms, heap 925MB
2026-02-21T02:40:04.789Z [pytest-xdist] gw0 test_billing.py::test_authorize_token PASSED in 227ms trace=38314382-9d37-eb06-6914-61149cfc534e
2026-02-21T02:40:04.791Z [svc-auth-2] retrying connection to postgres (attempt 3/3)
2026-02-21T02:40:04.791Z [svc-search-4] health check ok
2026-02-21T02:40:04.793Z [svc-sched-0] gc pause 34ms, heap 812MB
2026-02-21T02:40:04.795Z [svc-db-2] connected to upstream in 36ms
2026-02-21T02:40:04.796Z [svc-media-3] connected to upstream in 38ms
2026-02-21T02:40:04.800Z [svc-search-3] warning: slow query took 517ms
2026-02-21T02:40:04.800Z [svc-media-2] health check ok
2026-02-21T02:40:04.803Z [svc-media-0] warning: slow query took 1372ms
2026-02-21T02:40:04.804Z [svc-search-1] processed batch of 440 items
2026-02-21T02:40:04.804Z [svc-queue-1] processed batch of 314 items
2026-02-21T02:40:04.805Z [pytest-xdist] gw0 test_gateway.py::test_notify_shipment PASSED in 201ms trace=9c5ad904-7114-5d4e-1a26-db15ca6f0d32
2026-02-21T02:40:04.806Z [svc-media-2] cache hit rate 92%
2026-02-21T02:40:04.807Z [svc-notify-4] processed batch of 323 items
2026-02-21T02:40:04.808Z [svc-queue-3] processed batch of 496 items
2026-02-21T02:40:04.810Z [svc-cache-3] closed idle connection after 223s
2026-02-21T02:40:04.812Z [svc-search-0] gc pause 54ms, heap 857MB
2026-02-21T02:40:04.813Z [svc-queue-4] closed idle connection after 184s
2026-02-21T02:40:04.814Z [svc-auth-2] connected to upstream in 58ms
2026-02-21T02:40:04.815Z [svc-notify-1] gc pause 77ms, heap 988MB
2026-02-21T02:40:04.816Z [svc-media-3] gc pause 123ms, heap 514MB
2026-02-21T02:40:04.819Z [pytest-xdist] gw4 test_webhooks.py::test_create_session PASSED in 131ms trace=acae80b0-820a-7043-cc08-e8f89b8fbb24
2026-02-21T02:40:04.822Z [svc-queue-3] health check ok
2026-02-21T02:40:04.823Z [svc-cache-4] closed idle connection after 300s
2026-02-21T02:40:04.825Z [svc-cache-0] cache hit rate 92%
2026-02-21T02:40:04.825Z [svc-search-1] cache hit rate 88%
2026-02-21T02:40:04.827Z [svc-queue-0] closed idle connection after 244s
2026-02-21T02:40:04.828Z [pytest-xdist] gw3 test_orders.py::test_reconcile_query PASSED in 123ms trace=e15a1bb8-cfd4-50fe-3b14-e026fbc86518
2026-02-21T02:40:04.830Z [svc-media-2] health check ok
2026-02-21T02:40:04.832Z [svc-auth-0] warning: slow query took 1151ms
2026-02-21T02:40:04.832Z [svc-gateway-0] cache hit rate 90%
2026-02-21T02:40:04.832Z [svc-media-0] health check ok
2026-02-21T02:40:04.834Z [svc-cache-0] warning: slow query took 354ms
2026-02-21T02:40:04.834Z [svc-notify-1] connected to upstream in 37ms
2026-02-21T02:40:04.834Z [svc-sched-3] warning: slow query took 916ms
2026-02-21T02:40:04.835Z [svc-auth-0] closed idle connection after 95s
2026-02-21T02:40:04.835Z [svc-notify-1] connected to upstream in 71ms
2026-02-21T02:40:04.836Z [svc-billing-1] connected to upstream in 42ms
2026-02-21T02:40:04.836Z [svc-search-3] processed batch of 116 items
2026-02-21T02:40:04.838Z [svc-gateway-0] warning: slow query took 1922ms
2026-02-21T02:40:04.839Z [svc-auth-3] processed batch of 275 items
2026-02-21T02:40:04.839Z [svc-db-3] warning: slow query took 969ms
2026-02-21T02:40:04.842Z [pytest-xdist] gw5 test_webhooks.py::test_parse_refund PASSED in 212ms trace=fa74b07f-cc14-3dd8-5e2c-6e0830b5515a
2026-02-21T02:40:04.842Z [svc-cache-3] health check ok
2026-02-21T02:40:04.843Z [svc-queue-3] health check ok
2026-02-21T02:40:04.844Z [svc-billing-1] retrying connection to kafka (attempt 1/3)
2026-02-21T02:40:04.846Z [svc-media-1] cache hit rate 95%
2026-02-21T02:40:04.846Z [svc-queue-1] retrying connection to postgres (attempt 1/3)
2026-02-21T02:40:04.847Z [pytest-xdist] gw2 test_orders.py::test_render_coupon PASSED in 142ms trace=78189cff-bd2a-5e33-7298-906e2b3a0429
2026-02-21T02:40:04.847Z [svc-cache-1] closed idle connection after 319s
2026-02-21T02:40:04.847Z [svc-cache-2] retrying connection to redis (attempt 2/3)
2026-02-21T02:40:04.847Z [svc-billing-2] closed idle connection after 104s
2026-02-21T02:40:04.847Z [svc-media-4] processed batch of 400 items
2026-02-21T02:40:04.850Z [pytest-xdist] gw4 test_queue.py::test_create_query PASSED in 4ms trace=cd2d1399-70b2-748c-ee20-936e45c77d76
2026-02-21T02:40:04.850Z [svc-cache-3] cache hit rate 95%
2026-02-21T02:40:04.856Z [svc-cache-1] gc pause 12ms, heap 906MB
2026-02-21T02:40:04.857Z [svc-search-4] gc pause 18ms, heap 233MB
2026-02-21T02:40:04.862Z [svc-cache-4] warning: slow query took 1934ms
2026-02-21T02:40:04.863Z [pytest-xdist] gw3 test_gateway.py::test_parse_session PASSED in 65ms trace=2289cbff-f40d-9dda-c663-7d897c0f30e9
2026-02-21T02:40:04.863Z [svc-sched-0] closed idle connection after 78s
2026-02-21T02:40:04.865Z [svc-billing-4] gc pause 83ms, heap 787MB
2026-02-21T02:40:04.867Z [svc-notify-2] warning: slow query took 1441ms
2026-02-21T02:40:04.872Z [svc-search-4] connected to upstream in 49ms
2026-02-21T02:40:04.874Z [pytest-xdist] gw0 test_queue.py::test_paginate_webhook PASSED in 212ms trace=1e6c3cf3-91e1-8cc6-71d0-b867e698e7fd
2026-02-21T02:40:04.875Z [svc-notify-0] processed batch of 189 items
2026-02-21T02:40:04.876Z [svc-auth-3] gc pause 29ms, heap 746MB
2026-02-21T02:40:04.877Z [pytest-xdist] gw4 test_webhooks.py::test_authorize_session PASSED in 34ms trace=3e180c64-8fa1-2df0-6c2c-56b5c21df041
2026-02-21T02:40:04.879Z [svc-db-3] retrying connection to vault (attempt 2/3)
2026-02-21T02:40:04.882Z [svc-sched-2] retrying connection to redis (attempt 3/3)
2026-02-21T02:40:04.884Z [svc-notify-4] warning: slow query took 1056ms
2026-02-21T02:40:04.889Z [svc-billing-0] warning: slow query took 2131ms
2026-02-21T02:40:04.892Z [svc-cache-3] gc pause 116ms, heap 650MB
2026-02-21T02:40:04.892Z [svc-media-1] cache hit rate 88%
2026-02-21T02:40:04.893Z [svc-search-1] warning: slow query took 1754ms
2026-02-21T02:40:04.893Z [svc-search-2] connected to upstream in 79ms
2026-02-21T02:40:04.894Z [svc-auth-2] closed idle connection after 212s
2026-02-21T02:40:04.894Z [svc-gateway-0] health check ok
2026-02-21T02:40:04.894Z [svc-media-4] cache hit rate 92%
2026-02-21T02:40:04.896Z [svc-search-0] closed idle connection after 191s
2026-02-21T02:40:04.897Z [pytest-xdist] gw1 test_payments.py::test_notify_subscription PASSED in 86ms trace=d2af68a6-980d-4891-7703-6bc4e52ddd88
2026-02-21T02:40:04.897Z [svc-sched-1] connected to upstream in 14ms
2026-02-21T02:40:04.905Z [svc-search-0] connected to upstream in 64ms
2026-02-21T02:40:04.909Z [pytest-xdist] gw5 test_auth.py::test_paginate_refund PASSED in 165ms trace=e373ce69-e5a2-cbad-c040-596ea3b97c0b
2026-02-21T02:40:04.909Z [svc-db-0] warning: slow query took 402ms
2026-02-21T02:40:04.909Z [svc-media-3] connected to upstream in 18ms
2026-02-21T02:40:04.910Z [svc-auth-2] gc pause 83ms, heap 176MB
2026-02-21T02:40:04.911Z [svc-notify-3] gc pause 34ms, heap 552MB
2026-02-21T02:40:04.913Z [svc-auth-3] connected to upstream in 84ms
2026-02-21T02:40:04.913Z [svc-db-2] health check ok
2026-02-21T02:40:04.914Z [svc-media-3] closed idle connection after 297s
2026-02-21T02:40:04.915Z [svc-db-3] closed idle connection after 99s
2026-02-21T02:40:04.915Z [svc-notify-2] health check ok
2026-02-21T02:40:04.916Z [svc-billing-3] cache hit rate 85%
2026-02-21T02:40:04.916Z [svc-media-4] gc pause 25ms, heap 413MB
2026-02-21T02:40:04.917Z [svc-cache-1] closed idle connection after 185s
2026-02-21T02:40:04.917Z [svc-db-1] retrying connection to s3 (attempt 1/3)
2026-02-21T02:40:04.919Z [svc-search-2] connected to upstream in 76ms
2026-02-21T02:40:04.921Z [svc-sched-3] health check ok
2026-02-21T02:40:04.922Z [svc-media-1] gc pause 17ms, heap 345MB
2026-02-21T02:40:04.925Z [svc-sched-3] gc pause 41ms, heap 447MB
2026-02-21T02:40:04.926Z [svc-search-0] warning: slow query took 1403ms
2026-02-21T02:40:04.929Z [pytest-xdist] gw3 test_webhooks.py::test_create_quota PASSED in 223ms trace=5743dc69-2cd7-6062-d0c8-3f8c11165388
2026-02-21T02:40:04.929Z [svc-queue-0] gc pause 69ms, heap 223MB
2026-02-21T02:40:04.930Z [svc-notify-0] closed idle connection after 35s
2026-02-21T02:40:04.932Z [svc-notify-3] health check ok
2026-02-21T02:40:04.935Z [svc-notify-1] health check ok
2026-02-21T02:40:04.935Z [svc-gateway-3] closed idle connection after 78s
2026-02-21T02:40:04.937Z [pytest-xdist] gw0 test_orders.py::test_render_subscription PASSED in 147ms trace=718b4623-0fb5-9a2c-2e6d-83f87aca6f68
2026-02-21T02:40:04.937Z [svc-gateway-2] health check ok
2026-02-21T02:40:04.937Z [svc-sched-0] closed idle connection after 102s
2026-02-21T02:40:04.938Z [svc-notify-2] closed idle connection after 191s
2026-02-21T02:40:04.942Z [svc-auth-4] health check ok
2026-02-21T02:40:04.942Z [svc-notify-0] health check ok
2026-02-21T02:40:04.943Z [svc-cache-4] gc pause 95ms, heap 274MB
2026-02-21T02:40:04.946Z [svc-media-1] warning: slow query took 933ms
2026-02-21T02:40:04.949Z [svc-db-3] health check ok
2026-02-21T02:40:04.950Z [svc-cache-1] connected to upstream in 61ms
2026-02-21T02:40:04.950Z [svc-gateway-3] processed batch of 508 items
2026-02-21T02:40:04.951Z [svc-auth-4] cache hit rate 85%
2026-02-21T02:40:04.953Z [svc-cache-2] processed batch of 466 items
2026-02-21T02:40:04.953Z [svc-search-3] cache hit rate 88%
2026-02-21T02:40:04.953Z [svc-sched-1] gc pause 6ms, heap 802MB
2026-02-21T02:40:04.955Z [svc-cache-1] warning: slow query took 658ms
2026-02-21T02:40:04.957Z [svc-media-4] warning: slow query took 714ms
2026-02-21T02:40:04.959Z [pytest-xdist] gw1 test_export.py::test_update_subscription PASSED in 182ms trace=509d6208-c7d6-58e0-066d-c0a7cfa71282
2026-02-21T02:40:04.959Z [svc-auth-3] connected to upstream in 67ms
2026-02-21T02:40:04.961Z [svc-sched-3] closed idle connection after 203s
2026-02-21T02:40:04.962Z [svc-auth-4] cache hit rate 90%
2026-02-21T02:40:04.963Z [pytest-xdist] gw1 test_reports.py::test_reconcile_template PASSED in 144ms trace=7372d134-3f18-68e1-5a09-232406dd7b4e
2026-02-21T02:40:04.965Z [svc-cache-4] health check ok
2026-02-21T02:40:04.965Z [svc-gateway-1] cache hit rate 90%
2026-02-21T02:40:04.965Z [svc-sched-2] closed idle connection after 36s
2026-02-21T02:40:04.966Z [svc-gateway-2] gc pause 19ms, heap 503MB
2026-02-21T02:40:04.967Z [svc-queue-0] processed batch of 287 items
2026-02-21T02:40:04.970Z [svc-auth-3] cache hit rate 92%
2026-02-21T02:40:04.974Z [svc-billing-0] closed idle connection after 31s
2026-02-21T02:40:04.976Z [pytest-xdist] gw3 test_sched.py::test_cache_subscription PASSED in 159ms trace=e32f0502-aec2-f46a-e670-1fa1fef7708e
2026-02-21T02:40:04.976Z [svc-billing-1] warning: slow query took 1042ms
2026-02-21T02:40:04.977Z [svc-auth-3] connected to upstream in 67ms
2026-02-21T02:40:04.979Z [svc-billing-1] warning: slow query took 1112ms
2026-02-21T02:40:04.981Z [svc-auth-1] warning: slow query took 784ms
2026-02-21T02:40:04.981Z [svc-notify-2] retrying connection to kafka (attempt 2/3)
2026-02-21T02:40:04.982Z [svc-db-3] processed batch of 471 items
2026-02-21T02:40:04.983Z [svc-cache-3] connected to upstream in 75ms
2026-02-21T02:40:04.983Z [svc-db-2] health check ok
2026-02-21T02:40:04.986Z [svc-billing-4] health check ok
2026-02-21T02:40:04.991Z [svc-queue-2] warning: slow query took 2188ms
2026-02-21T02:40:04.996Z [pytest-xdist] gw3 test_payments.py::test_paginate_attachment PASSED in 205ms trace=d65d9b62-f30e-ccf4-daf4-81b6322cacd3
2026-02-21T02:40:04.996Z [svc-cache-2] processed batch of 62 items
2026-02-21T02:40:04.997Z [svc-billing-3] processed batch of 197 items
2026-02-21T02:40:04.997Z [svc-notify-4] connected to upstream in 53ms
2026-02-21T02:40:04.998Z [svc-billing-4] cache hit rate 85%
2026-02-21T02:40:05.004Z [svc-cache-2] warning: slow query took 1809ms
2026-02-21T02:40:05.007Z [svc-gateway-2] connected to upstream in 71ms
2026-02-21T02:40:05.008Z [svc-billing-4] connected to upstream in 8ms
2026-02-21T02:40:05.008Z [svc-gateway-4] health check ok
2026-02-21T02:40:05.010Z [svc-gateway-2] warning: slow query took 1883ms
2026-02-21T02:40:05.011Z [svc-gateway-3] cache hit rate 92%
2026-02-21T02:40:05.012Z [svc-queue-3] connected to upstream in 21ms
2026-02-21T02:40:05.013Z [svc-notify-2] cache hit rate 88%
2026-02-21T02:40:05.013Z [svc-media-0] health check ok
2026-02-21T02:40:05.015Z [svc-auth-0] connected to upstream in 27ms
2026-02-21T02:40:05.015Z [svc-gateway-4] warning: slow query took 1751ms
2026-02-21T02:40:05.017Z [svc-notify-4] retrying connection to elasticsearch (attempt 2/3)
2026-02-21T02:40:05.017Z [svc-queue-3] processed batch of 25 items
2026-02-21T02:40:05.018Z [pytest-xdist] gw4 test_export.py::test_notify_subscription PASSED in 52ms trace=5a8ca3e6-fedf-945f-473f-67424c751009
2026-02-21T02:40:05.019Z [svc-db-0] health check ok
2026-02-21T02:40:05.020Z [svc-search-3] health check ok
2026-02-21T02:40:05.021Z [svc-auth-0] closed idle connection after 211s
2026-02-21T02:40:05.022Z [svc-search-0] retrying connection to postgres (attempt 1/3)
2026-02-21T02:40:05.026Z [svc-billing-2] processed batch of 330 items
2026-02-21T02:40:05.031Z [svc-db-1] warning: slow query took 925ms
2026-02-21T02:40:05.031Z [svc-notify-0] processed batch of 368 items
2026-02-21T02:40:05.032Z [svc-auth-4] processed batch of 21 items
2026-02-21T02:40:05.033Z [svc-db-4] connected to upstream in 65ms
2026-02-21T02:40:05.034Z [pytest-xdist] gw2 test_webhooks.py::test_list_quota PASSED in 81ms trace=d098fd74-e617-7c29-ac4f-df24d9bc9418
2026-02-21T02:40:05.034Z [svc-queue-4] gc pause 9ms, heap 213MB
2026-02-21T02:40:05.035Z [svc-billing-3] warning: slow query took 902ms
2026-02-21T02:40:05.037Z [svc-queue-2] cache hit rate 90%
2026-02-21T02:40:05.043Z [svc-gateway-0] closed idle connection after 221s
2026-02-21T02:40:05.045Z [svc-billing-2] cache hit rate 92%
2026-02-21T02:40:05.045Z [svc-notify-2] warning: slow query took 1590ms
2026-02-21T02:40:05.046Z [svc-queue-3] closed idle connection after 111s
2026-02-21T02:40:05.051Z [pytest-xdist] gw1 test_reports.py::test_create_user PASSED in 136ms trace=621c8f18-9750-8527-e7a3-68f8d3e17c95
2026-02-21T02:40:05.053Z [svc-db-3] connected to upstream in 48ms
2026-02-21T02:40:05.053Z [svc-search-4] closed idle connection after 169s
2026-02-21T02:40:05.054Z [svc-sched-0] cache hit rate 90%
2026-02-21T02:40:05.056Z [svc-media-3] health check ok
2026-02-21T02:40:05.056Z [svc-media-4] closed idle connection after 326s
2026-02-21T02:40:05.057Z [svc-auth-2] warning: slow query took 1039ms
2026-02-21T02:40:05.057Z [svc-db-1] health check ok
2026-02-21T02:40:05.058Z [svc-gateway-0] health check ok
2026-02-21T02:40:05.062Z [svc-search-1] gc pause 5ms, heap 201MB
2026-02-21T02:40:05.063Z [svc-media-2] closed idle connection after 298s
2026-02-21T02:40:05.065Z [pytest-xdist] gw5 test_gateway.py::test_cache_template PASSED in 141ms trace=273743ed-4a31-d6d0-42bc-29e7c84b61ed
2026-02-21T02:40:05.067Z [svc-notify-2] warning: slow query took 1146ms
2026-02-21T02:40:05.067Z [svc-gateway-4] connected to upstream in 43ms
2026-02-21T02:40:05.067Z [svc-media-0] cache hit rate 85%
2026-02-21T02:40:05.073Z [svc-search-2] cache hit rate 88%
2026-02-21T02:40:05.075Z [svc-media-4] cache hit rate 90%
2026-02-21T02:40:05.078Z [svc-gateway-2] warning: slow query took 1232ms
2026-02-21T02:40:05.082Z [svc-billing-3] connected to upstream in 74ms
2026-02-21T02:40:05.082Z [svc-media-0] warning: slow query took 1471ms
2026-02-21T02:40:05.082Z [svc-sched-0] cache hit rate 92%
2026-02-21T02:40:05.083Z [svc-auth-3] gc pause 60ms, heap 926MB
2026-02-21T02:40:05.085Z [pytest-xdist] gw5 test_gateway.py::test_render_quota PASSED in 236ms trace=4c5e902c-3ebd-74c2-fe76-03428d31920d
2026-02-21T02:40:05.085Z [svc-db-0] processed batch of 205 items
2026-02-21T02:40:05.085Z [svc-notify-0] processed batch of 294 items
2026-02-21T02:40:05.085Z [svc-gateway-2] cache hit rate 92%
2026-02-21T02:40:05.085Z [svc-gateway-4] cache hit rate 90%
2026-02-21T02:40:05.086Z [svc-queue-1] health check ok
2026-02-21T02:40:05.088Z [svc-billing-2] cache hit rate 88%
2026-02-21T02:40:05.088Z [svc-gateway-2] cache hit rate 85%
2026-02-21T02:40:05.089Z [svc-search-1] cache hit rate 95%
2026-02-21T02:40:05.090Z [svc-search-4] gc pause 20ms, heap 301MB
2026-02-21T02:40:05.091Z [svc-media-2] connected to upstream in 15ms
2026-02-21T02:40:05.093Z [svc-search-3] closed idle connection after 248s
2026-02-21T02:40:05.094Z [svc-notify-0] warning: slow query took 1298ms
2026-02-21T02:40:05.096Z [svc-billing-1] retrying connection to kafka (attempt 2/3)
2026-02-21T02:40:05.099Z [pytest-xdist] gw2 test_sched.py::test_expire_index PASSED in 200ms trace=69a1adc9-9803-a1b4-e444-97d034e0338f
2026-02-21T02:40:05.099Z [svc-cache-1] cache hit rate 88%
2026-02-21T02:40:05.099Z [svc-billing-2] connected to upstream in 66ms
2026-02-21T02:40:05.099Z [svc-search-1] retrying connection to redis (attempt 3/3)
2026-02-21T02:40:05.099Z [svc-gateway-0] cache hit rate 85%
2026-02-21T02:40:05.100Z [svc-notify-1] cache hit rate 85%
2026-02-21T02:40:05.100Z [svc-gateway-0] health check ok
2026-02-21T02:40:05.102Z [svc-auth-1] cache hit rate 95%
2026-02-21T02:40:05.102Z [svc-billing-4] closed idle connection after 273s
2026-02-21T02:40:05.108Z [svc-auth-3] connected to upstream in 7ms
2026-02-21T02:40:05.110Z [svc-cache-1] gc pause 37ms, heap 405MB
2026-02-21T02:40:05.112Z [svc-queue-0] connected to upstream in 49ms
2026-02-21T02:40:05.114Z [svc-db-2] retrying connection to elasticsearch (attempt 3/3)
2026-02-21T02:40:05.114Z [svc-notify-4] processed batch of 477 items
2026-02-21T02:40:05.116Z [svc-billing-0] connected to upstream in 8ms
2026-02-21T02:40:05.117Z [pytest-xdist] gw0 test_import.py::test_paginate_webhook PASSED in 44ms trace=aed1d43b-d697-e9e1-60b7-2cb56c306fb4
2026-02-21T02:40:05.121Z [svc-db-3] closed idle connection after 265s
2026-02-21T02:40:05.122Z [svc-sched-3] closed idle connection after 206s
2026-02-21T02:40:05.123Z [svc-notify-4] cache hit rate 90%
2026-02-21T02:40:05.124Z [svc-billing-4] processed batch of 363 items
2026-02-21T02:40:05.124Z [svc-search-4] connected to upstream in 60ms
2026-02-21T02:40:05.125Z [svc-notify-3] processed batch of 369 items
2026-02-21T02:40:05.128Z [svc-search-2] closed idle connection after 74s
2026-02-21T02:40:05.130Z [svc-search-1] connected to upstream in 66ms
2026-02-21T02:40:05.132Z [pytest-xdist] gw1 test_reports.py::test_render_template PASSED in 190ms trace=f371eb32-be30-dfda-f0c5-6055acca6e2e
2026-02-21T02:40:05.132Z [svc-cache-1] connected to upstream in 27ms
2026-02-21T02:40:05.132Z [svc-sched-1] warning: slow query took 1825ms
2026-02-21T02:40:05.135Z [svc-notify-1] gc pause 91ms, heap 298MB
2026-02-21T02:40:05.137Z [svc-notify-4] warning: slow query took 2012ms
2026-02-21T02:40:05.138Z [svc-db-4] connected to upstream in 46ms
2026-02-21T02:40:05.138Z [svc-media-2] warning: slow query took 766ms
2026-02-21T02:40:05.140Z [svc-auth-1] processed batch of 100 items
2026-02-21T02:40:05.143Z [svc-search-4] gc pause 68ms, heap 849MB
2026-02-21T02:40:05.144Z [svc-cache-0] health check ok
2026-02-21T02:40:05.146Z [svc-media-2] health check ok
2026-02-21T02:40:05.147Z [pytest-xdist] gw4 test_media.py::test_cache_region PASSED in 206ms trace=c76afa61-0680-4686-65ce-8f5edda01d38
2026-02-21T02:40:05.149Z [svc-cache-4] gc pause 69ms, heap 690MB
2026-02-21T02:40:05.149Z [svc-gateway-4] connected to upstream in 17ms
2026-02-21T02:40:05.150Z [svc-search-2] gc pause 117ms, heap 779MB
2026-02-21T02:40:05.151Z [svc-media-3] cache hit rate 95%
2026-02-21T02:40:05.153Z [svc-notify-1] retrying connection to redis (attempt 3/3)
2026-02-21T02:40:05.154Z [svc-search-2] closed idle connection after 173s
2026-02-21T02:40:05.156Z [pytest-xdist] gw0 test_webhooks.py::test_reconcile_region PASSED in 37ms trace=ffe40e7c-d109-1067-0703-cbd53510dbac
2026-02-21T02:40:05.156Z [svc-db-4] cache hit rate 85%
2026-02-21T02:40:05.162Z [svc-notify-3] warning: slow query took 1706ms
2026-02-21T02:40:05.163Z [svc-cache-3] gc pause 50ms, heap 433MB
2026-02-21T02:40:05.164Z [svc-notify-1] processed batch of 219 items
2026-02-21T02:40:05.165Z [svc-gateway-2] processed batch of 449 items
2026-02-21T02:40:05.165Z [svc-gateway-4] processed batch of 83 items
2026-02-21T02:40:05.167Z [svc-auth-1] cache hit rate 88%
2026-02-21T02:40:05.168Z [svc-db-0] gc pause 106ms, heap 254MB
2026-02-21T02:40:05.169Z [svc-sched-1] gc pause 89ms, heap 169MB
2026-02-21T02:40:05.171Z [pytest-xdist] gw2 test_auth.py::test_create_attachment PASSED in 92ms trace=b9d4cbc0-c054-0434-ba80-658a89b30254
2026-02-21T02:40:05.173Z [svc-queue-2] warning: slow query took 980ms
2026-02-21T02:40:05.174Z [svc-search-2] gc pause 75ms, heap 170MB
2026-02-21T02:40:05.176Z [svc-db-3] processed batch of 354 items
2026-02-21T02:40:05.176Z [svc-sched-1] health check ok
2026-02-21T02:40:05.177Z [svc-sched-4] gc pause 90ms, heap 333MB
2026-02-21T02:40:05.180Z [svc-search-4] gc pause 23ms, heap 821MB
2026-02-21T02:40:05.182Z [svc-gateway-1] health check ok
2026-02-21T02:40:05.183Z [svc-auth-2] retrying connection to postgres (attempt 3/3)
2026-02-21T02:40:05.185Z [svc-notify-0] warning: slow query took 708ms
2026-02-21T02:40:05.185Z [svc-queue-0] cache hit rate 90%
2026-02-21T02:40:05.188Z [svc-sched-1] closed idle connection after 237s
2026-02-21T02:40:05.190Z [svc-db-0] processed batch of 467 items
2026-02-21T02:40:05.190Z [svc-media-1] warning: slow query took 923ms
2026-02-21T02:40:05.191Z [svc-cache-0] gc pause 91ms, heap 370MB
2026-02-21T02:40:05.191Z [svc-media-0] gc pause 26ms, heap 900MB
2026-02-21T02:40:05.193Z [pytest-xdist] gw1 test_auth.py::test_update_shipment PASSED in 146ms trace=f6d3caeb-bcc3-d8e8-0b16-5b97aa37489e
2026-02-21T02:40:05.194Z [svc-search-1] processed batch of 351 items
2026-02-21T02:40:05.200Z [svc-search-1] health check ok
2026-02-21T02:40:05.201Z [pytest-xdist] gw3 test_export.py::test_notify_attachment PASSED in 95ms trace=52b91cab-0317-a99a-e0ce-39e135ef400c
2026-02-21T02:40:05.202Z [svc-notify-0] gc pause 15ms, heap 205MB
2026-02-21T02:40:05.203Z [svc-cache-1] health check ok
2026-02-21T02:40:05.203Z [svc-sched-4] connected to upstream in 38ms
2026-02-21T02:40:05.204Z [svc-sched-1] warning: slow query took 788ms
2026-02-21T02:40:05.206Z [svc-media-2] warning: slow query took 1352ms
2026-02-21T02:40:05.207Z [svc-auth-2] gc pause 32ms, heap 691MB
2026-02-21T02:40:05.209Z [svc-gateway-2] cache hit rate 92%
2026-02-21T02:40:05.213Z [pytest-xdist] gw2 test_sched.py::test_expire_template PASSED in 211ms trace=82f8d683-cb64-e3d6-0c65-588f7d0cb675
2026-02-21T02:40:05.214Z [svc-queue-0] retrying connection to vault (attempt 3/3)
2026-02-21T02:40:05.218Z [pytest-xdist] gw2 test_media.py::test_render_attachment PASSED in 82ms trace=ce01205a-893b-debc-f0d8-ae50a5df3819
2026-02-21T02:40:05.218Z [svc-gateway-4] health check ok
2026-02-21T02:40:05.220Z [svc-notify-2] gc pause 108ms, heap 275MB
2026-02-21T02:40:05.221Z [svc-cache-4] closed idle connection after 296s
2026-02-21T02:40:05.223Z [svc-queue-0] cache hit rate 92%
2026-02-21T02:40:05.233Z [svc-billing-3] warning: slow query took 1008ms
2026-02-21T02:40:05.234Z [svc-cache-4] processed batch of 88 items
2026-02-21T02:40:05.234Z [svc-db-0] connected to upstream in 67ms
2026-02-21T02:40:05.235Z [pytest-xdist] gw5 test_reports.py::test_list_shipment PASSED in 208ms trace=856f3a4c-d3ab-c32a-0156-aea04d332938
2026-02-21T02:40:05.237Z [svc-media-3] warning: slow query took 2162ms
2026-02-21T02:40:05.240Z [svc-auth-4] health check ok
2026-02-21T02:40:05.242Z [svc-db-4] cache hit rate 95%
2026-02-21T02:40:05.242Z [svc-search-0] warning: slow query took 299ms
2026-02-21T02:40:05.243Z [svc-db-4] closed idle connection after 56s
2026-02-21T02:40:05.245Z [svc-db-1] gc pause 63ms, heap 617MB
2026-02-21T02:40:05.246Z [svc-notify-4] warning: slow query took 1913ms
2026-02-21T02:40:05.250Z [svc-cache-2] health check ok
2026-02-21T02:40:05.252Z [svc-cache-1] connected to upstream in 29ms
2026-02-21T02:40:05.252Z [svc-queue-1] gc pause 39ms, heap 702MB
2026-02-21T02:40:05.254Z [svc-cache-1] gc pause 34ms, heap 370MB
2026-02-21T02:40:05.255Z [svc-auth-0] warning: slow query took 1940ms
2026-02-21T02:40:05.256Z [pytest-xdist] gw2 test_export.py::test_notify_index PASSED in 149ms trace=7ccc6ce7-0f52-ed70-0a3b-cdf7cac03679
2026-02-21T02:40:05.260Z [svc-queue-0] warning: slow query took 2026ms
2026-02-21T02:40:05.261Z [svc-media-1] connected to upstream in 32ms
2026-02-21T02:40:05.264Z [svc-billing-4] gc pause 110ms, heap 380MB
2026-02-21T02:40:05.266Z [pytest-xdist] gw4 test_notify.py::test_retry_quota PASSED in 135ms trace=6191731e-35cf-9e1c-09be-4598b84792a4
2026-02-21T02:40:05.272Z [svc-cache-0] gc pause 50ms, heap 343MB
2026-02-21T02:40:05.272Z [svc-db-4] closed idle connection after 147s
2026-02-21T02:40:05.273Z [svc-auth-2] health check ok
2026-02-21T02:40:05.274Z [svc-gateway-3] connected to upstream in 83ms
2026-02-21T02:40:05.276Z [pytest-xdist] gw4 test_media.py::test_render_region PASSED in 109ms trace=cde73fe1-878e-2d3e-00c3-7094c1539c48
2026-02-21T02:40:05.276Z [svc-auth-1] gc pause 80ms, heap 902MB
2026-02-21T02:40:05.280Z [svc-billing-1] cache hit rate 95%
2026-02-21T02:40:05.280Z [svc-gateway-3] gc pause 12ms, heap 939MB
2026-02-21T02:40:05.284Z [svc-db-1] cache hit rate 92%
2026-02-21T02:40:05.285Z [svc-billing-2] warning: slow query took 1505ms
2026-02-21T02:40:05.291Z [svc-cache-2] connected to upstream in 27ms
2026-02-21T02:40:05.293Z [svc-billing-0] closed idle connection after 115s
2026-02-21T02:40:05.294Z [svc-cache-0] closed idle connection after 315s
2026-02-21T02:40:05.295Z [svc-notify-4] connected to upstream in 71ms
2026-02-21T02:40:05.297Z [pytest-xdist] gw3 test_reports.py::test_notify_quota PASSED in 123ms trace=81699f10-e2d1-c384-ad44-37dc86bd5ffc
2026-02-21T02:40:05.299Z [svc-media-4] connected to upstream in 63ms
2026-02-21T02:40:05.300Z [svc-media-4] cache hit rate 85%
2026-02-21T02:40:05.300Z [svc-sched-0] cache hit rate 88%
2026-02-21T02:40:05.302Z [svc-auth-0] gc pause 118ms, heap 994MB
2026-02-21T02:40:05.307Z [svc-media-3] connected to upstream in 41ms
2026-02-21T02:40:05.308Z [svc-search-3] health check ok
2026-02-21T02:40:05.309Z [svc-media-3] closed idle connection after 169s
2026-02-21T02:40:05.310Z [pytest-xdist] gw5 test_import.py::test_create_subscription PASSED in 105ms trace=8a73ac02-ecc4-104f-430c-9cf3497711ec
2026-02-21T02:40:05.310Z [svc-sched-1] gc pause 76ms, heap 765MB
2026-02-21T02:40:05.311Z [svc-gateway-0] health check ok
2026-02-21T02:40:05.312Z [svc-billing-0] cache hit rate 90%
2026-02-21T02:40:05.313Z [svc-auth-0] closed idle connection after 42s
2026-02-21T02:40:05.313Z [svc-queue-1] connected to upstream in 36ms
2026-02-21T02:40:05.316Z [svc-billing-0] connected to upstream in 62ms
2026-02-21T02:40:05.320Z [svc-gateway-0] processed batch of 362 items
2026-02-21T02:40:05.320Z [svc-media-1] warning: slow query took 2109ms
2026-02-21T02:40:05.321Z [pytest-xdist] gw0 test_orders.py::test_render_refund PASSED in 48ms trace=170b7b87-82da-b881-79ef-19f9cf15770f
2026-02-21T02:40:05.321Z [svc-notify-1] processed batch of 102 items
2026-02-21T02:40:05.322Z [svc-queue-1] processed batch of 295 items
2026-02-21T02:40:05.322Z [svc-sched-3] connected to upstream in 30ms
2026-02-21T02:40:05.326Z [svc-db-0] health check ok
2026-02-21T02:40:05.327Z [svc-cache-3] health check ok
2026-02-21T02:40:05.329Z [svc-gateway-2] warning: slow query took 946ms
2026-02-21T02:40:05.331Z [svc-gateway-2] gc pause 24ms, heap 569MB
2026-02-21T02:40:05.338Z [svc-notify-2] health check ok
2026-02-21T02:40:05.339Z [pytest-xdist] gw3 test_search.py::test_paginate_shipment PASSED in 124ms trace=0555b23a-cf96-d1d8-0089-23a7b8950b4a
2026-02-21T02:40:05.340Z [svc-queue-0] warning: slow query took 934ms
2026-02-21T02:40:05.341Z [svc-auth-2] gc pause 88ms, heap 873MB
2026-02-21T02:40:05.341Z [svc-billing-3] warning: slow query took 1213ms
2026-02-21T02:40:05.342Z [svc-sched-0] connected to upstream in 35ms
2026-02-21T02:40:05.343Z [svc-db-0] warning: slow query took 1398ms
2026-02-21T02:40:05.345Z [svc-sched-3] health check ok
2026-02-21T02:40:05.348Z [svc-notify-4] health check ok
2026-02-21T02:40:05.348Z [svc-gateway-3] closed idle connection after 192s
2026-02-21T02:40:05.350Z [svc-gateway-4] connected to upstream in 12ms
2026-02-21T02:40:05.353Z [svc-billing-4] connected to upstream in 30ms
2026-02-21T02:40:05.353Z [svc-queue-3] warning: slow query took 2089ms
2026-02-21T02:40:05.354Z [svc-media-1] gc pause 37ms, heap 595MB
2026-02-21T02:40:05.355Z [svc-gateway-0] processed batch of 25 items
2026-02-21T02:40:05.357Z [svc-auth-0] connected to upstream in 61ms
2026-02-21T02:40:05.357Z [svc-cache-1] gc pause 79ms, heap 498MB
2026-02-21T02:40:05.360Z [svc-billing-1] health check ok
2026-02-21T02:40:05.360Z [svc-notify-4] cache hit rate 90%
2026-02-21T02:40:05.361Z [pytest-xdist] gw5 test_billing.py::test_expire_coupon PASSED in 101ms trace=050de576-71cc-2d41-9908-168af798a80d
2026-02-21T02:40:05.364Z [svc-sched-2] health check ok
2026-02-21T02:40:05.368Z [svc-db-2] processed batch of 454 items
2026-02-21T02:40:05.368Z [svc-sched-4] closed idle connection after 211s
2026-02-21T02:40:05.370Z [svc-search-0] connected to upstream in 53ms
2026-02-21T02:40:05.371Z [svc-search-3] gc pause 19ms, heap 616MB
2026-02-21T02:40:05.371Z [svc-search-4] warning: slow query took 1463ms
2026-02-21T02:40:05.371Z [svc-sched-1] connected to upstream in 78ms
2026-02-21T02:40:05.372Z [svc-auth-2] health check ok
2026-02-21T02:40:05.373Z [svc-db-1] gc pause 122ms, heap 131MB
2026-02-21T02:40:05.376Z [svc-queue-0] health check ok
2026-02-21T02:40:05.376Z [svc-sched-1] warning: slow query took 1179ms
2026-02-21T02:40:05.377Z [svc-gateway-4] retrying connection to vault (attempt 3/3)
2026-02-21T02:40:05.377Z [svc-sched-4] closed idle connection after 119s
2026-02-21T02:40:05.378Z [svc-cache-3] warning: slow query took 515ms
2026-02-21T02:40:05.379Z [svc-cache-2] cache hit rate 88%
2026-02-21T02:40:05.381Z [svc-sched-4] gc pause 14ms, heap 457MB
2026-02-21T02:40:05.382Z [svc-auth-1] connected to upstream in 44ms
2026-02-21T02:40:05.383Z [pytest-xdist] gw1 test_reports.py::test_paginate_template PASSED in 147ms trace=b42f5c4a-1c07-2186-08cc-a3ba326b591d
2026-02-21T02:40:05.384Z [svc-auth-1] cache hit rate 90%
2026-02-21T02:40:05.384Z [svc-notify-2] warning: slow query took 783ms
2026-02-21T02:40:05.384Z [svc-gateway-2] retrying connection to s3 (attempt 1/3)
2026-02-21T02:40:05.385Z [svc-billing-1] processed batch of 155 items
2026-02-21T02:40:05.385Z [svc-sched-3] cache hit rate 88%
2026-02-21T02:40:05.386Z [svc-search-2] connected to upstream in 61ms
2026-02-21T02:40:05.387Z [svc-gateway-0] health check ok
2026-02-21T02:40:05.387Z [svc-sched-4] closed idle connection after 42s
2026-02-21T02:40:05.392Z [svc-notify-2] processed batch of 472 items
2026-02-21T02:40:05.392Z [svc-notify-2] health check ok
2026-02-21T02:40:05.393Z [svc-media-1] connected to upstream in 24ms
2026-02-21T02:40:05.395Z [pytest-xdist] gw4 test_auth.py::test_list_query PASSED in 7ms trace=70311886-2b29-76a5-8ade-69a69eeeb2b4
2026-02-21T02:40:05.395Z [svc-auth-1] cache hit rate 95%
2026-02-21T02:40:05.396Z [svc-db-3] cache hit rate 92%
2026-02-21T02:40:05.396Z [svc-billing-1] closed idle connection after 56s
2026-02-21T02:40:05.396Z [svc-media-1] processed batch of 143 items
2026-02-21T02:40:05.397Z [svc-billing-4] cache hit rate 88%
2026-02-21T02:40:05.397Z [svc-search-3] connected to upstream in 43ms
2026-02-21T02:40:05.402Z [pytest-xdist] gw0 test_media.py::test_update_query PASSED in 46ms trace=1f82c67a-9618-e2c9-76ae-b829df93d171
2026-02-21T02:40:05.404Z [svc-cache-0] processed batch of 11 items
2026-02-21T02:40:05.405Z [svc-cache-1] warning: slow query took 2060ms
2026-02-21T02:40:05.407Z [svc-notify-4] processed batch of 294 items
2026-02-21T02:40:05.408Z [svc-media-0] gc pause 66ms, heap 970MB
2026-02-21T02:40:05.411Z [svc-auth-2] connected to upstream in 47ms
2026-02-21T02:40:05.411Z [svc-search-4] closed idle connection after 260s
2026-02-21T02:40:05.412Z [svc-search-1] warning: slow query took 1563ms
2026-02-21T02:40:05.413Z [svc-search-3] warning: slow query took 986ms
2026-02-21T02:40:05.414Z [svc-gateway-4] processed batch of 481 items
2026-02-21T02:40:05.416Z [svc-billing-2] processed batch of 122 items
2026-02-21T02:40:05.416Z [svc-search-1] warning: slow query took 915ms
2026-02-21T02:40:05.416Z [svc-media-1] warning: slow query took 227ms
2026-02-21T02:40:05.418Z [svc-search-3] cache hit rate 90%
2026-02-21T02:40:05.419Z [pytest-xdist] gw5 test_media.py::test_render_template PASSED in 121ms trace=a68f9b2e-013f-e72c-926c-bf855b7c3b5f
2026-02-21T02:40:05.419Z [svc-search-1] health check ok
2026-02-21T02:40:05.420Z [svc-queue-1] cache hit rate 90%
2026-02-21T02:40:05.421Z [svc-notify-1] cache hit rate 85%
2026-02-21T02:40:05.422Z [svc-search-2] warning: slow query took 1519ms
2026-02-21T02:40:05.426Z [svc-gateway-2] processed batch of 293 items
2026-02-21T02:40:05.426Z [svc-gateway-2] gc pause 19ms, heap 686MB
2026-02-21T02:40:05.429Z [svc-db-0] closed idle connection after 299s
2026-02-21T02:40:05.429Z [svc-db-4] health check ok
2026-02-21T02:40:05.429Z [svc-search-1] gc pause 13ms, heap 313MB
2026-02-21T02:40:05.430Z [svc-auth-4] cache hit rate 92%
2026-02-21T02:40:05.433Z [svc-notify-0] cache hit rate 92%
2026-02-21T02:40:05.433Z [svc-notify-3] connected to upstream in 17ms
2026-02-21T02:40:05.437Z [svc-search-3] warning: slow query took 1796ms
2026-02-21T02:40:05.440Z [pytest-xdist] gw4 test_webhooks.py::test_render_template PASSED in 164ms trace=cb2c35ac-667e-7a49-c6cc-ac27a284eae6
2026-02-21T02:40:05.441Z [svc-auth-3] cache hit rate 95%
2026-02-21T02:40:05.441Z [svc-media-1] connected to upstream in 19ms
2026-02-21T02:40:05.442Z [svc-db-2] cache hit rate 90%
2026-02-21T02:40:05.442Z [svc-billing-3] warning: slow query took 1232ms
2026-02-21T02:40:05.444Z [svc-cache-0] cache hit rate 92%
2026-02-21T02:40:05.444Z [svc-media-4] warning: slow query took 622ms
2026-02-21T02:40:05.445Z [svc-cache-1] cache hit rate 85%
2026-02-21T02:40:05.445Z [svc-billing-2] health check ok
2026-02-21T02:40:05.447Z [svc-sched-1] gc pause 41ms, heap 698MB
2026-02-21T02:40:05.450Z [svc-auth-3] connected to upstream in 30ms
2026-02-21T02:40:05.450Z [svc-notify-4] health check ok
2026-02-21T02:40:05.451Z [svc-auth-4] cache hit rate 85%
2026-02-21T02:40:05.452Z [svc-billing-1] cache hit rate 92%
2026-02-21T02:40:05.452Z [svc-notify-1] warning: slow query took 1461ms
2026-02-21T02:40:05.453Z [svc-notify-0] connected to upstream in 29ms
2026-02-21T02:40:05.453Z [svc-media-2] processed batch of 213 items
2026-02-21T02:40:05.456Z [pytest-xdist] gw5 test_sched.py::test_expire_query PASSED in 162ms trace=98730258-cb93-105d-2f17-656d015c0b87
2026-02-21T02:40:05.456Z [svc-queue-1] gc pause 6ms, heap 316MB
2026-02-21T02:40:05.459Z [pytest-xdist] gw4 test_users.py::test_retry_invoice PASSED in 234ms trace=a1a0cfdf-c2ff-4811-17a0-dadec0151a75
2026-02-21T02:40:05.460Z [svc-notify-2] closed idle connection after 51s
2026-02-21T02:40:05.461Z [svc-search-3] warning: slow query took 1636ms
2026-02-21T02:40:05.462Z [svc-sched-3] gc pause 26ms, heap 968MB
2026-02-21T02:40:05.469Z [svc-cache-3] warning: slow query took 1867ms
2026-02-21T02:40:05.469Z [svc-billing-4] closed idle connection after 57s
2026-02-21T02:40:05.470Z [svc-auth-1] closed idle connection after 170s
2026-02-21T02:40:05.471Z [svc-billing-3] warning: slow query took 632ms
2026-02-21T02:40:05.472Z [svc-notify-2] gc pause 63ms, heap 211MB
2026-02-21T02:40:05.472Z [svc-media-2] health check ok
2026-02-21T02:40:05.472Z [svc-media-4] warning: slow query took 611ms
2026-02-21T02:40:05.475Z [pytest-xdist] gw1 test_billing.py::test_retry_template PASSED in 114ms trace=45eaa56e-ffe0-53e3-7bd1-9d36c67aae55
2026-02-21T02:40:05.475Z [svc-auth-2] cache hit rate 95%
2026-02-21T02:40:05.475Z [svc-media-0] gc pause 12ms, heap 699MB
2026-02-21T02:40:05.476Z [svc-queue-0] connected to upstream in 58ms
2026-02-21T02:40:05.476Z [svc-queue-0] processed batch of 218 items
2026-02-21T02:40:05.477Z [svc-search-3] health check ok
2026-02-21T02:40:05.478Z [svc-sched-2] closed idle connection after 253s
2026-02-21T02:40:05.482Z [svc-gateway-1] cache hit rate 95%
2026-02-21T02:40:05.484Z [svc-billing-2] warning: slow query took 1169ms
2026-02-21T02:40:05.484Z [svc-queue-1] gc pause 117ms, heap 815MB
2026-02-21T02:40:05.485Z [svc-db-3] processed batch of 190 items
2026-02-21T02:40:05.485Z [svc-notify-3] connected to upstream in 11ms
2026-02-21T02:40:05.487Z [svc-sched-3] processed batch of 136 items
2026-02-21T02:40:05.492Z [svc-auth-3] processed batch of 505 items
2026-02-21T02:40:05.493Z [svc-queue-4] gc pause 96ms, heap 667MB
2026-02-21T02:40:05.494Z [svc-media-2] processed batch of 488 items
2026-02-21T02:40:05.495Z [svc-sched-0] connected to upstream in 18ms
2026-02-21T02:40:05.497Z [pytest-xdist] gw1 test_billing.py::test_cache_shipment PASSED in 174ms trace=f7ac7a0e-0631-b565-e764-2fc3623b5c7c
2026-02-21T02:40:05.497Z [svc-gateway-2] closed idle connection after 282s
2026-02-21T02:40:05.498Z [svc-gateway-2] cache hit rate 85%
2026-02-21T02:40:05.499Z [svc-cache-4] connected to upstream in 25ms
2026-02-21T02:40:05.500Z [pytest-xdist] gw3 test_users.py::test_expire_invoice PASSED in 21ms trace=7fabfe54-efcc-65f8-34d3-1e20bb47b51e
2026-02-21T02:40:05.503Z [svc-db-4] closed idle connection after 32s
2026-02-21T02:40:05.504Z [svc-cache-1] health check ok
2026-02-21T02:40:05.504Z [svc-gateway-4] gc pause 16ms, heap 477MB
2026-02-21T02:40:05.505Z [svc-search-3] health check ok
2026-02-21T02:40:05.506Z [svc-auth-0] cache hit rate 85%
2026-02-21T02:40:05.506Z [svc-billing-2] cache hit rate 88%
2026-02-21T02:40:05.507Z [svc-auth-1] connected to upstream in 14ms
2026-02-21T02:40:05.508Z [svc-media-3] connected to upstream in 32ms
2026-02-21T02:40:05.510Z [svc-cache-0] gc pause 6ms, heap 145MB
2026-02-21T02:40:05.510Z [svc-notify-0] gc pause 56ms, heap 473MB
2026-02-21T02:40:05.511Z [svc-cache-0] gc pause 112ms, heap 405MB
2026-02-21T02:40:05.512Z [svc-billing-0] processed batch of 487 items
2026-02-21T02:40:05.513Z [svc-queue-0] processed batch of 120 items
2026-02-21T02:40:05.516Z [svc-billing-2] gc pause 107ms, heap 468MB
2026-02-21T02:40:05.516Z [svc-media-1] processed batch of 481 items
2026-02-21T02:40:05.516Z [svc-media-3] gc pause 89ms, heap 529MB
2026-02-21T02:40:05.517Z [pytest-xdist] gw5 test_queue.py::test_reconcile_invoice PASSED in 133ms trace=817dde53-8b50-43af-329e-fea9629be75d
2026-02-21T02:40:05.520Z [svc-notify-1] gc pause 6ms, heap 796MB
2026-02-21T02:40:05.521Z [svc-cache-2] processed batch of 363 items
2026-02-21T02:40:05.522Z [svc-media-1] closed idle connection after 65s
2026-02-21T02:40:05.524Z [svc-cache-3] cache hit rate 88%
2026-02-21T02:40:05.524Z [svc-queue-2] cache hit rate 92%
2026-02-21T02:40:05.525Z [svc-sched-2] closed idle connection after 169s
2026-02-21T02:40:05.526Z [pytest-xdist] gw4 test_billing.py::test_update_template PASSED in 229ms trace=11bff80b-15fe-8af9-a75e-4ce84c5f90a6
2026-02-21T02:40:05.526Z [svc-queue-3] gc pause 14ms, heap 970MB
2026-02-21T02:40:05.527Z [svc-cache-4] cache hit rate 95%
2026-02-21T02:40:05.528Z [svc-gateway-1] warning: slow query took 1773ms
2026-02-21T02:40:05.528Z [svc-gateway-2] gc pause 69ms, heap 100MB
2026-02-21T02:40:05.532Z [pytest-xdist] gw5 test_webhooks.py::test_update_region PASSED in 66ms trace=82dc04bf-62af-6614-61a4-748f01d61274
2026-02-21T02:40:05.533Z [svc-billing-0] cache hit rate 95%
2026-02-21T02:40:05.537Z [svc-cache-3] processed batch of 131 items
2026-02-21T02:40:05.538Z [svc-sched-3] gc pause 84ms, heap 451MB
2026-02-21T02:40:05.539Z [svc-billing-2] processed batch of 347 items
2026-02-21T02:40:05.540Z [svc-media-1] closed idle connection after 194s
2026-02-21T02:40:05.542Z [pytest-xdist] gw0 test_reports.py::test_create_invoice PASSED in 95ms trace=c809b294-f66e-9757-0d90-f318c2002eac
2026-02-21T02:40:05.543Z [svc-sched-4] processed batch of 170 items
2026-02-21T02:40:05.547Z [pytest-xdist] gw4 test_orders.py::test_retry_token PASSED in 220ms trace=eea66220-6d8b-4a99-0c9f-3497b2cf465e
2026-02-21T02:40:05.548Z [svc-auth-0] cache hit rate 95%
2026-02-21T02:40:05.548Z [svc-notify-4] health check ok
2026-02-21T02:40:05.549Z [svc-cache-1] processed batch of 288 items
2026-02-21T02:40:05.549Z [svc-db-1] health check ok
2026-02-21T02:40:05.552Z [svc-auth-0] cache hit rate 90%
2026-02-21T02:40:05.553Z [svc-gateway-2] processed batch of 16 items
2026-02-21T02:40:05.555Z [pytest-xdist] gw2 test_export.py::test_cache_template PASSED in 2ms trace=6254af57-3a30-2a36-c97f-3441df3af0a5
2026-02-21T02:40:05.561Z [svc-billing-0] cache hit rate 90%
2026-02-21T02:40:05.562Z [svc-auth-4] gc pause 103ms, heap 955MB
2026-02-21T02:40:05.562Z [svc-media-2] closed idle connection after 291s
2026-02-21T02:40:05.562Z [svc-sched-0] retrying connection to vault (attempt 1/3)
2026-02-21T02:40:05.565Z [svc-db-2] warning: slow query took 1941ms
2026-02-21T02:40:05.565Z [svc-sched-3] closed idle connection after 283s
2026-02-21T02:40:05.566Z [svc-db-4] processed batch of 336 items
2026-02-21T02:40:05.570Z [pytest-xdist] gw1 test_import.py::test_notify_coupon PASSED in 174ms trace=1dadc055-8639-9924-ce01-0f60baafb7ee
2026-02-21T02:40:05.571Z [svc-notify-4] cache hit rate 95%
2026-02-21T02:40:05.573Z [svc-media-0] health check ok
2026-02-21T02:40:05.575Z [svc-billing-3] connected to upstream in 14ms
2026-02-21T02:40:05.576Z [svc-auth-1] warning: slow query took 1183ms
2026-02-21T02:40:05.576Z [svc-search-4] cache hit rate 88%
2026-02-21T02:40:05.576Z [svc-notify-4] closed idle connection after 314s
2026-02-21T02:40:05.584Z [svc-gateway-4] closed idle connection after 274s
2026-02-21T02:40:05.584Z [svc-media-1] processed batch of 290 items
2026-02-21T02:40:05.585Z [svc-billing-3] connected to upstream in 78ms
2026-02-21T02:40:05.588Z [svc-queue-4] cache hit rate 92%
2026-02-21T02:40:05.589Z [pytest-xdist] gw1 test_orders.py::test_render_token PASSED in 197ms trace=96a2ac75-5c52-60ca-a1d3-f0d3802fff75
2026-02-21T02:40:05.590Z [svc-gateway-3] health check ok
2026-02-21T02:40:05.591Z [svc-cache-3] retrying connection to kafka (attempt 3/3)
2026-02-21T02:40:05.591Z [svc-media-4] warning: slow query took 1562ms
2026-02-21T02:40:05.592Z [svc-cache-0] processed batch of 319 items
2026-02-21T02:40:05.593Z [svc-db-3] cache hit rate 88%
2026-02-21T02:40:05.595Z [svc-auth-1] gc pause 82ms, heap 477MB
2026-02-21T02:40:05.599Z [svc-db-2] gc pause 121ms, heap 100MB
2026-02-21T02:40:05.600Z [svc-media-2] warning: slow query took 1908ms
2026-02-21T02:40:05.602Z [pytest-xdist] gw0 test_payments.py::test_reconcile_subscription PASSED in 245ms trace=56fd10ac-871e-3b8c-19d0-deb5d6d93624
2026-02-21T02:40:05.603Z [svc-cache-2] health check ok
2026-02-21T02:40:05.603Z [svc-db-1] health check ok
2026-02-21T02:40:05.604Z [svc-cache-4] processed batch of 202 items
2026-02-21T02:40:05.607Z [svc-auth-4] gc pause 59ms, heap 263MB
2026-02-21T02:40:05.607Z [svc-search-3] closed idle connection after 140s
2026-02-21T02:40:05.607Z [svc-sched-0] closed idle connection after 108s
2026-02-21T02:40:05.608Z [svc-db-1] connected to upstream in 66ms
2026-02-21T02:40:05.609Z [pytest-xdist] gw3 test_users.py::test_retry_index PASSED in 107ms trace=55d36bc0-c2ec-74da-dbb7-e5a270cc1957
2026-02-21T02:40:05.610Z [svc-queue-2] closed idle connection after 308s
2026-02-21T02:40:05.613Z [svc-media-4] retrying connection to s3 (attempt 3/3)
2026-02-21T02:40:05.614Z [svc-db-0] health check ok
2026-02-21T02:40:05.616Z [svc-notify-0] warning: slow query took 1943ms
2026-02-21T02:40:05.618Z [svc-auth-3] cache hit rate 85%
2026-02-21T02:40:05.620Z [svc-gateway-0] retrying connection to redis (attempt 3/3)
2026-02-21T02:40:05.620Z [svc-queue-0] closed idle connection after 172s
2026-02-21T02:40:05.620Z [svc-sched-2] gc pause 46ms, heap 850MB
2026-02-21T02:40:05.621Z [svc-auth-4] connected to upstream in 80ms
2026-02-21T02:40:05.622Z [svc-billing-1] gc pause 84ms, heap 696MB
2026-02-21T02:40:05.624Z [svc-media-4] gc pause 20ms, heap 768MB
2026-02-21T02:40:05.625Z [svc-notify-0] processed batch of 447 items
2026-02-21T02:40:05.626Z [svc-media-4] health check ok
2026-02-21T02:40:05.626Z [svc-queue-0] connected to upstream in 83ms
2026-02-21T02:40:05.627Z [svc-queue-0] connected to upstream in 54ms
2026-02-21T02:40:05.628Z [svc-sched-0] retrying connection to vault (attempt 1/3)
2026-02-21T02:40:05.629Z [pytest-xdist] gw4 test_export.py::test_reconcile_session PASSED in 156ms trace=9e4d0dd9-8b50-ac7f-151a-0382ac353833
2026-02-21T02:40:05.629Z [svc-cache-4] health check ok
2026-02-21T02:40:05.629Z [svc-billing-3] gc pause 72ms, heap 344MB
2026-02-21T02:40:05.629Z [svc-sched-1] cache hit rate 88%
2026-02-21T02:40:05.630Z [svc-auth-3] gc pause 72ms, heap 814MB
2026-02-21T02:40:05.635Z [svc-cache-1] closed idle connection after 127s
2026-02-21T02:40:05.640Z [svc-auth-2] closed idle connection after 292s
2026-02-21T02:40:05.640Z [svc-search-4] processed batch of 284 items
2026-02-21T02:40:05.641Z [svc-gateway-0] processed batch of 453 items
2026-02-21T02:40:05.644Z [svc-billing-3] warning: slow query took 231ms
2026-02-21T02:40:05.645Z [svc-search-3] processed batch of 73 items
2026-02-21T02:40:05.645Z [svc-gateway-3] gc pause 30ms, heap 974MB
2026-02-21T02:40:05.645Z [svc-media-1] gc pause 66ms, heap 392MB
2026-02-21T02:40:05.646Z [svc-auth-2] warning: slow query took 331ms
2026-02-21T02:40:05.650Z [pytest-xdist] gw2 test_auth.py::test_parse_token PASSED in 218ms trace=5b039cc2-d79b-c7c2-a91a-f5883c60e7e5
2026-02-21T02:40:05.653Z [svc-gateway-4] gc pause 36ms, heap 326MB
2026-02-21T02:40:05.655Z [svc-sched-1] connected to upstream in 18ms
2026-02-21T02:40:05.657Z [svc-sched-3] cache hit rate 90%
2026-02-21T02:40:05.658Z [pytest-xdist] gw0 test_media.py::test_update_webhook PASSED in 184ms trace=44bdef17-670f-3029-cde6-441ecd36340f
2026-02-21T02:40:05.661Z [svc-sched-3] connected to upstream in 33ms
2026-02-21T02:40:05.662Z [svc-notify-3] health check ok
2026-02-21T02:40:05.662Z [svc-sched-2] warning: slow query took 1230ms
2026-02-21T02:40:05.663Z [svc-queue-2] retrying connection to redis (attempt 1/3)
2026-02-21T02:40:05.664Z [pytest-xdist] gw5 test_reports.py::test_authorize_webhook PASSED in 69ms trace=2b2ffcb5-b46e-c755-9e0e-bc1c9c0e586e
2026-02-21T02:40:05.664Z [svc-db-0] closed idle connection after 132s
2026-02-21T02:40:05.665Z [svc-notify-1] gc pause 14ms, heap 971MB
2026-02-21T02:40:05.666Z [svc-media-1] processed batch of 385 items
2026-02-21T02:40:05.669Z [svc-search-3] gc pause 67ms, heap 629MB
2026-02-21T02:40:05.671Z [svc-queue-2] health check ok
2026-02-21T02:40:05.675Z [svc-search-0] cache hit rate 92%
2026-02-21T02:40:05.676Z [svc-db-0] gc pause 30ms, heap 645MB
2026-02-21T02:40:05.676Z [svc-media-4] gc pause 71ms, heap 207MB
2026-02-21T02:40:05.676Z [svc-sched-0] gc pause 93ms, heap 500MB
2026-02-21T02:40:05.679Z [pytest-xdist] gw3 test_users.py::test_parse_template PASSED in 156ms trace=96353427-98aa-72e5-508d-ba9c27a60087
2026-02-21T02:40:05.679Z [svc-sched-2] cache hit rate 88%
2026-02-21T02:40:05.683Z [svc-queue-0] connected to upstream in 79ms
2026-02-21T02:40:05.686Z [svc-auth-0] retrying connection to elasticsearch (attempt 2/3)
2026-02-21T02:40:05.686Z [svc-billing-1] health check ok
2026-02-21T02:40:05.686Z [svc-notify-1] connected to upstream in 22ms
2026-02-21T02:40:05.687Z [svc-cache-2] health check ok
2026-02-21T02:40:05.687Z [svc-gateway-0] health check ok
2026-02-21T02:40:05.689Z [pytest-xdist] gw3 test_reports.py::test_list_template PASSED in 37ms trace=ac7928b6-4d68-7a85-46fd-e65711b4d09f
2026-02-21T02:40:05.690Z [svc-cache-3] processed batch of 419 items
2026-02-21T02:40:05.693Z [svc-auth-4] gc pause 50ms, heap 628MB
2026-02-21T02:40:05.694Z [svc-db-4] cache hit rate 85%
2026-02-21T02:40:05.694Z [svc-queue-2] gc pause 109ms, heap 431MB
2026-02-21T02:40:05.695Z [svc-auth-0] health check ok
2026-02-21T02:40:05.696Z [svc-cache-1] cache hit rate 92%
2026-02-21T02:40:05.699Z [pytest-xdist] gw3 test_payments.py::test_retry_region PASSED in 45ms trace=e01cf6d9-2cc6-3cb3-b071-3be825a8b625
2026-02-21T02:40:05.699Z [svc-billing-3] closed idle connection after 257s
2026-02-21T02:40:05.699Z [svc-search-3] gc pause 63ms, heap 257MB
2026-02-21T02:40:05.702Z [svc-billing-3] warning: slow query took 783ms
2026-02-21T02:40:05.703Z [svc-search-1] closed idle connection after 266s
2026-02-21T02:40:05.704Z [svc-db-3] gc pause 83ms, heap 233MB
2026-02-21T02:40:05.705Z [svc-notify-4] retrying connection to elasticsearch (attempt 1/3)
2026-02-21T02:40:05.707Z [svc-search-4] warning: slow query took 2096ms
2026-02-21T02:40:05.707Z [svc-gateway-0] processed batch of 133 items
2026-02-21T02:40:05.709Z [svc-billing-4] connected to upstream in 61ms
2026-02-21T02:40:05.710Z [svc-gateway-2] health check ok
2026-02-21T02:40:05.713Z [svc-gateway-1] closed idle connection after 38s
2026-02-21T02:40:05.718Z [svc-db-0] processed batch of 314 items
2026-02-21T02:40:05.718Z [svc-gateway-2] processed batch of 12 items
2026-02-21T02:40:05.719Z [svc-auth-2] processed batch of 311 items
2026-02-21T02:40:05.721Z [pytest-xdist] gw5 test_export.py::test_cache_quota PASSED in 27ms trace=28e85f09-017f-a173-ea47-d8d7e050550a
2026-02-21T02:40:05.723Z [svc-search-1] closed idle connection after 294s
2026-02-21T02:40:05.726Z [svc-sched-4] processed batch of 256 items
2026-02-21T02:40:05.727Z [svc-gateway-0] processed batch of 337 items
2026-02-21T02:40:05.727Z [svc-sched-2] processed batch of 352 items
2026-02-21T02:40:05.737Z [svc-cache-0] cache hit rate 88%
2026-02-21T02:40:05.738Z [svc-cache-3] retrying connection to kafka (attempt 2/3)
2026-02-21T02:40:05.740Z [svc-billing-0] warning: slow query took 796ms
2026-02-21T02:40:05.740Z [svc-media-0] gc pause 32ms, heap 650MB
2026-02-21T02:40:05.741Z [svc-cache-3] connected to upstream in 10ms
2026-02-21T02:40:05.742Z [svc-db-0] warning: slow query took 1624ms
2026-02-21T02:40:05.742Z [svc-media-4] health check ok
2026-02-21T02:40:05.743Z [pytest-xdist] gw3 test_reports.py::test_notify_template PASSED in 209ms trace=17fac7f7-e0f4-f6c3-c054-605a8a54f9cc
2026-02-21T02:40:05.743Z [svc-sched-1] cache hit rate 85%
2026-02-21T02:40:05.744Z [svc-queue-2] connected to upstream in 6ms
2026-02-21T02:40:05.745Z [svc-db-2] processed batch of 406 items
2026-02-21T02:40:05.745Z [svc-notify-1] warning: slow query took 735ms
2026-02-21T02:40:05.746Z [svc-auth-1] health check ok
2026-02-21T02:40:05.746Z [svc-queue-3] gc pause 84ms, heap 685MB
2026-02-21T02:40:05.749Z [svc-search-3] health check ok
2026-02-21T02:40:05.751Z [pytest-xdist] gw1 test_gateway.py::test_paginate_user PASSED in 17ms trace=3ad17365-0899-2e4b-461a-da3070c36762
2026-02-21T02:40:05.751Z [svc-cache-4] connected to upstream in 39ms
2026-02-21T02:40:05.753Z [svc-db-0] closed idle connection after 163s
2026-02-21T02:40:05.753Z [svc-queue-1] gc pause 62ms, heap 249MB
2026-02-21T02:40:05.754Z [svc-auth-3] warning: slow query took 552ms
2026-02-21T02:40:05.755Z [svc-search-0] retrying connection to postgres (attempt 2/3)
2026-02-21T02:40:05.756Z [svc-sched-0] warning: slow query took 1174ms
2026-02-21T02:40:05.761Z [svc-billing-2] warning: slow query took 775ms
2026-02-21T02:40:05.762Z [svc-auth-2] warning: slow query took 1495ms
2026-02-21T02:40:05.762Z [svc-billing-2] gc pause 59ms, heap 981MB
2026-02-21T02:40:05.762Z [svc-notify-1] processed batch of 114 items
2026-02-21T02:40:05.763Z [svc-billing-1] gc pause 59ms, heap 558MB
2026-02-21T02:40:05.763Z [svc-notify-2] closed idle connection after 114s
2026-02-21T02:40:05.767Z [svc-cache-4] gc pause 90ms, heap 312MB
2026-02-21T02:40:05.767Z [svc-billing-3] health check ok
2026-02-21T02:40:05.768Z [svc-db-0] cache hit rate 88%
2026-02-21T02:40:05.768Z [svc-queue-4] processed batch of 252 items
2026-02-21T02:40:05.769Z [pytest-xdist] gw5 test_webhooks.py::test_retry_invoice PASSED in 147ms trace=95de381e-c6c1-6e6b-f2ae-1f5655aab52e
2026-02-21T02:40:05.771Z [svc-billing-2] connected to upstream in 53ms
2026-02-21T02:40:05.772Z [svc-queue-2] gc pause 103ms, heap 880MB
2026-02-21T02:40:05.774Z [svc-cache-3] processed batch of 26 items
2026-02-21T02:40:05.776Z [svc-billing-0] closed idle connection after 252s
2026-02-21T02:40:05.776Z [svc-search-4] closed idle connection after 228s
2026-02-21T02:40:05.776Z [svc-notify-0] processed batch of 509 items
2026-02-21T02:40:05.779Z [svc-cache-3] processed batch of 98 items
2026-02-21T02:40:05.779Z [svc-db-0] gc pause 32ms, heap 928MB
2026-02-21T02:40:05.780Z [svc-billing-0] gc pause 113ms, heap 866MB
2026-02-21T02:40:05.782Z [svc-db-3] retrying connection to vault (attempt 3/3)
2026-02-21T02:40:05.787Z [pytest-xdist] gw2 test_auth.py::test_render_webhook PASSED in 206ms trace=0cf82d30-c7c6-ebba-b064-f7f213d938f5
2026-02-21T02:40:05.787Z [svc-billing-0] processed batch of 453 items
2026-02-21T02:40:05.787Z [svc-billing-4] closed idle connection after 175s
2026-02-21T02:40:05.787Z [svc-notify-0] cache hit rate 90%
2026-02-21T02:40:05.789Z [svc-billing-0] closed idle connection after 319s
2026-02-21T02:40:05.792Z [svc-gateway-3] gc pause 71ms, heap 434MB
2026-02-21T02:40:05.792Z [svc-sched-3] closed idle connection after 65s
2026-02-21T02:40:05.793Z [pytest-xdist] gw3 test_sched.py::test_cache_session PASSED in 141ms trace=afa8fafa-1398-1c4c-5d6f-bdad59f5c6b4
2026-02-21T02:40:05.795Z [svc-auth-1] retrying connection to vault (attempt 2/3)
2026-02-21T02:40:05.795Z [svc-auth-4] closed idle connection after 46s
2026-02-21T02:40:05.796Z [svc-cache-1] processed batch of 479 items
2026-02-21T02:40:05.798Z [svc-gateway-0] cache hit rate 92%
2026-02-21T02:40:05.799Z [svc-search-0] connected to upstream in 71ms
2026-02-21T02:40:05.800Z [svc-notify-0] warning: slow query took 965ms
2026-02-21T02:40:05.801Z [svc-auth-3] closed idle connection after 216s
2026-02-21T02:40:05.802Z [svc-auth-2] cache hit rate 90%
2026-02-21T02:40:05.802Z [svc-search-1] health check ok
2026-02-21T02:40:05.802Z [svc-notify-1] connected to upstream in 15ms
2026-02-21T02:40:05.802Z [svc-queue-0] connected to upstream in 59ms
2026-02-21T02:40:05.803Z [pytest-xdist] gw4 test_reports.py::test_retry_token PASSED in 108ms trace=96146be2-e689-1e4f-eba4-5633c904fdbe
2026-02-21T02:40:05.803Z [svc-notify-3] processed batch of 331 items
2026-02-21T02:40:05.805Z [svc-cache-4] warning: slow query took 1737ms
2026-02-21T02:40:05.806Z [svc-sched-4] health check ok
2026-02-21T02:40:05.807Z [svc-sched-0] warning: slow query took 1999ms
2026-02-21T02:40:05.809Z [svc-gateway-0] gc pause 93ms, heap 832MB
2026-02-21T02:40:05.817Z [svc-cache-2] warning: slow query took 799ms
2026-02-21T02:40:05.818Z [svc-gateway-1] health check ok
2026-02-21T02:40:05.819Z [pytest-xdist] gw2 test_webhooks.py::test_validate_invoice PASSED in 141ms trace=ed518d1c-9004-b3f3-39d9-5c9c0e2f2c3d
2026-02-21T02:40:05.820Z [svc-cache-1] health check ok
2026-02-21T02:40:05.821Z [svc-media-4] closed idle connection after 282s
2026-02-21T02:40:05.824Z [svc-cache-2] warning: slow query took 1877ms
2026-02-21T02:40:05.824Z [svc-billing-3] gc pause 74ms, heap 643MB
2026-02-21T02:40:05.824Z [svc-search-2] closed idle connection after 323s
2026-02-21T02:40:05.825Z [svc-queue-3] processed batch of 360 items
2026-02-21T02:40:05.827Z [pytest-xdist] gw2 test_export.py::test_delete_coupon PASSED in 130ms trace=6ebcd03a-9b81-846e-52f4-a9d300a5679f
2026-02-21T02:40:05.827Z [svc-search-4] closed idle connection after 110s
2026-02-21T02:40:05.827Z [svc-notify-2] closed idle connection after 212s
2026-02-21T02:40:05.828Z [svc-cache-4] retrying connection to s3 (attempt 3/3)
2026-02-21T02:40:05.828Z [svc-sched-1] connected to upstream in 5ms
2026-02-21T02:40:05.829Z [svc-auth-0] warning: slow query took 1322ms
2026-02-21T02:40:05.829Z [svc-billing-0] closed idle connection after 236s
2026-02-21T02:40:05.832Z [svc-auth-1] closed idle connection after 69s
2026-02-21T02:40:05.832Z [svc-sched-4] closed idle connection after 328s
2026-02-21T02:40:05.835Z [pytest-xdist] gw4 test_orders.py::test_notify_attachment PASSED in 185ms trace=a0f91844-836a-52c7-1622-9525cb1a0a54
2026-02-21T02:40:05.836Z [svc-auth-2] gc pause 66ms, heap 193MB
2026-02-21T02:40:05.836Z [svc-search-0] closed idle connection after 258s
2026-02-21T02:40:05.838Z [svc-billing-2] warning: slow query took 1351ms
2026-02-21T02:40:05.838Z [svc-queue-1] cache hit rate 92%
2026-02-21T02:40:05.841Z [svc-notify-4] connected to upstream in 46ms
2026-02-21T02:40:05.842Z [svc-gateway-4] closed idle connection after 196s
2026-02-21T02:40:05.843Z [svc-billing-4] cache hit rate 95%
2026-02-21T02:40:05.843Z [svc-sched-3] connected to upstream in 40ms
2026-02-21T02:40:05.846Z [svc-cache-3] closed idle connection after 210s
2026-02-21T02:40:05.846Z [svc-notify-1] cache hit rate 88%
2026-02-21T02:40:05.849Z [svc-cache-0] warning: slow query took 1874ms
2026-02-21T02:40:05.849Z [svc-gateway-2] closed idle connection after 273s
2026-02-21T02:40:05.850Z [svc-search-1] cache hit rate 90%
2026-02-21T02:40:05.850Z [svc-search-3] warning: slow query took 2086ms
2026-02-21T02:40:05.850Z [svc-sched-3] connected to upstream in 25ms
2026-02-21T02:40:05.851Z [pytest-xdist] gw1 test_webhooks.py::test_list_token PASSED in 163ms trace=6f952d3e-2af4-0fb0-6cc4-a870351d8f9d
2026-02-21T02:40:05.852Z [svc-search-4] closed idle connection after 175s
2026-02-21T02:40:05.854Z [svc-auth-2] closed idle connection after 300s
2026-02-21T02:40:05.855Z [svc-auth-3] retrying connection to redis (attempt 1/3)
2026-02-21T02:40:05.856Z [svc-db-2] health check ok
2026-02-21T02:40:05.858Z [svc-search-0] health check ok
2026-02-21T02:40:05.860Z [svc-queue-2] cache hit rate 85%
2026-02-21T02:40:05.860Z [svc-sched-4] warning: slow query took 2008ms
2026-02-21T02:40:05.861Z [pytest-xdist] gw1 test_billing.py::test_update_token PASSED in 143ms trace=ee1e24ac-c2cb-1136-8bcf-8a44bac14ed6
2026-02-21T02:40:05.863Z [svc-db-4] cache hit rate 90%
2026-02-21T02:40:05.864Z [svc-sched-1] cache hit rate 90%
2026-02-21T02:40:05.865Z [svc-cache-3] cache hit rate 92%
2026-02-21T02:40:05.865Z [svc-notify-3] closed idle connection after 307s
2026-02-21T02:40:05.868Z [svc-notify-3] health check ok
2026-02-21T02:40:05.868Z [svc-sched-3] cache hit rate 85%
2026-02-21T02:40:05.869Z [svc-search-1] health check ok
2026-02-21T02:40:05.870Z [svc-billing-3] cache hit rate 90%
2026-02-21T02:40:05.873Z [svc-search-4] gc pause 89ms, heap 842MB
2026-02-21T02:40:05.874Z [svc-notify-4] gc pause 53ms, heap 574MB
2026-02-21T02:40:05.877Z [pytest-xdist] gw4 test_gateway.py::test_sync_template PASSED in 166ms trace=bbfc2352-5cde-02fe-01f1-e3e4a82283b9
2026-02-21T02:40:05.877Z [svc-cache-4] cache hit rate 88%
2026-02-21T02:40:05.877Z [svc-billing-3] processed batch of 278 items
2026-02-21T02:40:05.878Z [svc-media-3] processed batch of 141 items
2026-02-21T02:40:05.878Z [svc-queue-0] gc pause 110ms, heap 939MB
2026-02-21T02:40:05.880Z [svc-db-2] gc pause 28ms, heap 559MB
2026-02-21T02:40:05.883Z [svc-media-3] connected to upstream in 59ms
2026-02-21T02:40:05.886Z [svc-db-1] gc pause 37ms, heap 936MB
2026-02-21T02:40:05.889Z [svc-auth-3] gc pause 40ms, heap 924MB
2026-02-21T02:40:05.892Z [svc-auth-1] processed batch of 36 items
2026-02-21T02:40:05.892Z [svc-auth-3] health check ok
2026-02-21T02:40:05.893Z [svc-search-4] gc pause 96ms, heap 905MB
2026-02-21T02:40:05.895Z [svc-notify-0] gc pause 8ms, heap 548MB
2026-02-21T02:40:05.896Z [svc-db-1] closed idle connection after 294s
2026-02-21T02:40:05.897Z [svc-notify-3] warning: slow query took 1242ms
2026-02-21T02:40:05.899Z [pytest-xdist] gw0 test_users.py::test_expire_attachment PASSED in 224ms trace=aa4c30a9-1086-5c72-34a4-964f1c046705
2026-02-21T02:40:05.900Z [svc-billing-2] closed idle connection after 262s
2026-02-21T02:40:05.903Z [svc-billing-1] warning: slow query took 1644ms
2026-02-21T02:40:05.903Z [svc-queue-0] health check ok
2026-02-21T02:40:05.907Z [svc-cache-0] warning: slow query took 1507ms
2026-02-21T02:40:05.911Z [svc-gateway-2] warning: slow query took 790ms
2026-02-21T02:40:05.912Z [svc-queue-0] connected to upstream in 14ms
2026-02-21T02:40:05.913Z [svc-media-2] cache hit rate 88%
2026-02-21T02:40:05.915Z [svc-db-2] gc pause 103ms, heap 910MB
2026-02-21T02:40:05.915Z [svc-gateway-4] health check ok
2026-02-21T02:40:05.917Z [svc-db-3] health check ok
2026-02-21T02:40:05.918Z [svc-auth-1] closed idle connection after 260s
2026-02-21T02:40:05.919Z [pytest-xdist] gw1 test_export.py::test_authorize_subscription PASSED in 232ms trace=27f6781a-ec1a-297d-376a-44cdcccc4e60
2026-02-21T02:40:05.919Z [svc-cache-0] cache hit rate 90%
2026-02-21T02:40:05.920Z [svc-gateway-1] connected to upstream in 29ms
2026-02-21T02:40:05.923Z [svc-media-1] cache hit rate 88%
2026-02-21T02:40:05.927Z [svc-auth-1] processed batch of 157 items
2026-02-21T02:40:05.927Z [svc-billing-0] connected to upstream in 42ms
2026-02-21T02:40:05.927Z [svc-gateway-0] warning: slow query took 1300ms
2026-02-21T02:40:05.929Z [svc-gateway-2] warning: slow query took 1327ms
2026-02-21T02:40:05.929Z [svc-sched-4] cache hit rate 90%
2026-02-21T02:40:05.930Z [pytest-xdist] gw0 test_queue.py::test_list_quota PASSED in 229ms trace=3d4dbaca-0064-d6ac-3f08-e17b6f5ac998
2026-02-21T02:40:05.932Z [svc-media-0] health check ok
2026-02-21T02:40:05.933Z [svc-auth-1] gc pause 78ms, heap 768MB
2026-02-21T02:40:05.934Z [svc-search-4] cache hit rate 90%
2026-02-21T02:40:05.934Z [svc-sched-1] processed batch of 487 items
2026-02-21T02:40:05.941Z [svc-notify-3] processed batch of 343 items
2026-02-21T02:40:05.942Z [svc-db-3] connected to upstream in 34ms
2026-02-21T02:40:05.944Z [svc-queue-0] health check ok
2026-02-21T02:40:05.945Z [svc-billing-4] connected to upstream in 36ms
2026-02-21T02:40:05.945Z [svc-queue-4] processed batch of 220 items
2026-02-21T02:40:05.946Z [svc-queue-4] cache hit rate 85%
2026-02-21T02:40:05.947Z [pytest-xdist] gw2 test_billing.py::test_sync_shipment PASSED in 145ms trace=d160a311-938e-0377-9c67-ebccacc44fa6
2026-02-21T02:40:05.950Z [svc-billing-4] health check ok
2026-02-21T02:40:05.950Z [svc-notify-1] gc pause 86ms, heap 315MB
2026-02-21T02:40:05.951Z [svc-auth-0] connected to upstream in 50ms
2026-02-21T02:40:05.951Z [svc-search-1] warning: slow query took 266ms
2026-02-21T02:40:05.952Z [pytest-xdist] gw0 test_orders.py::test_cache_shipment PASSED in 145ms trace=d24d455d-5fb5-f375-62a8-52c0a639e71a
2026-02-21T02:40:05.952Z [svc-media-0] gc pause 30ms, heap 994MB
2026-02-21T02:40:05.959Z [svc-billing-0] cache hit rate 92%
2026-02-21T02:40:05.959Z [svc-queue-3] warning: slow query took 1797ms
2026-02-21T02:40:05.963Z [pytest-xdist] gw0 test_payments.py::test_cache_attachment PASSED in 210ms trace=9c79af90-d8be-3972-882f-c0898b8c1c8b
2026-02-21T02:40:05.963Z [svc-media-1] processed batch of 24 items
2026-02-21T02:40:05.966Z [svc-db-4] connected to upstream in 34ms
2026-02-21T02:40:05.967Z [pytest-xdist] gw3 test_auth.py::test_create_refund PASSED in 50ms trace=74ecf8c9-8297-6ceb-e41f-24dec64af1c8
2026-02-21T02:40:05.969Z [svc-billing-1] cache hit rate 90%
2026-02-21T02:40:05.970Z [svc-billing-0] gc pause 118ms, heap 829MB
2026-02-21T02:40:05.970Z [svc-search-0] health check ok
2026-02-21T02:40:05.972Z [pytest-xdist] gw2 test_media.py::test_update_quota PASSED in 240ms trace=1b86559f-2ef2-ccbc-a5de-39a6b5e7632f
2026-02-21T02:40:05.975Z [svc-db-0] processed batch of 120 items
2026-02-21T02:40:05.976Z [svc-db-1] processed batch of 323 items
2026-02-21T02:40:05.977Z [svc-search-2] processed batch of 297 items
2026-02-21T02:40:05.978Z [svc-notify-3] cache hit rate 90%
2026-02-21T02:40:05.979Z [svc-auth-3] closed idle connection after 191s
2026-02-21T02:40:05.981Z [svc-search-0] closed idle connection after 224s
2026-02-21T02:40:05.982Z [svc-media-4] cache hit rate 85%
2026-02-21T02:40:05.983Z [svc-sched-2] retrying connection to redis (attempt 2/3)
2026-02-21T02:40:05.985Z [svc-media-2] processed batch of 334 items
2026-02-21T02:40:05.986Z [svc-cache-2] health check ok
2026-02-21T02:40:05.990Z [svc-search-4] warning: slow query took 1307ms
2026-02-21T02:40:05.990Z [svc-queue-3] gc pause 97ms, heap 443MB
2026-02-21T02:40:05.991Z [svc-auth-1] gc pause 15ms, heap 154MB
2026-02-21T02:40:05.992Z [pytest-xdist] gw3 test_orders.py::test_validate_invoice PASSED in 92ms trace=75fac1a1-d684-1da7-69fe-6eafd970e3ec
2026-02-21T02:40:05.994Z [svc-auth-1] cache hit rate 92%
2026-02-21T02:40:05.995Z [svc-cache-3] closed idle connection after 317s
2026-02-21T02:40:05.998Z [pytest-xdist] gw3 test_payments.py::test_sync_region PASSED in 201ms trace=cacc8be5-04c9-594f-d181-95e086184b67
2026-02-21T02:40:05.998Z [svc-sched-1] cache hit rate 88%
2026-02-21T02:40:06.000Z [svc-db-0] cache hit rate 92%
2026-02-21T02:40:06.001Z [svc-queue-4] warning: slow query took 1538ms
2026-02-21T02:40:06.002Z [pytest-xdist] gw4 test_auth.py::test_cache_quota PASSED in 164ms trace=872f4b1d-c7ac-982b-7754-7b1f1f90d86b
2026-02-21T02:40:06.002Z [svc-sched-2] health check ok
2026-02-21T02:40:06.003Z [svc-notify-0] closed idle connection after 219s
2026-02-21T02:40:06.004Z [svc-gateway-1] cache hit rate 90%
2026-02-21T02:40:06.007Z [svc-notify-4] gc pause 101ms, heap 522MB
2026-02-21T02:40:06.007Z [svc-sched-1] retrying connection to postgres (attempt 3/3)
2026-02-21T02:40:06.008Z [svc-sched-4] health check ok
2026-02-21T02:40:06.011Z [svc-gateway-2] closed idle connection after 297s
2026-02-21T02:40:06.013Z [svc-cache-0] connected to upstream in 60ms
2026-02-21T02:40:06.013Z [svc-queue-3] connected to upstream in 66ms
2026-02-21T02:40:06.017Z [svc-notify-0] closed idle connection after 67s
2026-02-21T02:40:06.019Z [svc-gateway-3] closed idle connection after 306s
2026-02-21T02:40:06.021Z [pytest-xdist] gw3 test_auth.py::test_reconcile_template PASSED in 224ms trace=8d64e9da-91e6-0d25-c48c-dcbffb83b3db
2026-02-21T02:40:06.021Z [svc-db-1] gc pause 111ms, heap 514MB
2026-02-21T02:40:06.021Z [svc-notify-1] closed idle connection after 179s
2026-02-21T02:40:06.021Z [svc-media-0] gc pause 119ms, heap 111MB
2026-02-21T02:40:06.022Z [svc-queue-3] gc pause 8ms, heap 805MB
2026-02-21T02:40:06.023Z [svc-db-0] retrying connection to kafka (attempt 3/3)
2026-02-21T02:40:06.023Z [svc-billing-3] health check ok
2026-02-21T02:40:06.025Z [svc-queue-1] health check ok
2026-02-21T02:40:06.027Z [svc-sched-2] closed idle connection after 325s
2026-02-21T02:40:06.028Z [svc-auth-4] closed idle connection after 41s
2026-02-21T02:40:06.029Z [svc-search-2] closed idle connection after 70s
2026-02-21T02:40:06.030Z [svc-gateway-1] cache hit rate 92%
2026-02-21T02:40:06.031Z [pytest-xdist] gw4 test_export.py::test_delete_session PASSED in 70ms trace=4b934fe6-e68f-901b-be5a-610b598c884f
2026-02-21T02:40:06.032Z [svc-media-3] processed batch of 193 items
2026-02-21T02:40:06.034Z [svc-auth-3] closed idle connection after 172s
2026-02-21T02:40:06.038Z [svc-notify-4] retrying connection to elasticsearch (attempt 2/3)
2026-02-21T02:40:06.039Z [svc-notify-2] health check ok
2026-02-21T02:40:06.041Z [pytest-xdist] gw2 test_search.py::test_render_shipment PASSED in 97ms trace=c45bec1e-e68f-a505-32b5-93cc6c17586e
2026-02-21T02:40:06.042Z [svc-queue-3] warning: slow query took 415ms
2026-02-21T02:40:06.045Z [svc-auth-3] closed idle connection after 172s
2026-02-21T02:40:06.046Z [svc-auth-4] closed idle connection after 301s
2026-02-21T02:40:06.046Z [svc-notify-1] warning: slow query took 2080ms
2026-02-21T02:40:06.047Z [svc-auth-2] warning: slow query took 576ms
2026-02-21T02:40:06.048Z [svc-billing-0] warning: slow query took 1958ms
2026-02-21T02:40:06.051Z [svc-cache-0] health check ok
2026-02-21T02:40:06.052Z [svc-notify-3] processed batch of 415 items
2026-02-21T02:40:06.053Z [svc-auth-0] closed idle connection after 192s
2026-02-21T02:40:06.053Z [svc-queue-3] processed batch of 340 items
2026-02-21T02:40:06.054Z [svc-media-3] cache hit rate 85%
2026-02-21T02:40:06.055Z [svc-cache-3] gc pause 6ms, heap 773MB
2026-02-21T02:40:06.055Z [svc-gateway-2] retrying connection to s3 (attempt 3/3)
2026-02-21T02:40:06.055Z [svc-gateway-4] cache hit rate 90%
2026-02-21T02:40:06.055Z [svc-media-1] warning: slow query took 1796ms
2026-02-21T02:40:06.056Z [svc-auth-1] health check ok
2026-02-21T02:40:06.057Z [svc-queue-0] cache hit rate 85%
2026-02-21T02:40:06.058Z [svc-gateway-1] processed batch of 228 items
2026-02-21T02:40:06.062Z [pytest-xdist] gw5 test_notify.py::test_notify_region PASSED in 101ms trace=fae9dbfa-789f-05ee-c8b8-8bcb71e59740
2026-02-21T02:40:06.063Z [svc-billing-2] gc pause 13ms, heap 870MB
2026-02-21T02:40:06.067Z [svc-auth-1] processed batch of 235 items
2026-02-21T02:40:06.068Z [svc-queue-3] retrying connection to kafka (attempt 2/3)
2026-02-21T02:40:06.072Z [svc-notify-2] processed batch of 502 items
2026-02-21T02:40:06.072Z [svc-notify-3] warning: slow query took 493ms
2026-02-21T02:40:06.074Z [svc-cache-2] retrying connection to redis (attempt 2/3)
2026-02-21T02:40:06.074Z [svc-sched-2] retrying connection to redis (attempt 2/3)
2026-02-21T02:40:06.075Z [svc-gateway-1] cache hit rate 90%
2026-02-21T02:40:06.077Z [svc-auth-3] health check ok
2026-02-21T02:40:06.077Z [svc-db-2] closed idle connection after 204s
2026-02-21T02:40:06.081Z [svc-notify-0] closed idle connection after 265s
2026-02-21T02:40:06.081Z [svc-gateway-4] health check ok
2026-02-21T02:40:06.083Z [pytest-xdist] gw4 test_gateway.py::test_expire_attachment PASSED in 205ms trace=04322280-b125-9ddc-7ad5-a16efa578f10
2026-02-21T02:40:06.083Z [svc-sched-0] health check ok
2026-02-21T02:40:06.085Z [svc-cache-3] closed idle connection after 225s
2026-02-21T02:40:06.085Z [svc-sched-3] cache hit rate 90%
2026-02-21T02:40:06.085Z [svc-sched-4] closed idle connection after 267s
2026-02-21T02:40:06.088Z [pytest-xdist] gw1 test_users.py::test_authorize_query PASSED in 152ms trace=233a587d-eee8-59b3-6f38-797df3f6e4ba
2026-02-21T02:40:06.090Z [svc-gateway-1] connected to upstream in 54ms
2026-02-21T02:40:06.090Z [svc-sched-3] processed batch of 226 items
2026-02-21T02:40:06.091Z [svc-auth-0] retrying connection to elasticsearch (attempt 1/3)
2026-02-21T02:40:06.092Z [svc-db-4] gc pause 59ms, heap 862MB
2026-02-21T02:40:06.095Z [svc-search-4] gc pause 97ms, heap 616MB
2026-02-21T02:40:06.096Z [svc-cache-4] connected to upstream in 74ms
2026-02-21T02:40:06.097Z [svc-gateway-0] closed idle connection after 94s
2026-02-21T02:40:06.098Z [svc-search-1] gc pause 74ms, heap 432MB
2026-02-21T02:40:06.100Z [pytest-xdist] gw4 test_orders.py::test_render_quota PASSED in 64ms trace=c6ee183e-2680-86a0-9ca4-83a83956d800
2026-02-21T02:40:06.100Z [svc-media-1] cache hit rate 92%
2026-02-21T02:40:06.103Z [svc-auth-3] processed batch of 260 items
2026-02-21T02:40:06.106Z [svc-billing-4] connected to upstream in 34ms
2026-02-21T02:40:06.109Z [svc-db-0] cache hit rate 95%
2026-02-21T02:40:06.110Z [svc-search-3] health check ok
2026-02-21T02:40:06.110Z [svc-notify-3] warning: slow query took 2055ms
2026-02-21T02:40:06.111Z [svc-db-1] processed batch of 464 items
2026-02-21T02:40:06.114Z [svc-auth-0] closed idle connection after 283s
2026-02-21T02:40:06.114Z [svc-auth-2] closed idle connection after 95s
2026-02-21T02:40:06.115Z [svc-db-2] health check ok
2026-02-21T02:40:06.116Z [svc-cache-3] gc pause 110ms, heap 704MB
2026-02-21T02:40:06.117Z [svc-search-1] cache hit rate 85%
2026-02-21T02:40:06.119Z [svc-billing-3] processed batch of 298 items
2026-02-21T02:40:06.119Z [svc-search-3] cache hit rate 85%
2026-02-21T02:40:06.121Z [pytest-xdist] gw0 test_search.py::test_delete_coupon PASSED in 151ms trace=80ce09dc-7a77-758f-cd98-4355148bbeec
2026-02-21T02:40:06.124Z [svc-queue-1] cache hit rate 92%
2026-02-21T02:40:06.126Z [pytest-xdist] gw0 test_search.py::test_render_query PASSED in 151ms trace=864f580c-275e-94b2-ce8b-774126db59a2
2026-02-21T02:40:06.126Z [svc-billing-2] connected to upstream in 46ms
2026-02-21T02:40:06.128Z [svc-auth-4] warning: slow query took 905ms
2026-02-21T02:40:06.128Z [svc-db-2] closed idle connection after 56s
2026-02-21T02:40:06.128Z [svc-queue-1] connected to upstream in 56ms
2026-02-21T02:40:06.129Z [svc-queue-1] connected to upstream in 41ms
2026-02-21T02:40:06.130Z [svc-sched-2] gc pause 62ms, heap 928MB
2026-02-21T02:40:06.133Z [svc-media-2] health check ok
2026-02-21T02:40:06.133Z [svc-sched-0] warning: slow query took 1164ms
2026-02-21T02:40:06.136Z [svc-queue-2] processed batch of 409 items
2026-02-21T02:40:06.137Z [pytest-xdist] gw3 test_export.py::test_paginate_token PASSED in 7ms trace=5e1f3413-d536-02d7-13a2-f311327662d6
2026-02-21T02:40:06.138Z [svc-auth-4] closed idle connection after 86s
2026-02-21T02:40:06.144Z [svc-cache-0] closed idle connection after 225s
2026-02-21T02:40:06.144Z [svc-notify-0] retrying connection to postgres (attempt 2/3)
2026-02-21T02:40:06.145Z [svc-billing-2] closed idle connection after 323s
2026-02-21T02:40:06.145Z [svc-search-0] closed idle connection after 90s
2026-02-21T02:40:06.145Z [svc-queue-3] closed idle connection after 171s
2026-02-21T02:40:06.146Z [svc-auth-4] cache hit rate 90%
2026-02-21T02:40:06.146Z [svc-notify-1] cache hit rate 85%
2026-02-21T02:40:06.147Z [svc-notify-1] health check ok
2026-02-21T02:40:06.149Z [svc-gateway-1] warning: slow query took 1998ms
2026-02-21T02:40:06.150Z [pytest-xdist] gw3 test_export.py::test_reconcile_shipment PASSED in 108ms trace=a4990b8d-1f88-fd71-9531-da2e15bdc663
2026-02-21T02:40:06.152Z [svc-notify-2] health check ok
2026-02-21T02:40:06.154Z [pytest-xdist] gw2 test_search.py::test_list_webhook PASSED in 196ms trace=aff43569-d593-1db1-3467-218f33d20135
2026-02-21T02:40:06.154Z [svc-search-3] warning: slow query took 1110ms
2026-02-21T02:40:06.157Z [svc-auth-2] health check ok
2026-02-21T02:40:06.157Z [svc-search-2] cache hit rate 95%
2026-02-21T02:40:06.158Z [pytest-xdist] gw5 test_billing.py::test_create_coupon PASSED in 71ms trace=79b2e240-e0a8-1881-76b9-8d15681d4e60
2026-02-21T02:40:06.159Z [svc-cache-4] warning: slow query took 1526ms
2026-02-21T02:40:06.160Z [svc-db-0] closed idle connection after 81s
2026-02-21T02:40:06.160Z [svc-billing-4] gc pause 109ms, heap 842MB
2026-02-21T02:40:06.161Z [svc-queue-3] gc pause 13ms, heap 955MB
2026-02-21T02:40:06.164Z [svc-gateway-0] health check ok
2026-02-21T02:40:06.165Z [svc-search-3] connected to upstream in 26ms
2026-02-21T02:40:06.166Z [svc-auth-2] processed batch of 208 items
2026-02-21T02:40:06.167Z [svc-db-3] connected to upstream in 63ms
2026-02-21T02:40:06.167Z [svc-media-3] closed idle connection after 211s
2026-02-21T02:40:06.168Z [svc-gateway-1] closed idle connection after 45s
2026-02-21T02:40:06.169Z [svc-search-4] processed batch of 479 items
2026-02-21T02:40:06.169Z [svc-gateway-2] closed idle connection after 259s
2026-02-21T02:40:06.171Z [svc-auth-2] health check ok
2026-02-21T02:40:06.172Z [svc-queue-2] health check ok
2026-02-21T02:40:06.173Z [svc-billing-2] cache hit rate 85%
2026-02-21T02:40:06.173Z [svc-notify-4] gc pause 112ms, heap 709MB
2026-02-21T02:40:06.174Z [svc-media-0] health check ok
2026-02-21T02:40:06.175Z [pytest-xdist] gw0 test_webhooks.py::test_expire_template PASSED in 94ms trace=65385a7f-ba3a-1ed5-9619-ac2f0b7c573a
2026-02-21T02:40:06.178Z [svc-auth-2] gc pause 67ms, heap 543MB
2026-02-21T02:40:06.178Z [svc-db-3] connected to upstream in 59ms
2026-02-21T02:40:06.179Z [svc-gateway-4] processed batch of 306 items
2026-02-21T02:40:06.180Z [svc-notify-0] warning: slow query took 1188ms
2026-02-21T02:40:06.182Z [svc-media-2] connected to upstream in 17ms
2026-02-21T02:40:06.183Z [svc-queue-0] warning: slow query took 1275ms
2026-02-21T02:40:06.185Z [svc-cache-3] cache hit rate 88%
2026-02-21T02:40:06.186Z [svc-search-1] gc pause 47ms, heap 740MB
2026-02-21T02:40:06.187Z [svc-queue-1] cache hit rate 88%
2026-02-21T02:40:06.191Z [pytest-xdist] gw2 test_billing.py::test_authorize_invoice PASSED in 184ms trace=452ebf20-cc82-e8c6-a355-0b8ca6790ea8
2026-02-21T02:40:06.192Z [svc-queue-0] health check ok
2026-02-21T02:40:06.193Z [svc-cache-3] cache hit rate 90%
2026-02-21T02:40:06.194Z [pytest-xdist] gw5 test_export.py::test_validate_region PASSED in 231ms trace=fd37921f-4ddd-3022-73d4-4ae26576dc0e
2026-02-21T02:40:06.198Z [svc-media-3] cache hit rate 92%
2026-02-21T02:40:06.198Z [svc-sched-3] processed batch of 155 items
2026-02-21T02:40:06.199Z [svc-auth-4] cache hit rate 92%
2026-02-21T02:40:06.199Z [svc-gateway-4] warning: slow query took 1436ms
2026-02-21T02:40:06.202Z [svc-notify-2] cache hit rate 92%
2026-02-21T02:40:06.202Z [svc-gateway-1] warning: slow query took 1498ms
2026-02-21T02:40:06.204Z [svc-notify-2] closed idle connection after 89s
2026-02-21T02:40:06.204Z [svc-media-3] closed idle connection after 293s
2026-02-21T02:40:06.204Z [svc-sched-1] warning: slow query took 562ms
2026-02-21T02:40:06.205Z [pytest-xdist] gw3 test_import.py::test_create_token PASSED in 82ms trace=0dfdc120-ce8e-954e-45c2-8e08156e293b
2026-02-21T02:40:06.209Z [svc-auth-4] gc pause 79ms, heap 408MB
2026-02-21T02:40:06.211Z [svc-sched-4] cache hit rate 92%
2026-02-21T02:40:06.212Z [svc-search-0] cache hit rate 85%
2026-02-21T02:40:06.214Z [svc-gateway-0] closed idle connection after 233s
2026-02-21T02:40:06.215Z [svc-notify-3] warning: slow query took 792ms
2026-02-21T02:40:06.215Z [svc-gateway-4] cache hit rate 88%
2026-02-21T02:40:06.218Z [svc-cache-3] gc pause 38ms, heap 769MB
2026-02-21T02:40:06.218Z [svc-queue-2] connected to upstream in 9ms
2026-02-21T02:40:06.219Z [svc-billing-4] processed batch of 221 items
2026-02-21T02:40:06.219Z [svc-media-1] closed idle connection after 150s
2026-02-21T02:40:06.221Z [pytest-xdist] gw1 test_search.py::test_parse_webhook PASSED in 119ms trace=37576433-24d3-3b40-3f5a-a8e234d3344c
2026-02-21T02:40:06.222Z [svc-billing-0] health check ok
2026-02-21T02:40:06.226Z [svc-cache-4] processed batch of 41 items
2026-02-21T02:40:06.227Z [svc-sched-3] warning: slow query took 2040ms
2026-02-21T02:40:06.228Z [svc-billing-1] processed batch of 311 items
2026-02-21T02:40:06.229Z [svc-cache-0] cache hit rate 90%
2026-02-21T02:40:06.230Z [svc-media-4] connected to upstream in 51ms
2026-02-21T02:40:06.231Z [svc-auth-3] processed batch of 438 items
2026-02-21T02:40:06.232Z [svc-gateway-4] closed idle connection after 175s
2026-02-21T02:40:06.234Z [svc-media-1] connected to upstream in 20ms
2026-02-21T02:40:06.237Z [svc-notify-0] connected to upstream in 33ms
2026-02-21T02:40:06.237Z [svc-notify-0] warning: slow query took 682ms
2026-02-21T02:40:06.238Z [pytest-xdist] gw4 test_gateway.py::test_sync_user PASSED in 128ms trace=520c6a1a-4c06-e127-11ad-61654e62ddc1
2026-02-21T02:40:06.241Z [svc-gateway-0] gc pause 57ms, heap 921MB
2026-02-21T02:40:06.243Z [pytest-xdist] gw0 test_reports.py::test_notify_index PASSED in 210ms trace=c2961ed7-ed2e-0f82-71fe-f51fc34bcf01
2026-02-21T02:40:06.246Z [svc-auth-0] processed batch of 456 items
2026-02-21T02:40:06.247Z [svc-auth-4] processed batch of 271 items
2026-02-21T02:40:06.247Z [svc-cache-0] health check ok
2026-02-21T02:40:06.247Z [svc-media-1] processed batch of 134 items
2026-02-21T02:40:06.248Z [svc-billing-2] health check ok
2026-02-21T02:40:06.251Z [svc-auth-1] cache hit rate 92%
2026-02-21T02:40:06.251Z [svc-sched-0] cache hit rate 95%
2026-02-21T02:40:06.253Z [svc-notify-4] gc pause 34ms, heap 496MB
2026-02-21T02:40:06.258Z [svc-media-2] processed batch of 193 items
2026-02-21T02:40:06.259Z [svc-db-2] closed idle connection after 213s
2026-02-21T02:40:06.260Z [svc-queue-4] processed batch of 376 items
2026-02-21T02:40:06.261Z [svc-sched-4] connected to upstream in 54ms
2026-02-21T02:40:06.263Z [svc-cache-1] gc pause 122ms, heap 132MB
2026-02-21T02:40:06.265Z [pytest-xdist] gw5 test_search.py::test_expire_quota PASSED in 46ms trace=2ee5ee65-cdf5-9e54-cfb9-8b832eb5f713
2026-02-21T02:40:06.265Z [svc-sched-3] warning: slow query took 1434ms
2026-02-21T02:40:06.268Z [svc-sched-1] health check ok
2026-02-21T02:40:06.270Z [svc-queue-3] closed idle connection after 226s
2026-02-21T02:40:06.274Z [svc-auth-0] cache hit rate 95%
2026-02-21T02:40:06.274Z [svc-cache-4] processed batch of 75 items
2026-02-21T02:40:06.276Z [svc-auth-3] retrying connection to redis (attempt 2/3)
2026-02-21T02:40:06.276Z [svc-billing-2] health check ok
2026-02-21T02:40:06.277Z [svc-db-3] connected to upstream in 71ms
2026-02-21T02:40:06.279Z [svc-media-2] closed idle connection after 31s
2026-02-21T02:40:06.280Z [svc-notify-0] processed batch of 53 items
2026-02-21T02:40:06.281Z [pytest-xdist] gw0 test_sched.py::test_paginate_token PASSED in 75ms trace=12fbee98-82a4-911b-193d-58d9d4ab1145
2026-02-21T02:40:06.281Z [svc-sched-2] health check ok
2026-02-21T02:40:06.286Z [svc-notify-0] processed batch of 440 items
2026-02-21T02:40:06.287Z [svc-cache-0] closed idle connection after 203s
2026-02-21T02:40:06.287Z [svc-sched-0] processed batch of 402 items
2026-02-21T02:40:06.288Z [svc-search-4] processed batch of 193 items
2026-02-21T02:40:06.288Z [svc-queue-4] gc pause 76ms, heap 700MB
2026-02-21T02:40:06.291Z [pytest-xdist] gw3 test_import.py::test_create_attachment PASSED in 99ms trace=45fc0c23-a554-23ff-4ebc-57389d782bc4
2026-02-21T02:40:06.292Z [svc-media-4] health check ok
2026-02-21T02:40:06.296Z [svc-auth-1] health check ok
2026-02-21T02:40:06.296Z [svc-search-3] gc pause 73ms, heap 409MB
2026-02-21T02:40:06.298Z [svc-queue-4] cache hit rate 95%
2026-02-21T02:40:06.300Z [svc-db-4] processed batch of 501 items
2026-02-21T02:40:06.302Z [svc-queue-2] health check ok
2026-02-21T02:40:06.304Z [pytest-xdist] gw4 test_payments.py::test_authorize_template PASSED in 59ms trace=3967299d-0e33-dac8-7a8f-6ab1c9e28ad4
2026-02-21T02:40:06.304Z [svc-cache-0] health check ok
2026-02-21T02:40:06.304Z [svc-billing-3] retrying connection to elasticsearch (attempt 3/3)
2026-02-21T02:40:06.306Z [svc-auth-2] closed idle connection after 299s
2026-02-21T02:40:06.306Z [svc-cache-3] closed idle connection after 67s
2026-02-21T02:40:06.306Z [svc-notify-4] gc pause 103ms, heap 290MB
2026-02-21T02:40:06.307Z [svc-db-0] connected to upstream in 77ms
2026-02-21T02:40:06.307Z [svc-db-1] health check ok
2026-02-21T02:40:06.307Z [svc-billing-4] closed idle connection after 305s
2026-02-21T02:40:06.313Z [svc-db-4] health check ok
2026-02-21T02:40:06.313Z [svc-sched-2] health check ok
2026-02-21T02:40:06.314Z [svc-search-0] closed idle connection after 235s
2026-02-21T02:40:06.315Z [svc-cache-2] processed batch of 183 items
2026-02-21T02:40:06.316Z [svc-gateway-0] cache hit rate 92%
2026-02-21T02:40:06.317Z [svc-queue-4] cache hit rate 88%
2026-02-21T02:40:06.318Z [svc-cache-4] connected to upstream in 6ms
2026-02-21T02:40:06.319Z [svc-search-2] warning: slow query took 1143ms
2026-02-21T02:40:06.319Z [svc-search-2] closed idle connection after 98s
2026-02-21T02:40:06.319Z [svc-gateway-1] health check ok
2026-02-21T02:40:06.321Z [pytest-xdist] gw5 test_notify.py::test_render_webhook PASSED in 91ms trace=e0f1998c-8213-fab6-43c9-7ef9f3bfedc1
2026-02-21T02:40:06.322Z [svc-sched-4] retrying connection to s3 (attempt 2/3)
2026-02-21T02:40:06.325Z [svc-cache-2] health check ok
2026-02-21T02:40:06.327Z [pytest-xdist] gw1 test_orders.py::test_notify_shipment PASSED in 165ms trace=a3a3c74c-ede7-c8e7-9d86-0d641b17a6d1
2026-02-21T02:40:06.327Z [svc-notify-2] connected to upstream in 52ms
2026-02-21T02:40:06.328Z [svc-billing-0] processed batch of 285 items
2026-02-21T02:40:06.331Z [pytest-xdist] gw5 test_search.py::test_render_user PASSED in 127ms trace=5b8dd30a-88b8-4f63-9793-f92c3f56f324
2026-02-21T02:40:06.332Z [svc-billing-0] gc pause 108ms, heap 347MB
2026-02-21T02:40:06.335Z [svc-sched-1] connected to upstream in 66ms
2026-02-21T02:40:06.335Z [svc-sched-3] health check ok
2026-02-21T02:40:06.336Z [pytest-xdist] gw3 test_users.py::test_parse_user PASSED in 13ms trace=33b425ff-6834-7aef-4779-38d69c9d1e58
2026-02-21T02:40:06.336Z [svc-queue-4] processed batch of 444 items
2026-02-21T02:40:06.340Z [svc-db-0] gc pause 29ms, heap 876MB
2026-02-21T02:40:06.341Z [svc-media-0] closed idle connection after 163s
2026-02-21T02:40:06.341Z [svc-sched-1] warning: slow query took 1543ms
2026-02-21T02:40:06.341Z [svc-sched-2] processed batch of 290 items
2026-02-21T02:40:06.343Z [svc-search-2] cache hit rate 95%
2026-02-21T02:40:06.344Z [svc-media-2] warning: slow query took 1410ms
2026-02-21T02:40:06.346Z [svc-auth-0] cache hit rate 88%
2026-02-21T02:40:06.347Z [svc-sched-0] processed batch of 452 items
2026-02-21T02:40:06.348Z [svc-media-1] connected to upstream in 73ms
2026-02-21T02:40:06.355Z [svc-gateway-3] health check ok
2026-02-21T02:40:06.356Z [pytest-xdist] gw2 test_reports.py::test_parse_shipment SKIPPED (reason: not-implemented-here)
2026-02-21T02:40:06.356Z [svc-gateway-3] warning: slow query took 379ms
2026-02-21T02:40:06.356Z [svc-queue-3] retrying connection to kafka (attempt 2/3)
2026-02-21T02:40:06.357Z [svc-cache-0] warning: slow query took 404ms
2026-02-21T02:40:06.358Z [svc-search-0] health check ok
2026-02-21T02:40:06.359Z [svc-db-0] warning: slow query took 242ms
2026-02-21T02:40:06.364Z [svc-billing-3] cache hit rate 95%
2026-02-21T02:40:06.364Z [svc-sched-0] connected to upstream in 35ms
2026-02-21T02:40:06.365Z [svc-cache-2] cache hit rate 88%
2026-02-21T02:40:06.366Z [svc-queue-0] processed batch of 70 items
2026-02-21T02:40:06.369Z [svc-queue-0] health check ok
2026-02-21T02:40:06.369Z [svc-queue-1] processed batch of 274 items
2026-02-21T02:40:06.370Z [svc-queue-0] retrying connection to vault (attempt 2/3)
2026-02-21T02:40:06.370Z [svc-queue-1] health check ok
2026-02-21T02:40:06.371Z [svc-notify-1] connected to upstream in 77ms
2026-02-21T02:40:06.375Z [pytest-xdist] gw0 test_users.py::test_delete_index PASSED in 188ms trace=bee9bd4d-6f61-7a0f-2df0-be5104672339
2026-02-21T02:40:06.376Z [svc-auth-3] warning: slow query took 1142ms
2026-02-21T02:40:06.376Z [svc-queue-1] connected to upstream in 63ms
2026-02-21T02:40:06.377Z [svc-notify-2] processed batch of 269 items
2026-02-21T02:40:06.380Z [pytest-xdist] gw3 test_import.py::test_reconcile_query PASSED in 244ms trace=c30d2a65-00d2-9806-17c8-e49dbffaa10c
2026-02-21T02:40:06.380Z [svc-queue-2] gc pause 109ms, heap 607MB
2026-02-21T02:40:06.382Z [svc-auth-4] retrying connection to kafka (attempt 3/3)
2026-02-21T02:40:06.385Z [svc-gateway-1] connected to upstream in 40ms
2026-02-21T02:40:06.386Z [svc-auth-4] processed batch of 400 items
2026-02-21T02:40:06.386Z [svc-media-0] warning: slow query took 2063ms
2026-02-21T02:40:06.388Z [svc-search-0] processed batch of 246 items
2026-02-21T02:40:06.388Z [svc-queue-1] cache hit rate 88%
2026-02-21T02:40:06.390Z [pytest-xdist] gw2 test_reports.py::test_create_index PASSED in 235ms trace=7c593e7b-2e6c-fa5b-6588-e956d3ae2bdd
2026-02-21T02:40:06.393Z [svc-billing-1] health check ok
2026-02-21T02:40:06.396Z [svc-billing-1] closed idle connection after 253s
2026-02-21T02:40:06.396Z [svc-billing-4] health check ok
2026-02-21T02:40:06.397Z [svc-auth-3] cache hit rate 90%
2026-02-21T02:40:06.400Z [svc-notify-4] processed batch of 40 items
2026-02-21T02:40:06.402Z [svc-billing-2] closed idle connection after 41s
2026-02-21T02:40:06.403Z [svc-queue-2] cache hit rate 85%
2026-02-21T02:40:06.404Z [svc-queue-2] health check ok
2026-02-21T02:40:06.404Z [svc-queue-3] connected to upstream in 10ms
2026-02-21T02:40:06.406Z [svc-notify-0] connected to upstream in 39ms
2026-02-21T02:40:06.406Z [svc-notify-0] cache hit rate 95%
2026-02-21T02:40:06.407Z [svc-cache-4] health check ok
2026-02-21T02:40:06.409Z [pytest-xdist] gw1 test_export.py::test_cache_query PASSED in 216ms trace=d0669242-2c8e-bd7b-92dc-acf4c8893011
2026-02-21T02:40:06.409Z [svc-auth-4] closed idle connection after 33s
2026-02-21T02:40:06.409Z [svc-sched-3] health check ok
2026-02-21T02:40:06.410Z [svc-search-4] processed batch of 18 items
2026-02-21T02:40:06.416Z [svc-auth-3] retrying connection to redis (attempt 3/3)
2026-02-21T02:40:06.418Z [svc-auth-1] processed batch of 55 items
2026-02-21T02:40:06.418Z [svc-billing-0] cache hit rate 95%
2026-02-21T02:40:06.419Z [svc-queue-1] retrying connection to postgres (attempt 2/3)
2026-02-21T02:40:06.420Z [svc-queue-4] processed batch of 442 items
2026-02-21T02:40:06.420Z [svc-queue-4] processed batch of 282 items
2026-02-21T02:40:06.422Z [svc-sched-2] health check ok
2026-02-21T02:40:06.423Z [svc-notify-2] processed batch of 165 items
2026-02-21T02:40:06.424Z [svc-cache-3] processed batch of 200 items
2026-02-21T02:40:06.424Z [svc-gateway-2] cache hit rate 92%
2026-02-21T02:40:06.426Z [pytest-xdist] gw2 test_notify.py::test_parse_coupon PASSED in 18ms trace=190df84a-05cf-ebb8-0bcc-30ef0aea7571
2026-02-21T02:40:06.428Z [svc-queue-3] gc pause 61ms, heap 308MB
2026-02-21T02:40:06.429Z [svc-sched-4] health check ok
2026-02-21T02:40:06.430Z [svc-db-2] gc pause 5ms, heap 612MB
2026-02-21T02:40:06.433Z [svc-search-3] health check ok
2026-02-21T02:40:06.434Z [svc-queue-2] cache hit rate 95%
2026-02-21T02:40:06.435Z [svc-cache-1] warning: slow query took 2078ms
2026-02-21T02:40:06.437Z [svc-auth-0] gc pause 94ms, heap 251MB
2026-02-21T02:40:06.437Z [svc-auth-2] closed idle connection after 87s
2026-02-21T02:40:06.440Z [svc-auth-3] connected to upstream in 27ms
2026-02-21T02:40:06.440Z [svc-db-3] cache hit rate 92%
2026-02-21T02:40:06.442Z [svc-auth-2] health check ok
2026-02-21T02:40:06.442Z [svc-cache-3] closed idle connection after 314s
2026-02-21T02:40:06.442Z [svc-db-3] connected to upstream in 5ms
2026-02-21T02:40:06.443Z [svc-gateway-2] connected to upstream in 59ms
2026-02-21T02:40:06.444Z [svc-auth-0] gc pause 86ms, heap 623MB
2026-02-21T02:40:06.444Z [svc-sched-4] warning: slow query took 343ms
2026-02-21T02:40:06.445Z [pytest-xdist] gw0 test_payments.py::test_render_coupon PASSED in 128ms trace=c3e5da79-d611-62e0-b19b-6e26b34deb6c
2026-02-21T02:40:06.449Z [svc-notify-4] cache hit rate 90%
2026-02-21T02:40:06.453Z [pytest-xdist] gw0 test_export.py::test_update_query PASSED in 226ms trace=07c8cacb-eec9-6edc-a68f-dc52a9019dc3
2026-02-21T02:40:06.454Z [svc-cache-2] retrying connection to redis (attempt 1/3)
2026-02-21T02:40:06.454Z [svc-search-2] cache hit rate 90%
2026-02-21T02:40:06.456Z [svc-cache-0] processed batch of 305 items
2026-02-21T02:40:06.456Z [svc-search-2] processed batch of 292 items
2026-02-21T02:40:06.457Z [svc-gateway-1] processed batch of 386 items
2026-02-21T02:40:06.459Z [svc-search-3] connected to upstream in 18ms
2026-02-21T02:40:06.460Z [svc-notify-4] health check ok
2026-02-21T02:40:06.463Z [pytest-xdist] gw2 test_export.py::test_validate_subscription PASSED in 150ms trace=ee43ee07-6b78-7474-aebe-59c9ba218002
2026-02-21T02:40:06.465Z [svc-queue-2] gc pause 88ms, heap 130MB
2026-02-21T02:40:06.465Z [svc-sched-0] processed batch of 210 items
2026-02-21T02:40:06.466Z [svc-sched-0] cache hit rate 90%
2026-02-21T02:40:06.467Z [svc-queue-0] gc pause 30ms, heap 815MB
2026-02-21T02:40:06.468Z [svc-queue-0] gc pause 115ms, heap 736MB
2026-02-21T02:40:06.469Z [svc-billing-4] warning: slow query took 757ms
2026-02-21T02:40:06.473Z [svc-cache-2] gc pause 78ms, heap 960MB
2026-02-21T02:40:06.474Z [svc-sched-3] cache hit rate 88%
2026-02-21T02:40:06.475Z [pytest-xdist] gw4 test_webhooks.py::test_delete_webhook PASSED in 51ms trace=d9364875-37e2-b749-643b-f0d8d65d0e21
2026-02-21T02:40:06.475Z [svc-media-2] health check ok
2026-02-21T02:40:06.477Z [svc-notify-1] warning: slow query took 2032ms
2026-02-21T02:40:06.477Z [svc-media-2] gc pause 28ms, heap 642MB
2026-02-21T02:40:06.478Z [svc-auth-4] connected to upstream in 39ms
2026-02-21T02:40:06.478Z [svc-gateway-3] health check ok
2026-02-21T02:40:06.481Z [pytest-xdist] gw1 test_notify.py::test_expire_user PASSED in 150ms trace=1053ee4f-b4fc-ce84-d356-b9f11fedc141
2026-02-21T02:40:06.486Z [svc-auth-1] cache hit rate 85%
2026-02-21T02:40:06.486Z [svc-queue-0] retrying connection to vault (attempt 2/3)
2026-02-21T02:40:06.489Z [svc-db-3] processed batch of 501 items
2026-02-21T02:40:06.489Z [svc-sched-0] gc pause 114ms, heap 430MB
2026-02-21T02:40:06.490Z [svc-db-1] warning: slow query took 2109ms
2026-02-21T02:40:06.492Z [svc-db-3] health check ok
2026-02-21T02:40:06.493Z [svc-search-1] processed batch of 36 items
2026-02-21T02:40:06.493Z [svc-queue-1] warning: slow query took 1223ms
2026-02-21T02:40:06.495Z [svc-db-2] connected to upstream in 41ms
2026-02-21T02:40:06.496Z [svc-search-0] connected to upstream in 77ms
2026-02-21T02:40:06.497Z [pytest-xdist] gw4 test_users.py::test_retry_quota PASSED in 230ms trace=9c39f7ef-f204-200e-9a56-e5a210f0761c
2026-02-21T02:40:06.498Z [svc-media-2] gc pause 76ms, heap 512MB
2026-02-21T02:40:06.500Z [svc-cache-2] gc pause 27ms, heap 825MB
2026-02-21T02:40:06.501Z [svc-queue-4] cache hit rate 92%
2026-02-21T02:40:06.502Z [svc-cache-2] processed batch of 114 items
2026-02-21T02:40:06.506Z [svc-cache-4] processed batch of 397 items
2026-02-21T02:40:06.507Z [svc-cache-0] warning: slow query took 364ms
2026-02-21T02:40:06.507Z [svc-db-1] connected to upstream in 37ms
2026-02-21T02:40:06.509Z [svc-notify-2] health check ok
2026-02-21T02:40:06.515Z [pytest-xdist] gw3 test_search.py::test_render_template PASSED in 43ms trace=0a43c587-9a76-3434-ac93-f40f5538e0cf
2026-02-21T02:40:06.515Z [svc-media-1] health check ok
2026-02-21T02:40:06.519Z [pytest-xdist] gw5 test_import.py::test_reconcile_index PASSED in 242ms trace=1ebd2c11-c406-249e-340f-1f381ab81488
2026-02-21T02:40:06.519Z [svc-billing-1] processed batch of 353 items
2026-02-21T02:40:06.522Z [svc-notify-1] warning: slow query took 1020ms
2026-02-21T02:40:06.522Z [svc-gateway-3] gc pause 106ms, heap 474MB
2026-02-21T02:40:06.522Z [svc-sched-2] cache hit rate 95%
2026-02-21T02:40:06.525Z [svc-search-4] closed idle connection after 174s
2026-02-21T02:40:06.525Z [svc-media-0] retrying connection to vault (attempt 2/3)
2026-02-21T02:40:06.526Z [svc-billing-1] processed batch of 132 items
2026-02-21T02:40:06.526Z [svc-gateway-2] processed batch of 181 items
2026-02-21T02:40:06.529Z [svc-billing-4] retrying connection to vault (attempt 3/3)
2026-02-21T02:40:06.529Z [svc-gateway-1] cache hit rate 85%
2026-02-21T02:40:06.530Z [svc-db-1] cache hit rate 90%
2026-02-21T02:40:06.530Z [svc-queue-3] closed idle connection after 33s
2026-02-21T02:40:06.531Z [svc-db-1] health check ok
2026-02-21T02:40:06.533Z [svc-cache-1] warning: slow query took 769ms
2026-02-21T02:40:06.534Z [svc-gateway-1] closed idle connection after 191s
2026-02-21T02:40:06.536Z [svc-cache-3] cache hit rate 88%
2026-02-21T02:40:06.536Z [svc-media-0] cache hit rate 90%
2026-02-21T02:40:06.537Z [svc-notify-0] health check ok
2026-02-21T02:40:06.537Z [svc-notify-1] connected to upstream in 74ms
2026-02-21T02:40:06.539Z [pytest-xdist] gw0 test_users.py::test_expire_region PASSED in 137ms trace=ed4cd9da-2001-0df7-9c90-7dd59a6ea417
2026-02-21T02:40:06.539Z [svc-media-3] health check ok
2026-02-21T02:40:06.540Z [svc-gateway-0] connected to upstream in 61ms
2026-02-21T02:40:06.541Z [svc-billing-1] health check ok
2026-02-21T02:40:06.542Z [pytest-xdist] gw0 test_orders.py::test_reconcile_subscription PASSED in 76ms trace=bf251eed-4b9f-74d0-feb1-7a74787b774e
2026-02-21T02:40:06.542Z [svc-auth-3] cache hit rate 92%
2026-02-21T02:40:06.545Z [svc-sched-3] cache hit rate 85%
2026-02-21T02:40:06.546Z [pytest-xdist] gw3 test_notify.py::test_reconcile_user PASSED in 236ms trace=b5929519-053f-fbd5-f50d-01082582c51f
2026-02-21T02:40:06.548Z [svc-notify-3] processed batch of 124 items
2026-02-21T02:40:06.549Z [svc-media-1] warning: slow query took 637ms
2026-02-21T02:40:06.550Z [svc-search-3] closed idle connection after 312s
2026-02-21T02:40:06.550Z [svc-notify-1] connected to upstream in 80ms
2026-02-21T02:40:06.551Z [svc-cache-1] cache hit rate 88%
2026-02-21T02:40:06.551Z [svc-db-0] health check ok
2026-02-21T02:40:06.551Z [svc-sched-4] warning: slow query took 639ms
2026-02-21T02:40:06.552Z [svc-search-1] connected to upstream in 42ms
2026-02-21T02:40:06.554Z [pytest-xdist] gw2 test_queue.py::test_paginate_invoice PASSED in 75ms trace=ff484ffe-e14f-0628-48d2-f5f3f2316bf3
2026-02-21T02:40:06.554Z [svc-gateway-3] closed idle connection after 188s
2026-02-21T02:40:06.554Z [svc-queue-0] health check ok
2026-02-21T02:40:06.555Z [svc-billing-4] warning: slow query took 668ms
2026-02-21T02:40:06.555Z [svc-search-2] connected to upstream in 65ms
2026-02-21T02:40:06.558Z [svc-billing-0] warning: slow query took 1312ms
2026-02-21T02:40:06.560Z [svc-notify-3] health check ok
2026-02-21T02:40:06.561Z [svc-notify-1] closed idle connection after 320s
2026-02-21T02:40:06.562Z [svc-auth-4] connected to upstream in 27ms
2026-02-21T02:40:06.563Z [svc-gateway-1] closed idle connection after 71s
2026-02-21T02:40:06.566Z [svc-db-2] connected to upstream in 53ms
2026-02-21T02:40:06.566Z [svc-notify-1] gc pause 98ms, heap 834MB
2026-02-21T02:40:06.567Z [svc-queue-0] cache hit rate 90%
2026-02-21T02:40:06.568Z [svc-billing-0] cache hit rate 92%
2026-02-21T02:40:06.568Z [svc-notify-2] cache hit rate 92%
2026-02-21T02:40:06.571Z [svc-search-2] gc pause 80ms, heap 372MB
2026-02-21T02:40:06.572Z [svc-auth-0] processed batch of 206 items
2026-02-21T02:40:06.572Z [svc-gateway-0] cache hit rate 88%
2026-02-21T02:40:06.573Z [svc-sched-4] gc pause 63ms, heap 984MB
2026-02-21T02:40:06.574Z [svc-media-2] health check ok
2026-02-21T02:40:06.575Z [pytest-xdist] gw3 test_payments.py::test_render_template PASSED in 140ms trace=ffc97fad-48bd-8060-5308-d603b22ab09c
2026-02-21T02:40:06.576Z [svc-cache-4] cache hit rate 88%
2026-02-21T02:40:06.576Z [svc-gateway-2] health check ok
2026-02-21T02:40:06.576Z [svc-media-2] connected to upstream in 62ms
2026-02-21T02:40:06.577Z [svc-sched-0] cache hit rate 95%
2026-02-21T02:40:06.579Z [svc-billing-2] warning: slow query took 1308ms
2026-02-21T02:40:06.580Z [svc-media-1] health check ok
2026-02-21T02:40:06.582Z [svc-search-3] cache hit rate 85%
2026-02-21T02:40:06.584Z [svc-cache-2] warning: slow query took 1639ms
2026-02-21T02:40:06.584Z [svc-notify-3] warning: slow query took 1202ms
2026-02-21T02:40:06.585Z [svc-auth-4] closed idle connection after 51s
2026-02-21T02:40:06.585Z [svc-db-4] health check ok
2026-02-21T02:40:06.587Z [svc-search-3] connected to upstream in 27ms
2026-02-21T02:40:06.589Z [pytest-xdist] gw1 test_sched.py::test_delete_quota PASSED in 19ms trace=c0bce160-36f3-adcd-aa80-fa1752a9b0bf
2026-02-21T02:40:06.590Z [svc-notify-0] processed batch of 480 items
2026-02-21T02:40:06.593Z [pytest-xdist] gw3 test_import.py::test_authorize_query PASSED in 16ms trace=6d648bd0-00f7-0a7d-3ff2-902eee36d560
2026-02-21T02:40:06.593Z [svc-media-1] cache hit rate 88%
2026-02-21T02:40:06.595Z [svc-auth-3] closed idle connection after 242s
2026-02-21T02:40:06.595Z [svc-queue-0] closed idle connection after 269s
2026-02-21T02:40:06.598Z [svc-cache-3] closed idle connection after 165s
2026-02-21T02:40:06.599Z [svc-cache-0] warning: slow query took 548ms
2026-02-21T02:40:06.601Z [svc-cache-3] closed idle connection after 202s
2026-02-21T02:40:06.601Z [svc-cache-3] closed idle connection after 56s
2026-02-21T02:40:06.603Z [pytest-xdist] gw5 test_webhooks.py::test_notify_invoice PASSED in 109ms trace=17da20f9-96ee-7f8e-9a61-91b037f10129
2026-02-21T02:40:06.605Z [svc-billing-3] health check ok
2026-02-21T02:40:06.606Z [svc-notify-0] connected to upstream in 76ms
2026-02-21T02:40:06.615Z [svc-media-4] closed idle connection after 294s
2026-02-21T02:40:06.616Z [svc-notify-2] gc pause 92ms, heap 225MB
2026-02-21T02:40:06.619Z [svc-db-0] gc pause 69ms, heap 762MB
2026-02-21T02:40:06.624Z [pytest-xdist] gw2 test_payments.py::test_update_session PASSED in 230ms trace=76e1a48e-ab4e-a724-ac0c-965729e8d711
2026-02-21T02:40:06.624Z [svc-sched-0] cache hit rate 88%
2026-02-21T02:40:06.629Z [svc-billing-2] health check ok
2026-02-21T02:40:06.629Z [svc-media-3] gc pause 87ms, heap 150MB
2026-02-21T02:40:06.632Z [svc-notify-0] retrying connection to postgres (attempt 2/3)
2026-02-21T02:40:06.632Z [svc-notify-2] processed batch of 77 items
2026-02-21T02:40:06.634Z [svc-auth-2] processed batch of 117 items
2026-02-21T02:40:06.636Z [svc-billing-2] warning: slow query took 1158ms
2026-02-21T02:40:06.637Z [pytest-xdist] gw1 test_queue.py::test_create_template PASSED in 69ms trace=fa6b8f89-b6eb-2bc3-cd64-c0978a99ac81
2026-02-21T02:40:06.637Z [svc-cache-3] processed batch of 455 items
2026-02-21T02:40:06.638Z [svc-db-1] cache hit rate 95%
2026-02-21T02:40:06.638Z [svc-search-0] health check ok
2026-02-21T02:40:06.640Z [svc-media-4] health check ok
2026-02-21T02:40:06.641Z [svc-cache-1] gc pause 114ms, heap 346MB
2026-02-21T02:40:06.645Z [svc-billing-2] health check ok
2026-02-21T02:40:06.646Z [svc-billing-2] cache hit rate 88%
2026-02-21T02:40:06.646Z [svc-search-1] processed batch of 79 items
2026-02-21T02:40:06.646Z [svc-sched-1] connected to upstream in 78ms
2026-02-21T02:40:06.647Z [pytest-xdist] gw0 test_media.py::test_create_refund PASSED in 244ms trace=92e9326f-3480-0067-2ccf-ea602d6a0bf4
2026-02-21T02:40:06.650Z [svc-media-4] warning: slow query took 1104ms
2026-02-21T02:40:06.651Z [pytest-xdist] gw5 test_orders.py::test_cache_region PASSED in 238ms trace=80393304-6e38-075d-e2ac-c183bbeae7ec
2026-02-21T02:40:06.651Z [svc-cache-1] warning: slow query took 831ms
2026-02-21T02:40:06.651Z [svc-billing-0] closed idle connection after 287s
2026-02-21T02:40:06.653Z [svc-cache-2] warning: slow query took 1855ms
2026-02-21T02:40:06.655Z [svc-cache-3] closed idle connection after 177s
2026-02-21T02:40:06.657Z [svc-billing-1] warning: slow query took 1959ms
2026-02-21T02:40:06.660Z [svc-gateway-2] cache hit rate 92%
2026-02-21T02:40:06.662Z [svc-auth-4] connected to upstream in 8ms
2026-02-21T02:40:06.663Z [svc-queue-3] health check ok
2026-02-21T02:40:06.664Z [pytest-xdist] gw0 test_search.py::test_cache_shipment PASSED in 84ms trace=8a2def2a-bca9-8980-49be-cd23dcec8959
2026-02-21T02:40:06.664Z [svc-db-2] processed batch of 171 items
2026-02-21T02:40:06.664Z [svc-search-4] cache hit rate 90%
2026-02-21T02:40:06.666Z [svc-media-2] warning: slow query took 628ms
2026-02-21T02:40:06.666Z [svc-queue-2] connected to upstream in 5ms
2026-02-21T02:40:06.668Z [pytest-xdist] gw0 test_reports.py::test_cache_coupon PASSED in 216ms trace=2d970787-ee5c-0fb3-c8f4-0903ed75e50c
2026-02-21T02:40:06.675Z [svc-db-4] warning: slow query took 296ms
2026-02-21T02:40:06.677Z [svc-gateway-1] closed idle connection after 324s
2026-02-21T02:40:06.678Z [svc-cache-2] closed idle connection after 68s
2026-02-21T02:40:06.680Z [svc-db-2] processed batch of 187 items
2026-02-21T02:40:06.680Z [svc-billing-3] processed batch of 275 items
2026-02-21T02:40:06.682Z [svc-cache-1] health check ok
2026-02-21T02:40:06.682Z [svc-cache-1] health check ok
2026-02-21T02:40:06.687Z [pytest-xdist] gw5 test_users.py::test_delete_quota PASSED in 79ms trace=16f005b8-0f16-7e32-17ce-2db25fa65151
2026-02-21T02:40:06.687Z [svc-auth-1] warning: slow query took 870ms
2026-02-21T02:40:06.687Z [svc-db-3] processed batch of 269 items
2026-02-21T02:40:06.689Z [svc-db-1] processed batch of 284 items
2026-02-21T02:40:06.690Z [svc-sched-4] health check ok
2026-02-21T02:40:06.692Z [pytest-xdist] gw5 test_users.py::test_retry_token PASSED in 80ms trace=7d8176a0-116a-fa0c-ce47-418960d2233c
2026-02-21T02:40:06.692Z [svc-sched-0] closed idle connection after 204s
2026-02-21T02:40:06.696Z [svc-billing-3] warning: slow query took 1876ms
2026-02-21T02:40:06.697Z [svc-db-4] gc pause 46ms, heap 936MB
2026-02-21T02:40:06.699Z [svc-queue-4] connected to upstream in 10ms
2026-02-21T02:40:06.702Z [svc-db-2] gc pause 24ms, heap 665MB
2026-02-21T02:40:06.703Z [pytest-xdist] gw1 test_media.py::test_list_attachment PASSED in 127ms trace=5db5d766-1bad-71c2-ce2f-0df6d885003b
2026-02-21T02:40:06.703Z [svc-sched-1] retrying connection to postgres (attempt 1/3)
2026-02-21T02:40:06.707Z [svc-billing-2] cache hit rate 95%
2026-02-21T02:40:06.710Z [svc-db-2] retrying connection to elasticsearch (attempt 2/3)
2026-02-21T02:40:06.710Z [svc-db-2] gc pause 25ms, heap 449MB
2026-02-21T02:40:06.710Z [svc-search-1] cache hit rate 88%
2026-02-21T02:40:06.711Z [svc-cache-2] connected to upstream in 70ms
2026-02-21T02:40:06.712Z [svc-queue-1] closed idle connection after 222s
2026-02-21T02:40:06.713Z [svc-sched-4] gc pause 121ms, heap 883MB
2026-02-21T02:40:06.714Z [svc-auth-3] cache hit rate 92%
2026-02-21T02:40:06.716Z [pytest-xdist] gw0 test_queue.py::test_authorize_template PASSED in 126ms trace=a9da58f5-5806-cf0b-dc5b-250f97306e12
2026-02-21T02:40:06.716Z [svc-sched-0] closed idle connection after 219s
2026-02-21T02:40:06.719Z [svc-billing-3] processed batch of 268 items
2026-02-21T02:40:06.719Z [svc-gateway-3] connected to upstream in 74ms
2026-02-21T02:40:06.721Z [svc-sched-4] warning: slow query took 530ms
2026-02-21T02:40:06.722Z [svc-media-3] closed idle connection after 120s
2026-02-21T02:40:06.724Z [pytest-xdist] gw5 test_auth.py::test_paginate_token PASSED in 105ms trace=6531cfa5-eab5-6487-a724-5f569d2dfb10
2026-02-21T02:40:06.728Z [svc-billing-4] retrying connection to vault (attempt 2/3)
2026-02-21T02:40:06.729Z [svc-gateway-0] processed batch of 372 items
2026-02-21T02:40:06.731Z [svc-auth-3] cache hit rate 88%
2026-02-21T02:40:06.733Z [svc-cache-0] health check ok
2026-02-21T02:40:06.733Z [svc-gateway-0] warning: slow query took 698ms
2026-02-21T02:40:06.735Z [svc-media-4] closed idle connection after 153s
2026-02-21T02:40:06.735Z [svc-queue-3] cache hit rate 90%
2026-02-21T02:40:06.737Z [svc-auth-3] connected to upstream in 12ms
2026-02-21T02:40:06.737Z [svc-search-2] processed batch of 398 items
2026-02-21T02:40:06.738Z [svc-db-3] gc pause 42ms, heap 951MB
2026-02-21T02:40:06.740Z [svc-search-1] closed idle connection after 81s
2026-02-21T02:40:06.742Z [svc-gateway-4] gc pause 102ms, heap 387MB
2026-02-21T02:40:06.743Z [pytest-xdist] gw2 test_sched.py::test_paginate_index PASSED in 166ms trace=dbef23e0-585e-c562-5753-dd470728c3f2
2026-02-21T02:40:06.744Z [svc-sched-2] connected to upstream in 77ms
2026-02-21T02:40:06.745Z [svc-billing-3] closed idle connection after 44s
2026-02-21T02:40:06.746Z [svc-auth-0] cache hit rate 85%
2026-02-21T02:40:06.748Z [svc-cache-0] gc pause 116ms, heap 850MB
2026-02-21T02:40:06.750Z [svc-db-4] closed idle connection after 70s
2026-02-21T02:40:06.753Z [svc-queue-3] cache hit rate 85%
2026-02-21T02:40:06.755Z [pytest-xdist] gw0 test_webhooks.py::test_reconcile_invoice PASSED in 206ms trace=ec21a8e9-f853-8c93-aac9-f9cbebf286dd
2026-02-21T02:40:06.758Z [pytest-xdist] gw1 test_search.py::test_expire_template PASSED in 94ms trace=580d090f-9d43-a9dd-3fa5-94c7c338b973
2026-02-21T02:40:06.758Z [svc-sched-4] closed idle connection after 269s
2026-02-21T02:40:06.762Z [svc-auth-1] closed idle connection after 32s
2026-02-21T02:40:06.762Z [svc-search-0] health check ok
2026-02-21T02:40:06.763Z [pytest-xdist] gw2 test_webhooks.py::test_authorize_region PASSED in 62ms trace=60c7fcb2-50a7-dc7e-e958-49bdb716fb44
2026-02-21T02:40:06.766Z [svc-db-1] retrying connection to s3 (attempt 1/3)
2026-02-21T02:40:06.768Z [svc-db-3] health check ok
2026-02-21T02:40:06.768Z [svc-gateway-4] connected to upstream in 58ms
2026-02-21T02:40:06.769Z [svc-media-3] health check ok
2026-02-21T02:40:06.769Z [svc-sched-2] connected to upstream in 12ms
2026-02-21T02:40:06.771Z [svc-queue-4] warning: slow query took 429ms
2026-02-21T02:40:06.772Z [svc-media-4] warning: slow query took 1109ms
2026-02-21T02:40:06.773Z [svc-search-1] cache hit rate 85%
2026-02-21T02:40:06.773Z [svc-gateway-1] connected to upstream in 41ms
2026-02-21T02:40:06.775Z [svc-cache-4] cache hit rate 88%
2026-02-21T02:40:06.777Z [svc-search-3] warning: slow query took 874ms
2026-02-21T02:40:06.777Z [svc-notify-1] warning: slow query took 2013ms
2026-02-21T02:40:06.779Z [svc-media-0] processed batch of 308 items
2026-02-21T02:40:06.781Z [svc-notify-1] processed batch of 98 items
2026-02-21T02:40:06.782Z [svc-gateway-3] cache hit rate 88%
2026-02-21T02:40:06.783Z [svc-notify-2] connected to upstream in 25ms
2026-02-21T02:40:06.784Z [pytest-xdist] gw4 test_import.py::test_parse_user PASSED in 223ms trace=78ac44f5-203d-84fe-8c3d-26381b61d234
2026-02-21T02:40:06.784Z [svc-cache-3] warning: slow query took 1203ms
2026-02-21T02:40:06.784Z [svc-sched-4] cache hit rate 88%
2026-02-21T02:40:06.785Z [svc-billing-4] gc pause 61ms, heap 862MB
2026-02-21T02:40:06.785Z [svc-notify-3] warning: slow query took 1467ms
2026-02-21T02:40:06.786Z [svc-media-3] warning: slow query took 1556ms
2026-02-21T02:40:06.786Z [svc-queue-1] warning: slow query took 1734ms
2026-02-21T02:40:06.792Z [svc-cache-1] retrying connection to postgres (attempt 3/3)
2026-02-21T02:40:06.792Z [svc-search-3] warning: slow query took 534ms
2026-02-21T02:40:06.793Z [svc-db-0] warning: slow query took 659ms
2026-02-21T02:40:06.793Z [svc-queue-0] closed idle connection after 249s
2026-02-21T02:40:06.795Z [svc-notify-1] cache hit rate 92%
2026-02-21T02:40:06.797Z [svc-queue-3] cache hit rate 85%
2026-02-21T02:40:06.799Z [svc-cache-3] cache hit rate 90%
2026-02-21T02:40:06.801Z [svc-db-2] warning: slow query took 1722ms
2026-02-21T02:40:06.801Z [svc-gateway-1] warning: slow query took 2119ms
2026-02-21T02:40:06.802Z [svc-cache-2] closed idle connection after 235s
2026-02-21T02:40:06.803Z [svc-search-3] cache hit rate 92%
2026-02-21T02:40:06.805Z [pytest-xdist] gw1 test_auth.py::test_list_index PASSED in 146ms trace=75e4e87e-4abd-e72a-442a-4a6abfb4d722
2026-02-21T02:40:06.805Z [svc-gateway-4] processed batch of 354 items
2026-02-21T02:40:06.807Z [svc-gateway-4] gc pause 104ms, heap 990MB
2026-02-21T02:40:06.811Z [svc-auth-1] gc pause 81ms, heap 332MB
2026-02-21T02:40:06.811Z [svc-sched-3] warning: slow query took 1955ms
2026-02-21T02:40:06.813Z [svc-search-0] gc pause 77ms, heap 581MB
2026-02-21T02:40:06.813Z [svc-gateway-4] warning: slow query took 1577ms
2026-02-21T02:40:06.816Z [svc-notify-3] connected to upstream in 16ms
2026-02-21T02:40:06.817Z [svc-db-1] processed batch of 164 items
2026-02-21T02:40:06.818Z [svc-search-4] cache hit rate 90%
2026-02-21T02:40:06.822Z [pytest-xdist] gw0 test_media.py::test_retry_token PASSED in 122ms trace=350bdf40-9ab4-95ce-5f77-13886a6bae60
2026-02-21T02:40:06.823Z [svc-sched-0] processed batch of 465 items
2026-02-21T02:40:06.825Z [pytest-xdist] gw2 test_reports.py::test_paginate_session PASSED in 126ms trace=ebb13703-d5b2-379e-6a70-913fa5f158e4
2026-02-21T02:40:06.825Z [svc-auth-0] health check ok
2026-02-21T02:40:06.825Z [svc-db-2] cache hit rate 85%
2026-02-21T02:40:06.825Z [svc-media-3] retrying connection to kafka (attempt 1/3)
2026-02-21T02:40:06.829Z [svc-auth-1] closed idle connection after 30s
2026-02-21T02:40:06.832Z [svc-queue-0] gc pause 114ms, heap 919MB
2026-02-21T02:40:06.834Z [svc-queue-4] processed batch of 135 items
2026-02-21T02:40:06.834Z [svc-sched-0] processed batch of 271 items
2026-02-21T02:40:06.837Z [svc-billing-1] processed batch of 71 items
2026-02-21T02:40:06.838Z [svc-auth-1] health check ok
2026-02-21T02:40:06.839Z [svc-db-2] gc pause 17ms, heap 156MB
2026-02-21T02:40:06.840Z [svc-sched-2] processed batch of 12 items
2026-02-21T02:40:06.842Z [svc-media-1] health check ok
2026-02-21T02:40:06.843Z [pytest-xdist] gw1 test_export.py::test_expire_coupon PASSED in 206ms trace=4b1d920a-8bd9-ba2e-ab55-2096f7efa59d
2026-02-21T02:40:06.844Z [svc-sched-1] processed batch of 454 items
2026-02-21T02:40:06.845Z [svc-media-2] cache hit rate 88%
2026-02-21T02:40:06.846Z [svc-search-4] closed idle connection after 258s
2026-02-21T02:40:06.848Z [pytest-xdist] gw3 test_notify.py::test_delete_webhook PASSED in 244ms trace=2490dc47-7807-51de-1b29-5ab5806aa723
2026-02-21T02:40:06.849Z [svc-billing-2] retrying connection to s3 (attempt 1/3)
2026-02-21T02:40:06.849Z [svc-gateway-3] processed batch of 349 items
2026-02-21T02:40:06.850Z [svc-media-4] processed batch of 178 items
2026-02-21T02:40:06.851Z [svc-media-0] processed batch of 39 items
2026-02-21T02:40:06.852Z [svc-cache-4] cache hit rate 85%
2026-02-21T02:40:06.853Z [svc-gateway-1] closed idle connection after 211s
2026-02-21T02:40:06.855Z [svc-search-2] health check ok
2026-02-21T02:40:06.855Z [svc-sched-4] gc pause 59ms, heap 765MB
2026-02-21T02:40:06.857Z [svc-search-0] gc pause 112ms, heap 714MB
2026-02-21T02:40:06.863Z [pytest-xdist] gw3 test_payments.py::test_notify_refund PASSED in 219ms trace=eb5759f8-8b59-0991-82fb-a6013d050cd4
2026-02-21T02:40:06.863Z [svc-auth-4] closed idle connection after 259s
2026-02-21T02:40:06.867Z [svc-gateway-4] warning: slow query took 1593ms
2026-02-21T02:40:06.869Z [svc-cache-0] closed idle connection after 108s
2026-02-21T02:40:06.869Z [svc-search-4] warning: slow query took 1059ms
2026-02-21T02:40:06.874Z [svc-gateway-4] processed batch of 219 items
2026-02-21T02:40:06.875Z [svc-auth-3] connected to upstream in 9ms
2026-02-21T02:40:06.876Z [svc-sched-3] health check ok
2026-02-21T02:40:06.877Z [svc-auth-1] warning: slow query took 645ms
2026-02-21T02:40:06.880Z [svc-auth-0] warning: slow query took 1924ms
2026-02-21T02:40:06.880Z [svc-billing-2] retrying connection to s3 (attempt 2/3)
2026-02-21T02:40:06.881Z [svc-cache-1] health check ok
2026-02-21T02:40:06.883Z [svc-gateway-4] health check ok
2026-02-21T02:40:06.884Z [pytest-xdist] gw3 test_search.py::test_notify_webhook PASSED in 142ms trace=4b68e24b-d006-4860-fd99-79b0f91bbcca
2026-02-21T02:40:06.885Z [svc-search-2] cache hit rate 90%
2026-02-21T02:40:06.886Z [svc-notify-3] retrying connection to s3 (attempt 1/3)
2026-02-21T02:40:06.886Z [svc-gateway-3] health check ok
2026-02-21T02:40:06.889Z [svc-queue-1] processed batch of 266 items
2026-02-21T02:40:06.890Z [svc-sched-3] connected to upstream in 24ms
2026-02-21T02:40:06.891Z [svc-gateway-3] warning: slow query took 1765ms
2026-02-21T02:40:06.892Z [pytest-xdist] gw5 test_sched.py::test_parse_query PASSED in 179ms trace=c1a4f414-c975-1a08-91fe-72367b42fd46
2026-02-21T02:40:06.892Z [svc-media-3] processed batch of 323 items
2026-02-21T02:40:06.892Z [svc-sched-0] connected to upstream in 76ms
2026-02-21T02:40:06.894Z [svc-notify-2] processed batch of 266 items
2026-02-21T02:40:06.897Z [svc-media-2] warning: slow query took 1118ms
2026-02-21T02:40:06.898Z [svc-cache-1] connected to upstream in 61ms
2026-02-21T02:40:06.898Z [svc-billing-2] processed batch of 235 items
2026-02-21T02:40:06.899Z [svc-billing-3] gc pause 123ms, heap 699MB
2026-02-21T02:40:06.901Z [svc-media-4] gc pause 99ms, heap 677MB
2026-02-21T02:40:06.902Z [svc-auth-0] warning: slow query took 1975ms
2026-02-21T02:40:06.903Z [pytest-xdist] gw5 test_orders.py::test_create_token PASSED in 178ms trace=2b4dfefa-d17c-dfbb-0461-b9d08195662c
2026-02-21T02:40:06.903Z [svc-db-0] health check ok
2026-02-21T02:40:06.903Z [svc-notify-1] health check ok
2026-02-21T02:40:06.904Z [svc-billing-3] closed idle connection after 322s
2026-02-21T02:40:06.906Z [pytest-xdist] gw3 test_auth.py::test_create_quota PASSED in 130ms trace=9007d9e9-2969-b5db-7a07-2a57c0cabb24
2026-02-21T02:40:06.907Z [svc-notify-1] connected to upstream in 61ms
2026-02-21T02:40:06.907Z [svc-gateway-0] closed idle connection after 77s
2026-02-21T02:40:06.907Z [svc-media-3] warning: slow query took 1866ms
2026-02-21T02:40:06.907Z [svc-queue-2] cache hit rate 95%
2026-02-21T02:40:06.907Z [svc-queue-4] processed batch of 410 items
2026-02-21T02:40:06.908Z [svc-notify-2] cache hit rate 88%
2026-02-21T02:40:06.910Z [svc-media-1] closed idle connection after 102s
2026-02-21T02:40:06.914Z [svc-search-4] health check ok
2026-02-21T02:40:06.915Z [pytest-xdist] gw2 test_reports.py::test_render_query PASSED in 50ms trace=98f7ffa0-4fb0-3307-4255-7755ab6563e9
2026-02-21T02:40:06.918Z [svc-db-1] warning: slow query took 1602ms
2026-02-21T02:40:06.918Z [svc-billing-2] closed idle connection after 64s
2026-02-21T02:40:06.921Z [pytest-xdist] gw2 test_search.py::test_reconcile_query PASSED in 76ms trace=566a5b52-96ec-3d31-de4e-dfe50a5ebedf
2026-02-21T02:40:06.921Z [svc-db-3] connected to upstream in 79ms
2026-02-21T02:40:06.923Z [svc-cache-0] cache hit rate 90%
2026-02-21T02:40:06.923Z [svc-sched-2] cache hit rate 85%
2026-02-21T02:40:06.924Z [svc-media-1] processed batch of 11 items
2026-02-21T02:40:06.925Z [svc-billing-3] warning: slow query took 926ms
2026-02-21T02:40:06.925Z [svc-gateway-1] closed idle connection after 233s
2026-02-21T02:40:06.926Z [svc-billing-3] gc pause 89ms, heap 135MB
2026-02-21T02:40:06.927Z [svc-notify-0] gc pause 72ms, heap 704MB
2026-02-21T02:40:06.927Z [svc-gateway-1] health check ok
2026-02-21T02:40:06.934Z [svc-cache-3] connected to upstream in 7ms
2026-02-21T02:40:06.936Z [svc-db-1] gc pause 82ms, heap 485MB
2026-02-21T02:40:06.937Z [svc-auth-4] warning: slow query took 1621ms
2026-02-21T02:40:06.938Z [svc-db-2] warning: slow query took 2144ms
2026-02-21T02:40:06.939Z [pytest-xdist] gw0 test_auth.py::test_authorize_template PASSED in 45ms trace=0907fe02-1151-10cf-a5cb-746b7151ad46
2026-02-21T02:40:06.939Z [svc-auth-2] connected to upstream in 19ms
2026-02-21T02:40:06.942Z [pytest-xdist] gw5 test_import.py::test_delete_region PASSED in 149ms trace=994ec60c-ba60-ceb8-9aed-f4526cfc3af6
2026-02-21T02:40:06.942Z [svc-cache-0] processed batch of 265 items
2026-02-21T02:40:06.944Z [svc-search-2] warning: slow query took 787ms
2026-02-21T02:40:06.947Z [svc-auth-3] warning: slow query took 844ms
2026-02-21T02:40:06.947Z [svc-queue-2] warning: slow query took 1419ms
2026-02-21T02:40:06.949Z [svc-billing-1] health check ok
2026-02-21T02:40:06.951Z [svc-search-0] cache hit rate 88%
2026-02-21T02:40:06.952Z [svc-auth-1] cache hit rate 92%
2026-02-21T02:40:06.954Z [svc-cache-1] retrying connection to postgres (attempt 1/3)
2026-02-21T02:40:06.956Z [svc-auth-4] connected to upstream in 27ms
2026-02-21T02:40:06.957Z [pytest-xdist] gw2 test_sched.py::test_cache_webhook PASSED in 211ms trace=0d6a2271-1d69-cb6e-b2be-b8a83bbe9a50
2026-02-21T02:40:06.961Z [svc-db-1] closed idle connection after 149s
2026-02-21T02:40:06.961Z [svc-sched-1] gc pause 17ms, heap 124MB
2026-02-21T02:40:06.962Z [svc-db-1] closed idle connection after 279s
2026-02-21T02:40:06.963Z [svc-billing-0] processed batch of 501 items
2026-02-21T02:40:06.963Z [svc-billing-2] cache hit rate 92%
2026-02-21T02:40:06.963Z [svc-search-1] connected to upstream in 33ms
2026-02-21T02:40:06.965Z [svc-notify-4] warning: slow query took 1155ms
2026-02-21T02:40:06.967Z [svc-billing-3] processed batch of 438 items
2026-02-21T02:40:06.967Z [svc-notify-4] connected to upstream in 34ms
2026-02-21T02:40:06.969Z [svc-auth-3] closed idle connection after 318s
2026-02-21T02:40:06.971Z [svc-auth-0] cache hit rate 90%
2026-02-21T02:40:06.973Z [svc-media-1] gc pause 115ms, heap 586MB
2026-02-21T02:40:06.976Z [pytest-xdist] gw3 test_auth.py::test_reconcile_attachment PASSED in 146ms trace=e0768160-424a-a721-8367-b247f9f7be75
2026-02-21T02:40:06.976Z [svc-gateway-0] gc pause 86ms, heap 425MB
2026-02-21T02:40:06.977Z [svc-cache-4] cache hit rate 85%
2026-02-21T02:40:06.979Z [pytest-xdist] gw0 test_payments.py::test_update_subscription PASSED in 5ms trace=3999256d-b064-8224-1a2c-c6aa65a8fc31
2026-02-21T02:40:06.979Z [svc-gateway-4] closed idle connection after 46s
2026-02-21T02:40:06.981Z [svc-auth-4] cache hit rate 95%
2026-02-21T02:40:06.982Z [svc-billing-1] gc pause 79ms, heap 105MB
2026-02-21T02:40:06.983Z [svc-billing-0] closed idle connection after 198s
2026-02-21T02:40:06.984Z [svc-db-0] cache hit rate 90%
2026-02-21T02:40:06.985Z [svc-queue-3] gc pause 82ms, heap 505MB
2026-02-21T02:40:06.987Z [svc-gateway-0] closed idle connection after 201s
2026-02-21T02:40:06.988Z [svc-notify-4] health check ok
2026-02-21T02:40:06.989Z [pytest-xdist] gw2 test_payments.py::test_notify_shipment PASSED in 39ms trace=63caa436-fbc2-e67a-d165-8d12a98fbe54
2026-02-21T02:40:06.990Z [svc-search-0] cache hit rate 90%
2026-02-21T02:40:06.990Z [svc-media-3] health check ok
2026-02-21T02:40:06.993Z [svc-media-1] health check ok
2026-02-21T02:40:06.995Z [svc-queue-3] health check ok
2026-02-21T02:40:06.998Z [svc-queue-0] health check ok
2026-02-21T02:40:06.999Z [svc-media-0] closed idle connection after 275s
2026-02-21T02:40:07.004Z [svc-search-4] warning: slow query took 418ms
2026-02-21T02:40:07.004Z [svc-media-4] connected to upstream in 9ms
2026-02-21T02:40:07.005Z [pytest-xdist] gw5 test_notify.py::test_sync_region PASSED in 6ms trace=5fd4d0f3-152a-252b-03f5-c416724b3eab
2026-02-21T02:40:07.008Z [svc-sched-0] cache hit rate 85%
2026-02-21T02:40:07.012Z [svc-search-3] processed batch of 154 items
2026-02-21T02:40:07.013Z [svc-search-3] processed batch of 311 items
2026-02-21T02:40:07.013Z [svc-media-0] closed idle connection after 217s
2026-02-21T02:40:07.014Z [svc-media-2] gc pause 24ms, heap 832MB
2026-02-21T02:40:07.015Z [pytest-xdist] gw4 test_search.py::test_cache_token PASSED in 29ms trace=433a6fb4-a658-7240-5ac1-ddd848128c79
2026-02-21T02:40:07.017Z [svc-sched-3] connected to upstream in 78ms
2026-02-21T02:40:07.018Z [svc-search-2] cache hit rate 90%
2026-02-21T02:40:07.018Z [svc-queue-4] connected to upstream in 48ms
2026-02-21T02:40:07.019Z [svc-cache-1] closed idle connection after 306s
2026-02-21T02:40:07.024Z [svc-sched-0] cache hit rate 88%
2026-02-21T02:40:07.025Z [svc-notify-2] connected to upstream in 73ms
2026-02-21T02:40:07.025Z [svc-media-4] cache hit rate 92%
2026-02-21T02:40:07.027Z [svc-queue-0] warning: slow query took 962ms
2026-02-21T02:40:07.031Z [svc-sched-4] connected to upstream in 66ms
2026-02-21T02:40:07.032Z [svc-notify-2] warning: slow query took 593ms
2026-02-21T02:40:07.032Z [svc-notify-3] gc pause 32ms, heap 689MB
2026-02-21T02:40:07.034Z [svc-billing-1] processed batch of 410 items
2026-02-21T02:40:07.035Z [pytest-xdist] gw0 test_search.py::test_reconcile_invoice PASSED in 71ms trace=7770b1b9-ed6a-6bcf-5038-a85365a303d9
2026-02-21T02:40:07.036Z [svc-db-2] cache hit rate 92%
2026-02-21T02:40:07.036Z [svc-db-3] cache hit rate 95%
2026-02-21T02:40:07.036Z [svc-search-2] connected to upstream in 16ms
2026-02-21T02:40:07.036Z [svc-search-4] processed batch of 229 items
2026-02-21T02:40:07.036Z [svc-gateway-0] connected to upstream in 9ms
2026-02-21T02:40:07.036Z [svc-media-2] gc pause 63ms, heap 208MB
2026-02-21T02:40:07.036Z [svc-sched-1] processed batch of 453 items
2026-02-21T02:40:07.045Z [pytest-xdist] gw5 test_billing.py::test_delete_attachment PASSED in 217ms trace=ad6663eb-025a-d7d3-15bc-a428122a7040
2026-02-21T02:40:07.045Z [svc-billing-2] closed idle connection after 233s
2026-02-21T02:40:07.045Z [svc-notify-1] closed idle connection after 238s
2026-02-21T02:40:07.050Z [svc-search-0] retrying connection to postgres (attempt 3/3)
2026-02-21T02:40:07.052Z [svc-billing-0] health check ok
2026-02-21T02:40:07.052Z [svc-notify-4] connected to upstream in 36ms
2026-02-21T02:40:07.052Z [svc-sched-2] closed idle connection after 75s
2026-02-21T02:40:07.053Z [pytest-xdist] gw4 test_search.py::test_paginate_subscription PASSED in 232ms trace=a7bfce16-7a3c-55ed-a2d6-985bed5a0e2a
2026-02-21T02:40:07.054Z [svc-billing-2] gc pause 118ms, heap 329MB
2026-02-21T02:40:07.055Z [svc-billing-3] closed idle connection after 271s
2026-02-21T02:40:07.057Z [svc-auth-3] connected to upstream in 48ms
2026-02-21T02:40:07.057Z [svc-search-1] connected to upstream in 69ms
2026-02-21T02:40:07.058Z [svc-notify-3] cache hit rate 88%
2026-02-21T02:40:07.059Z [svc-billing-1] closed idle connection after 246s
2026-02-21T02:40:07.061Z [svc-db-4] connected to upstream in 15ms
2026-02-21T02:40:07.064Z [svc-media-1] closed idle connection after 301s
2026-02-21T02:40:07.066Z [svc-notify-3] warning: slow query took 623ms
2026-02-21T02:40:07.067Z [svc-cache-4] cache hit rate 92%
2026-02-21T02:40:07.068Z [svc-billing-4] warning: slow query took 1646ms
2026-02-21T02:40:07.068Z [svc-sched-1] cache hit rate 90%
2026-02-21T02:40:07.069Z [svc-cache-0] warning: slow query took 1661ms
2026-02-21T02:40:07.070Z [pytest-xdist] gw5 test_billing.py::test_reconcile_refund PASSED in 137ms trace=47e9f7e8-3dc5-b485-f7e2-5f92cc26e427
2026-02-21T02:40:07.070Z [svc-db-2] closed idle connection after 265s
2026-02-21T02:40:07.071Z [svc-gateway-4] retrying connection to vault (attempt 3/3)
2026-02-21T02:40:07.072Z [svc-billing-2] gc pause 75ms, heap 422MB
2026-02-21T02:40:07.072Z [svc-sched-1] health check ok
2026-02-21T02:40:07.073Z [svc-auth-3] gc pause 110ms, heap 897MB
2026-02-21T02:40:07.074Z [svc-sched-4] closed idle connection after 160s
2026-02-21T02:40:07.075Z [pytest-xdist] gw1 test_auth.py::test_create_user PASSED in 78ms trace=eb4a1104-4832-3acb-770f-81debab19805
2026-02-21T02:40:07.076Z [svc-search-0] health check ok
2026-02-21T02:40:07.077Z [svc-billing-4] connected to upstream in 10ms
2026-02-21T02:40:07.077Z [svc-search-3] processed batch of 350 items
2026-02-21T02:40:07.077Z [svc-media-4] warning: slow query took 1580ms
2026-02-21T02:40:07.078Z [svc-db-2] closed idle connection after 105s
2026-02-21T02:40:07.079Z [svc-sched-3] gc pause 14ms, heap 892MB
2026-02-21T02:40:07.080Z [svc-media-1] health check ok
2026-02-21T02:40:07.082Z [svc-cache-1] closed idle connection after 96s
2026-02-21T02:40:07.082Z [svc-cache-4] processed batch of 435 items
2026-02-21T02:40:07.082Z [svc-media-4] connected to upstream in 69ms
2026-02-21T02:40:07.085Z [svc-db-1] warning: slow query took 1990ms
2026-02-21T02:40:07.087Z [pytest-xdist] gw5 test_queue.py::test_notify_user PASSED in 95ms trace=8da210d2-44bc-c610-9638-6383d8f6ae2a
2026-02-21T02:40:07.089Z [svc-billing-0] health check ok
2026-02-21T02:40:07.089Z [svc-gateway-2] closed idle connection after 129s
2026-02-21T02:40:07.089Z [svc-queue-0] warning: slow query took 1431ms
2026-02-21T02:40:07.090Z [svc-queue-2] health check ok
2026-02-21T02:40:07.092Z [svc-gateway-0] cache hit rate 88%
2026-02-21T02:40:07.093Z [svc-media-0] connected to upstream in 8ms
2026-02-21T02:40:07.094Z [svc-notify-1] cache hit rate 90%
2026-02-21T02:40:07.096Z [svc-cache-4] connected to upstream in 50ms
2026-02-21T02:40:07.101Z [svc-db-4] gc pause 107ms, heap 173MB
2026-02-21T02:40:07.101Z [svc-gateway-4] warning: slow query took 2096ms
2026-02-21T02:40:07.105Z [svc-notify-3] connected to upstream in 49ms
2026-02-21T02:40:07.107Z [pytest-xdist] gw1 test_gateway.py::test_notify_attachment PASSED in 216ms trace=8231de81-23ef-3222-a700-5e8db3bdc4ac
2026-02-21T02:40:07.107Z [svc-auth-4] warning: slow query took 269ms
2026-02-21T02:40:07.107Z [svc-media-0] retrying connection to vault (attempt 3/3)
2026-02-21T02:40:07.108Z [svc-db-2] warning: slow query took 1530ms
2026-02-21T02:40:07.112Z [svc-db-0] warning: slow query took 970ms
2026-02-21T02:40:07.112Z [svc-sched-3] gc pause 35ms, heap 666MB
2026-02-21T02:40:07.113Z [svc-media-3] warning: slow query took 1277ms
2026-02-21T02:40:07.114Z [svc-auth-1] connected to upstream in 62ms
2026-02-21T02:40:07.117Z [svc-billing-2] processed batch of 60 items
2026-02-21T02:40:07.118Z [svc-gateway-3] closed idle connection after 141s
2026-02-21T02:40:07.119Z [svc-notify-2] cache hit rate 85%
2026-02-21T02:40:07.119Z [svc-queue-0] closed idle connection after 38s
2026-02-21T02:40:07.120Z [svc-db-1] gc pause 109ms, heap 785MB
2026-02-21T02:40:07.120Z [svc-gateway-1] cache hit rate 85%
2026-02-21T02:40:07.122Z [svc-queue-2] gc pause 91ms, heap 869MB
2026-02-21T02:40:07.123Z [svc-billing-4] processed batch of 432 items
2026-02-21T02:40:07.124Z [svc-media-4] connected to upstream in 58ms
2026-02-21T02:40:07.124Z [svc-sched-1] cache hit rate 88%
2026-02-21T02:40:07.127Z [pytest-xdist] gw3 test_queue.py::test_update_subscription PASSED in 24ms trace=f86bf693-2d80-c3dc-9120-a93eee20630c
2026-02-21T02:40:07.128Z [svc-cache-4] cache hit rate 88%
2026-02-21T02:40:07.128Z [svc-notify-2] processed batch of 496 items
2026-02-21T02:40:07.129Z [svc-search-1] closed idle connection after 247s
2026-02-21T02:40:07.130Z [pytest-xdist] gw5 test_queue.py::test_expire_template PASSED in 74ms trace=beff606f-1269-ae09-830e-fa1cc58f9321
2026-02-21T02:40:07.130Z [svc-cache-3] processed batch of 68 items
2026-02-21T02:40:07.131Z [svc-db-4] health check ok
2026-02-21T02:40:07.131Z [svc-sched-2] processed batch of 176 items
2026-02-21T02:40:07.134Z [svc-search-0] cache hit rate 88%
2026-02-21T02:40:07.139Z [svc-notify-1] connected to upstream in 77ms
2026-02-21T02:40:07.140Z [svc-auth-4] cache hit rate 92%
2026-02-21T02:40:07.141Z [svc-gateway-0] gc pause 101ms, heap 330MB
2026-02-21T02:40:07.142Z [pytest-xdist] gw5 test_media.py::test_notify_subscription PASSED in 147ms trace=82df4e0c-bc17-67b4-4803-3ac5b3ee3b11
2026-02-21T02:40:07.142Z [svc-media-4] connected to upstream in 18ms
2026-02-21T02:40:07.143Z [svc-db-1] cache hit rate 95%
2026-02-21T02:40:07.144Z [svc-auth-1] health check ok
2026-02-21T02:40:07.144Z [svc-cache-0] warning: slow query took 838ms
2026-02-21T02:40:07.144Z [svc-billing-2] cache hit rate 88%
2026-02-21T02:40:07.144Z [svc-sched-0] health check ok
2026-02-21T02:40:07.147Z [svc-sched-1] warning: slow query took 1441ms
2026-02-21T02:40:07.148Z [pytest-xdist] gw2 test_sched.py::test_render_index PASSED in 202ms trace=fe2b3b16-82e0-5c05-5505-389062acc072
2026-02-21T02:40:07.148Z [svc-notify-4] processed batch of 254 items
2026-02-21T02:40:07.149Z [svc-notify-2] warning: slow query took 1842ms
2026-02-21T02:40:07.149Z [svc-sched-4] warning: slow query took 741ms
2026-02-21T02:40:07.150Z [svc-cache-0] connected to upstream in 36ms
2026-02-21T02:40:07.151Z [svc-billing-1] closed idle connection after 94s
2026-02-21T02:40:07.153Z [svc-cache-2] processed batch of 427 items
2026-02-21T02:40:07.153Z [svc-db-4] processed batch of 77 items
2026-02-21T02:40:07.155Z [svc-notify-3] cache hit rate 88%
2026-02-21T02:40:07.157Z [svc-notify-4] cache hit rate 85%
2026-02-21T02:40:07.158Z [svc-queue-2] closed idle connection after 193s
2026-02-21T02:40:07.158Z [svc-sched-1] warning: slow query took 275ms
2026-02-21T02:40:07.159Z [pytest-xdist] gw4 test_queue.py::test_sync_webhook PASSED in 186ms trace=3cb64f53-891a-b7df-ff72-c9465724e85e
2026-02-21T02:40:07.159Z [svc-billing-0] processed batch of 122 items
2026-02-21T02:40:07.159Z [svc-queue-0] cache hit rate 95%
2026-02-21T02:40:07.161Z [svc-media-4] cache hit rate 90%
2026-02-21T02:40:07.163Z [pytest-xdist] gw1 test_payments.py::test_update_refund PASSED in 52ms trace=6b83435d-5d2d-15d7-6a41-721c34ce46cb
2026-02-21T02:40:07.166Z [svc-gateway-1] cache hit rate 85%
2026-02-21T02:40:07.167Z [svc-sched-4] processed batch of 153 items
2026-02-21T02:40:07.171Z [svc-db-4] connected to upstream in 73ms
2026-02-21T02:40:07.174Z [pytest-xdist] gw3 test_reports.py::test_reconcile_shipment PASSED in 173ms trace=2351742e-271e-deb4-3f47-a7b76ca333d7
2026-02-21T02:40:07.175Z [svc-sched-0] cache hit rate 88%
2026-02-21T02:40:07.177Z [svc-cache-4] gc pause 78ms, heap 520MB
2026-02-21T02:40:07.178Z [svc-cache-3] retrying connection to kafka (attempt 1/3)
2026-02-21T02:40:07.178Z [svc-queue-1] gc pause 45ms, heap 952MB
2026-02-21T02:40:07.180Z [svc-search-2] cache hit rate 92%
2026-02-21T02:40:07.182Z [svc-auth-4] closed idle connection after 288s
2026-02-21T02:40:07.184Z [svc-sched-3] health check ok
2026-02-21T02:40:07.185Z [pytest-xdist] gw1 test_payments.py::test_render_session PASSED in 37ms trace=36854c0a-8d2e-56e5-5c73-7c05f0ba65ff
2026-02-21T02:40:07.185Z [svc-gateway-1] connected to upstream in 83ms
2026-02-21T02:40:07.186Z [svc-db-0] connected to upstream in 14ms
2026-02-21T02:40:07.187Z [svc-auth-2] gc pause 15ms, heap 996MB
2026-02-21T02:40:07.189Z [svc-db-2] processed batch of 243 items
2026-02-21T02:40:07.190Z [svc-cache-3] warning: slow query took 965ms
2026-02-21T02:40:07.191Z [svc-sched-1] warning: slow query took 1879ms
2026-02-21T02:40:07.193Z [svc-queue-3] closed idle connection after 114s
2026-02-21T02:40:07.196Z [svc-cache-0] processed batch of 29 items
2026-02-21T02:40:07.196Z [svc-cache-4] cache hit rate 88%
2026-02-21T02:40:07.200Z [svc-search-3] processed batch of 219 items
2026-02-21T02:40:07.200Z [svc-media-3] gc pause 36ms, heap 213MB
2026-02-21T02:40:07.201Z [svc-queue-4] gc pause 56ms, heap 767MB
2026-02-21T02:40:07.202Z [svc-auth-2] connected to upstream in 26ms
2026-02-21T02:40:07.203Z [pytest-xdist] gw1 test_billing.py::test_create_region PASSED in 11ms trace=5dbce158-305b-859d-2743-4909ea6073cf
2026-02-21T02:40:07.203Z [svc-notify-3] gc pause 24ms, heap 927MB
2026-02-21T02:40:07.206Z [svc-db-3] cache hit rate 88%
2026-02-21T02:40:07.209Z [svc-billing-1] closed idle connection after 267s
2026-02-21T02:40:07.210Z [svc-gateway-0] connected to upstream in 12ms
2026-02-21T02:40:07.210Z [svc-queue-1] warning: slow query took 1290ms
2026-02-21T02:40:07.212Z [svc-cache-2] cache hit rate 95%
2026-02-21T02:40:07.213Z [svc-notify-3] warning: slow query took 583ms
2026-02-21T02:40:07.213Z [svc-media-3] gc pause 118ms, heap 515MB
2026-02-21T02:40:07.214Z [svc-queue-2] connected to upstream in 28ms
2026-02-21T02:40:07.217Z [svc-billing-4] cache hit rate 92%
2026-02-21T02:40:07.218Z [svc-queue-2] closed idle connection after 133s
2026-02-21T02:40:07.219Z [svc-cache-4] processed batch of 507 items
2026-02-21T02:40:07.220Z [svc-cache-1] cache hit rate 90%
2026-02-21T02:40:07.222Z [svc-search-4] warning: slow query took 453ms
2026-02-21T02:40:07.223Z [pytest-xdist] gw3 test_orders.py::test_update_shipment PASSED in 36ms trace=0ba42d1b-7014-9034-c739-f1a0781f1e42
2026-02-21T02:40:07.224Z [svc-auth-3] warning: slow query took 2157ms
2026-02-21T02:40:07.227Z [svc-db-3] health check ok
2026-02-21T02:40:07.227Z [svc-billing-4] closed idle connection after 70s
2026-02-21T02:40:07.227Z [svc-queue-3] gc pause 39ms, heap 239MB
2026-02-21T02:40:07.227Z [svc-sched-1] closed idle connection after 258s
2026-02-21T02:40:07.228Z [svc-queue-0] cache hit rate 92%
2026-02-21T02:40:07.229Z [svc-db-0] connected to upstream in 84ms
2026-02-21T02:40:07.230Z [svc-gateway-0] connected to upstream in 7ms
2026-02-21T02:40:07.231Z [svc-cache-2] processed batch of 212 items
2026-02-21T02:40:07.233Z [svc-sched-4] connected to upstream in 30ms
2026-02-21T02:40:07.235Z [svc-billing-0] closed idle connection after 179s
2026-02-21T02:40:07.236Z [pytest-xdist] gw3 test_sched.py::test_sync_user PASSED in 219ms trace=a728ac57-970a-090c-73ab-c84d268a6f75
2026-02-21T02:40:07.238Z [svc-cache-4] connected to upstream in 8ms
2026-02-21T02:40:07.238Z [svc-notify-1] connected to upstream in 5ms
2026-02-21T02:40:07.240Z [svc-cache-1] closed idle connection after 222s
2026-02-21T02:40:07.240Z [svc-sched-1] warning: slow query took 804ms
2026-02-21T02:40:07.242Z [svc-billing-2] connected to upstream in 55ms
2026-02-21T02:40:07.242Z [svc-notify-2] cache hit rate 90%
2026-02-21T02:40:07.244Z [svc-auth-0] processed batch of 32 items
2026-02-21T02:40:07.245Z [svc-cache-4] retrying connection to s3 (attempt 2/3)
2026-02-21T02:40:07.245Z [svc-media-2] gc pause 36ms, heap 337MB
2026-02-21T02:40:07.246Z [svc-media-2] retrying connection to redis (attempt 2/3)
2026-02-21T02:40:07.248Z [svc-queue-2] connected to upstream in 25ms
2026-02-21T02:40:07.249Z [svc-gateway-1] warning: slow query took 482ms
2026-02-21T02:40:07.250Z [svc-sched-1] cache hit rate 90%
2026-02-21T02:40:07.252Z [svc-notify-4] closed idle connection after 257s
2026-02-21T02:40:07.253Z [svc-sched-2] processed batch of 42 items
2026-02-21T02:40:07.254Z [svc-sched-2] gc pause 118ms, heap 441MB
2026-02-21T02:40:07.257Z [pytest-xdist] gw2 test_webhooks.py::test_reconcile_subscription PASSED in 181ms trace=5d81be84-972f-df33-d8b3-5a8a33be5054
2026-02-21T02:40:07.258Z [svc-notify-3] processed batch of 149 items
2026-02-21T02:40:07.259Z [svc-auth-1] closed idle connection after 238s
2026-02-21T02:40:07.259Z [svc-db-3] closed idle connection after 253s
2026-02-21T02:40:07.262Z [svc-queue-2] processed batch of 321 items
2026-02-21T02:40:07.264Z [pytest-xdist] gw4 test_auth.py::test_sync_subscription PASSED in 63ms trace=a9e10426-e1ca-0cce-a84f-b27a120aa412
2026-02-21T02:40:07.264Z [svc-cache-0] connected to upstream in 47ms
2026-02-21T02:40:07.266Z [svc-media-4] warning: slow query took 1710ms
2026-02-21T02:40:07.266Z [svc-sched-1] closed idle connection after 106s
2026-02-21T02:40:07.268Z [svc-media-2] gc pause 115ms, heap 512MB
2026-02-21T02:40:07.274Z [svc-queue-4] warning: slow query took 1494ms
2026-02-21T02:40:07.274Z [svc-sched-1] health check ok
2026-02-21T02:40:07.275Z [pytest-xdist] gw1 test_users.py::test_reconcile_attachment PASSED in 189ms trace=01631851-ef8c-03d4-99da-1c5d47f4bd1d
2026-02-21T02:40:07.279Z [svc-billing-2] gc pause 11ms, heap 511MB
2026-02-21T02:40:07.281Z [svc-queue-2] warning: slow query took 737ms
2026-02-21T02:40:07.282Z [svc-cache-2] cache hit rate 88%
2026-02-21T02:40:07.283Z [svc-db-4] health check ok
2026-02-21T02:40:07.285Z [svc-sched-4] processed batch of 243 items
2026-02-21T02:40:07.286Z [svc-cache-0] connected to upstream in 22ms
2026-02-21T02:40:07.286Z [svc-billing-4] processed batch of 173 items
2026-02-21T02:40:07.287Z [svc-gateway-2] gc pause 108ms, heap 515MB
2026-02-21T02:40:07.287Z [svc-media-4] health check ok
2026-02-21T02:40:07.288Z [svc-db-3] health check ok
2026-02-21T02:40:07.288Z [svc-sched-2] connected to upstream in 48ms
2026-02-21T02:40:07.291Z [svc-queue-1] health check ok
2026-02-21T02:40:07.295Z [pytest-xdist] gw0 test_webhooks.py::test_retry_session PASSED in 40ms trace=4f1e5b19-4bf1-b0c5-b64f-89a61cccdfb3
2026-02-21T02:40:07.295Z [svc-media-0] connected to upstream in 23ms
2026-02-21T02:40:07.296Z [svc-cache-4] warning: slow query took 977ms
2026-02-21T02:40:07.296Z [svc-db-1] closed idle connection after 255s
2026-02-21T02:40:07.297Z [svc-cache-3] gc pause 55ms, heap 304MB
2026-02-21T02:40:07.297Z [svc-search-0] gc pause 11ms, heap 136MB
2026-02-21T02:40:07.297Z [svc-gateway-4] cache hit rate 92%
2026-02-21T02:40:07.301Z [svc-db-1] health check ok
2026-02-21T02:40:07.301Z [svc-sched-1] closed idle connection after 94s
2026-02-21T02:40:07.303Z [svc-search-1] warning: slow query took 345ms
2026-02-21T02:40:07.304Z [pytest-xdist] gw1 test_orders.py::test_update_template PASSED in 2ms trace=05c1290c-ce96-5d3e-85a1-d5b8c4655152
2026-02-21T02:40:07.304Z [svc-db-4] cache hit rate 85%
2026-02-21T02:40:07.306Z [svc-search-1] retrying connection to redis (attempt 3/3)
2026-02-21T02:40:07.307Z [svc-queue-2] connected to upstream in 70ms
2026-02-21T02:40:07.309Z [svc-billing-4] gc pause 78ms, heap 350MB
2026-02-21T02:40:07.309Z [svc-search-0] connected to upstream in 41ms
2026-02-21T02:40:07.309Z [svc-sched-1] gc pause 83ms, heap 237MB
2026-02-21T02:40:07.310Z [svc-gateway-0] closed idle connection after 268s
2026-02-21T02:40:07.318Z [svc-db-4] gc pause 10ms, heap 821MB
2026-02-21T02:40:07.319Z [svc-billing-4] processed batch of 457 items
2026-02-21T02:40:07.319Z [svc-gateway-3] warning: slow query took 1886ms
2026-02-21T02:40:07.321Z [svc-sched-3] cache hit rate 85%
2026-02-21T02:40:07.324Z [svc-media-0] connected to upstream in 11ms
2026-02-21T02:40:07.325Z [svc-queue-1] warning: slow query took 289ms
2026-02-21T02:40:07.325Z [svc-queue-4] warning: slow query took 2131ms
2026-02-21T02:40:07.326Z [pytest-xdist] gw1 test_payments.py::test_retry_webhook PASSED in 81ms trace=ca4a1fb4-fe7c-fb4c-058c-7bfc51bdd998
2026-02-21T02:40:07.326Z [svc-search-0] cache hit rate 95%
2026-02-21T02:40:07.329Z [svc-cache-1] processed batch of 227 items
2026-02-21T02:40:07.335Z [svc-cache-0] processed batch of 175 items
2026-02-21T02:40:07.335Z [svc-queue-2] connected to upstream in 20ms
2026-02-21T02:40:07.336Z [svc-db-4] processed batch of 389 items
2026-02-21T02:40:07.337Z [svc-auth-1] gc pause 104ms, heap 736MB
2026-02-21T02:40:07.337Z [svc-search-2] closed idle connection after 124s
2026-02-21T02:40:07.337Z [svc-media-0] gc pause 96ms, heap 825MB
2026-02-21T02:40:07.338Z [svc-db-4] processed batch of 309 items
2026-02-21T02:40:07.339Z [svc-media-3] connected to upstream in 78ms
2026-02-21T02:40:07.340Z [svc-auth-2] connected to upstream in 54ms
2026-02-21T02:40:07.340Z [svc-media-2] connected to upstream in 21ms
2026-02-21T02:40:07.341Z [svc-sched-2] gc pause 58ms, heap 766MB
2026-02-21T02:40:07.342Z [svc-queue-0] gc pause 44ms, heap 948MB
2026-02-21T02:40:07.345Z [pytest-xdist] gw5 test_export.py::test_render_invoice PASSED in 22ms trace=38369d5c-9b37-9d42-416a-975e8e0353f4
2026-02-21T02:40:07.345Z [svc-queue-3] warning: slow query took 747ms
2026-02-21T02:40:07.346Z [svc-queue-3] closed idle connection after 265s
2026-02-21T02:40:07.348Z [svc-auth-2] closed idle connection after 310s
2026-02-21T02:40:07.348Z [svc-billing-2] health check ok
2026-02-21T02:40:07.348Z [svc-queue-3] gc pause 8ms, heap 910MB
2026-02-21T02:40:07.349Z [svc-cache-1] closed idle connection after 267s
2026-02-21T02:40:07.350Z [svc-auth-0] processed batch of 415 items
2026-02-21T02:40:07.350Z [svc-cache-3] gc pause 6ms, heap 195MB
2026-02-21T02:40:07.351Z [svc-billing-1] closed idle connection after 45s
2026-02-21T02:40:07.352Z [svc-gateway-1] connected to upstream in 70ms
2026-02-21T02:40:07.353Z [svc-auth-4] processed batch of 308 items
2026-02-21T02:40:07.354Z [pytest-xdist] gw3 test_sched.py::test_parse_webhook PASSED in 2ms trace=90df18c7-3a3a-f093-16f2-d4a096433f03
2026-02-21T02:40:07.355Z [svc-db-3] processed batch of 161 items
2026-02-21T02:40:07.360Z [svc-queue-2] processed batch of 161 items
2026-02-21T02:40:07.360Z [svc-sched-0] warning: slow query took 1628ms
2026-02-21T02:40:07.362Z [svc-sched-1] processed batch of 338 items
2026-02-21T02:40:07.363Z [svc-auth-4] connected to upstream in 42ms
2026-02-21T02:40:07.366Z [svc-queue-4] gc pause 95ms, heap 301MB
2026-02-21T02:40:07.366Z [svc-sched-2] processed batch of 351 items
2026-02-21T02:40:07.367Z [svc-sched-2] processed batch of 219 items
2026-02-21T02:40:07.368Z [svc-db-3] connected to upstream in 60ms
2026-02-21T02:40:07.369Z [svc-billing-0] warning: slow query took 209ms
2026-02-21T02:40:07.369Z [svc-sched-3] health check ok
2026-02-21T02:40:07.370Z [svc-billing-4] cache hit rate 90%
2026-02-21T02:40:07.371Z [svc-media-4] cache hit rate 85%
2026-02-21T02:40:07.374Z [pytest-xdist] gw1 test_webhooks.py::test_sync_session PASSED in 63ms trace=8403210b-ca6b-2185-d4c4-0c431b3153a6
2026-02-21T02:40:07.375Z [svc-sched-2] cache hit rate 88%
2026-02-21T02:40:07.377Z [svc-search-4] closed idle connection after 261s
2026-02-21T02:40:07.378Z [pytest-xdist] gw2 test_export.py::test_notify_session PASSED in 37ms trace=2e9467e5-73f1-d7ec-a422-7e5aa41bb422
2026-02-21T02:40:07.381Z [svc-db-4] processed batch of 339 items
2026-02-21T02:40:07.382Z [svc-gateway-1] warning: slow query took 1301ms
2026-02-21T02:40:07.384Z [svc-gateway-4] gc pause 94ms, heap 943MB
2026-02-21T02:40:07.387Z [svc-billing-1] closed idle connection after 154s
2026-02-21T02:40:07.387Z [svc-notify-4] gc pause 87ms, heap 516MB
2026-02-21T02:40:07.388Z [svc-cache-1] processed batch of 141 items
2026-02-21T02:40:07.388Z [svc-cache-3] warning: slow query took 233ms
2026-02-21T02:40:07.389Z [svc-notify-0] warning: slow query took 1773ms
2026-02-21T02:40:07.390Z [svc-cache-2] cache hit rate 85%
2026-02-21T02:40:07.391Z [svc-queue-2] gc pause 34ms, heap 148MB
2026-02-21T02:40:07.392Z [svc-gateway-4] retrying connection to vault (attempt 2/3)
2026-02-21T02:40:07.393Z [svc-billing-2] warning: slow query took 1346ms
2026-02-21T02:40:07.395Z [svc-search-4] connected to upstream in 14ms
2026-02-21T02:40:07.398Z [pytest-xdist] gw3 test_payments.py::test_paginate_token PASSED in 52ms trace=ed488c7a-8a2e-dfd4-a3a3-616b58253a58
2026-02-21T02:40:07.398Z [svc-billing-4] connected to upstream in 9ms
2026-02-21T02:40:07.403Z [svc-search-1] connected to upstream in 11ms
2026-02-21T02:40:07.406Z [pytest-xdist] gw2 test_billing.py::test_update_user PASSED in 188ms trace=58cd0a24-5051-0d3e-458e-e5bd63c4145f
2026-02-21T02:40:07.407Z [svc-cache-0] health check ok
2026-02-21T02:40:07.408Z [svc-cache-4] connected to upstream in 44ms
2026-02-21T02:40:07.408Z [svc-queue-3] cache hit rate 95%
2026-02-21T02:40:07.411Z [svc-sched-3] retrying connection to kafka (attempt 1/3)
2026-02-21T02:40:07.412Z [svc-media-0] gc pause 16ms, heap 278MB
2026-02-21T02:40:07.412Z [svc-queue-0] health check ok
2026-02-21T02:40:07.415Z [svc-billing-4] cache hit rate 88%
2026-02-21T02:40:07.421Z [svc-notify-0] closed idle connection after 266s
2026-02-21T02:40:07.421Z [svc-notify-3] processed batch of 20 items
2026-02-21T02:40:07.421Z [svc-media-0] closed idle connection after 222s
2026-02-21T02:40:07.423Z [svc-gateway-1] health check ok
2026-02-21T02:40:07.424Z [pytest-xdist] gw5 test_gateway.py::test_authorize_refund PASSED in 23ms trace=1f8c682c-44f1-549b-86b4-e9c19279e404
2026-02-21T02:40:07.425Z [svc-gateway-4] gc pause 21ms, heap 467MB
2026-02-21T02:40:07.426Z [svc-db-2] cache hit rate 95%
2026-02-21T02:40:07.428Z [pytest-xdist] gw5 test_search.py::test_delete_index PASSED in 223ms trace=29228631-dcdf-bf45-d84f-9962c4cb05bd
