2026-02-21T02:40:00.001Z [svc-db-1] processed batch of 162 items
2026-02-21T02:40:00.002Z [svc-media-1] health check ok
2026-02-21T02:40:00.005Z [svc-db-4] gc pause 80ms, heap 313MB
2026-02-21T02:40:00.007Z [svc-cache-3] connected to upstream in 42ms
2026-02-21T02:40:00.008Z [pytest-xdist] gw5 test_media.py::test_reconcile_shipment PASSED in 216ms trace=26549956-1404-3b3d-ed9c-5b8cac2c8c64
2026-02-21T02:40:00.008Z [svc-cache-1] connected to upstream in 59ms
2026-02-21T02:40:00.012Z [svc-media-1] processed batch of 174 items
2026-02-21T02:40:00.013Z [svc-billing-1] retrying connection to kafka (attempt 1/3)
2026-02-21T02:40:00.016Z [svc-auth-1] closed idle connection after 30s
2026-02-21T02:40:00.018Z [pytest-xdist] gw4 test_webhooks.py::test_render_template PASSED in 80ms trace=a8da86a3-69d9-8f8f-5050-dd665132e055
2026-02-21T02:40:00.019Z [svc-billing-4] closed idle connection after 164s
2026-02-21T02:40:00.019Z [svc-queue-1] health check ok
2026-02-21T02:40:00.022Z [svc-billing-0] processed batch of 176 items
2026-02-21T02:40:00.028Z [svc-db-4] health check ok
2026-02-21T02:40:00.029Z [svc-gateway-0] cache hit rate 90%
2026-02-21T02:40:00.032Z [svc-notify-1] health check ok
2026-02-21T02:40:00.033Z [svc-gateway-2] processed batch of 392 items
2026-02-21T02:40:00.034Z [svc-notify-3] gc pause 5ms, heap 474MB
2026-02-21T02:40:00.035Z [svc-auth-4] warning: slow query took 1095ms
2026-02-21T02:40:00.035Z [svc-notify-1] gc pause 9ms, heap 908MB
2026-02-21T02:40:00.036Z [svc-cache-4] gc pause 101ms, heap 665MB
2026-02-21T02:40:00.038Z [svc-search-1] health check ok
2026-02-21T02:40:00.040Z [pytest-xdist] gw5 test_webhooks.py::test_retry_session PASSED in 34ms trace=5e33e58f-e800-eafb-62b4-1be7cee28b60
2026-02-21T02:40:00.041Z [svc-gateway-2] retrying connection to s3 (attempt 1/3)
2026-02-21T02:40:00.043Z [svc-auth-3] connected to upstream in 26ms
2026-02-21T02:40:00.045Z [svc-auth-1] cache hit rate 95%
2026-02-21T02:40:00.045Z [svc-notify-2] connected to upstream in 69ms
2026-02-21T02:40:00.045Z [svc-media-1] connected to upstream in 82ms
2026-02-21T02:40:00.046Z [svc-notify-0] retrying connection to postgres (attempt 1/3)
2026-02-21T02:40:00.047Z [svc-cache-0] warning: slow query took 1455ms
2026-02-21T02:40:00.049Z [pytest-xdist] gw2 test_sched.py::test_cache_template PASSED in 19ms trace=e3218af9-4cf5-6fdd-ac97-ad238739062f
2026-02-21T02:40:00.050Z [svc-notify-3] health check ok
2026-02-21T02:40:00.050Z [svc-gateway-4] connected to upstream in 83ms
2026-02-21T02:40:00.051Z [svc-sched-3] closed idle connection after 162s
2026-02-21T02:40:00.053Z [svc-db-0] connected to upstream in 52ms
2026-02-21T02:40:00.054Z [svc-auth-0] processed batch of 213 items
2026-02-21T02:40:00.054Z [svc-cache-4] health check ok
2026-02-21T02:40:00.054Z [svc-notify-0] warning: slow query took 2015ms
2026-02-21T02:40:00.055Z [svc-auth-4] health check ok
2026-02-21T02:40:00.057Z [pytest-xdist] gw5 test_reports.py::test_validate_region PASSED in 87ms trace=05aafa75-3ae5-c703-64a5-29d473a66d33
2026-02-21T02:40:00.057Z [svc-search-3] gc pause 9ms, heap 328MB
2026-02-21T02:40:00.057Z [svc-media-0] warning: slow query took 354ms
2026-02-21T02:40:00.059Z [svc-cache-3] cache hit rate 92%
2026-02-21T02:40:00.059Z [svc-gateway-0] warning: slow query took 241ms
2026-02-21T02:40:00.059Z [svc-media-4] warning: slow query took 224ms
2026-02-21T02:40:00.060Z [svc-media-0] health check ok
2026-02-21T02:40:00.063Z [svc-sched-3] cache hit rate 90%
2026-02-21T02:40:00.064Z [svc-media-3] warning: slow query took 263ms
2026-02-21T02:40:00.069Z [svc-media-0] health check ok
2026-02-21T02:40:00.070Z [svc-cache-3] health check ok
2026-02-21T02:40:00.070Z [svc-db-2] cache hit rate 88%
2026-02-21T02:40:00.070Z [svc-gateway-2] warning: slow query took 2189ms
2026-02-21T02:40:00.071Z [pytest-xdist] gw1 test_queue.py::test_notify_invoice PASSED in 7ms trace=6da5ff82-b428-b732-4c0f-419d3fbc0b74
2026-02-21T02:40:00.071Z [svc-db-4] retrying connection to postgres (attempt 3/3)
2026-02-21T02:40:00.072Z [svc-notify-2] retrying connection to kafka (attempt 3/3)
2026-02-21T02:40:00.075Z [svc-billing-2] cache hit rate 95%
2026-02-21T02:40:00.077Z [svc-auth-2] cache hit rate 95%
2026-02-21T02:40:00.079Z [svc-auth-2] connected to upstream in 22ms
2026-02-21T02:40:00.080Z [svc-queue-0] warning: slow query took 1287ms
2026-02-21T02:40:00.081Z [svc-billing-3] connected to upstream in 67ms
2026-02-21T02:40:00.081Z [svc-queue-0] warning: slow query took 905ms
2026-02-21T02:40:00.082Z [pytest-xdist] gw5 test_export.py::test_parse_attachment PASSED in 23ms trace=63c5dd1b-30f6-e5a4-b06c-5d5742f11261
2026-02-21T02:40:00.086Z [svc-auth-4] connected to upstream in 84ms
2026-02-21T02:40:00.087Z [svc-auth-2] warning: slow query took 383ms
2026-02-21T02:40:00.088Z [svc-db-0] warning: slow query took 559ms
2026-02-21T02:40:00.088Z [svc-search-1] warning: slow query took 944ms
2026-02-21T02:40:00.089Z [pytest-xdist] gw2 test_queue.py::test_create_invoice PASSED in 181ms trace=9ec932ec-d65d-f519-70b1-f4ba896d8af2
2026-02-21T02:40:00.089Z [svc-auth-1] health check ok
2026-02-21T02:40:00.089Z [svc-db-4] connected to upstream in 22ms
2026-02-21T02:40:00.089Z [svc-notify-2] cache hit rate 90%
2026-02-21T02:40:00.089Z [svc-media-3] connected to upstream in 34ms
2026-02-21T02:40:00.091Z [svc-auth-2] connected to upstream in 77ms
2026-02-21T02:40:00.093Z [pytest-xdist] gw2 test_payments.py::test_expire_session PASSED in 61ms trace=b3f0f302-18cd-74de-caaa-68afe93ff587
2026-02-21T02:40:00.093Z [svc-auth-2] health check ok
2026-02-21T02:40:00.093Z [svc-sched-0] cache hit rate 85%
2026-02-21T02:40:00.096Z [pytest-xdist] gw3 test_notify.py::test_sync_token PASSED in 20ms trace=a975940d-925d-b6e2-de80-c2616e7be235
2026-02-21T02:40:00.098Z [svc-billing-3] closed idle connection after 200s
2026-02-21T02:40:00.098Z [svc-gateway-2] connected to upstream in 28ms
2026-02-21T02:40:00.098Z [svc-gateway-4] health check ok
2026-02-21T02:40:00.099Z [pytest-xdist] gw4 test_auth.py::test_sync_refund PASSED in 204ms trace=7c5290f7-8ed2-40ad-ebae-4ba89728a916
2026-02-21T02:40:00.101Z [svc-db-2] cache hit rate 85%
2026-02-21T02:40:00.101Z [svc-media-2] connected to upstream in 78ms
2026-02-21T02:40:00.103Z [svc-db-1] connected to upstream in 6ms
2026-02-21T02:40:00.108Z [svc-gateway-2] gc pause 90ms, heap 172MB
2026-02-21T02:40:00.109Z [svc-auth-1] retrying connection to vault (attempt 2/3)
2026-02-21T02:40:00.110Z [svc-queue-0] gc pause 110ms, heap 113MB
2026-02-21T02:40:00.111Z [pytest-xdist] gw1 test_users.py::test_render_region PASSED in 137ms trace=bc155ddf-7ee7-d228-3fef-dc1d99449c2c
2026-02-21T02:40:00.113Z [svc-cache-1] connected to upstream in 75ms
2026-02-21T02:40:00.121Z [pytest-xdist] gw2 test_notify.py::test_expire_user PASSED in 20ms trace=5742ce5e-9cd0-5a48-16a6-66b990ea32e9
2026-02-21T02:40:00.123Z [svc-gateway-2] health check ok
2026-02-21T02:40:00.124Z [svc-cache-3] warning: slow query took 657ms
2026-02-21T02:40:00.125Z [svc-billing-3] health check ok
2026-02-21T02:40:00.125Z [svc-notify-0] gc pause 120ms, heap 736MB
2026-02-21T02:40:00.127Z [svc-sched-0] warning: slow query took 721ms
2026-02-21T02:40:00.128Z [pytest-xdist] gw0 test_export.py::test_reconcile_index PASSED in 1ms trace=f4d3766f-e07f-2d30-6549-73a45255eb64
2026-02-21T02:40:00.128Z [svc-db-3] connected to upstream in 29ms
2026-02-21T02:40:00.129Z [svc-cache-3] closed idle connection after 175s
2026-02-21T02:40:00.129Z [svc-search-4] connected to upstream in 24ms
2026-02-21T02:40:00.130Z [svc-billing-4] gc pause 55ms, heap 973MB
2026-02-21T02:40:00.131Z [svc-notify-4] cache hit rate 92%
2026-02-21T02:40:00.136Z [svc-sched-3] health check ok
2026-02-21T02:40:00.137Z [svc-billing-0] processed batch of 419 items
2026-02-21T02:40:00.139Z [svc-auth-0] cache hit rate 88%
2026-02-21T02:40:00.141Z [svc-cache-1] warning: slow query took 1344ms
2026-02-21T02:40:00.141Z [svc-media-4] warning: slow query took 1224ms
2026-02-21T02:40:00.143Z [pytest-xdist] gw2 test_billing.py::test_reconcile_subscription PASSED in 176ms trace=2f12d821-2ceb-d51d-5e29-6697b06d9eaf
2026-02-21T02:40:00.144Z [svc-media-1] health check ok
2026-02-21T02:40:00.145Z [svc-notify-1] gc pause 88ms, heap 159MB
2026-02-21T02:40:00.146Z [svc-search-0] processed batch of 230 items
2026-02-21T02:40:00.148Z [svc-db-4] retrying connection to postgres (attempt 3/3)
2026-02-21T02:40:00.149Z [svc-sched-3] processed batch of 407 items
2026-02-21T02:40:00.151Z [svc-search-3] warning: slow query took 1504ms
2026-02-21T02:40:00.151Z [svc-queue-3] closed idle connection after 89s
2026-02-21T02:40:00.153Z [svc-auth-2] retrying connection to postgres (attempt 3/3)
2026-02-21T02:40:00.153Z [svc-search-2] retrying connection to kafka (attempt 1/3)
2026-02-21T02:40:00.155Z [pytest-xdist] gw1 test_import.py::test_authorize_index PASSED in 44ms trace=91ae7516-02db-b8da-1725-605973bb0c4a
2026-02-21T02:40:00.155Z [svc-notify-2] closed idle connection after 323s
2026-02-21T02:40:00.157Z [svc-db-2] cache hit rate 95%
2026-02-21T02:40:00.161Z [svc-auth-0] gc pause 61ms, heap 543MB
2026-02-21T02:40:00.162Z [svc-billing-2] closed idle connection after 116s
2026-02-21T02:40:00.162Z [svc-sched-4] cache hit rate 90%
2026-02-21T02:40:00.163Z [svc-auth-0] closed idle connection after 98s
2026-02-21T02:40:00.163Z [svc-gateway-0] cache hit rate 92%
2026-02-21T02:40:00.164Z [pytest-xdist] gw1 test_search.py::test_paginate_shipment PASSED in 120ms trace=2e63675e-bd73-9641-ad87-efdb0d132f9c
2026-02-21T02:40:00.170Z [svc-gateway-2] cache hit rate 95%
2026-02-21T02:40:00.173Z [svc-auth-0] warning: slow query took 1686ms
2026-02-21T02:40:00.175Z [svc-cache-4] closed idle connection after 309s
2026-02-21T02:40:00.176Z [svc-search-1] cache hit rate 95%
2026-02-21T02:40:00.176Z [svc-notify-4] connected to upstream in 23ms
2026-02-21T02:40:00.177Z [pytest-xdist] gw4 test_payments.py::test_parse_coupon PASSED in 161ms trace=181ebbf9-22ff-1124-2c59-1ef947269e2d
2026-02-21T02:40:00.178Z [svc-media-4] connected to upstream in 51ms
2026-02-21T02:40:00.179Z [svc-notify-2] retrying connection to kafka (attempt 2/3)
2026-02-21T02:40:00.185Z [svc-db-4] health check ok
2026-02-21T02:40:00.185Z [svc-media-0] cache hit rate 92%
2026-02-21T02:40:00.186Z [svc-gateway-1] warning: slow query took 343ms
2026-02-21T02:40:00.187Z [svc-db-1] health check ok
2026-02-21T02:40:00.189Z [pytest-xdist] gw5 test_payments.py::test_authorize_subscription PASSED in 213ms trace=1b87e28d-328d-ab0a-f1de-a86bb6e34cd5
2026-02-21T02:40:00.190Z [svc-media-3] health check ok
2026-02-21T02:40:00.191Z [svc-db-3] warning: slow query took 553ms
2026-02-21T02:40:00.191Z [svc-billing-4] closed idle connection after 184s
2026-02-21T02:40:00.191Z [svc-queue-2] health check ok
2026-02-21T02:40:00.191Z [svc-queue-2] health check ok
2026-02-21T02:40:00.193Z [svc-auth-2] health check ok
2026-02-21T02:40:00.194Z [pytest-xdist] gw5 test_auth.py::test_render_index PASSED in 24ms trace=d615da35-ee78-93bc-7e80-23777f2441d2
2026-02-21T02:40:00.194Z [svc-notify-4] gc pause 40ms, heap 892MB
2026-02-21T02:40:00.194Z [svc-media-1] closed idle connection after 105s
2026-02-21T02:40:00.195Z [svc-cache-2] health check ok
2026-02-21T02:40:00.198Z [svc-auth-0] cache hit rate 88%
2026-02-21T02:40:00.198Z [svc-search-4] health check ok
2026-02-21T02:40:00.198Z [svc-notify-0] cache hit rate 95%
2026-02-21T02:40:00.198Z [svc-gateway-0] health check ok
2026-02-21T02:40:00.199Z [svc-media-4] retrying connection to s3 (attempt 1/3)
2026-02-21T02:40:00.200Z [svc-notify-0] processed batch of 273 items
2026-02-21T02:40:00.200Z [svc-queue-3] retrying connection to kafka (attempt 2/3)
2026-02-21T02:40:00.203Z [svc-cache-2] cache hit rate 88%
2026-02-21T02:40:00.206Z [svc-search-0] connected to upstream in 69ms
2026-02-21T02:40:00.207Z [svc-notify-2] connected to upstream in 83ms
2026-02-21T02:40:00.209Z [svc-sched-1] processed batch of 418 items
2026-02-21T02:40:00.210Z [svc-media-3] warning: slow query took 1381ms
2026-02-21T02:40:00.211Z [pytest-xdist] gw0 test_webhooks.py::test_retry_invoice PASSED in 63ms trace=e8a0971d-064f-4cae-c24f-45529cc78e99
2026-02-21T02:40:00.213Z [svc-auth-4] warning: slow query took 2090ms
2026-02-21T02:40:00.213Z [svc-notify-0] processed batch of 47 items
2026-02-21T02:40:00.213Z [svc-media-3] processed batch of 140 items
2026-02-21T02:40:00.214Z [svc-search-3] connected to upstream in 23ms
2026-02-21T02:40:00.221Z [svc-db-1] warning: slow query took 487ms
2026-02-21T02:40:00.223Z [pytest-xdist] gw2 test_notify.py::test_render_index PASSED in 149ms trace=ce7dfcfb-2408-268f-abb3-3834f9c82ead
2026-02-21T02:40:00.223Z [svc-db-0] connected to upstream in 20ms
2026-02-21T02:40:00.224Z [svc-notify-3] closed idle connection after 295s
2026-02-21T02:40:00.230Z [svc-auth-2] retrying connection to postgres (attempt 1/3)
2026-02-21T02:40:00.231Z [svc-notify-4] closed idle connection after 323s
2026-02-21T02:40:00.232Z [svc-billing-2] processed batch of 288 items
2026-02-21T02:40:00.232Z [svc-sched-0] gc pause 78ms, heap 939MB
2026-02-21T02:40:00.233Z [svc-gateway-2] cache hit rate 95%
2026-02-21T02:40:00.235Z [svc-sched-2] retrying connection to redis (attempt 2/3)
2026-02-21T02:40:00.239Z [pytest-xdist] gw5 test_notify.py::test_render_webhook PASSED in 77ms trace=422d7d50-3153-6412-4059-43acb3f3b239
2026-02-21T02:40:00.239Z [svc-queue-4] gc pause 16ms, heap 438MB
2026-02-21T02:40:00.241Z [svc-db-4] health check ok
2026-02-21T02:40:00.241Z [svc-notify-4] warning: slow query took 925ms
2026-02-21T02:40:00.242Z [pytest-xdist] gw1 test_reports.py::test_notify_index PASSED in 76ms trace=d8b3b171-7a58-ad77-efb9-92558345a608
2026-02-21T02:40:00.243Z [svc-cache-2] cache hit rate 88%
2026-02-21T02:40:00.245Z [svc-media-1] health check ok
2026-02-21T02:40:00.246Z [svc-cache-3] connected to upstream in 74ms
2026-02-21T02:40:00.246Z [svc-db-4] warning: slow query took 1188ms
2026-02-21T02:40:00.247Z [svc-notify-0] warning: slow query took 1932ms
2026-02-21T02:40:00.248Z [svc-notify-3] retrying connection to s3 (attempt 3/3)
2026-02-21T02:40:00.250Z [pytest-xdist] gw5 test_export.py::test_authorize_subscription PASSED in 13ms trace=697ee479-15c3-4dc6-674f-5f54d05050d8
2026-02-21T02:40:00.250Z [svc-auth-2] connected to upstream in 7ms
2026-02-21T02:40:00.251Z [svc-sched-2] cache hit rate 92%
2026-02-21T02:40:00.254Z [svc-notify-1] connected to upstream in 65ms
2026-02-21T02:40:00.254Z [svc-gateway-4] gc pause 116ms, heap 598MB
2026-02-21T02:40:00.255Z [svc-cache-3] processed batch of 82 items
2026-02-21T02:40:00.259Z [pytest-xdist] gw3 test_search.py::test_render_token PASSED in 152ms trace=71850185-a862-a1d9-48a6-2a6b6ef36155
2026-02-21T02:40:00.259Z [svc-db-4] retrying connection to postgres (attempt 1/3)
2026-02-21T02:40:00.262Z [pytest-xdist] gw5 test_gateway.py::test_list_template PASSED in 216ms trace=e3a6dea1-424b-9991-823d-841d03d281cc
2026-02-21T02:40:00.262Z [svc-sched-0] warning: slow query took 2163ms
2026-02-21T02:40:00.262Z [svc-sched-4] closed idle connection after 197s
2026-02-21T02:40:00.263Z [svc-notify-3] closed idle connection after 235s
2026-02-21T02:40:00.264Z [svc-cache-4] closed idle connection after 127s
2026-02-21T02:40:00.264Z [svc-sched-4] warning: slow query took 1082ms
2026-02-21T02:40:00.265Z [pytest-xdist] gw2 test_billing.py::test_expire_session PASSED in 183ms trace=e577f69b-31e1-472e-d70f-b0577c87009e
2026-02-21T02:40:00.266Z [svc-cache-3] warning: slow query took 743ms
2026-02-21T02:40:00.267Z [svc-auth-0] warning: slow query took 1326ms
2026-02-21T02:40:00.269Z [svc-queue-3] cache hit rate 88%
2026-02-21T02:40:00.270Z [svc-queue-1] connected to upstream in 67ms
2026-02-21T02:40:00.272Z [pytest-xdist] gw1 test_media.py::test_delete_shipment PASSED in 199ms trace=3c982e14-5171-f1d8-1017-736bf6a729b4
2026-02-21T02:40:00.273Z [svc-notify-0] health check ok
2026-02-21T02:40:00.273Z [svc-gateway-3] gc pause 96ms, heap 418MB
2026-02-21T02:40:00.274Z [svc-queue-2] closed idle connection after 294s
2026-02-21T02:40:00.275Z [svc-auth-0] processed batch of 441 items
2026-02-21T02:40:00.276Z [svc-auth-2] closed idle connection after 111s
2026-02-21T02:40:00.276Z [svc-media-3] connected to upstream in 76ms
2026-02-21T02:40:00.277Z [pytest-xdist] gw0 test_notify.py::test_reconcile_quota PASSED in 109ms trace=3fce6b67-5344-7ca1-4b20-4d4d97909642
2026-02-21T02:40:00.279Z [svc-auth-0] health check ok
2026-02-21T02:40:00.280Z [svc-notify-1] connected to upstream in 44ms
2026-02-21T02:40:00.281Z [pytest-xdist] gw3 test_gateway.py::test_cache_template PASSED in 130ms trace=49c2cf92-f3f7-5e68-8777-c8674f31d8eb
2026-02-21T02:40:00.282Z [svc-billing-4] closed idle connection after 231s
2026-02-21T02:40:00.285Z [svc-cache-2] cache hit rate 92%
2026-02-21T02:40:00.286Z [pytest-xdist] gw1 test_orders.py::test_reconcile_subscription PASSED in 155ms trace=6b379ef9-6767-8a5c-7337-566a3091c232
2026-02-21T02:40:00.286Z [svc-notify-0] closed idle connection after 205s
2026-02-21T02:40:00.286Z [svc-sched-3] health check ok
2026-02-21T02:40:00.288Z [svc-gateway-4] health check ok
2026-02-21T02:40:00.289Z [svc-queue-4] health check ok
2026-02-21T02:40:00.293Z [svc-gateway-4] closed idle connection after 189s
2026-02-21T02:40:00.293Z [svc-sched-1] processed batch of 445 items
2026-02-21T02:40:00.294Z [svc-search-0] gc pause 25ms, heap 664MB
2026-02-21T02:40:00.295Z [svc-sched-4] warning: slow query took 1922ms
2026-02-21T02:40:00.296Z [svc-search-0] health check ok
2026-02-21T02:40:00.299Z [svc-billing-2] closed idle connection after 230s
2026-02-21T02:40:00.301Z [svc-auth-2] warning: slow query took 2086ms
2026-02-21T02:40:00.301Z [svc-cache-2] connected to upstream in 29ms
2026-02-21T02:40:00.301Z [svc-search-3] closed idle connection after 138s
2026-02-21T02:40:00.301Z [svc-queue-2] retrying connection to redis (attempt 3/3)
2026-02-21T02:40:00.307Z [svc-cache-2] closed idle connection after 90s
2026-02-21T02:40:00.308Z [pytest-xdist] gw0 test_auth.py::test_cache_template PASSED in 65ms trace=67cc8016-57e2-0d09-3080-cd2a3a4a2620
2026-02-21T02:40:00.310Z [svc-media-0] health check ok
2026-02-21T02:40:00.310Z [svc-queue-4] closed idle connection after 106s
2026-02-21T02:40:00.314Z [svc-db-0] warning: slow query took 785ms
2026-02-21T02:40:00.315Z [svc-gateway-3] health check ok
2026-02-21T02:40:00.315Z [svc-sched-4] retrying connection to s3 (attempt 3/3)
2026-02-21T02:40:00.317Z [pytest-xdist] gw2 test_payments.py::test_render_webhook PASSED in 64ms trace=7054045b-c5d0-bc9c-bd4d-1bd2ed61264a
2026-02-21T02:40:00.318Z [svc-db-1] cache hit rate 95%
2026-02-21T02:40:00.318Z [svc-db-3] warning: slow query took 1828ms
2026-02-21T02:40:00.318Z [svc-billing-0] health check ok
2026-02-21T02:40:00.318Z [svc-billing-2] processed batch of 98 items
2026-02-21T02:40:00.318Z [svc-queue-1] processed batch of 379 items
2026-02-21T02:40:00.319Z [svc-cache-1] processed batch of 37 items
2026-02-21T02:40:00.319Z [svc-queue-2] processed batch of 44 items
2026-02-21T02:40:00.323Z [svc-gateway-4] cache hit rate 90%
2026-02-21T02:40:00.324Z [svc-media-3] gc pause 77ms, heap 507MB
2026-02-21T02:40:00.328Z [pytest-xdist] gw4 test_reports.py::test_cache_refund PASSED in 20ms trace=7c2f45ea-aa79-290e-4b0e-e24f9f4c254f
2026-02-21T02:40:00.330Z [svc-notify-4] cache hit rate 88%
2026-02-21T02:40:00.332Z [svc-db-3] cache hit rate 92%
2026-02-21T02:40:00.334Z [svc-gateway-0] retrying connection to redis (attempt 2/3)
2026-02-21T02:40:00.337Z [svc-notify-1] processed batch of 204 items
2026-02-21T02:40:00.338Z [svc-billing-4] gc pause 101ms, heap 558MB
2026-02-21T02:40:00.339Z [svc-search-1] connected to upstream in 44ms
2026-02-21T02:40:00.339Z [svc-sched-3] gc pause 115ms, heap 576MB
2026-02-21T02:40:00.340Z [svc-gateway-0] connected to upstream in 78ms
2026-02-21T02:40:00.341Z [svc-auth-4] connected to upstream in 69ms
2026-02-21T02:40:00.341Z [svc-search-0] cache hit rate 95%
2026-02-21T02:40:00.343Z [svc-queue-2] processed batch of 423 items
2026-02-21T02:40:00.344Z [svc-media-3] connected to upstream in 31ms
2026-02-21T02:40:00.344Z [svc-queue-0] closed idle connection after 146s
2026-02-21T02:40:00.345Z [svc-auth-2] processed batch of 76 items
2026-02-21T02:40:00.346Z [pytest-xdist] gw4 test_auth.py::test_sync_subscription PASSED in 96ms trace=d25ba000-3259-a785-8e4d-8d370f40dd89
2026-02-21T02:40:00.346Z [svc-gateway-2] connected to upstream in 18ms
2026-02-21T02:40:00.347Z [svc-queue-0] closed idle connection after 258s
2026-02-21T02:40:00.352Z [svc-gateway-3] gc pause 88ms, heap 578MB
2026-02-21T02:40:00.353Z [svc-gateway-2] connected to upstream in 17ms
2026-02-21T02:40:00.353Z [svc-media-3] cache hit rate 90%
2026-02-21T02:40:00.354Z [svc-auth-1] cache hit rate 88%
2026-02-21T02:40:00.356Z [svc-cache-0] retrying connection to vault (attempt 1/3)
2026-02-21T02:40:00.356Z [svc-db-2] connected to upstream in 19ms
2026-02-21T02:40:00.356Z [svc-billing-0] closed idle connection after 224s
2026-02-21T02:40:00.357Z [pytest-xdist] gw0 test_payments.py::test_update_subscription PASSED in 25ms trace=4be0c447-7ec6-9efb-7c52-10a6c7ebaa70
2026-02-21T02:40:00.358Z [svc-billing-0] cache hit rate 88%
2026-02-21T02:40:00.358Z [svc-billing-3] warning: slow query took 2014ms
2026-02-21T02:40:00.358Z [svc-media-1] gc pause 66ms, heap 445MB
2026-02-21T02:40:00.359Z [svc-gateway-0] connected to upstream in 13ms
2026-02-21T02:40:00.359Z [svc-media-4] connected to upstream in 42ms
2026-02-21T02:40:00.360Z [svc-media-0] gc pause 14ms, heap 707MB
2026-02-21T02:40:00.361Z [svc-media-1] connected to upstream in 10ms
2026-02-21T02:40:00.363Z [svc-sched-3] cache hit rate 95%
2026-02-21T02:40:00.367Z [svc-db-0] gc pause 57ms, heap 745MB
2026-02-21T02:40:00.368Z [svc-notify-2] connected to upstream in 11ms
2026-02-21T02:40:00.370Z [pytest-xdist] gw2 test_search.py::test_delete_coupon PASSED in 125ms trace=48993ba5-9bde-a80d-0790-d9398427b31d
2026-02-21T02:40:00.371Z [svc-auth-1] connected to upstream in 20ms
2026-02-21T02:40:00.371Z [svc-search-0] connected to upstream in 53ms
2026-02-21T02:40:00.371Z [svc-gateway-2] closed idle connection after 211s
2026-02-21T02:40:00.373Z [svc-db-0] warning: slow query took 704ms
2026-02-21T02:40:00.374Z [svc-db-2] health check ok
2026-02-21T02:40:00.374Z [svc-billing-1] gc pause 17ms, heap 934MB
2026-02-21T02:40:00.375Z [svc-billing-2] cache hit rate 90%
2026-02-21T02:40:00.377Z [svc-queue-0] retrying connection to vault (attempt 1/3)
2026-02-21T02:40:00.378Z [svc-media-0] connected to upstream in 63ms
2026-02-21T02:40:00.380Z [svc-gateway-3] warning: slow query took 1388ms
2026-02-21T02:40:00.381Z [svc-auth-1] warning: slow query took 1236ms
2026-02-21T02:40:00.381Z [svc-db-3] retrying connection to vault (attempt 3/3)
2026-02-21T02:40:00.382Z [svc-auth-2] processed batch of 293 items
2026-02-21T02:40:00.382Z [svc-sched-0] connected to upstream in 33ms
2026-02-21T02:40:00.384Z [svc-notify-1] retrying connection to redis (attempt 3/3)
2026-02-21T02:40:00.386Z [svc-db-2] cache hit rate 95%
2026-02-21T02:40:00.389Z [pytest-xdist] gw3 test_payments.py::test_sync_template PASSED in 182ms trace=24e1172a-0e4e-9c3b-11a1-a677d35b8f1a
2026-02-21T02:40:00.390Z [svc-media-4] retrying connection to s3 (attempt 2/3)
2026-02-21T02:40:00.394Z [svc-auth-1] closed idle connection after 308s
2026-02-21T02:40:00.395Z [svc-db-2] closed idle connection after 158s
2026-02-21T02:40:00.396Z [svc-auth-1] cache hit rate 95%
2026-02-21T02:40:00.399Z [svc-search-2] closed idle connection after 136s
2026-02-21T02:40:00.400Z [svc-search-0] connected to upstream in 41ms
2026-02-21T02:40:00.400Z [svc-search-4] warning: slow query took 956ms
2026-02-21T02:40:00.401Z [svc-sched-3] retrying connection to kafka (attempt 1/3)
2026-02-21T02:40:00.404Z [svc-notify-1] closed idle connection after 256s
2026-02-21T02:40:00.404Z [svc-media-4] cache hit rate 88%
2026-02-21T02:40:00.405Z [svc-cache-4] processed batch of 144 items
2026-02-21T02:40:00.405Z [svc-gateway-3] warning: slow query took 1910ms
2026-02-21T02:40:00.405Z [svc-media-0] connected to upstream in 38ms
2026-02-21T02:40:00.406Z [pytest-xdist] gw1 test_orders.py::test_render_quota PASSED in 230ms trace=db3eb58a-c0a5-ca21-4eab-60136e678103
2026-02-21T02:40:00.406Z [svc-db-3] closed idle connection after 143s
2026-02-21T02:40:00.406Z [svc-media-3] cache hit rate 92%
2026-02-21T02:40:00.406Z [svc-queue-0] retrying connection to vault (attempt 3/3)
2026-02-21T02:40:00.407Z [svc-gateway-2] gc pause 89ms, heap 442MB
2026-02-21T02:40:00.407Z [svc-sched-2] connected to upstream in 79ms
2026-02-21T02:40:00.408Z [svc-sched-3] closed idle connection after 70s
2026-02-21T02:40:00.409Z [svc-db-0] cache hit rate 88%
2026-02-21T02:40:00.411Z [svc-search-1] cache hit rate 85%
2026-02-21T02:40:00.417Z [svc-gateway-2] cache hit rate 92%
2026-02-21T02:40:00.419Z [svc-cache-3] cache hit rate 92%
2026-02-21T02:40:00.420Z [svc-cache-1] warning: slow query took 1180ms
2026-02-21T02:40:00.420Z [svc-search-1] gc pause 82ms, heap 395MB
2026-02-21T02:40:00.420Z [svc-notify-3] retrying connection to s3 (attempt 3/3)
2026-02-21T02:40:00.420Z [svc-gateway-3] warning: slow query took 1118ms
2026-02-21T02:40:00.421Z [svc-sched-4] gc pause 51ms, heap 852MB
2026-02-21T02:40:00.422Z [svc-media-0] closed idle connection after 287s
2026-02-21T02:40:00.423Z [svc-search-2] cache hit rate 95%
2026-02-21T02:40:00.424Z [pytest-xdist] gw3 test_notify.py::test_validate_region PASSED in 75ms trace=c8ec18a3-80a3-9c46-b850-3eb1dddf20d4
2026-02-21T02:40:00.424Z [svc-auth-1] processed batch of 187 items
2026-02-21T02:40:00.425Z [svc-cache-1] cache hit rate 92%
2026-02-21T02:40:00.425Z [svc-db-2] warning: slow query took 1675ms
2026-02-21T02:40:00.425Z [svc-media-4] warning: slow query took 1451ms
2026-02-21T02:40:00.426Z [svc-db-1] health check ok
2026-02-21T02:40:00.428Z [svc-auth-4] health check ok
2026-02-21T02:40:00.429Z [svc-cache-0] health check ok
2026-02-21T02:40:00.430Z [svc-sched-3] warning: slow query took 1696ms
2026-02-21T02:40:00.432Z [pytest-xdist] gw4 test_billing.py::test_paginate_refund PASSED in 73ms trace=f3f7c79d-e25b-2f12-1199-5548aebf6237
2026-02-21T02:40:00.432Z [svc-auth-1] closed idle connection after 90s
2026-02-21T02:40:00.434Z [svc-media-1] warning: slow query took 1132ms
2026-02-21T02:40:00.436Z [svc-sched-4] cache hit rate 85%
2026-02-21T02:40:00.437Z [svc-notify-4] gc pause 86ms, heap 570MB
2026-02-21T02:40:00.439Z [svc-billing-0] health check ok
2026-02-21T02:40:00.439Z [svc-gateway-0] health check ok
2026-02-21T02:40:00.440Z [svc-queue-1] retrying connection to postgres (attempt 1/3)
2026-02-21T02:40:00.441Z [svc-auth-4] closed idle connection after 232s
2026-02-21T02:40:00.441Z [svc-sched-4] gc pause 93ms, heap 695MB
2026-02-21T02:40:00.442Z [svc-notify-0] retrying connection to postgres (attempt 3/3)
2026-02-21T02:40:00.442Z [svc-media-2] warning: slow query took 1051ms
2026-02-21T02:40:00.443Z [svc-db-3] gc pause 114ms, heap 996MB
2026-02-21T02:40:00.443Z [svc-notify-2] closed idle connection after 242s
2026-02-21T02:40:00.447Z [svc-queue-1] retrying connection to postgres (attempt 1/3)
2026-02-21T02:40:00.447Z [svc-queue-4] connected to upstream in 5ms
2026-02-21T02:40:00.447Z [svc-sched-1] closed idle connection after 124s
2026-02-21T02:40:00.449Z [svc-queue-1] processed batch of 274 items
2026-02-21T02:40:00.451Z [pytest-xdist] gw5 test_import.py::test_update_shipment PASSED in 184ms trace=bd4f0ea1-8e31-915a-5535-79060e81707e
2026-02-21T02:40:00.452Z [svc-auth-1] gc pause 30ms, heap 916MB
2026-02-21T02:40:00.454Z [svc-cache-4] processed batch of 353 items
2026-02-21T02:40:00.454Z [svc-db-1] retrying connection to s3 (attempt 3/3)
2026-02-21T02:40:00.454Z [svc-search-3] closed idle connection after 191s
2026-02-21T02:40:00.455Z [svc-billing-4] warning: slow query took 484ms
2026-02-21T02:40:00.456Z [svc-cache-2] retrying connection to redis (attempt 1/3)
2026-02-21T02:40:00.456Z [svc-search-0] health check ok
2026-02-21T02:40:00.456Z [svc-search-2] processed batch of 435 items
2026-02-21T02:40:00.456Z [svc-gateway-1] cache hit rate 92%
2026-02-21T02:40:00.459Z [svc-db-3] gc pause 41ms, heap 202MB
2026-02-21T02:40:00.461Z [svc-gateway-1] connected to upstream in 41ms
2026-02-21T02:40:00.462Z [pytest-xdist] gw4 test_reports.py::test_paginate_query PASSED in 242ms trace=490ae41d-8a9f-f581-027a-a87a8bba8a04
2026-02-21T02:40:00.462Z [svc-gateway-1] warning: slow query took 712ms
2026-02-21T02:40:00.463Z [svc-db-3] warning: slow query took 1251ms
2026-02-21T02:40:00.468Z [svc-search-2] gc pause 18ms, heap 617MB
2026-02-21T02:40:00.470Z [pytest-xdist] gw2 test_auth.py::test_expire_subscription PASSED in 210ms trace=9ca0e382-5d97-3746-3de9-36224e805b97
2026-02-21T02:40:00.470Z [svc-gateway-2] processed batch of 258 items
2026-02-21T02:40:00.470Z [svc-sched-2] processed batch of 50 items
2026-02-21T02:40:00.471Z [svc-auth-0] connected to upstream in 65ms
2026-02-21T02:40:00.471Z [svc-queue-3] connected to upstream in 47ms
2026-02-21T02:40:00.474Z [svc-sched-2] connected to upstream in 75ms
2026-02-21T02:40:00.475Z [svc-db-3] health check ok
2026-02-21T02:40:00.478Z [svc-auth-2] retrying connection to postgres (attempt 2/3)
2026-02-21T02:40:00.478Z [svc-gateway-2] connected to upstream in 22ms
2026-02-21T02:40:00.479Z [svc-notify-3] gc pause 11ms, heap 218MB
2026-02-21T02:40:00.479Z [svc-queue-3] retrying connection to kafka (attempt 1/3)
2026-02-21T02:40:00.481Z [svc-cache-0] closed idle connection after 306s
2026-02-21T02:40:00.482Z [svc-cache-4] processed batch of 233 items
2026-02-21T02:40:00.483Z [pytest-xdist] gw0 test_export.py::test_validate_index PASSED in 46ms trace=269ecf87-e9cf-585f-d7ec-f583d93f04a0
2026-02-21T02:40:00.483Z [svc-auth-2] cache hit rate 95%
2026-02-21T02:40:00.484Z [svc-gateway-4] health check ok
2026-02-21T02:40:00.484Z [svc-media-3] gc pause 17ms, heap 443MB
2026-02-21T02:40:00.486Z [svc-notify-0] closed idle connection after 234s
2026-02-21T02:40:00.487Z [svc-sched-2] cache hit rate 85%
2026-02-21T02:40:00.490Z [svc-db-0] processed batch of 26 items
2026-02-21T02:40:00.490Z [svc-billing-3] closed idle connection after 207s
2026-02-21T02:40:00.490Z [svc-notify-0] warning: slow query took 2115ms
2026-02-21T02:40:00.491Z [svc-cache-2] retrying connection to redis (attempt 2/3)
2026-02-21T02:40:00.491Z [svc-gateway-3] processed batch of 504 items
2026-02-21T02:40:00.493Z [svc-search-4] health check ok
2026-02-21T02:40:00.493Z [svc-sched-4] processed batch of 320 items
2026-02-21T02:40:00.496Z [svc-gateway-3] processed batch of 383 items
2026-02-21T02:40:00.498Z [svc-auth-1] retrying connection to vault (attempt 2/3)
2026-02-21T02:40:00.498Z [svc-search-3] retrying connection to s3 (attempt 3/3)
2026-02-21T02:40:00.499Z [svc-auth-0] retrying connection to elasticsearch (attempt 2/3)
2026-02-21T02:40:00.499Z [svc-cache-4] closed idle connection after 166s
2026-02-21T02:40:00.504Z [pytest-xdist] gw2 test_orders.py::test_expire_index PASSED in 186ms trace=dfa50cd2-c651-e55b-4673-217da71001db
2026-02-21T02:40:00.504Z [svc-cache-1] retrying connection to postgres (attempt 3/3)
2026-02-21T02:40:00.504Z [svc-db-4] gc pause 44ms, heap 964MB
2026-02-21T02:40:00.507Z [svc-billing-2] connected to upstream in 82ms
2026-02-21T02:40:00.508Z [svc-notify-2] cache hit rate 88%
2026-02-21T02:40:00.510Z [pytest-xdist] gw2 test_export.py::test_notify_index PASSED in 111ms trace=c94cdf52-acdd-0f43-6d75-6ce11f89c3db
2026-02-21T02:40:00.510Z [svc-gateway-1] warning: slow query took 503ms
2026-02-21T02:40:00.510Z [svc-gateway-4] cache hit rate 88%
2026-02-21T02:40:00.510Z [svc-media-0] retrying connection to vault (attempt 3/3)
2026-02-21T02:40:00.514Z [svc-auth-0] processed batch of 191 items
2026-02-21T02:40:00.515Z [svc-sched-0] processed batch of 322 items
2026-02-21T02:40:00.516Z [svc-cache-4] health check ok
2026-02-21T02:40:00.516Z [svc-billing-4] gc pause 7ms, heap 948MB
2026-02-21T02:40:00.516Z [svc-sched-1] connected to upstream in 18ms
2026-02-21T02:40:00.517Z [pytest-xdist] gw5 test_orders.py::test_update_shipment PASSED in 66ms trace=775c3ec5-39d1-c7dc-f8b0-188fcfa4ec45
2026-02-21T02:40:00.518Z [svc-sched-1] retrying connection to postgres (attempt 2/3)
2026-02-21T02:40:00.521Z [svc-sched-1] cache hit rate 90%
2026-02-21T02:40:00.525Z [svc-db-3] health check ok
2026-02-21T02:40:00.526Z [svc-cache-2] closed idle connection after 296s
2026-02-21T02:40:00.529Z [svc-db-3] processed batch of 488 items
2026-02-21T02:40:00.530Z [svc-sched-2] gc pause 110ms, heap 310MB
2026-02-21T02:40:00.531Z [svc-media-3] warning: slow query took 502ms
2026-02-21T02:40:00.532Z [pytest-xdist] gw0 test_reports.py::test_notify_quota PASSED in 116ms trace=dad64208-c766-ac92-2ad7-b9fd6a5af40e
2026-02-21T02:40:00.533Z [svc-search-0] warning: slow query took 784ms
2026-02-21T02:40:00.533Z [svc-search-2] closed idle connection after 201s
2026-02-21T02:40:00.534Z [svc-notify-2] connected to upstream in 80ms
2026-02-21T02:40:00.536Z [pytest-xdist] gw1 test_export.py::test_list_quota PASSED in 210ms trace=177a994f-45d2-2b04-ce01-1a2f4f73a785
2026-02-21T02:40:00.536Z [svc-billing-4] closed idle connection after 137s
2026-02-21T02:40:00.539Z [svc-search-0] gc pause 80ms, heap 961MB
2026-02-21T02:40:00.539Z [svc-queue-3] closed idle connection after 304s
2026-02-21T02:40:00.541Z [svc-sched-0] retrying connection to vault (attempt 3/3)
2026-02-21T02:40:00.543Z [svc-gateway-3] closed idle connection after 68s
2026-02-21T02:40:00.545Z [svc-db-4] closed idle connection after 177s
2026-02-21T02:40:00.546Z [pytest-xdist] gw5 test_gateway.py::test_update_token PASSED in 145ms trace=137d9526-bf18-c335-ed24-84411e9314e3
2026-02-21T02:40:00.548Z [svc-queue-3] connected to upstream in 74ms
2026-02-21T02:40:00.549Z [svc-queue-3] gc pause 90ms, heap 370MB
2026-02-21T02:40:00.552Z [svc-media-0] processed batch of 474 items
2026-02-21T02:40:00.555Z [pytest-xdist] gw2 test_import.py::test_delete_user PASSED in 9ms trace=27b5bc39-5fcb-32fb-05df-385d450033e0
2026-02-21T02:40:00.558Z [svc-queue-3] retrying connection to kafka (attempt 1/3)
2026-02-21T02:40:00.560Z [svc-queue-2] gc pause 83ms, heap 526MB
2026-02-21T02:40:00.561Z [svc-gateway-4] warning: slow query took 2019ms
2026-02-21T02:40:00.562Z [svc-cache-2] cache hit rate 88%
2026-02-21T02:40:00.563Z [pytest-xdist] gw3 test_export.py::test_expire_quota PASSED in 76ms trace=e2707dad-4385-1e6e-62eb-9bdda20aedac
2026-02-21T02:40:00.563Z [svc-media-1] processed batch of 414 items
2026-02-21T02:40:00.564Z [svc-billing-1] retrying connection to kafka (attempt 3/3)
2026-02-21T02:40:00.565Z [svc-auth-3] processed batch of 102 items
2026-02-21T02:40:00.565Z [svc-auth-4] connected to upstream in 53ms
2026-02-21T02:40:00.565Z [svc-queue-3] health check ok
2026-02-21T02:40:00.566Z [svc-search-2] gc pause 75ms, heap 264MB
2026-02-21T02:40:00.567Z [svc-cache-2] retrying connection to redis (attempt 1/3)
2026-02-21T02:40:00.567Z [svc-notify-3] processed batch of 42 items
2026-02-21T02:40:00.567Z [svc-sched-3] connected to upstream in 21ms
2026-02-21T02:40:00.569Z [svc-search-4] retrying connection to elasticsearch (attempt 2/3)
2026-02-21T02:40:00.569Z [svc-media-4] retrying connection to s3 (attempt 3/3)
2026-02-21T02:40:00.570Z [svc-search-3] closed idle connection after 116s
2026-02-21T02:40:00.571Z [svc-auth-1] gc pause 64ms, heap 378MB
2026-02-21T02:40:00.572Z [svc-media-3] processed batch of 136 items
2026-02-21T02:40:00.573Z [svc-db-2] closed idle connection after 143s
2026-02-21T02:40:00.573Z [svc-notify-0] cache hit rate 88%
2026-02-21T02:40:00.573Z [svc-notify-0] gc pause 92ms, heap 806MB
2026-02-21T02:40:00.573Z [svc-sched-4] warning: slow query took 732ms
2026-02-21T02:40:00.578Z [svc-media-2] connected to upstream in 18ms
2026-02-21T02:40:00.578Z [svc-media-3] closed idle connection after 95s
2026-02-21T02:40:00.580Z [svc-gateway-3] closed idle connection after 88s
2026-02-21T02:40:00.580Z [svc-gateway-3] closed idle connection after 146s
2026-02-21T02:40:00.581Z [svc-cache-0] health check ok
2026-02-21T02:40:00.581Z [svc-db-1] warning: slow query took 900ms
2026-02-21T02:40:00.581Z [svc-db-2] retrying connection to elasticsearch (attempt 1/3)
2026-02-21T02:40:00.582Z [svc-gateway-0] cache hit rate 92%
2026-02-21T02:40:00.583Z [pytest-xdist] gw4 test_users.py::test_list_refund PASSED in 56ms trace=0b44f987-4fbc-4d55-cb26-d9855c515183
2026-02-21T02:40:00.583Z [svc-billing-3] gc pause 60ms, heap 211MB
2026-02-21T02:40:00.584Z [svc-sched-1] retrying connection to postgres (attempt 2/3)
2026-02-21T02:40:00.586Z [svc-cache-0] processed batch of 487 items
2026-02-21T02:40:00.586Z [svc-sched-2] closed idle connection after 48s
2026-02-21T02:40:00.588Z [svc-gateway-0] gc pause 22ms, heap 194MB
2026-02-21T02:40:00.591Z [svc-notify-0] gc pause 123ms, heap 876MB
2026-02-21T02:40:00.591Z [svc-media-3] cache hit rate 92%
2026-02-21T02:40:00.592Z [svc-auth-0] gc pause 83ms, heap 836MB
2026-02-21T02:40:00.592Z [svc-search-2] processed batch of 361 items
2026-02-21T02:40:00.593Z [svc-auth-4] closed idle connection after 90s
2026-02-21T02:40:00.593Z [svc-cache-2] retrying connection to redis (attempt 1/3)
2026-02-21T02:40:00.594Z [svc-media-0] gc pause 113ms, heap 511MB
2026-02-21T02:40:00.595Z [svc-sched-4] processed batch of 161 items
2026-02-21T02:40:00.597Z [svc-auth-2] connected to upstream in 67ms
2026-02-21T02:40:00.597Z [svc-media-1] processed batch of 312 items
2026-02-21T02:40:00.602Z [svc-billing-3] closed idle connection after 266s
2026-02-21T02:40:00.603Z [pytest-xdist] gw1 test_billing.py::test_delete_shipment PASSED in 120ms trace=24fd426c-e385-8435-4654-54ec3db4ea7b
2026-02-21T02:40:00.603Z [svc-cache-4] warning: slow query took 1067ms
2026-02-21T02:40:00.605Z [svc-notify-4] processed batch of 484 items
2026-02-21T02:40:00.607Z [svc-cache-2] retrying connection to redis (attempt 2/3)
2026-02-21T02:40:00.609Z [svc-sched-2] health check ok
2026-02-21T02:40:00.611Z [pytest-xdist] gw0 test_billing.py::test_retry_template PASSED in 161ms trace=2096f1bf-077a-4fa1-f2fa-7afc20b67f39
2026-02-21T02:40:00.611Z [svc-notify-3] cache hit rate 95%
2026-02-21T02:40:00.611Z [svc-media-0] gc pause 30ms, heap 592MB
2026-02-21T02:40:00.612Z [svc-sched-1] health check ok
2026-02-21T02:40:00.615Z [svc-auth-4] cache hit rate 90%
2026-02-21T02:40:00.615Z [svc-cache-1] gc pause 84ms, heap 585MB
2026-02-21T02:40:00.616Z [svc-gateway-3] health check ok
2026-02-21T02:40:00.618Z [svc-notify-1] processed batch of 232 items
2026-02-21T02:40:00.620Z [pytest-xdist] gw5 test_billing.py::test_paginate_coupon PASSED in 10ms trace=29fa7876-28dd-7596-6daf-09897b195f44
2026-02-21T02:40:00.620Z [svc-auth-3] gc pause 21ms, heap 696MB
2026-02-21T02:40:00.621Z [svc-search-4] connected to upstream in 11ms
2026-02-21T02:40:00.621Z [svc-gateway-4] health check ok
2026-02-21T02:40:00.623Z [svc-cache-3] processed batch of 264 items
2026-02-21T02:40:00.623Z [svc-db-1] connected to upstream in 8ms
2026-02-21T02:40:00.623Z [svc-notify-0] health check ok
2026-02-21T02:40:00.623Z [svc-gateway-2] closed idle connection after 117s
2026-02-21T02:40:00.626Z [svc-notify-2] warning: slow query took 2080ms
2026-02-21T02:40:00.626Z [svc-sched-0] processed batch of 498 items
2026-02-21T02:40:00.628Z [pytest-xdist] gw4 test_billing.py::test_retry_invoice PASSED in 210ms trace=9d387df7-bdcb-145b-b880-99191434f17c
2026-02-21T02:40:00.628Z [svc-billing-2] gc pause 40ms, heap 192MB
2026-02-21T02:40:00.628Z [svc-media-2] processed batch of 362 items
2026-02-21T02:40:00.629Z [svc-sched-4] processed batch of 337 items
2026-02-21T02:40:00.630Z [svc-queue-4] warning: slow query took 571ms
2026-02-21T02:40:00.632Z [svc-db-1] retrying connection to s3 (attempt 2/3)
2026-02-21T02:40:00.632Z [svc-queue-0] retrying connection to vault (attempt 3/3)
2026-02-21T02:40:00.632Z [svc-queue-3] retrying connection to kafka (attempt 3/3)
2026-02-21T02:40:00.633Z [svc-notify-1] connected to upstream in 70ms
2026-02-21T02:40:00.634Z [svc-cache-4] closed idle connection after 323s
2026-02-21T02:40:00.634Z [svc-search-1] health check ok
2026-02-21T02:40:00.634Z [svc-sched-0] gc pause 38ms, heap 149MB
2026-02-21T02:40:00.636Z [pytest-xdist] gw1 test_payments.py::test_expire_template PASSED in 250ms trace=6439fa78-8ebc-99a9-17a2-aff67150dd06
2026-02-21T02:40:00.638Z [svc-cache-3] cache hit rate 90%
2026-02-21T02:40:00.638Z [svc-sched-4] gc pause 71ms, heap 108MB
2026-02-21T02:40:00.639Z [svc-search-0] closed idle connection after 261s
2026-02-21T02:40:00.641Z [svc-cache-4] closed idle connection after 189s
2026-02-21T02:40:00.641Z [svc-notify-4] warning: slow query took 372ms
2026-02-21T02:40:00.647Z [pytest-xdist] gw2 test_users.py::test_parse_template PASSED in 85ms trace=9da792e7-a7b6-9886-2a44-03d338784366
2026-02-21T02:40:00.648Z [svc-queue-4] retrying connection to s3 (attempt 1/3)
2026-02-21T02:40:00.649Z [svc-notify-1] closed idle connection after 30s
2026-02-21T02:40:00.649Z [svc-queue-4] retrying connection to s3 (attempt 1/3)
2026-02-21T02:40:00.650Z [svc-gateway-2] gc pause 53ms, heap 796MB
2026-02-21T02:40:00.650Z [svc-media-2] gc pause 43ms, heap 507MB
2026-02-21T02:40:00.650Z [svc-sched-1] processed batch of 350 items
2026-02-21T02:40:00.651Z [svc-media-0] processed batch of 163 items
2026-02-21T02:40:00.654Z [svc-db-1] closed idle connection after 156s
2026-02-21T02:40:00.655Z [pytest-xdist] gw1 test_orders.py::test_authorize_index PASSED in 9ms trace=cbb377ac-fd8d-a0ca-f5d0-90571e2f820d
2026-02-21T02:40:00.655Z [svc-notify-3] cache hit rate 88%
2026-02-21T02:40:00.655Z [svc-media-1] warning: slow query took 1539ms
2026-02-21T02:40:00.657Z [svc-billing-1] health check ok
2026-02-21T02:40:00.657Z [svc-queue-3] warning: slow query took 2011ms
2026-02-21T02:40:00.659Z [svc-db-2] retrying connection to elasticsearch (attempt 1/3)
2026-02-21T02:40:00.659Z [svc-billing-2] retrying connection to s3 (attempt 2/3)
2026-02-21T02:40:00.660Z [svc-auth-4] health check ok
2026-02-21T02:40:00.661Z [svc-cache-2] connected to upstream in 61ms
2026-02-21T02:40:00.662Z [svc-queue-3] processed batch of 148 items
2026-02-21T02:40:00.664Z [pytest-xdist] gw4 test_search.py::test_validate_user PASSED in 194ms trace=461fb8a8-5e7a-2c10-21a7-45518e0f59ca
2026-02-21T02:40:00.664Z [svc-auth-1] closed idle connection after 116s
2026-02-21T02:40:00.664Z [svc-notify-3] retrying connection to s3 (attempt 3/3)
2026-02-21T02:40:00.664Z [svc-media-3] warning: slow query took 977ms
2026-02-21T02:40:00.665Z [svc-cache-1] retrying connection to postgres (attempt 2/3)
2026-02-21T02:40:00.666Z [svc-notify-1] gc pause 5ms, heap 756MB
2026-02-21T02:40:00.666Z [svc-notify-4] connected to upstream in 46ms
2026-02-21T02:40:00.667Z [svc-cache-4] connected to upstream in 83ms
2026-02-21T02:40:00.668Z [svc-cache-3] closed idle connection after 148s
2026-02-21T02:40:00.669Z [svc-search-1] gc pause 91ms, heap 715MB
2026-02-21T02:40:00.669Z [svc-media-2] connected to upstream in 82ms
2026-02-21T02:40:00.670Z [svc-notify-2] health check ok
2026-02-21T02:40:00.671Z [svc-db-2] retrying connection to elasticsearch (attempt 2/3)
2026-02-21T02:40:00.672Z [pytest-xdist] gw4 test_export.py::test_list_index PASSED in 210ms trace=cf6f51a1-ff90-5baa-74f2-7e2bdf55bff9
2026-02-21T02:40:00.672Z [svc-billing-0] gc pause 34ms, heap 488MB
2026-02-21T02:40:00.674Z [svc-auth-3] cache hit rate 85%
2026-02-21T02:40:00.677Z [svc-billing-4] warning: slow query took 225ms
2026-02-21T02:40:00.678Z [svc-search-1] retrying connection to redis (attempt 3/3)
2026-02-21T02:40:00.679Z [svc-auth-0] gc pause 86ms, heap 333MB
2026-02-21T02:40:00.682Z [svc-notify-2] closed idle connection after 316s
2026-02-21T02:40:00.683Z [pytest-xdist] gw0 test_auth.py::test_list_shipment PASSED in 69ms trace=1f7aa67e-867b-ee96-a4f4-184b28ccf7fe
2026-02-21T02:40:00.688Z [svc-db-0] connected to upstream in 35ms
2026-02-21T02:40:00.688Z [svc-gateway-2] health check ok
2026-02-21T02:40:00.689Z [svc-auth-3] retrying connection to redis (attempt 2/3)
2026-02-21T02:40:00.690Z [svc-gateway-0] closed idle connection after 101s
2026-02-21T02:40:00.690Z [svc-sched-1] connected to upstream in 12ms
2026-02-21T02:40:00.691Z [svc-cache-4] processed batch of 214 items
2026-02-21T02:40:00.691Z [svc-notify-1] gc pause 57ms, heap 512MB
2026-02-21T02:40:00.693Z [svc-sched-0] connected to upstream in 15ms
2026-02-21T02:40:00.697Z [svc-auth-4] warning: slow query took 2015ms
2026-02-21T02:40:00.698Z [svc-auth-0] cache hit rate 85%
2026-02-21T02:40:00.698Z [svc-db-4] warning: slow query took 557ms
2026-02-21T02:40:00.698Z [svc-billing-1] retrying connection to kafka (attempt 2/3)
2026-02-21T02:40:00.698Z [svc-notify-4] warning: slow query took 760ms
2026-02-21T02:40:00.701Z [svc-cache-1] closed idle connection after 262s
2026-02-21T02:40:00.701Z [svc-gateway-2] retrying connection to s3 (attempt 1/3)
2026-02-21T02:40:00.702Z [pytest-xdist] gw2 test_auth.py::test_create_user PASSED in 33ms trace=53eb8cec-3424-19cc-bf7c-6b287af1bd8e
2026-02-21T02:40:00.702Z [svc-billing-1] warning: slow query took 2198ms
2026-02-21T02:40:00.704Z [svc-db-3] cache hit rate 90%
2026-02-21T02:40:00.707Z [svc-cache-3] health check ok
2026-02-21T02:40:00.707Z [svc-notify-3] cache hit rate 92%
2026-02-21T02:40:00.707Z [svc-media-0] retrying connection to vault (attempt 2/3)
2026-02-21T02:40:00.708Z [svc-media-0] cache hit rate 85%
2026-02-21T02:40:00.709Z [pytest-xdist] gw5 test_billing.py::test_cache_attachment PASSED in 136ms trace=a0bcb12c-1a4f-727a-a7d6-0b574ebe8c5a
2026-02-21T02:40:00.711Z [svc-cache-0] closed idle connection after 171s
2026-02-21T02:40:00.711Z [svc-search-3] retrying connection to s3 (attempt 1/3)
2026-02-21T02:40:00.713Z [svc-search-2] warning: slow query took 212ms
2026-02-21T02:40:00.715Z [pytest-xdist] gw5 test_media.py::test_create_index PASSED in 208ms trace=333846e2-152a-53b2-f21d-eff9cccbe221
2026-02-21T02:40:00.716Z [svc-cache-1] closed idle connection after 64s
2026-02-21T02:40:00.716Z [svc-db-1] warning: slow query took 658ms
2026-02-21T02:40:00.724Z [svc-cache-3] closed idle connection after 276s
2026-02-21T02:40:00.724Z [svc-gateway-3] retrying connection to elasticsearch (attempt 1/3)
2026-02-21T02:40:00.724Z [svc-sched-2] health check ok
2026-02-21T02:40:00.726Z [svc-auth-1] cache hit rate 85%
2026-02-21T02:40:00.727Z [svc-queue-4] processed batch of 94 items
2026-02-21T02:40:00.728Z [svc-gateway-1] cache hit rate 90%
2026-02-21T02:40:00.730Z [svc-db-1] connected to upstream in 43ms
2026-02-21T02:40:00.731Z [svc-media-1] connected to upstream in 45ms
2026-02-21T02:40:00.735Z [pytest-xdist] gw2 test_payments.py::test_create_coupon PASSED in 202ms trace=089e7d8e-8bba-f550-430c-6743ca6dc7aa
2026-02-21T02:40:00.735Z [svc-media-4] gc pause 96ms, heap 278MB
2026-02-21T02:40:00.736Z [svc-notify-4] closed idle connection after 135s
2026-02-21T02:40:00.736Z [svc-queue-0] warning: slow query took 1228ms
2026-02-21T02:40:00.738Z [svc-cache-4] cache hit rate 92%
2026-02-21T02:40:00.738Z [svc-search-4] closed idle connection after 116s
2026-02-21T02:40:00.739Z [svc-notify-4] gc pause 65ms, heap 712MB
2026-02-21T02:40:00.740Z [svc-billing-2] processed batch of 193 items
2026-02-21T02:40:00.740Z [svc-gateway-4] retrying connection to vault (attempt 2/3)
2026-02-21T02:40:00.742Z [svc-billing-3] connected to upstream in 80ms
2026-02-21T02:40:00.743Z [svc-auth-2] retrying connection to postgres (attempt 1/3)
2026-02-21T02:40:00.743Z [svc-gateway-3] gc pause 84ms, heap 389MB
2026-02-21T02:40:00.748Z [svc-notify-2] gc pause 5ms, heap 882MB
2026-02-21T02:40:00.749Z [svc-queue-1] cache hit rate 85%
2026-02-21T02:40:00.750Z [svc-gateway-2] cache hit rate 90%
2026-02-21T02:40:00.751Z [svc-sched-0] connected to upstream in 15ms
2026-02-21T02:40:00.752Z [pytest-xdist] gw1 test_sched.py::test_cache_webhook PASSED in 119ms trace=770e1e4a-a5fe-00e7-c62e-95cca6efd3b7
2026-02-21T02:40:00.754Z [svc-search-1] connected to upstream in 75ms
2026-02-21T02:40:00.754Z [svc-sched-0] cache hit rate 95%
2026-02-21T02:40:00.755Z [svc-billing-1] connected to upstream in 19ms
2026-02-21T02:40:00.757Z [svc-sched-4] closed idle connection after 134s
2026-02-21T02:40:00.759Z [svc-billing-1] retrying connection to kafka (attempt 3/3)
2026-02-21T02:40:00.759Z [svc-search-3] processed batch of 464 items
2026-02-21T02:40:00.759Z [svc-media-0] closed idle connection after 88s
2026-02-21T02:40:00.761Z [svc-cache-0] processed batch of 52 items
2026-02-21T02:40:00.761Z [svc-billing-2] connected to upstream in 38ms
2026-02-21T02:40:00.763Z [pytest-xdist] gw3 test_webhooks.py::test_render_coupon PASSED in 90ms trace=986ac1b3-c702-c78b-c0c1-1eeac9ff1e63
2026-02-21T02:40:00.765Z [svc-billing-4] warning: slow query took 1537ms
2026-02-21T02:40:00.767Z [pytest-xdist] gw3 test_export.py::test_render_invoice PASSED in 4ms trace=60a1e293-ff3e-2201-76fa-c4f7f511e349
2026-02-21T02:40:00.768Z [svc-cache-2] gc pause 23ms, heap 212MB
2026-02-21T02:40:00.768Z [svc-db-0] warning: slow query took 1637ms
2026-02-21T02:40:00.768Z [svc-notify-4] warning: slow query took 2171ms
2026-02-21T02:40:00.771Z [svc-notify-4] cache hit rate 85%
2026-02-21T02:40:00.772Z [svc-cache-4] retrying connection to s3 (attempt 1/3)
2026-02-21T02:40:00.773Z [svc-notify-0] connected to upstream in 38ms
2026-02-21T02:40:00.774Z [pytest-xdist] gw2 test_notify.py::test_reconcile_invoice PASSED in 11ms trace=2655f68d-f76b-bef6-5457-a8b920c43d00
2026-02-21T02:40:00.776Z [svc-search-2] processed batch of 194 items
2026-02-21T02:40:00.780Z [svc-search-1] cache hit rate 95%
2026-02-21T02:40:00.782Z [svc-search-1] closed idle connection after 190s
2026-02-21T02:40:00.784Z [svc-auth-1] connected to upstream in 38ms
2026-02-21T02:40:00.787Z [svc-db-3] cache hit rate 88%
2026-02-21T02:40:00.788Z [svc-queue-2] connected to upstream in 29ms
2026-02-21T02:40:00.789Z [svc-cache-1] health check ok
2026-02-21T02:40:00.790Z [svc-billing-2] health check ok
2026-02-21T02:40:00.790Z [svc-queue-1] cache hit rate 95%
2026-02-21T02:40:00.791Z [svc-auth-2] closed idle connection after 56s
2026-02-21T02:40:00.791Z [svc-sched-2] cache hit rate 90%
2026-02-21T02:40:00.792Z [pytest-xdist] gw0 test_search.py::test_create_coupon PASSED in 87ms trace=02cc49cd-b314-0f51-b1ef-47a7a7fbe489
2026-02-21T02:40:00.793Z [svc-sched-2] health check ok
2026-02-21T02:40:00.796Z [pytest-xdist] gw5 test_queue.py::test_list_quota PASSED in 61ms trace=97324ddd-e516-7b26-17dc-4c3f48714b64
2026-02-21T02:40:00.796Z [svc-media-4] health check ok
2026-02-21T02:40:00.797Z [svc-auth-1] warning: slow query took 1646ms
2026-02-21T02:40:00.797Z [svc-queue-0] connected to upstream in 70ms
2026-02-21T02:40:00.798Z [svc-billing-0] processed batch of 441 items
2026-02-21T02:40:00.798Z [svc-notify-2] connected to upstream in 69ms
2026-02-21T02:40:00.800Z [svc-auth-1] health check ok
2026-02-21T02:40:00.801Z [svc-sched-1] connected to upstream in 79ms
2026-02-21T02:40:00.802Z [svc-cache-1] warning: slow query took 240ms
2026-02-21T02:40:00.804Z [svc-media-1] connected to upstream in 65ms
2026-02-21T02:40:00.806Z [svc-notify-4] gc pause 100ms, heap 384MB
2026-02-21T02:40:00.807Z [svc-cache-3] cache hit rate 95%
2026-02-21T02:40:00.808Z [svc-billing-0] gc pause 34ms, heap 578MB
2026-02-21T02:40:00.808Z [svc-billing-3] closed idle connection after 133s
2026-02-21T02:40:00.809Z [svc-auth-0] connected to upstream in 12ms
2026-02-21T02:40:00.809Z [svc-auth-0] warning: slow query took 772ms
2026-02-21T02:40:00.810Z [svc-db-0] retrying connection to kafka (attempt 2/3)
2026-02-21T02:40:00.810Z [svc-billing-4] gc pause 35ms, heap 890MB
2026-02-21T02:40:00.811Z [svc-gateway-3] processed batch of 171 items
2026-02-21T02:40:00.812Z [svc-auth-3] closed idle connection after 30s
2026-02-21T02:40:00.812Z [svc-db-1] cache hit rate 88%
2026-02-21T02:40:00.812Z [svc-media-2] warning: slow query took 1243ms
2026-02-21T02:40:00.813Z [pytest-xdist] gw3 test_billing.py::test_paginate_template PASSED in 153ms trace=e374b09f-14a2-79e2-cb60-a5c1e9193bfe
2026-02-21T02:40:00.814Z [svc-cache-2] cache hit rate 92%
2026-02-21T02:40:00.814Z [svc-sched-1] warning: slow query took 611ms
2026-02-21T02:40:00.816Z [svc-gateway-2] cache hit rate 88%
2026-02-21T02:40:00.816Z [svc-media-3] warning: slow query took 1549ms
2026-02-21T02:40:00.816Z [svc-queue-3] closed idle connection after 224s
2026-02-21T02:40:00.818Z [svc-media-0] cache hit rate 90%
2026-02-21T02:40:00.819Z [svc-billing-3] gc pause 68ms, heap 207MB
2026-02-21T02:40:00.820Z [svc-search-4] warning: slow query took 215ms
2026-02-21T02:40:00.821Z [svc-media-0] closed idle connection after 199s
2026-02-21T02:40:00.822Z [svc-notify-3] cache hit rate 92%
2026-02-21T02:40:00.823Z [pytest-xdist] gw2 test_orders.py::test_reconcile_coupon PASSED in 80ms trace=4ef22305-798d-7514-2ca5-d970a316fdf5
2026-02-21T02:40:00.823Z [svc-db-4] warning: slow query took 1866ms
2026-02-21T02:40:00.823Z [svc-sched-1] retrying connection to postgres (attempt 2/3)
2026-02-21T02:40:00.824Z [svc-notify-1] health check ok
2026-02-21T02:40:00.825Z [svc-gateway-0] connected to upstream in 83ms
2026-02-21T02:40:00.826Z [svc-search-1] processed batch of 301 items
2026-02-21T02:40:00.826Z [svc-search-1] retrying connection to redis (attempt 3/3)
2026-02-21T02:40:00.826Z [svc-media-2] health check ok
2026-02-21T02:40:00.827Z [svc-db-1] gc pause 43ms, heap 563MB
2026-02-21T02:40:00.828Z [svc-db-1] health check ok
2026-02-21T02:40:00.829Z [svc-cache-0] cache hit rate 92%
2026-02-21T02:40:00.831Z [svc-media-1] closed idle connection after 203s
2026-02-21T02:40:00.832Z [svc-gateway-1] retrying connection to kafka (attempt 3/3)
2026-02-21T02:40:00.835Z [svc-auth-3] connected to upstream in 17ms
2026-02-21T02:40:00.835Z [svc-media-3] gc pause 60ms, heap 996MB
2026-02-21T02:40:00.836Z [pytest-xdist] gw0 test_import.py::test_reconcile_index PASSED in 126ms trace=08fc9094-2424-69e8-8812-7a00224d653d
2026-02-21T02:40:00.837Z [svc-auth-0] closed idle connection after 129s
2026-02-21T02:40:00.838Z [svc-notify-1] closed idle connection after 43s
2026-02-21T02:40:00.839Z [svc-sched-1] warning: slow query took 413ms
2026-02-21T02:40:00.840Z [svc-gateway-2] processed batch of 208 items
2026-02-21T02:40:00.841Z [svc-notify-0] health check ok
2026-02-21T02:40:00.844Z [svc-cache-2] health check ok
2026-02-21T02:40:00.846Z [svc-auth-1] processed batch of 239 items
2026-02-21T02:40:00.846Z [svc-db-3] warning: slow query took 791ms
2026-02-21T02:40:00.846Z [svc-queue-1] health check ok
2026-02-21T02:40:00.847Z [svc-auth-0] cache hit rate 85%
2026-02-21T02:40:00.847Z [svc-media-1] retrying connection to postgres (attempt 1/3)
2026-02-21T02:40:00.849Z [pytest-xdist] gw3 test_payments.py::test_render_session PASSED in 143ms trace=42ed2554-2399-a00b-be17-8b433c41ef6e
2026-02-21T02:40:00.854Z [svc-search-4] health check ok
2026-02-21T02:40:00.854Z [svc-gateway-0] processed batch of 281 items
2026-02-21T02:40:00.854Z [svc-sched-3] closed idle connection after 294s
2026-02-21T02:40:00.855Z [pytest-xdist] gw5 test_export.py::test_parse_index PASSED in 6ms trace=1de88a1b-d175-ea4e-fbe1-4f409ad73de5
2026-02-21T02:40:00.855Z [svc-cache-0] cache hit rate 90%
2026-02-21T02:40:00.855Z [svc-cache-0] retrying connection to vault (attempt 2/3)
2026-02-21T02:40:00.856Z [svc-db-0] warning: slow query took 1342ms
2026-02-21T02:40:00.862Z [svc-cache-2] health check ok
2026-02-21T02:40:00.862Z [svc-db-4] closed idle connection after 260s
2026-02-21T02:40:00.862Z [svc-billing-4] cache hit rate 90%
2026-02-21T02:40:00.862Z [svc-gateway-2] closed idle connection after 312s
2026-02-21T02:40:00.865Z [svc-cache-0] health check ok
2026-02-21T02:40:00.866Z [svc-search-2] processed batch of 62 items
2026-02-21T02:40:00.867Z [svc-billing-2] retrying connection to s3 (attempt 3/3)
2026-02-21T02:40:00.869Z [svc-sched-0] cache hit rate 92%
2026-02-21T02:40:00.871Z [svc-db-2] warning: slow query took 593ms
2026-02-21T02:40:00.871Z [svc-db-2] gc pause 122ms, heap 365MB
2026-02-21T02:40:00.872Z [svc-db-0] warning: slow query took 1606ms
2026-02-21T02:40:00.873Z [svc-billing-0] processed batch of 31 items
2026-02-21T02:40:00.874Z [svc-billing-2] health check ok
2026-02-21T02:40:00.877Z [pytest-xdist] gw2 test_users.py::test_expire_region PASSED in 144ms trace=befa5e0c-3697-0384-6fea-8d3920973083
2026-02-21T02:40:00.877Z [svc-notify-3] closed idle connection after 266s
2026-02-21T02:40:00.878Z [svc-cache-1] warning: slow query took 960ms
2026-02-21T02:40:00.882Z [svc-media-2] cache hit rate 88%
2026-02-21T02:40:00.883Z [svc-gateway-1] retrying connection to kafka (attempt 1/3)
2026-02-21T02:40:00.884Z [svc-billing-1] warning: slow query took 1090ms
2026-02-21T02:40:00.886Z [svc-cache-3] warning: slow query took 696ms
2026-02-21T02:40:00.886Z [svc-cache-4] retrying connection to s3 (attempt 3/3)
2026-02-21T02:40:00.887Z [svc-queue-0] closed idle connection after 106s
2026-02-21T02:40:00.888Z [svc-db-2] retrying connection to elasticsearch (attempt 3/3)
2026-02-21T02:40:00.891Z [svc-gateway-2] cache hit rate 95%
2026-02-21T02:40:00.892Z [svc-gateway-4] cache hit rate 85%
2026-02-21T02:40:00.896Z [svc-billing-2] connected to upstream in 19ms
2026-02-21T02:40:00.897Z [pytest-xdist] gw4 test_search.py::test_cache_shipment PASSED in 169ms trace=065c7826-8c58-d77a-86a5-fd7b467f2b14
2026-02-21T02:40:00.899Z [svc-billing-1] health check ok
2026-02-21T02:40:00.901Z [svc-cache-3] retrying connection to kafka (attempt 1/3)
2026-02-21T02:40:00.901Z [svc-search-3] cache hit rate 92%
2026-02-21T02:40:00.905Z [svc-notify-0] cache hit rate 90%
2026-02-21T02:40:00.906Z [svc-auth-2] gc pause 16ms, heap 873MB
2026-02-21T02:40:00.907Z [svc-media-1] processed batch of 82 items
2026-02-21T02:40:00.908Z [svc-db-4] closed idle connection after 200s
2026-02-21T02:40:00.909Z [svc-db-2] retrying connection to elasticsearch (attempt 1/3)
2026-02-21T02:40:00.911Z [svc-db-0] closed idle connection after 189s
2026-02-21T02:40:00.914Z [svc-notify-4] connected to upstream in 77ms
2026-02-21T02:40:00.916Z [svc-notify-4] warning: slow query took 253ms
2026-02-21T02:40:00.917Z [svc-sched-3] processed batch of 391 items
2026-02-21T02:40:00.918Z [pytest-xdist] gw4 test_webhooks.py::test_sync_quota PASSED in 138ms trace=d1e632ad-7592-c6b6-46d0-59ee12117a1d
2026-02-21T02:40:00.920Z [svc-queue-2] gc pause 106ms, heap 492MB
2026-02-21T02:40:00.925Z [svc-gateway-0] health check ok
2026-02-21T02:40:00.927Z [svc-auth-3] connected to upstream in 11ms
2026-02-21T02:40:00.930Z [svc-notify-4] cache hit rate 90%
2026-02-21T02:40:00.933Z [pytest-xdist] gw4 test_gateway.py::test_sync_template PASSED in 176ms trace=90cdf412-38ce-358a-b0c6-604d4bc66fc8
2026-02-21T02:40:00.933Z [svc-sched-1] processed batch of 485 items
2026-02-21T02:40:00.933Z [svc-sched-2] gc pause 55ms, heap 320MB
2026-02-21T02:40:00.934Z [svc-auth-3] connected to upstream in 63ms
2026-02-21T02:40:00.934Z [svc-search-1] connected to upstream in 37ms
2026-02-21T02:40:00.936Z [svc-db-2] cache hit rate 95%
2026-02-21T02:40:00.937Z [svc-notify-1] closed idle connection after 306s
2026-02-21T02:40:00.940Z [pytest-xdist] gw0 test_auth.py::test_cache_quota PASSED in 155ms trace=3bfa0d97-07a4-46b4-ca4a-9ba8a7d3314f
2026-02-21T02:40:00.940Z [svc-queue-0] warning: slow query took 1044ms
2026-02-21T02:40:00.941Z [svc-search-2] closed idle connection after 269s
2026-02-21T02:40:00.947Z [svc-gateway-3] closed idle connection after 197s
2026-02-21T02:40:00.947Z [svc-queue-0] cache hit rate 90%
2026-02-21T02:40:00.950Z [svc-gateway-4] closed idle connection after 51s
2026-02-21T02:40:00.951Z [svc-cache-2] gc pause 62ms, heap 522MB
2026-02-21T02:40:00.953Z [svc-sched-2] processed batch of 321 items
2026-02-21T02:40:00.954Z [svc-queue-3] gc pause 117ms, heap 618MB
2026-02-21T02:40:00.955Z [svc-db-2] retrying connection to elasticsearch (attempt 2/3)
2026-02-21T02:40:00.958Z [svc-gateway-3] cache hit rate 90%
2026-02-21T02:40:00.959Z [svc-search-1] closed idle connection after 296s
2026-02-21T02:40:00.961Z [svc-billing-4] warning: slow query took 1575ms
2026-02-21T02:40:00.961Z [svc-queue-3] gc pause 39ms, heap 525MB
2026-02-21T02:40:00.962Z [pytest-xdist] gw5 test_sched.py::test_validate_region PASSED in 83ms trace=a4f5db71-9bfe-11c1-66fa-dbe541ebb0ca
2026-02-21T02:40:00.962Z [svc-media-2] closed idle connection after 215s
2026-02-21T02:40:00.962Z [svc-queue-1] gc pause 89ms, heap 848MB
2026-02-21T02:40:00.964Z [svc-auth-0] retrying connection to elasticsearch (attempt 1/3)
2026-02-21T02:40:00.965Z [pytest-xdist] gw5 test_search.py::test_retry_quota PASSED in 237ms trace=8b86feaa-c93f-3a17-271d-d1288d3c2a01
2026-02-21T02:40:00.965Z [svc-sched-2] warning: slow query took 1898ms
2026-02-21T02:40:00.968Z [svc-search-0] health check ok
2026-02-21T02:40:00.969Z [svc-db-1] processed batch of 308 items
2026-02-21T02:40:00.969Z [svc-queue-3] retrying connection to kafka (attempt 3/3)
2026-02-21T02:40:00.970Z [svc-cache-4] health check ok
2026-02-21T02:40:00.970Z [svc-media-4] closed idle connection after 216s
2026-02-21T02:40:00.971Z [svc-billing-2] cache hit rate 90%
2026-02-21T02:40:00.971Z [svc-gateway-4] closed idle connection after 113s
2026-02-21T02:40:00.972Z [svc-cache-2] gc pause 52ms, heap 111MB
2026-02-21T02:40:00.972Z [svc-media-0] warning: slow query took 347ms
2026-02-21T02:40:00.973Z [pytest-xdist] gw4 test_search.py::test_notify_index PASSED in 123ms trace=79a1bcc1-0a1a-fef1-f20f-bfe4f97dc674
2026-02-21T02:40:00.973Z [svc-auth-4] processed batch of 187 items
2026-02-21T02:40:00.973Z [svc-cache-3] closed idle connection after 126s
2026-02-21T02:40:00.973Z [svc-db-0] processed batch of 262 items
2026-02-21T02:40:00.978Z [svc-sched-4] closed idle connection after 217s
2026-02-21T02:40:00.979Z [svc-cache-0] cache hit rate 88%
2026-02-21T02:40:00.987Z [svc-sched-2] cache hit rate 88%
2026-02-21T02:40:00.988Z [svc-search-4] processed batch of 263 items
2026-02-21T02:40:00.991Z [svc-search-4] warning: slow query took 320ms
2026-02-21T02:40:00.994Z [pytest-xdist] gw0 test_orders.py::test_parse_subscription PASSED in 36ms trace=5f30169c-50f7-d18f-c3c7-8b0a588d3f34
2026-02-21T02:40:00.996Z [svc-gateway-4] closed idle connection after 301s
2026-02-21T02:40:00.997Z [svc-search-3] closed idle connection after 170s
2026-02-21T02:40:01.000Z [svc-search-1] closed idle connection after 70s
2026-02-21T02:40:01.002Z [svc-db-4] health check ok
2026-02-21T02:40:01.005Z [svc-auth-1] gc pause 77ms, heap 529MB
2026-02-21T02:40:01.005Z [svc-queue-1] gc pause 5ms, heap 101MB
2026-02-21T02:40:01.006Z [svc-auth-2] cache hit rate 92%
2026-02-21T02:40:01.009Z [svc-db-2] connected to upstream in 15ms
2026-02-21T02:40:01.010Z [svc-sched-1] closed idle connection after 234s
2026-02-21T02:40:01.010Z [svc-sched-3] gc pause 36ms, heap 105MB
2026-02-21T02:40:01.011Z [svc-notify-2] processed batch of 37 items
2026-02-21T02:40:01.011Z [svc-queue-4] cache hit rate 90%
2026-02-21T02:40:01.013Z [pytest-xdist] gw3 test_search.py::test_render_subscription PASSED in 109ms trace=fb496ba6-c989-166a-1688-d9bf3ebca34b
2026-02-21T02:40:01.016Z [svc-auth-2] retrying connection to postgres (attempt 2/3)
2026-02-21T02:40:01.018Z [pytest-xdist] gw1 test_media.py::test_parse_shipment PASSED in 33ms trace=d89e9feb-e900-c467-c3d7-ba4e60c12c56
2026-02-21T02:40:01.021Z [svc-gateway-1] gc pause 78ms, heap 726MB
2026-02-21T02:40:01.023Z [svc-gateway-4] health check ok
2026-02-21T02:40:01.026Z [svc-billing-0] cache hit rate 90%
2026-02-21T02:40:01.027Z [svc-auth-3] connected to upstream in 80ms
2026-02-21T02:40:01.028Z [svc-notify-2] connected to upstream in 30ms
2026-02-21T02:40:01.028Z [svc-media-4] closed idle connection after 58s
2026-02-21T02:40:01.028Z [svc-sched-0] connected to upstream in 41ms
2026-02-21T02:40:01.028Z [svc-sched-1] connected to upstream in 57ms
2026-02-21T02:40:01.029Z [svc-db-4] processed batch of 452 items
2026-02-21T02:40:01.029Z [svc-gateway-2] processed batch of 472 items
2026-02-21T02:40:01.030Z [svc-notify-2] gc pause 91ms, heap 491MB
2026-02-21T02:40:01.030Z [svc-sched-2] closed idle connection after 293s
2026-02-21T02:40:01.031Z [svc-queue-0] cache hit rate 88%
2026-02-21T02:40:01.032Z [svc-billing-4] processed batch of 389 items
2026-02-21T02:40:01.033Z [pytest-xdist] gw4 test_sched.py::test_parse_token PASSED in 220ms trace=696941ce-5c09-0fcf-899b-8c2ef2a7201e
2026-02-21T02:40:01.033Z [svc-queue-4] connected to upstream in 59ms
2026-02-21T02:40:01.034Z [svc-billing-3] cache hit rate 95%
2026-02-21T02:40:01.034Z [svc-gateway-3] processed batch of 224 items
2026-02-21T02:40:01.034Z [svc-media-0] processed batch of 144 items
2026-02-21T02:40:01.035Z [svc-gateway-1] health check ok
2026-02-21T02:40:01.036Z [svc-auth-2] closed idle connection after 89s
2026-02-21T02:40:01.037Z [svc-auth-3] gc pause 56ms, heap 996MB
2026-02-21T02:40:01.037Z [svc-sched-0] closed idle connection after 114s
2026-02-21T02:40:01.041Z [svc-gateway-3] health check ok
2026-02-21T02:40:01.042Z [svc-search-4] health check ok
2026-02-21T02:40:01.043Z [svc-billing-4] health check ok
2026-02-21T02:40:01.045Z [pytest-xdist] gw5 test_reports.py::test_authorize_webhook PASSED in 218ms trace=f96bd7eb-9bb4-397b-f898-bba13c60b2c6
2026-02-21T02:40:01.045Z [svc-cache-3] cache hit rate 90%
2026-02-21T02:40:01.049Z [svc-notify-3] closed idle connection after 56s
2026-02-21T02:40:01.049Z [svc-sched-0] health check ok
2026-02-21T02:40:01.050Z [svc-billing-1] closed idle connection after 30s
2026-02-21T02:40:01.052Z [svc-media-2] warning: slow query took 1509ms
2026-02-21T02:40:01.053Z [svc-billing-1] processed batch of 199 items
2026-02-21T02:40:01.055Z [pytest-xdist] gw1 test_webhooks.py::test_create_template PASSED in 154ms trace=fa9a1ee2-ee4d-a9e1-eca2-bfb42d39b18e
2026-02-21T02:40:01.056Z [svc-search-1] health check ok
2026-02-21T02:40:01.062Z [svc-notify-1] gc pause 19ms, heap 564MB
2026-02-21T02:40:01.063Z [svc-notify-4] warning: slow query took 1054ms
2026-02-21T02:40:01.064Z [svc-auth-4] health check ok
2026-02-21T02:40:01.065Z [svc-auth-3] gc pause 123ms, heap 969MB
2026-02-21T02:40:01.065Z [svc-queue-2] gc pause 108ms, heap 955MB
2026-02-21T02:40:01.066Z [svc-auth-0] retrying connection to elasticsearch (attempt 1/3)
2026-02-21T02:40:01.066Z [svc-billing-1] processed batch of 155 items
2026-02-21T02:40:01.066Z [svc-media-1] gc pause 85ms, heap 386MB
2026-02-21T02:40:01.069Z [svc-db-3] processed batch of 444 items
2026-02-21T02:40:01.070Z [svc-auth-0] warning: slow query took 1191ms
2026-02-21T02:40:01.072Z [svc-search-3] connected to upstream in 37ms
2026-02-21T02:40:01.073Z [svc-billing-4] health check ok
2026-02-21T02:40:01.076Z [pytest-xdist] gw2 test_queue.py::test_list_attachment PASSED in 176ms trace=2b84aa50-09de-c8f1-637b-2a7db54b8fd9
2026-02-21T02:40:01.076Z [svc-auth-3] cache hit rate 88%
2026-02-21T02:40:01.076Z [svc-gateway-0] warning: slow query took 1696ms
2026-02-21T02:40:01.080Z [svc-search-3] connected to upstream in 35ms
2026-02-21T02:40:01.084Z [svc-auth-4] processed batch of 458 items
2026-02-21T02:40:01.086Z [svc-queue-4] processed batch of 367 items
2026-02-21T02:40:01.088Z [svc-billing-1] warning: slow query took 426ms
2026-02-21T02:40:01.088Z [svc-gateway-0] processed batch of 123 items
2026-02-21T02:40:01.089Z [svc-search-2] health check ok
2026-02-21T02:40:01.090Z [pytest-xdist] gw2 test_users.py::test_validate_session PASSED in 47ms trace=b8225768-08e9-67b0-549b-c1f02722468a
2026-02-21T02:40:01.090Z [svc-cache-2] retrying connection to redis (attempt 1/3)
2026-02-21T02:40:01.090Z [svc-queue-2] health check ok
2026-02-21T02:40:01.092Z [svc-billing-1] gc pause 66ms, heap 342MB
2026-02-21T02:40:01.093Z [svc-search-0] health check ok
2026-02-21T02:40:01.097Z [svc-media-1] cache hit rate 88%
2026-02-21T02:40:01.105Z [svc-db-2] health check ok
2026-02-21T02:40:01.109Z [svc-auth-3] warning: slow query took 1048ms
2026-02-21T02:40:01.109Z [svc-search-2] health check ok
2026-02-21T02:40:01.109Z [svc-notify-1] retrying connection to redis (attempt 1/3)
2026-02-21T02:40:01.110Z [svc-cache-2] health check ok
2026-02-21T02:40:01.110Z [svc-db-3] closed idle connection after 310s
2026-02-21T02:40:01.111Z [svc-search-2] warning: slow query took 1588ms
2026-02-21T02:40:01.111Z [svc-search-3] connected to upstream in 46ms
2026-02-21T02:40:01.111Z [svc-media-3] closed idle connection after 186s
2026-02-21T02:40:01.111Z [svc-queue-0] cache hit rate 92%
2026-02-21T02:40:01.112Z [pytest-xdist] gw5 test_webhooks.py::test_reconcile_subscription PASSED in 20ms trace=d87af84d-e76a-722f-98a2-499703dd7576
2026-02-21T02:40:01.113Z [svc-db-3] closed idle connection after 75s
2026-02-21T02:40:01.113Z [svc-sched-3] closed idle connection after 273s
2026-02-21T02:40:01.115Z [svc-auth-3] gc pause 40ms, heap 491MB
2026-02-21T02:40:01.115Z [svc-db-3] gc pause 67ms, heap 204MB
2026-02-21T02:40:01.115Z [svc-search-1] connected to upstream in 84ms
2026-02-21T02:40:01.116Z [svc-cache-0] connected to upstream in 67ms
2026-02-21T02:40:01.116Z [svc-billing-0] warning: slow query took 2012ms
2026-02-21T02:40:01.118Z [svc-auth-2] warning: slow query took 857ms
2026-02-21T02:40:01.118Z [svc-billing-2] cache hit rate 88%
2026-02-21T02:40:01.118Z [svc-search-1] health check ok
2026-02-21T02:40:01.119Z [svc-media-1] retrying connection to postgres (attempt 3/3)
2026-02-21T02:40:01.121Z [pytest-xdist] gw2 test_search.py::test_parse_token PASSED in 212ms trace=5c07c878-4548-d7e6-ee61-75f2423e3c38
2026-02-21T02:40:01.123Z [svc-billing-3] health check ok
2026-02-21T02:40:01.123Z [svc-notify-1] closed idle connection after 234s
2026-02-21T02:40:01.128Z [svc-search-1] health check ok
2026-02-21T02:40:01.128Z [svc-queue-1] health check ok
2026-02-21T02:40:01.130Z [svc-billing-4] processed batch of 110 items
2026-02-21T02:40:01.130Z [svc-media-3] closed idle connection after 61s
2026-02-21T02:40:01.132Z [svc-notify-1] processed batch of 372 items
2026-02-21T02:40:01.133Z [svc-db-1] closed idle connection after 145s
2026-02-21T02:40:01.133Z [svc-db-2] closed idle connection after 35s
2026-02-21T02:40:01.133Z [svc-queue-2] connected to upstream in 29ms
2026-02-21T02:40:01.134Z [svc-search-0] cache hit rate 95%
2026-02-21T02:40:01.136Z [svc-auth-3] health check ok
2026-02-21T02:40:01.139Z [svc-cache-2] warning: slow query took 1165ms
2026-02-21T02:40:01.139Z [svc-media-2] retrying connection to redis (attempt 3/3)
2026-02-21T02:40:01.140Z [pytest-xdist] gw2 test_search.py::test_reconcile_template PASSED in 208ms trace=0c947dca-02fa-e9d3-5e89-a42e5643d9e8
2026-02-21T02:40:01.141Z [svc-gateway-4] retrying connection to vault (attempt 3/3)
2026-02-21T02:40:01.141Z [svc-queue-1] connected to upstream in 57ms
2026-02-21T02:40:01.144Z [svc-gateway-3] retrying connection to elasticsearch (attempt 2/3)
2026-02-21T02:40:01.144Z [svc-gateway-4] warning: slow query took 1785ms
2026-02-21T02:40:01.145Z [svc-auth-2] processed batch of 340 items
2026-02-21T02:40:01.145Z [svc-gateway-0] warning: slow query took 751ms
2026-02-21T02:40:01.146Z [svc-auth-0] health check ok
2026-02-21T02:40:01.146Z [svc-db-4] warning: slow query took 2171ms
2026-02-21T02:40:01.148Z [svc-cache-0] health check ok
2026-02-21T02:40:01.148Z [svc-gateway-3] connected to upstream in 41ms
2026-02-21T02:40:01.149Z [svc-sched-4] warning: slow query took 1160ms
2026-02-21T02:40:01.152Z [svc-sched-0] processed batch of 346 items
2026-02-21T02:40:01.157Z [svc-billing-3] closed idle connection after 74s
2026-02-21T02:40:01.158Z [svc-search-1] warning: slow query took 1483ms
2026-02-21T02:40:01.159Z [svc-queue-1] closed idle connection after 219s
2026-02-21T02:40:01.160Z [svc-cache-1] cache hit rate 92%
2026-02-21T02:40:01.161Z [pytest-xdist] gw1 test_webhooks.py::test_reconcile_quota PASSED in 145ms trace=26c89c78-50a5-3c93-9ba5-8d81242d51bc
2026-02-21T02:40:01.161Z [svc-db-1] processed batch of 465 items
2026-02-21T02:40:01.161Z [svc-search-4] processed batch of 141 items
2026-02-21T02:40:01.162Z [svc-billing-2] closed idle connection after 166s
2026-02-21T02:40:01.162Z [svc-notify-3] warning: slow query took 1930ms
2026-02-21T02:40:01.162Z [svc-sched-0] processed batch of 47 items
2026-02-21T02:40:01.164Z [svc-queue-1] closed idle connection after 246s
2026-02-21T02:40:01.165Z [svc-sched-2] processed batch of 133 items
2026-02-21T02:40:01.166Z [pytest-xdist] gw4 test_webhooks.py::test_notify_invoice PASSED in 171ms trace=ad6fe5c2-05d6-6f5a-27ce-bb10eb6fee47
2026-02-21T02:40:01.166Z [svc-search-4] cache hit rate 92%
2026-02-21T02:40:01.167Z [svc-db-1] processed batch of 425 items
2026-02-21T02:40:01.168Z [svc-notify-0] cache hit rate 88%
2026-02-21T02:40:01.169Z [svc-billing-1] connected to upstream in 26ms
2026-02-21T02:40:01.169Z [svc-billing-4] health check ok
2026-02-21T02:40:01.169Z [svc-queue-3] warning: slow query took 1043ms
2026-02-21T02:40:01.171Z [svc-notify-4] health check ok
2026-02-21T02:40:01.174Z [svc-auth-1] gc pause 25ms, heap 718MB
2026-02-21T02:40:01.174Z [svc-billing-1] processed batch of 186 items
2026-02-21T02:40:01.174Z [svc-notify-3] processed batch of 66 items
2026-02-21T02:40:01.175Z [svc-gateway-3] warning: slow query took 369ms
2026-02-21T02:40:01.175Z [svc-media-1] cache hit rate 88%
2026-02-21T02:40:01.177Z [pytest-xdist] gw0 test_reports.py::test_authorize_quota PASSED in 46ms trace=88277c54-2d22-eade-8ccd-ee005b7ccbb0
2026-02-21T02:40:01.177Z [svc-gateway-2] connected to upstream in 5ms
2026-02-21T02:40:01.179Z [svc-notify-1] closed idle connection after 85s
2026-02-21T02:40:01.181Z [svc-cache-1] health check ok
2026-02-21T02:40:01.182Z [svc-queue-3] warning: slow query took 1864ms
2026-02-21T02:40:01.186Z [svc-sched-1] cache hit rate 85%
2026-02-21T02:40:01.187Z [svc-billing-0] cache hit rate 95%
2026-02-21T02:40:01.188Z [pytest-xdist] gw3 test_export.py::test_expire_invoice PASSED in 226ms trace=a1f9a528-3088-eff9-6df9-06e76b256fb8
2026-02-21T02:40:01.191Z [svc-search-2] retrying connection to kafka (attempt 1/3)
2026-02-21T02:40:01.195Z [svc-media-2] retrying connection to redis (attempt 2/3)
2026-02-21T02:40:01.195Z [svc-sched-4] processed batch of 485 items
2026-02-21T02:40:01.199Z [pytest-xdist] gw5 test_orders.py::test_update_webhook PASSED in 25ms trace=e7ccccd1-ae9d-0b3b-d021-7143bde77068
2026-02-21T02:40:01.200Z [svc-notify-0] cache hit rate 90%
2026-02-21T02:40:01.200Z [svc-media-2] gc pause 74ms, heap 222MB
2026-02-21T02:40:01.202Z [svc-media-3] retrying connection to kafka (attempt 1/3)
2026-02-21T02:40:01.205Z [svc-cache-0] processed batch of 422 items
2026-02-21T02:40:01.205Z [svc-queue-1] warning: slow query took 903ms
2026-02-21T02:40:01.207Z [svc-notify-0] gc pause 117ms, heap 784MB
2026-02-21T02:40:01.207Z [svc-sched-4] health check ok
2026-02-21T02:40:01.208Z [svc-gateway-0] cache hit rate 95%
2026-02-21T02:40:01.208Z [svc-gateway-3] retrying connection to elasticsearch (attempt 1/3)
2026-02-21T02:40:01.209Z [svc-billing-3] health check ok
2026-02-21T02:40:01.209Z [svc-queue-3] health check ok
2026-02-21T02:40:01.209Z [svc-sched-3] retrying connection to kafka (attempt 3/3)
2026-02-21T02:40:01.210Z [svc-sched-4] connected to upstream in 63ms
2026-02-21T02:40:01.212Z [svc-queue-2] connected to upstream in 45ms
2026-02-21T02:40:01.212Z [svc-sched-1] warning: slow query took 993ms
2026-02-21T02:40:01.213Z [svc-gateway-4] connected to upstream in 21ms
2026-02-21T02:40:01.214Z [pytest-xdist] gw1 test_gateway.py::test_notify_attachment PASSED in 193ms trace=ceb609ab-b8ef-4c44-f748-e97de0ab317d
2026-02-21T02:40:01.214Z [svc-queue-2] closed idle connection after 318s
2026-02-21T02:40:01.214Z [svc-queue-3] closed idle connection after 308s
2026-02-21T02:40:01.216Z [svc-gateway-0] warning: slow query took 2080ms
2026-02-21T02:40:01.216Z [svc-queue-3] connected to upstream in 21ms
2026-02-21T02:40:01.217Z [svc-cache-0] warning: slow query took 835ms
2026-02-21T02:40:01.217Z [svc-sched-0] processed batch of 461 items
2026-02-21T02:40:01.218Z [svc-gateway-1] connected to upstream in 62ms
2026-02-21T02:40:01.220Z [svc-auth-0] processed batch of 114 items
2026-02-21T02:40:01.221Z [pytest-xdist] gw4 test_notify.py::test_delete_webhook PASSED in 205ms trace=e6b6f9b9-0f1f-fee4-43a6-8240a881f389
2026-02-21T02:40:01.221Z [svc-cache-3] gc pause 92ms, heap 490MB
2026-02-21T02:40:01.222Z [svc-sched-4] warning: slow query took 711ms
2026-02-21T02:40:01.227Z [svc-billing-0] gc pause 16ms, heap 318MB
2026-02-21T02:40:01.228Z [svc-search-0] warning: slow query took 974ms
2026-02-21T02:40:01.230Z [svc-auth-1] health check ok
2026-02-21T02:40:01.231Z [pytest-xdist] gw3 test_users.py::test_update_session PASSED in 96ms trace=725e88a1-9406-7f68-4472-f1daf383b72e
2026-02-21T02:40:01.231Z [svc-db-4] retrying connection to postgres (attempt 3/3)
2026-02-21T02:40:01.235Z [svc-queue-2] processed batch of 11 items
2026-02-21T02:40:01.236Z [svc-media-3] gc pause 98ms, heap 898MB
2026-02-21T02:40:01.239Z [svc-media-4] health check ok
2026-02-21T02:40:01.241Z [svc-cache-3] retrying connection to kafka (attempt 3/3)
2026-02-21T02:40:01.242Z [svc-media-0] gc pause 87ms, heap 742MB
2026-02-21T02:40:01.245Z [pytest-xdist] gw3 test_billing.py::test_update_token PASSED in 249ms trace=582d29cf-1e02-4198-5932-1d08f60fac27
2026-02-21T02:40:01.246Z [svc-gateway-1] closed idle connection after 150s
2026-02-21T02:40:01.246Z [svc-gateway-4] closed idle connection after 258s
2026-02-21T02:40:01.247Z [svc-auth-0] gc pause 92ms, heap 547MB
2026-02-21T02:40:01.247Z [svc-cache-1] warning: slow query took 444ms
2026-02-21T02:40:01.249Z [svc-notify-3] gc pause 28ms, heap 639MB
2026-02-21T02:40:01.251Z [svc-queue-3] closed idle connection after 315s
2026-02-21T02:40:01.252Z [svc-media-0] retrying connection to vault (attempt 3/3)
2026-02-21T02:40:01.253Z [svc-billing-3] health check ok
2026-02-21T02:40:01.253Z [svc-notify-4] health check ok
2026-02-21T02:40:01.254Z [svc-billing-0] cache hit rate 85%
2026-02-21T02:40:01.255Z [svc-cache-4] warning: slow query took 1479ms
2026-02-21T02:40:01.255Z [svc-billing-2] health check ok
2026-02-21T02:40:01.256Z [svc-auth-2] processed batch of 190 items
2026-02-21T02:40:01.256Z [svc-gateway-0] retrying connection to redis (attempt 1/3)
2026-02-21T02:40:01.256Z [svc-gateway-4] health check ok
2026-02-21T02:40:01.259Z [svc-queue-2] closed idle connection after 289s
2026-02-21T02:40:01.260Z [svc-cache-4] retrying connection to s3 (attempt 1/3)
2026-02-21T02:40:01.260Z [svc-media-1] closed idle connection after 36s
2026-02-21T02:40:01.261Z [svc-media-2] cache hit rate 90%
2026-02-21T02:40:01.262Z [svc-gateway-4] retrying connection to vault (attempt 1/3)
2026-02-21T02:40:01.263Z [svc-notify-2] retrying connection to kafka (attempt 1/3)
2026-02-21T02:40:01.264Z [pytest-xdist] gw3 test_reports.py::test_notify_template PASSED in 113ms trace=a4214c17-0798-7148-3727-c4d391738e3a
2026-02-21T02:40:01.264Z [svc-queue-3] cache hit rate 92%
2026-02-21T02:40:01.270Z [svc-gateway-3] closed idle connection after 297s
2026-02-21T02:40:01.270Z [svc-sched-4] cache hit rate 85%
2026-02-21T02:40:01.272Z [pytest-xdist] gw4 test_export.py::test_delete_coupon PASSED in 121ms trace=dcca22d7-30a6-0fe3-e258-65277e6fa089
2026-02-21T02:40:01.274Z [svc-db-2] warning: slow query took 1271ms
2026-02-21T02:40:01.274Z [svc-billing-4] health check ok
2026-02-21T02:40:01.275Z [svc-db-2] processed batch of 351 items
2026-02-21T02:40:01.276Z [svc-search-4] closed idle connection after 303s
2026-02-21T02:40:01.276Z [svc-media-0] warning: slow query took 964ms
2026-02-21T02:40:01.277Z [pytest-xdist] gw3 test_search.py::test_cache_token PASSED in 194ms trace=2f6fbea7-6f8e-a3b7-6c6f-22d3e061dc19
2026-02-21T02:40:01.277Z [svc-billing-2] retrying connection to s3 (attempt 2/3)
2026-02-21T02:40:01.278Z [svc-billing-0] connected to upstream in 25ms
2026-02-21T02:40:01.278Z [svc-media-4] health check ok
2026-02-21T02:40:01.280Z [svc-auth-1] connected to upstream in 22ms
2026-02-21T02:40:01.282Z [svc-media-2] closed idle connection after 247s
2026-02-21T02:40:01.285Z [svc-db-1] warning: slow query took 472ms
2026-02-21T02:40:01.287Z [svc-cache-2] connected to upstream in 14ms
2026-02-21T02:40:01.288Z [pytest-xdist] gw0 test_queue.py::test_reconcile_region PASSED in 215ms trace=c669d149-0fab-8d21-f686-92af9d09b125
2026-02-21T02:40:01.289Z [svc-media-0] closed idle connection after 150s
2026-02-21T02:40:01.295Z [svc-search-4] retrying connection to elasticsearch (attempt 3/3)
2026-02-21T02:40:01.297Z [svc-notify-3] gc pause 30ms, heap 415MB
2026-02-21T02:40:01.298Z [svc-cache-3] closed idle connection after 308s
2026-02-21T02:40:01.298Z [svc-billing-2] retrying connection to s3 (attempt 3/3)
2026-02-21T02:40:01.301Z [svc-auth-4] retrying connection to kafka (attempt 3/3)
2026-02-21T02:40:01.304Z [pytest-xdist] gw5 test_orders.py::test_render_shipment PASSED in 182ms trace=29695fb4-bf4f-7843-7590-bc091f796295
2026-02-21T02:40:01.306Z [svc-cache-3] health check ok
2026-02-21T02:40:01.306Z [svc-media-4] cache hit rate 88%
2026-02-21T02:40:01.309Z [pytest-xdist] gw5 test_reports.py::test_paginate_session PASSED in 178ms trace=febe41ff-29a6-db2d-0785-1572fe162f15
2026-02-21T02:40:01.311Z [svc-search-4] closed idle connection after 72s
2026-02-21T02:40:01.312Z [svc-billing-0] retrying connection to redis (attempt 3/3)
2026-02-21T02:40:01.312Z [svc-queue-4] connected to upstream in 18ms
2026-02-21T02:40:01.313Z [svc-media-4] connected to upstream in 54ms
2026-02-21T02:40:01.315Z [svc-queue-2] gc pause 5ms, heap 994MB
2026-02-21T02:40:01.318Z [svc-media-3] connected to upstream in 36ms
2026-02-21T02:40:01.319Z [svc-search-3] processed batch of 168 items
2026-02-21T02:40:01.320Z [svc-search-0] closed idle connection after 208s
2026-02-21T02:40:01.323Z [svc-db-0] retrying connection to kafka (attempt 3/3)
2026-02-21T02:40:01.324Z [pytest-xdist] gw1 test_media.py::test_notify_user PASSED in 9ms trace=6c64340a-5353-194b-6184-63623c881d6a
2026-02-21T02:40:01.325Z [svc-db-1] health check ok
2026-02-21T02:40:01.327Z [svc-auth-4] gc pause 119ms, heap 657MB
2026-02-21T02:40:01.328Z [svc-db-4] cache hit rate 92%
2026-02-21T02:40:01.330Z [svc-db-0] closed idle connection after 78s
2026-02-21T02:40:01.330Z [svc-search-4] closed idle connection after 280s
2026-02-21T02:40:01.336Z [svc-billing-2] processed batch of 210 items
2026-02-21T02:40:01.338Z [pytest-xdist] gw4 test_search.py::test_validate_invoice PASSED in 102ms trace=9bbc5acf-754c-baf6-0821-1347761d5093
2026-02-21T02:40:01.342Z [svc-auth-4] closed idle connection after 271s
2026-02-21T02:40:01.342Z [svc-queue-3] cache hit rate 90%
2026-02-21T02:40:01.344Z [svc-queue-4] closed idle connection after 221s
2026-02-21T02:40:01.346Z [svc-sched-4] closed idle connection after 41s
2026-02-21T02:40:01.348Z [pytest-xdist] gw4 test_webhooks.py::test_create_session PASSED in 87ms trace=bf942099-2761-b683-8c8a-6462d30ff153
2026-02-21T02:40:01.350Z [svc-billing-4] retrying connection to vault (attempt 1/3)
2026-02-21T02:40:01.350Z [svc-gateway-3] health check ok
2026-02-21T02:40:01.352Z [svc-media-2] cache hit rate 92%
2026-02-21T02:40:01.355Z [pytest-xdist] gw3 test_sched.py::test_expire_template PASSED in 8ms trace=b69b008c-f112-4e55-b176-1d6a331aab8b
2026-02-21T02:40:01.355Z [svc-auth-4] cache hit rate 85%
2026-02-21T02:40:01.357Z [svc-sched-1] retrying connection to postgres (attempt 2/3)
2026-02-21T02:40:01.358Z [svc-cache-4] warning: slow query took 790ms
2026-02-21T02:40:01.359Z [svc-cache-3] health check ok
2026-02-21T02:40:01.359Z [svc-search-3] retrying connection to s3 (attempt 1/3)
2026-02-21T02:40:01.360Z [svc-gateway-2] closed idle connection after 64s
2026-02-21T02:40:01.361Z [svc-billing-3] connected to upstream in 11ms
2026-02-21T02:40:01.362Z [svc-gateway-2] gc pause 108ms, heap 183MB
2026-02-21T02:40:01.365Z [svc-cache-3] cache hit rate 90%
2026-02-21T02:40:01.367Z [svc-sched-2] warning: slow query took 749ms
2026-02-21T02:40:01.368Z [svc-cache-0] gc pause 100ms, heap 329MB
2026-02-21T02:40:01.368Z [svc-notify-4] gc pause 109ms, heap 408MB
2026-02-21T02:40:01.371Z [svc-billing-1] health check ok
2026-02-21T02:40:01.372Z [pytest-xdist] gw0 test_reports.py::test_render_query PASSED in 128ms trace=84d7ead6-91ce-5f75-7465-022bd2294b9a
2026-02-21T02:40:01.374Z [svc-media-1] cache hit rate 88%
2026-02-21T02:40:01.374Z [svc-sched-3] connected to upstream in 9ms
2026-02-21T02:40:01.375Z [svc-billing-4] cache hit rate 88%
2026-02-21T02:40:01.375Z [svc-sched-3] gc pause 33ms, heap 132MB
2026-02-21T02:40:01.377Z [svc-queue-2] connected to upstream in 53ms
2026-02-21T02:40:01.380Z [svc-sched-3] health check ok
2026-02-21T02:40:01.381Z [svc-auth-1] processed batch of 35 items
2026-02-21T02:40:01.381Z [svc-auth-4] processed batch of 243 items
2026-02-21T02:40:01.381Z [svc-cache-4] health check ok
2026-02-21T02:40:01.381Z [svc-billing-0] closed idle connection after 311s
2026-02-21T02:40:01.383Z [svc-billing-1] cache hit rate 88%
2026-02-21T02:40:01.387Z [pytest-xdist] gw3 test_payments.py::test_expire_quota PASSED in 80ms trace=098cce24-3b8a-5b11-0a31-6d56af094fb2
2026-02-21T02:40:01.388Z [svc-db-0] processed batch of 12 items
2026-02-21T02:40:01.391Z [svc-media-4] retrying connection to s3 (attempt 3/3)
2026-02-21T02:40:01.394Z [svc-cache-2] cache hit rate 95%
2026-02-21T02:40:01.394Z [svc-media-4] connected to upstream in 67ms
2026-02-21T02:40:01.395Z [svc-search-4] gc pause 55ms, heap 984MB
2026-02-21T02:40:01.396Z [pytest-xdist] gw2 test_auth.py::test_list_coupon PASSED in 107ms trace=3107235e-7345-f0f5-40ee-01b7c973a957
2026-02-21T02:40:01.397Z [svc-media-1] closed idle connection after 34s
2026-02-21T02:40:01.398Z [svc-cache-0] warning: slow query took 1057ms
2026-02-21T02:40:01.399Z [pytest-xdist] gw3 test_webhooks.py::test_reconcile_attachment PASSED in 151ms trace=0bb78ade-0a29-edb6-e48f-053fd5941683
2026-02-21T02:40:01.401Z [svc-media-2] closed idle connection after 43s
2026-02-21T02:40:01.403Z [svc-auth-3] warning: slow query took 458ms
2026-02-21T02:40:01.405Z [svc-db-1] health check ok
2026-02-21T02:40:01.405Z [svc-notify-2] processed batch of 88 items
2026-02-21T02:40:01.409Z [svc-auth-2] gc pause 92ms, heap 367MB
2026-02-21T02:40:01.411Z [svc-db-0] closed idle connection after 253s
2026-02-21T02:40:01.411Z [svc-db-3] connected to upstream in 38ms
2026-02-21T02:40:01.414Z [svc-queue-4] warning: slow query took 1124ms
2026-02-21T02:40:01.415Z [pytest-xdist] gw1 test_webhooks.py::test_validate_region PASSED in 7ms trace=c97ad570-3420-ab04-fd2e-31e9d8e88e35
2026-02-21T02:40:01.419Z [svc-sched-2] health check ok
2026-02-21T02:40:01.420Z [svc-gateway-0] closed idle connection after 218s
2026-02-21T02:40:01.421Z [svc-media-3] health check ok
2026-02-21T02:40:01.424Z [svc-sched-3] connected to upstream in 73ms
2026-02-21T02:40:01.425Z [svc-sched-2] health check ok
2026-02-21T02:40:01.427Z [pytest-xdist] gw5 test_search.py::test_paginate_subscription PASSED in 105ms trace=0f69114c-0c93-f2c0-9d9e-d3e489bd2a2f
2026-02-21T02:40:01.427Z [svc-cache-0] health check ok
2026-02-21T02:40:01.427Z [svc-gateway-4] cache hit rate 95%
2026-02-21T02:40:01.429Z [svc-search-3] closed idle connection after 140s
2026-02-21T02:40:01.430Z [svc-auth-3] retrying connection to redis (attempt 3/3)
2026-02-21T02:40:01.431Z [svc-db-1] warning: slow query took 1060ms
2026-02-21T02:40:01.432Z [svc-queue-0] warning: slow query took 373ms
2026-02-21T02:40:01.434Z [svc-media-0] retrying connection to vault (attempt 1/3)
2026-02-21T02:40:01.435Z [svc-auth-4] warning: slow query took 564ms
2026-02-21T02:40:01.436Z [pytest-xdist] gw0 test_search.py::test_validate_token PASSED in 98ms trace=2a830c19-5fe3-b438-4a79-032dcd5366cc
2026-02-21T02:40:01.436Z [svc-notify-2] gc pause 49ms, heap 458MB
2026-02-21T02:40:01.438Z [svc-billing-0] warning: slow query took 1634ms
2026-02-21T02:40:01.443Z [pytest-xdist] gw1 test_queue.py::test_validate_region PASSED in 203ms trace=396d7af4-2024-93ed-1893-da65fae460ce
2026-02-21T02:40:01.443Z [svc-gateway-0] connected to upstream in 24ms
2026-02-21T02:40:01.444Z [svc-search-1] processed batch of 410 items
2026-02-21T02:40:01.446Z [svc-cache-0] cache hit rate 90%
2026-02-21T02:40:01.446Z [svc-sched-0] health check ok
2026-02-21T02:40:01.447Z [svc-gateway-3] warning: slow query took 1285ms
2026-02-21T02:40:01.449Z [svc-cache-1] health check ok
2026-02-21T02:40:01.452Z [svc-db-4] warning: slow query took 307ms
2026-02-21T02:40:01.460Z [pytest-xdist] gw2 test_orders.py::test_create_token PASSED in 69ms trace=4efe71a2-32d2-6716-2e9a-8165f3bcea8f
2026-02-21T02:40:01.460Z [svc-notify-1] closed idle connection after 65s
2026-02-21T02:40:01.461Z [svc-cache-0] cache hit rate 88%
2026-02-21T02:40:01.461Z [svc-gateway-1] warning: slow query took 672ms
2026-02-21T02:40:01.462Z [svc-auth-1] processed batch of 314 items
2026-02-21T02:40:01.462Z [svc-search-4] health check ok
2026-02-21T02:40:01.462Z [svc-media-4] cache hit rate 90%
2026-02-21T02:40:01.463Z [svc-billing-0] retrying connection to redis (attempt 3/3)
2026-02-21T02:40:01.463Z [svc-sched-3] warning: slow query took 1296ms
2026-02-21T02:40:01.465Z [svc-db-3] cache hit rate 92%
2026-02-21T02:40:01.466Z [pytest-xdist] gw2 test_payments.py::test_reconcile_subscription PASSED in 114ms trace=d8780b81-d6ba-3767-69ed-dbc43b1542b6
2026-02-21T02:40:01.467Z [svc-cache-1] warning: slow query took 1746ms
2026-02-21T02:40:01.467Z [svc-cache-3] retrying connection to kafka (attempt 1/3)
2026-02-21T02:40:01.467Z [svc-billing-4] connected to upstream in 69ms
2026-02-21T02:40:01.468Z [svc-notify-0] processed batch of 496 items
2026-02-21T02:40:01.468Z [svc-queue-4] connected to upstream in 60ms
2026-02-21T02:40:01.469Z [svc-cache-1] processed batch of 28 items
2026-02-21T02:40:01.473Z [svc-auth-2] processed batch of 220 items
2026-02-21T02:40:01.473Z [svc-cache-3] cache hit rate 88%
2026-02-21T02:40:01.473Z [svc-notify-4] closed idle connection after 55s
2026-02-21T02:40:01.474Z [svc-media-3] warning: slow query took 1251ms
2026-02-21T02:40:01.475Z [svc-search-4] closed idle connection after 315s
2026-02-21T02:40:01.476Z [svc-search-2] cache hit rate 95%
2026-02-21T02:40:01.477Z [svc-db-0] processed batch of 498 items
2026-02-21T02:40:01.477Z [svc-search-0] connected to upstream in 76ms
2026-02-21T02:40:01.478Z [svc-billing-4] gc pause 12ms, heap 330MB
2026-02-21T02:40:01.478Z [svc-notify-2] closed idle connection after 53s
2026-02-21T02:40:01.480Z [svc-queue-1] gc pause 111ms, heap 975MB
2026-02-21T02:40:01.480Z [svc-queue-2] cache hit rate 95%
2026-02-21T02:40:01.483Z [svc-media-3] gc pause 12ms, heap 896MB
2026-02-21T02:40:01.484Z [svc-billing-0] closed idle connection after 196s
2026-02-21T02:40:01.485Z [svc-billing-2] warning: slow query took 539ms
2026-02-21T02:40:01.487Z [pytest-xdist] gw5 test_webhooks.py::test_reconcile_region PASSED in 160ms trace=92ffdd8e-c7bc-7d00-eba2-95ad3cc2bda9
2026-02-21T02:40:01.487Z [svc-gateway-1] retrying connection to kafka (attempt 2/3)
2026-02-21T02:40:01.488Z [svc-search-3] warning: slow query took 1034ms
2026-02-21T02:40:01.488Z [svc-queue-0] processed batch of 387 items
2026-02-21T02:40:01.488Z [svc-sched-3] cache hit rate 88%
2026-02-21T02:40:01.490Z [svc-notify-4] retrying connection to elasticsearch (attempt 1/3)
2026-02-21T02:40:01.490Z [svc-media-3] processed batch of 427 items
2026-02-21T02:40:01.492Z [svc-cache-0] connected to upstream in 49ms
2026-02-21T02:40:01.492Z [svc-billing-3] health check ok
2026-02-21T02:40:01.493Z [svc-queue-1] processed batch of 375 items
2026-02-21T02:40:01.494Z [svc-notify-2] health check ok
2026-02-21T02:40:01.494Z [svc-sched-1] connected to upstream in 24ms
2026-02-21T02:40:01.495Z [svc-search-3] warning: slow query took 1277ms
2026-02-21T02:40:01.499Z [pytest-xdist] gw3 test_import.py::test_render_refund PASSED in 80ms trace=e5b533dd-4c08-edb9-f781-53f712d42158
2026-02-21T02:40:01.499Z [svc-cache-1] cache hit rate 85%
2026-02-21T02:40:01.499Z [svc-db-2] processed batch of 179 items
2026-02-21T02:40:01.501Z [svc-search-2] warning: slow query took 1019ms
2026-02-21T02:40:01.503Z [svc-media-4] health check ok
2026-02-21T02:40:01.503Z [svc-queue-3] warning: slow query took 231ms
2026-02-21T02:40:01.505Z [svc-billing-4] processed batch of 65 items
2026-02-21T02:40:01.505Z [svc-sched-0] cache hit rate 88%
2026-02-21T02:40:01.507Z [svc-notify-3] processed batch of 11 items
2026-02-21T02:40:01.508Z [svc-media-1] cache hit rate 88%
2026-02-21T02:40:01.509Z [svc-media-0] connected to upstream in 6ms
2026-02-21T02:40:01.509Z [svc-sched-4] connected to upstream in 67ms
2026-02-21T02:40:01.509Z [svc-sched-4] health check ok
2026-02-21T02:40:01.511Z [svc-db-2] warning: slow query took 1890ms
2026-02-21T02:40:01.512Z [svc-search-1] warning: slow query took 747ms
2026-02-21T02:40:01.515Z [svc-auth-3] connected to upstream in 19ms
2026-02-21T02:40:01.515Z [svc-sched-1] gc pause 102ms, heap 594MB
2026-02-21T02:40:01.516Z [pytest-xdist] gw4 test_media.py::test_delete_quota PASSED in 87ms trace=8be0142f-e742-eb43-13ab-1f636b9095ec
2026-02-21T02:40:01.516Z [svc-gateway-1] closed idle connection after 111s
2026-02-21T02:40:01.516Z [svc-media-4] processed batch of 402 items
2026-02-21T02:40:01.516Z [svc-queue-0] gc pause 99ms, heap 967MB
2026-02-21T02:40:01.518Z [svc-search-3] gc pause 93ms, heap 725MB
2026-02-21T02:40:01.519Z [svc-sched-3] cache hit rate 85%
2026-02-21T02:40:01.522Z [svc-db-2] cache hit rate 90%
2026-02-21T02:40:01.522Z [svc-db-3] warning: slow query took 344ms
2026-02-21T02:40:01.523Z [svc-queue-1] gc pause 53ms, heap 214MB
2026-02-21T02:40:01.524Z [svc-queue-4] warning: slow query took 1952ms
2026-02-21T02:40:01.524Z [svc-sched-0] warning: slow query took 817ms
2026-02-21T02:40:01.525Z [svc-notify-0] cache hit rate 95%
2026-02-21T02:40:01.527Z [svc-billing-3] retrying connection to elasticsearch (attempt 2/3)
2026-02-21T02:40:01.530Z [svc-notify-4] retrying connection to elasticsearch (attempt 2/3)
2026-02-21T02:40:01.532Z [svc-sched-1] gc pause 77ms, heap 626MB
2026-02-21T02:40:01.533Z [svc-db-1] retrying connection to s3 (attempt 2/3)
2026-02-21T02:40:01.536Z [pytest-xdist] gw4 test_export.py::test_create_invoice PASSED in 128ms trace=4f8796eb-62d7-8535-8949-e9cc49bd5ad8
2026-02-21T02:40:01.537Z [svc-gateway-4] gc pause 5ms, heap 183MB
2026-02-21T02:40:01.539Z [svc-notify-3] closed idle connection after 118s
2026-02-21T02:40:01.539Z [svc-gateway-4] connected to upstream in 19ms
2026-02-21T02:40:01.542Z [pytest-xdist] gw4 test_payments.py::test_render_refund PASSED in 241ms trace=caaf2194-9136-56cc-6331-550e9432feab
2026-02-21T02:40:01.544Z [svc-cache-3] gc pause 90ms, heap 889MB
2026-02-21T02:40:01.545Z [svc-notify-2] cache hit rate 85%
2026-02-21T02:40:01.545Z [svc-media-0] connected to upstream in 52ms
2026-02-21T02:40:01.547Z [svc-queue-0] retrying connection to vault (attempt 1/3)
2026-02-21T02:40:01.549Z [svc-db-1] retrying connection to s3 (attempt 1/3)
2026-02-21T02:40:01.549Z [svc-db-4] connected to upstream in 9ms
2026-02-21T02:40:01.554Z [svc-auth-2] warning: slow query took 385ms
2026-02-21T02:40:01.556Z [svc-auth-2] connected to upstream in 68ms
2026-02-21T02:40:01.558Z [svc-auth-0] cache hit rate 92%
2026-02-21T02:40:01.560Z [svc-sched-3] retrying connection to kafka (attempt 3/3)
2026-02-21T02:40:01.563Z [svc-gateway-1] connected to upstream in 74ms
2026-02-21T02:40:01.564Z [pytest-xdist] gw3 test_auth.py::test_authorize_shipment PASSED in 244ms trace=81a4243a-c868-a186-0a41-48f7f23bd1c8
2026-02-21T02:40:01.566Z [svc-db-1] gc pause 43ms, heap 247MB
2026-02-21T02:40:01.567Z [svc-search-2] closed idle connection after 201s
2026-02-21T02:40:01.567Z [svc-queue-3] closed idle connection after 284s
2026-02-21T02:40:01.568Z [svc-auth-2] processed batch of 494 items
2026-02-21T02:40:01.569Z [svc-gateway-0] processed batch of 330 items
2026-02-21T02:40:01.571Z [svc-queue-1] processed batch of 441 items
2026-02-21T02:40:01.572Z [svc-search-0] connected to upstream in 10ms
2026-02-21T02:40:01.573Z [svc-search-4] processed batch of 453 items
2026-02-21T02:40:01.573Z [svc-gateway-2] closed idle connection after 61s
2026-02-21T02:40:01.574Z [svc-cache-2] closed idle connection after 272s
2026-02-21T02:40:01.574Z [svc-db-0] gc pause 60ms, heap 282MB
2026-02-21T02:40:01.575Z [svc-billing-1] closed idle connection after 117s
2026-02-21T02:40:01.577Z [svc-media-3] gc pause 37ms, heap 753MB
2026-02-21T02:40:01.577Z [svc-queue-2] warning: slow query took 1393ms
2026-02-21T02:40:01.583Z [svc-auth-4] warning: slow query took 997ms
2026-02-21T02:40:01.584Z [pytest-xdist] gw0 test_payments.py::test_render_template PASSED in 193ms trace=a6d34d42-112b-d02f-b97f-4870da04273e
2026-02-21T02:40:01.584Z [svc-auth-0] connected to upstream in 66ms
2026-02-21T02:40:01.586Z [svc-gateway-4] processed batch of 505 items
2026-02-21T02:40:01.586Z [svc-sched-1] closed idle connection after 286s
2026-02-21T02:40:01.588Z [svc-cache-4] gc pause 6ms, heap 732MB
2026-02-21T02:40:01.588Z [svc-billing-4] health check ok
2026-02-21T02:40:01.590Z [svc-auth-0] connected to upstream in 58ms
2026-02-21T02:40:01.590Z [svc-gateway-3] retrying connection to elasticsearch (attempt 2/3)
2026-02-21T02:40:01.592Z [svc-queue-2] processed batch of 200 items
2026-02-21T02:40:01.595Z [svc-notify-3] health check ok
2026-02-21T02:40:01.595Z [svc-gateway-1] closed idle connection after 170s
2026-02-21T02:40:01.600Z [svc-cache-3] processed batch of 420 items
2026-02-21T02:40:01.601Z [svc-auth-4] warning: slow query took 1781ms
2026-02-21T02:40:01.601Z [svc-cache-0] closed idle connection after 217s
2026-02-21T02:40:01.602Z [svc-queue-2] closed idle connection after 271s
2026-02-21T02:40:01.602Z [svc-sched-2] closed idle connection after 193s
2026-02-21T02:40:01.603Z [svc-notify-4] processed batch of 336 items
2026-02-21T02:40:01.603Z [svc-sched-2] cache hit rate 85%
2026-02-21T02:40:01.604Z [pytest-xdist] gw1 test_payments.py::test_reconcile_quota PASSED in 62ms trace=d3b17f3e-469a-04b9-0ac1-9d3b242f3006
2026-02-21T02:40:01.604Z [svc-cache-1] gc pause 100ms, heap 128MB
2026-02-21T02:40:01.604Z [svc-queue-1] closed idle connection after 199s
2026-02-21T02:40:01.605Z [svc-billing-1] cache hit rate 85%
2026-02-21T02:40:01.605Z [svc-sched-3] warning: slow query took 1898ms
2026-02-21T02:40:01.606Z [svc-billing-2] health check ok
2026-02-21T02:40:01.607Z [svc-cache-0] retrying connection to vault (attempt 1/3)
2026-02-21T02:40:01.608Z [svc-gateway-1] connected to upstream in 76ms
2026-02-21T02:40:01.609Z [svc-cache-1] gc pause 39ms, heap 958MB
2026-02-21T02:40:01.610Z [svc-search-4] processed batch of 395 items
2026-02-21T02:40:01.610Z [svc-media-3] connected to upstream in 21ms
2026-02-21T02:40:01.612Z [svc-notify-2] processed batch of 501 items
2026-02-21T02:40:01.612Z [svc-sched-2] retrying connection to redis (attempt 3/3)
2026-02-21T02:40:01.613Z [svc-db-4] closed idle connection after 143s
2026-02-21T02:40:01.613Z [svc-queue-1] closed idle connection after 58s
2026-02-21T02:40:01.616Z [svc-queue-3] gc pause 5ms, heap 238MB
2026-02-21T02:40:01.617Z [svc-billing-4] warning: slow query took 1339ms
2026-02-21T02:40:01.617Z [svc-gateway-1] gc pause 55ms, heap 213MB
2026-02-21T02:40:01.618Z [svc-sched-1] gc pause 118ms, heap 382MB
2026-02-21T02:40:01.621Z [svc-search-4] gc pause 101ms, heap 692MB
2026-02-21T02:40:01.621Z [svc-gateway-3] cache hit rate 95%
2026-02-21T02:40:01.622Z [pytest-xdist] gw3 test_orders.py::test_notify_shipment PASSED in 227ms trace=ab28bdaf-a995-ea66-30d9-829a7a0a15ab
2026-02-21T02:40:01.623Z [svc-queue-1] processed batch of 121 items
2026-02-21T02:40:01.625Z [svc-gateway-1] processed batch of 168 items
2026-02-21T02:40:01.625Z [svc-gateway-2] retrying connection to s3 (attempt 1/3)
2026-02-21T02:40:01.625Z [svc-gateway-2] gc pause 27ms, heap 298MB
2026-02-21T02:40:01.627Z [svc-auth-2] connected to upstream in 77ms
2026-02-21T02:40:01.627Z [svc-gateway-1] processed batch of 197 items
2026-02-21T02:40:01.629Z [pytest-xdist] gw3 test_sched.py::test_notify_quota PASSED in 250ms trace=bcc66642-3f8f-dbe3-814b-14636629b591
2026-02-21T02:40:01.629Z [svc-gateway-0] warning: slow query took 667ms
2026-02-21T02:40:01.631Z [svc-auth-2] retrying connection to postgres (attempt 3/3)
2026-02-21T02:40:01.632Z [svc-search-0] connected to upstream in 75ms
2026-02-21T02:40:01.632Z [svc-sched-2] warning: slow query took 706ms
2026-02-21T02:40:01.633Z [svc-db-0] closed idle connection after 259s
2026-02-21T02:40:01.634Z [svc-cache-3] processed batch of 320 items
2026-02-21T02:40:01.634Z [svc-search-4] closed idle connection after 222s
2026-02-21T02:40:01.637Z [svc-auth-0] warning: slow query took 925ms
2026-02-21T02:40:01.637Z [svc-queue-3] gc pause 71ms, heap 320MB
2026-02-21T02:40:01.638Z [svc-billing-1] warning: slow query took 1785ms
2026-02-21T02:40:01.638Z [svc-sched-4] health check ok
2026-02-21T02:40:01.639Z [svc-db-0] gc pause 46ms, heap 429MB
2026-02-21T02:40:01.640Z [svc-gateway-4] warning: slow query took 1278ms
2026-02-21T02:40:01.640Z [svc-sched-4] warning: slow query took 1897ms
2026-02-21T02:40:01.641Z [pytest-xdist] gw0 test_orders.py::test_retry_token PASSED in 195ms trace=48b8a978-fdaf-e725-6e01-f43f768a0aa7
2026-02-21T02:40:01.642Z [svc-billing-2] gc pause 111ms, heap 192MB
2026-02-21T02:40:01.642Z [svc-notify-2] retrying connection to kafka (attempt 3/3)
2026-02-21T02:40:01.643Z [svc-sched-1] gc pause 85ms, heap 153MB
2026-02-21T02:40:01.644Z [svc-cache-1] warning: slow query took 1698ms
2026-02-21T02:40:01.647Z [svc-db-1] gc pause 43ms, heap 195MB
2026-02-21T02:40:01.647Z [svc-notify-1] retrying connection to redis (attempt 1/3)
2026-02-21T02:40:01.648Z [svc-search-4] connected to upstream in 76ms
2026-02-21T02:40:01.652Z [svc-auth-1] connected to upstream in 31ms
2026-02-21T02:40:01.652Z [svc-notify-3] gc pause 23ms, heap 940MB
2026-02-21T02:40:01.653Z [svc-cache-4] retrying connection to s3 (attempt 1/3)
2026-02-21T02:40:01.653Z [svc-db-3] gc pause 90ms, heap 107MB
2026-02-21T02:40:01.655Z [svc-db-4] warning: slow query took 204ms
2026-02-21T02:40:01.656Z [svc-auth-2] closed idle connection after 308s
2026-02-21T02:40:01.656Z [svc-sched-3] connected to upstream in 82ms
2026-02-21T02:40:01.657Z [svc-search-4] warning: slow query took 311ms
2026-02-21T02:40:01.658Z [svc-cache-4] cache hit rate 95%
2026-02-21T02:40:01.660Z [pytest-xdist] gw2 test_media.py::test_cache_user PASSED in 123ms trace=5014854b-0bc7-8f9c-54d5-0c6a2b25ddd6
2026-02-21T02:40:01.664Z [svc-notify-2] gc pause 42ms, heap 220MB
2026-02-21T02:40:01.665Z [svc-sched-4] cache hit rate 95%
2026-02-21T02:40:01.670Z [svc-cache-4] connected to upstream in 81ms
2026-02-21T02:40:01.672Z [pytest-xdist] gw3 test_orders.py::test_reconcile_refund PASSED in 127ms trace=cfc64543-226a-9146-7759-b277b8d84f9b
2026-02-21T02:40:01.672Z [svc-media-2] cache hit rate 88%
2026-02-21T02:40:01.677Z [pytest-xdist] gw3 test_webhooks.py::test_sync_session PASSED in 79ms trace=b35e5c1e-08af-bca2-260b-3887aabefc84
2026-02-21T02:40:01.677Z [svc-search-2] warning: slow query took 1845ms
2026-02-21T02:40:01.678Z [svc-notify-0] warning: slow query took 483ms
2026-02-21T02:40:01.679Z [svc-media-1] cache hit rate 85%
2026-02-21T02:40:01.679Z [svc-media-1] retrying connection to postgres (attempt 2/3)
2026-02-21T02:40:01.684Z [svc-billing-0] retrying connection to redis (attempt 2/3)
2026-02-21T02:40:01.687Z [svc-sched-2] connected to upstream in 40ms
2026-02-21T02:40:01.688Z [svc-db-1] gc pause 75ms, heap 629MB
2026-02-21T02:40:01.692Z [svc-queue-0] connected to upstream in 30ms
2026-02-21T02:40:01.693Z [svc-search-1] closed idle connection after 220s
2026-02-21T02:40:01.693Z [svc-notify-4] health check ok
2026-02-21T02:40:01.696Z [svc-db-3] warning: slow query took 506ms
2026-02-21T02:40:01.696Z [svc-queue-3] processed batch of 240 items
2026-02-21T02:40:01.697Z [pytest-xdist] gw4 test_import.py::test_sync_invoice PASSED in 225ms trace=04fd184b-6f7b-8b2a-1893-aaf1cc4cb39c
2026-02-21T02:40:01.698Z [svc-cache-2] retrying connection to redis (attempt 2/3)
2026-02-21T02:40:01.698Z [svc-billing-4] closed idle connection after 61s
2026-02-21T02:40:01.701Z [svc-search-4] processed batch of 468 items
2026-02-21T02:40:01.702Z [svc-notify-4] warning: slow query took 2160ms
2026-02-21T02:40:01.703Z [svc-billing-1] health check ok
2026-02-21T02:40:01.705Z [svc-db-2] gc pause 93ms, heap 864MB
2026-02-21T02:40:01.707Z [pytest-xdist] gw3 test_users.py::test_delete_shipment PASSED in 201ms trace=0ab54249-11f2-8a77-84ba-77dc204404bb
2026-02-21T02:40:01.707Z [svc-media-2] health check ok
2026-02-21T02:40:01.707Z [svc-queue-0] processed batch of 507 items
2026-02-21T02:40:01.711Z [svc-billing-3] retrying connection to elasticsearch (attempt 1/3)
2026-02-21T02:40:01.714Z [svc-cache-1] processed batch of 321 items
2026-02-21T02:40:01.715Z [svc-queue-0] warning: slow query took 851ms
2026-02-21T02:40:01.715Z [svc-sched-1] warning: slow query took 627ms
2026-02-21T02:40:01.716Z [svc-gateway-2] connected to upstream in 47ms
2026-02-21T02:40:01.716Z [svc-queue-3] cache hit rate 88%
2026-02-21T02:40:01.717Z [svc-sched-0] retrying connection to vault (attempt 1/3)
2026-02-21T02:40:01.720Z [pytest-xdist] gw2 test_queue.py::test_authorize_template PASSED in 237ms trace=9d120b2b-d28b-2356-8ff4-16ee5629207d
2026-02-21T02:40:01.720Z [svc-auth-1] closed idle connection after 237s
2026-02-21T02:40:01.720Z [svc-cache-0] connected to upstream in 45ms
2026-02-21T02:40:01.720Z [svc-queue-3] warning: slow query took 972ms
2026-02-21T02:40:01.722Z [svc-sched-0] gc pause 27ms, heap 100MB
2026-02-21T02:40:01.724Z [svc-search-2] connected to upstream in 51ms
2026-02-21T02:40:01.725Z [svc-search-1] health check ok
2026-02-21T02:40:01.725Z [svc-queue-0] health check ok
2026-02-21T02:40:01.725Z [svc-queue-4] warning: slow query took 633ms
2026-02-21T02:40:01.726Z [svc-gateway-3] connected to upstream in 69ms
2026-02-21T02:40:01.726Z [svc-media-1] closed idle connection after 233s
2026-02-21T02:40:01.728Z [svc-auth-1] retrying connection to vault (attempt 3/3)
2026-02-21T02:40:01.729Z [svc-billing-3] closed idle connection after 117s
2026-02-21T02:40:01.730Z [svc-gateway-1] processed batch of 283 items
2026-02-21T02:40:01.730Z [svc-sched-1] closed idle connection after 131s
2026-02-21T02:40:01.731Z [svc-auth-3] health check ok
2026-02-21T02:40:01.733Z [svc-search-0] health check ok
2026-02-21T02:40:01.735Z [svc-media-1] cache hit rate 88%
2026-02-21T02:40:01.737Z [pytest-xdist] gw3 test_notify.py::test_cache_quota PASSED in 59ms trace=2ad311c8-d932-e487-4ab0-62ddfe7100fc
2026-02-21T02:40:01.738Z [svc-search-0] closed idle connection after 272s
2026-02-21T02:40:01.739Z [svc-queue-1] warning: slow query took 999ms
2026-02-21T02:40:01.743Z [svc-cache-0] connected to upstream in 80ms
2026-02-21T02:40:01.747Z [svc-billing-4] closed idle connection after 239s
2026-02-21T02:40:01.750Z [svc-media-0] processed batch of 290 items
2026-02-21T02:40:01.752Z [svc-media-2] retrying connection to redis (attempt 1/3)
2026-02-21T02:40:01.754Z [svc-billing-2] connected to upstream in 20ms
2026-02-21T02:40:01.754Z [svc-queue-1] warning: slow query took 1424ms
2026-02-21T02:40:01.755Z [pytest-xdist] gw4 test_webhooks.py::test_authorize_region PASSED in 182ms trace=455ecf2e-59d8-d3af-db45-4828b6f3208b
2026-02-21T02:40:01.755Z [svc-search-4] gc pause 42ms, heap 960MB
2026-02-21T02:40:01.755Z [svc-notify-4] health check ok
2026-02-21T02:40:01.756Z [svc-gateway-3] cache hit rate 88%
2026-02-21T02:40:01.756Z [svc-queue-1] processed batch of 482 items
2026-02-21T02:40:01.756Z [svc-sched-4] cache hit rate 92%
2026-02-21T02:40:01.757Z [svc-media-2] retrying connection to redis (attempt 2/3)
2026-02-21T02:40:01.760Z [svc-auth-2] gc pause 78ms, heap 829MB
2026-02-21T02:40:01.761Z [pytest-xdist] gw2 test_queue.py::test_validate_subscription PASSED in 203ms trace=423c093e-541c-5ab3-6830-7f4da4be1cf0
2026-02-21T02:40:01.761Z [svc-billing-2] cache hit rate 90%
2026-02-21T02:40:01.761Z [svc-billing-4] connected to upstream in 23ms
2026-02-21T02:40:01.763Z [svc-billing-4] cache hit rate 88%
2026-02-21T02:40:01.764Z [svc-cache-4] cache hit rate 95%
2026-02-21T02:40:01.764Z [svc-search-0] warning: slow query took 1316ms
2026-02-21T02:40:01.765Z [svc-search-3] connected to upstream in 44ms
2026-02-21T02:40:01.765Z [svc-sched-3] health check ok
2026-02-21T02:40:01.767Z [svc-notify-3] closed idle connection after 210s
2026-02-21T02:40:01.768Z [svc-auth-4] gc pause 34ms, heap 504MB
2026-02-21T02:40:01.768Z [svc-gateway-4] cache hit rate 92%
2026-02-21T02:40:01.770Z [svc-notify-3] processed batch of 125 items
2026-02-21T02:40:01.772Z [svc-db-3] cache hit rate 90%
2026-02-21T02:40:01.772Z [svc-media-2] cache hit rate 88%
2026-02-21T02:40:01.774Z [svc-auth-2] health check ok
2026-02-21T02:40:01.774Z [svc-gateway-3] retrying connection to elasticsearch (attempt 1/3)
2026-02-21T02:40:01.777Z [svc-db-0] connected to upstream in 79ms
2026-02-21T02:40:01.777Z [svc-gateway-0] health check ok
2026-02-21T02:40:01.778Z [svc-db-0] health check ok
2026-02-21T02:40:01.779Z [svc-notify-1] warning: slow query took 1525ms
2026-02-21T02:40:01.779Z [svc-media-2] cache hit rate 92%
2026-02-21T02:40:01.780Z [svc-auth-0] closed idle connection after 119s
2026-02-21T02:40:01.780Z [svc-search-0] processed batch of 122 items
2026-02-21T02:40:01.780Z [svc-queue-2] health check ok
2026-02-21T02:40:01.781Z [pytest-xdist] gw3 test_gateway.py::test_delete_shipment PASSED in 187ms trace=83c34dd7-9427-0acd-6ee4-1a72c66629dc
2026-02-21T02:40:01.781Z [svc-auth-0] cache hit rate 95%
2026-02-21T02:40:01.781Z [svc-cache-3] cache hit rate 92%
2026-02-21T02:40:01.781Z [svc-notify-1] warning: slow query took 1369ms
2026-02-21T02:40:01.785Z [svc-db-1] gc pause 98ms, heap 486MB
2026-02-21T02:40:01.787Z [svc-queue-4] closed idle connection after 191s
2026-02-21T02:40:01.788Z [svc-notify-4] health check ok
2026-02-21T02:40:01.791Z [svc-media-1] warning: slow query took 374ms
2026-02-21T02:40:01.793Z [svc-sched-3] gc pause 111ms, heap 622MB
2026-02-21T02:40:01.794Z [svc-search-1] closed idle connection after 193s
2026-02-21T02:40:01.795Z [pytest-xdist] gw1 test_queue.py::test_expire_template PASSED in 192ms trace=40d7f1cf-27ac-d0a1-0d05-c43899409ce7
2026-02-21T02:40:01.795Z [svc-gateway-1] connected to upstream in 28ms
2026-02-21T02:40:01.796Z [svc-search-0] cache hit rate 85%
2026-02-21T02:40:01.797Z [svc-billing-0] retrying connection to redis (attempt 3/3)
2026-02-21T02:40:01.798Z [svc-billing-0] gc pause 83ms, heap 564MB
2026-02-21T02:40:01.802Z [svc-queue-2] health check ok
2026-02-21T02:40:01.803Z [svc-cache-0] connected to upstream in 26ms
2026-02-21T02:40:01.805Z [svc-media-4] closed idle connection after 112s
2026-02-21T02:40:01.808Z [svc-gateway-1] processed batch of 434 items
2026-02-21T02:40:01.813Z [svc-notify-0] cache hit rate 95%
2026-02-21T02:40:01.814Z [svc-auth-1] gc pause 97ms, heap 820MB
2026-02-21T02:40:01.816Z [pytest-xdist] gw1 test_webhooks.py::test_render_user PASSED in 63ms trace=ad4499bc-c62e-52d7-c9c7-b82f99cbf74f
2026-02-21T02:40:01.816Z [svc-auth-0] cache hit rate 92%
2026-02-21T02:40:01.816Z [svc-media-2] connected to upstream in 72ms
2026-02-21T02:40:01.817Z [svc-gateway-4] connected to upstream in 66ms
2026-02-21T02:40:01.817Z [svc-media-2] processed batch of 300 items
2026-02-21T02:40:01.818Z [svc-db-2] health check ok
2026-02-21T02:40:01.818Z [svc-billing-2] processed batch of 206 items
2026-02-21T02:40:01.819Z [svc-cache-1] warning: slow query took 1425ms
2026-02-21T02:40:01.820Z [svc-search-2] closed idle connection after 74s
2026-02-21T02:40:01.820Z [svc-media-1] cache hit rate 88%
2026-02-21T02:40:01.822Z [svc-auth-1] gc pause 124ms, heap 771MB
2026-02-21T02:40:01.824Z [svc-search-1] health check ok
2026-02-21T02:40:01.826Z [svc-db-3] processed batch of 293 items
2026-02-21T02:40:01.827Z [svc-gateway-4] closed idle connection after 176s
2026-02-21T02:40:01.829Z [pytest-xdist] gw4 test_payments.py::test_update_session PASSED in 45ms trace=e97749ec-dc33-0ff5-4595-f97073743c7a
2026-02-21T02:40:01.829Z [svc-queue-4] retrying connection to s3 (attempt 3/3)
2026-02-21T02:40:01.831Z [svc-db-1] cache hit rate 88%
2026-02-21T02:40:01.831Z [svc-sched-2] warning: slow query took 1555ms
2026-02-21T02:40:01.832Z [svc-notify-0] connected to upstream in 31ms
2026-02-21T02:40:01.832Z [svc-notify-3] cache hit rate 90%
2026-02-21T02:40:01.833Z [svc-search-1] cache hit rate 88%
2026-02-21T02:40:01.836Z [pytest-xdist] gw0 test_sched.py::test_expire_query PASSED in 109ms trace=1db7c215-aad1-99c4-a42d-37378ec169c6
2026-02-21T02:40:01.837Z [svc-sched-3] health check ok
2026-02-21T02:40:01.838Z [svc-auth-0] warning: slow query took 2038ms
2026-02-21T02:40:01.839Z [svc-sched-4] cache hit rate 88%
2026-02-21T02:40:01.840Z [svc-cache-0] warning: slow query took 1553ms
2026-02-21T02:40:01.841Z [svc-queue-0] retrying connection to vault (attempt 1/3)
2026-02-21T02:40:01.843Z [svc-billing-4] connected to upstream in 42ms
2026-02-21T02:40:01.847Z [pytest-xdist] gw5 test_search.py::test_render_query PASSED in 226ms trace=aa16f121-80a1-5dc1-1ed3-9a86d22452c7
2026-02-21T02:40:01.848Z [svc-db-2] warning: slow query took 940ms
2026-02-21T02:40:01.849Z [svc-sched-4] closed idle connection after 191s
2026-02-21T02:40:01.850Z [pytest-xdist] gw2 test_search.py::test_cache_index PASSED in 152ms trace=79fd6851-476e-bde2-5238-3f2db8d32945
2026-02-21T02:40:01.850Z [svc-notify-4] connected to upstream in 62ms
2026-02-21T02:40:01.850Z [svc-queue-4] gc pause 62ms, heap 859MB
2026-02-21T02:40:01.851Z [svc-queue-3] processed batch of 108 items
2026-02-21T02:40:01.854Z [svc-queue-0] cache hit rate 90%
2026-02-21T02:40:01.856Z [svc-sched-4] gc pause 73ms, heap 913MB
2026-02-21T02:40:01.859Z [svc-db-0] processed batch of 39 items
2026-02-21T02:40:01.860Z [svc-cache-4] closed idle connection after 153s
2026-02-21T02:40:01.860Z [svc-search-2] cache hit rate 85%
2026-02-21T02:40:01.860Z [svc-search-2] warning: slow query took 1004ms
2026-02-21T02:40:01.863Z [svc-auth-0] connected to upstream in 21ms
2026-02-21T02:40:01.864Z [svc-notify-0] closed idle connection after 97s
2026-02-21T02:40:01.864Z [svc-sched-0] cache hit rate 95%
2026-02-21T02:40:01.865Z [svc-search-0] retrying connection to postgres (attempt 1/3)
2026-02-21T02:40:01.868Z [svc-sched-1] closed idle connection after 258s
2026-02-21T02:40:01.869Z [svc-search-4] closed idle connection after 113s
2026-02-21T02:40:01.869Z [svc-gateway-0] connected to upstream in 78ms
2026-02-21T02:40:01.870Z [svc-gateway-4] gc pause 92ms, heap 569MB
2026-02-21T02:40:01.871Z [svc-queue-0] gc pause 70ms, heap 688MB
2026-02-21T02:40:01.872Z [pytest-xdist] gw1 test_billing.py::test_validate_region PASSED in 12ms trace=ae8cc327-27c8-73e1-060c-3564dab34fc4
2026-02-21T02:40:01.872Z [svc-media-4] retrying connection to s3 (attempt 3/3)
2026-02-21T02:40:01.878Z [svc-gateway-1] retrying connection to kafka (attempt 2/3)
2026-02-21T02:40:01.880Z [svc-gateway-3] processed batch of 428 items
2026-02-21T02:40:01.881Z [svc-auth-4] gc pause 28ms, heap 718MB
2026-02-21T02:40:01.881Z [svc-notify-1] health check ok
2026-02-21T02:40:01.881Z [svc-notify-4] retrying connection to elasticsearch (attempt 1/3)
2026-02-21T02:40:01.883Z [svc-billing-0] warning: slow query took 719ms
2026-02-21T02:40:01.883Z [svc-billing-3] warning: slow query took 1227ms
2026-02-21T02:40:01.883Z [svc-queue-1] closed idle connection after 202s
2026-02-21T02:40:01.885Z [svc-billing-4] closed idle connection after 237s
2026-02-21T02:40:01.885Z [svc-sched-3] processed batch of 47 items
2026-02-21T02:40:01.887Z [svc-db-2] closed idle connection after 239s
2026-02-21T02:40:01.890Z [pytest-xdist] gw0 test_search.py::test_notify_webhook PASSED in 114ms trace=8aabe5da-49b0-7202-c479-fa6441374072
2026-02-21T02:40:01.890Z [svc-queue-4] processed batch of 470 items
2026-02-21T02:40:01.893Z [svc-media-3] processed batch of 54 items
2026-02-21T02:40:01.895Z [svc-notify-2] cache hit rate 88%
2026-02-21T02:40:01.895Z [svc-gateway-3] cache hit rate 95%
2026-02-21T02:40:01.900Z [svc-queue-2] cache hit rate 85%
2026-02-21T02:40:01.903Z [svc-notify-0] connected to upstream in 19ms
2026-02-21T02:40:01.903Z [svc-queue-4] processed batch of 146 items
2026-02-21T02:40:01.904Z [svc-media-1] processed batch of 319 items
2026-02-21T02:40:01.905Z [svc-billing-0] warning: slow query took 1124ms
2026-02-21T02:40:01.905Z [svc-search-1] closed idle connection after 178s
2026-02-21T02:40:01.905Z [svc-search-2] cache hit rate 90%
2026-02-21T02:40:01.906Z [svc-billing-3] cache hit rate 90%
2026-02-21T02:40:01.907Z [svc-notify-1] connected to upstream in 8ms
2026-02-21T02:40:01.907Z [svc-media-3] retrying connection to kafka (attempt 2/3)
2026-02-21T02:40:01.907Z [svc-sched-3] warning: slow query took 1457ms
2026-02-21T02:40:01.909Z [svc-db-0] cache hit rate 92%
2026-02-21T02:40:01.909Z [svc-billing-2] retrying connection to s3 (attempt 2/3)
2026-02-21T02:40:01.910Z [svc-auth-1] retrying connection to vault (attempt 3/3)
2026-02-21T02:40:01.910Z [svc-auth-4] health check ok
2026-02-21T02:40:01.912Z [pytest-xdist] gw0 test_reports.py::test_list_template PASSED in 74ms trace=b8b327ed-8b29-0a89-0e17-83cdfc24c3c0
2026-02-21T02:40:01.912Z [svc-gateway-1] connected to upstream in 81ms
2026-02-21T02:40:01.913Z [svc-sched-1] cache hit rate 88%
2026-02-21T02:40:01.914Z [svc-auth-0] health check ok
2026-02-21T02:40:01.914Z [svc-cache-0] gc pause 87ms, heap 681MB
2026-02-21T02:40:01.916Z [svc-db-1] closed idle connection after 317s
2026-02-21T02:40:01.916Z [svc-queue-2] retrying connection to redis (attempt 1/3)
2026-02-21T02:40:01.917Z [svc-billing-1] gc pause 33ms, heap 148MB
2026-02-21T02:40:01.917Z [svc-notify-3] retrying connection to s3 (attempt 3/3)
2026-02-21T02:40:01.917Z [svc-sched-1] gc pause 92ms, heap 964MB
2026-02-21T02:40:01.918Z [svc-auth-2] retrying connection to postgres (attempt 1/3)
2026-02-21T02:40:01.918Z [svc-gateway-0] connected to upstream in 63ms
2026-02-21T02:40:01.920Z [svc-db-3] processed batch of 450 items
2026-02-21T02:40:01.920Z [svc-queue-2] cache hit rate 85%
2026-02-21T02:40:01.921Z [pytest-xdist] gw3 test_search.py::test_expire_quota PASSED in 196ms trace=68b2c205-2c0b-f05e-9337-6a7413e826a3
2026-02-21T02:40:01.921Z [svc-media-1] warning: slow query took 477ms
2026-02-21T02:40:01.922Z [svc-billing-0] health check ok
2026-02-21T02:40:01.923Z [svc-billing-1] closed idle connection after 103s
2026-02-21T02:40:01.925Z [svc-auth-4] gc pause 59ms, heap 696MB
2026-02-21T02:40:01.925Z [svc-notify-0] warning: slow query took 1234ms
2026-02-21T02:40:01.926Z [svc-auth-0] warning: slow query took 2173ms
2026-02-21T02:40:01.926Z [svc-billing-0] health check ok
2026-02-21T02:40:01.927Z [pytest-xdist] gw2 test_gateway.py::test_reconcile_quota PASSED in 178ms trace=38ae1a30-e287-cc09-3800-8f5c051c9b4d
2026-02-21T02:40:01.927Z [svc-db-0] gc pause 22ms, heap 372MB
2026-02-21T02:40:01.927Z [svc-media-1] closed idle connection after 133s
2026-02-21T02:40:01.929Z [svc-sched-4] cache hit rate 95%
2026-02-21T02:40:01.933Z [svc-auth-1] connected to upstream in 13ms
2026-02-21T02:40:01.933Z [svc-billing-4] cache hit rate 85%
2026-02-21T02:40:01.935Z [svc-search-2] retrying connection to kafka (attempt 3/3)
2026-02-21T02:40:01.936Z [svc-cache-3] cache hit rate 92%
2026-02-21T02:40:01.939Z [svc-media-2] warning: slow query took 1621ms
2026-02-21T02:40:01.940Z [svc-queue-3] connected to upstream in 66ms
2026-02-21T02:40:01.943Z [pytest-xdist] gw0 test_queue.py::test_reconcile_query PASSED in 229ms trace=4b0c673b-8f86-f01c-188a-c089df5e9941
2026-02-21T02:40:01.943Z [svc-db-2] connected to upstream in 67ms
2026-02-21T02:40:01.944Z [svc-gateway-1] processed batch of 143 items
2026-02-21T02:40:01.947Z [svc-gateway-2] closed idle connection after 196s
2026-02-21T02:40:01.948Z [svc-billing-3] warning: slow query took 392ms
2026-02-21T02:40:01.948Z [svc-gateway-3] closed idle connection after 103s
2026-02-21T02:40:01.948Z [svc-sched-0] health check ok
2026-02-21T02:40:01.952Z [svc-auth-4] health check ok
2026-02-21T02:40:01.952Z [svc-db-0] cache hit rate 88%
2026-02-21T02:40:01.953Z [svc-queue-2] processed batch of 152 items
2026-02-21T02:40:01.955Z [pytest-xdist] gw4 test_reports.py::test_create_index PASSED in 90ms trace=64fa7ec9-635a-ac1e-91d9-9121a63f6a8f
2026-02-21T02:40:01.956Z [svc-auth-4] warning: slow query took 2028ms
2026-02-21T02:40:01.956Z [svc-queue-2] retrying connection to redis (attempt 3/3)
2026-02-21T02:40:01.957Z [svc-auth-3] retrying connection to redis (attempt 3/3)
2026-02-21T02:40:01.957Z [svc-db-2] closed idle connection after 278s
2026-02-21T02:40:01.961Z [svc-billing-2] gc pause 10ms, heap 111MB
2026-02-21T02:40:01.961Z [svc-sched-3] connected to upstream in 11ms
2026-02-21T02:40:01.962Z [svc-auth-4] processed batch of 305 items
2026-02-21T02:40:01.962Z [svc-gateway-2] health check ok
2026-02-21T02:40:01.964Z [svc-media-3] cache hit rate 85%
2026-02-21T02:40:01.966Z [svc-media-1] closed idle connection after 261s
2026-02-21T02:40:01.967Z [pytest-xdist] gw5 test_media.py::test_retry_token PASSED in 168ms trace=1b261798-dae0-ec8b-ac88-324f5da784c8
2026-02-21T02:40:01.970Z [svc-notify-3] cache hit rate 88%
2026-02-21T02:40:01.971Z [svc-gateway-4] connected to upstream in 14ms
2026-02-21T02:40:01.972Z [svc-db-3] health check ok
2026-02-21T02:40:01.973Z [svc-search-1] warning: slow query took 1393ms
2026-02-21T02:40:01.976Z [svc-notify-1] cache hit rate 90%
2026-02-21T02:40:01.978Z [svc-notify-1] health check ok
2026-02-21T02:40:01.979Z [svc-cache-0] processed batch of 42 items
2026-02-21T02:40:01.980Z [svc-auth-4] cache hit rate 90%
2026-02-21T02:40:01.981Z [svc-gateway-0] connected to upstream in 60ms
2026-02-21T02:40:01.982Z [svc-auth-1] gc pause 39ms, heap 886MB
2026-02-21T02:40:01.982Z [svc-queue-0] cache hit rate 90%
2026-02-21T02:40:01.984Z [svc-db-3] warning: slow query took 1951ms
2026-02-21T02:40:01.985Z [svc-billing-1] cache hit rate 85%
2026-02-21T02:40:01.986Z [svc-gateway-3] connected to upstream in 42ms
2026-02-21T02:40:01.987Z [svc-cache-3] processed batch of 33 items
2026-02-21T02:40:01.987Z [svc-queue-3] warning: slow query took 1113ms
2026-02-21T02:40:01.989Z [pytest-xdist] gw2 test_search.py::test_validate_query PASSED in 57ms trace=f9d53625-6d53-5fba-8dfa-b88d9a255b86
2026-02-21T02:40:01.990Z [svc-db-2] processed batch of 213 items
2026-02-21T02:40:01.990Z [svc-sched-0] connected to upstream in 9ms
2026-02-21T02:40:01.992Z [svc-auth-1] closed idle connection after 326s
2026-02-21T02:40:01.992Z [svc-queue-1] warning: slow query took 1752ms
2026-02-21T02:40:01.996Z [svc-db-2] processed batch of 402 items
2026-02-21T02:40:01.996Z [svc-sched-0] retrying connection to vault (attempt 1/3)
2026-02-21T02:40:02.000Z [svc-search-2] cache hit rate 92%
2026-02-21T02:40:02.000Z [svc-search-3] gc pause 124ms, heap 620MB
2026-02-21T02:40:02.002Z [svc-queue-3] gc pause 90ms, heap 141MB
2026-02-21T02:40:02.003Z [svc-billing-0] connected to upstream in 10ms
2026-02-21T02:40:02.003Z [svc-queue-0] health check ok
2026-02-21T02:40:02.005Z [svc-gateway-2] retrying connection to s3 (attempt 2/3)
2026-02-21T02:40:02.007Z [pytest-xdist] gw4 test_users.py::test_list_session PASSED in 158ms trace=a953cf9b-e42c-ce17-5c24-785a0583075d
2026-02-21T02:40:02.008Z [svc-auth-1] health check ok
2026-02-21T02:40:02.010Z [svc-billing-3] gc pause 92ms, heap 194MB
2026-02-21T02:40:02.011Z [svc-cache-4] health check ok
2026-02-21T02:40:02.011Z [svc-db-1] cache hit rate 90%
2026-02-21T02:40:02.014Z [svc-search-1] health check ok
2026-02-21T02:40:02.017Z [svc-notify-4] connected to upstream in 79ms
2026-02-21T02:40:02.018Z [svc-search-4] cache hit rate 95%
2026-02-21T02:40:02.019Z [svc-notify-4] processed batch of 447 items
2026-02-21T02:40:02.020Z [svc-search-4] cache hit rate 90%
2026-02-21T02:40:02.021Z [svc-notify-4] gc pause 90ms, heap 740MB
2026-02-21T02:40:02.023Z [pytest-xdist] gw3 test_media.py::test_validate_shipment PASSED in 214ms trace=0ddcad5b-e1dd-97a0-2e59-c39268395cb0
2026-02-21T02:40:02.025Z [svc-queue-0] health check ok
2026-02-21T02:40:02.026Z [svc-db-2] health check ok
2026-02-21T02:40:02.030Z [svc-queue-3] retrying connection to kafka (attempt 2/3)
2026-02-21T02:40:02.032Z [svc-auth-0] gc pause 106ms, heap 566MB
2026-02-21T02:40:02.033Z [svc-notify-3] connected to upstream in 11ms
2026-02-21T02:40:02.033Z [svc-sched-2] retrying connection to redis (attempt 1/3)
2026-02-21T02:40:02.033Z [svc-sched-4] health check ok
2026-02-21T02:40:02.034Z [svc-db-0] gc pause 15ms, heap 996MB
2026-02-21T02:40:02.034Z [svc-sched-3] closed idle connection after 253s
2026-02-21T02:40:02.035Z [svc-search-0] cache hit rate 90%
2026-02-21T02:40:02.036Z [svc-billing-4] warning: slow query took 1474ms
2026-02-21T02:40:02.037Z [svc-billing-1] connected to upstream in 23ms
2026-02-21T02:40:02.039Z [svc-billing-0] warning: slow query took 271ms
2026-02-21T02:40:02.040Z [svc-auth-3] health check ok
2026-02-21T02:40:02.040Z [svc-media-1] closed idle connection after 207s
2026-02-21T02:40:02.042Z [svc-db-3] processed batch of 220 items
2026-02-21T02:40:02.042Z [svc-billing-2] health check ok
2026-02-21T02:40:02.043Z [pytest-xdist] gw1 test_billing.py::test_update_template PASSED in 181ms trace=c335e41c-e8de-5008-216e-5e25782ff4b0
2026-02-21T02:40:02.044Z [svc-queue-1] processed batch of 384 items
2026-02-21T02:40:02.046Z [pytest-xdist] gw5 test_search.py::test_delete_webhook PASSED in 221ms trace=9d8cfc85-75ec-929d-8f36-b17f90191985
2026-02-21T02:40:02.047Z [svc-cache-0] retrying connection to vault (attempt 1/3)
2026-02-21T02:40:02.048Z [svc-search-1] health check ok
2026-02-21T02:40:02.049Z [svc-notify-4] gc pause 95ms, heap 276MB
2026-02-21T02:40:02.049Z [svc-gateway-2] processed batch of 458 items
2026-02-21T02:40:02.052Z [svc-billing-4] retrying connection to vault (attempt 2/3)
2026-02-21T02:40:02.055Z [svc-billing-1] processed batch of 150 items
2026-02-21T02:40:02.056Z [svc-cache-1] connected to upstream in 9ms
2026-02-21T02:40:02.056Z [svc-queue-3] connected to upstream in 59ms
2026-02-21T02:40:02.058Z [svc-cache-1] cache hit rate 92%
2026-02-21T02:40:02.058Z [svc-notify-1] health check ok
2026-02-21T02:40:02.062Z [svc-media-2] health check ok
2026-02-21T02:40:02.063Z [svc-cache-0] warning: slow query took 1051ms
2026-02-21T02:40:02.066Z [pytest-xdist] gw1 test_billing.py::test_delete_webhook PASSED in 167ms trace=84642b73-db20-9b96-2c6e-3b788fac4d09
2026-02-21T02:40:02.066Z [svc-gateway-0] gc pause 87ms, heap 846MB
2026-02-21T02:40:02.068Z [svc-billing-1] gc pause 13ms, heap 787MB
2026-02-21T02:40:02.069Z [svc-auth-4] health check ok
2026-02-21T02:40:02.069Z [svc-billing-1] processed batch of 39 items
2026-02-21T02:40:02.071Z [svc-db-2] warning: slow query took 1361ms
2026-02-21T02:40:02.073Z [pytest-xdist] gw3 test_orders.py::test_render_refund PASSED in 30ms trace=17c369f8-c7c5-b573-9d29-23cb8ee7a4d3
2026-02-21T02:40:02.075Z [svc-billing-0] closed idle connection after 285s
2026-02-21T02:40:02.080Z [pytest-xdist] gw4 test_orders.py::test_update_session PASSED in 143ms trace=9fc23dfc-accf-5c01-5a21-dbd0a7e7d08b
2026-02-21T02:40:02.080Z [svc-billing-4] gc pause 119ms, heap 502MB
2026-02-21T02:40:02.080Z [svc-search-3] warning: slow query took 824ms
2026-02-21T02:40:02.080Z [svc-gateway-1] health check ok
2026-02-21T02:40:02.081Z [svc-db-0] warning: slow query took 1361ms
2026-02-21T02:40:02.081Z [svc-billing-3] cache hit rate 95%
2026-02-21T02:40:02.081Z [svc-search-3] gc pause 44ms, heap 259MB
2026-02-21T02:40:02.081Z [svc-sched-2] health check ok
2026-02-21T02:40:02.082Z [svc-auth-3] warning: slow query took 339ms
2026-02-21T02:40:02.082Z [svc-db-2] closed idle connection after 261s
2026-02-21T02:40:02.084Z [svc-cache-2] processed batch of 208 items
2026-02-21T02:40:02.084Z [svc-queue-2] retrying connection to redis (attempt 3/3)
2026-02-21T02:40:02.085Z [svc-search-1] health check ok
2026-02-21T02:40:02.086Z [pytest-xdist] gw3 test_import.py::test_cache_subscription PASSED in 154ms trace=ddb47faa-bdc3-b959-0276-684526fe58fe
2026-02-21T02:40:02.093Z [pytest-xdist] gw3 test_orders.py::test_cache_coupon PASSED in 97ms trace=7839cd6d-5291-3e9a-a273-406da13e881a
2026-02-21T02:40:02.093Z [svc-sched-4] gc pause 23ms, heap 676MB
2026-02-21T02:40:02.099Z [pytest-xdist] gw3 test_users.py::test_retry_token PASSED in 86ms trace=524048d4-4786-cac9-9044-dab4ede06f01
2026-02-21T02:40:02.099Z [svc-gateway-3] connected to upstream in 61ms
2026-02-21T02:40:02.102Z [pytest-xdist] gw1 test_export.py::test_expire_shipment PASSED in 213ms trace=3cfc6fb9-6ca0-1371-3015-b5dcb9f6c6c4
2026-02-21T02:40:02.102Z [svc-search-4] closed idle connection after 72s
2026-02-21T02:40:02.103Z [svc-sched-1] connected to upstream in 57ms
2026-02-21T02:40:02.105Z [svc-media-3] closed idle connection after 182s
2026-02-21T02:40:02.107Z [svc-media-2] cache hit rate 95%
2026-02-21T02:40:02.108Z [pytest-xdist] gw1 test_webhooks.py::test_create_quota PASSED in 192ms trace=959cd0a0-0550-9ff6-6af5-053093148843
2026-02-21T02:40:02.108Z [svc-db-0] gc pause 20ms, heap 198MB
2026-02-21T02:40:02.108Z [svc-notify-3] processed batch of 115 items
2026-02-21T02:40:02.113Z [svc-auth-2] cache hit rate 85%
2026-02-21T02:40:02.113Z [svc-billing-1] retrying connection to kafka (attempt 1/3)
2026-02-21T02:40:02.115Z [svc-sched-0] connected to upstream in 69ms
2026-02-21T02:40:02.116Z [svc-queue-0] connected to upstream in 35ms
2026-02-21T02:40:02.116Z [svc-queue-3] closed idle connection after 164s
2026-02-21T02:40:02.117Z [svc-db-1] health check ok
2026-02-21T02:40:02.119Z [pytest-xdist] gw0 test_export.py::test_validate_coupon PASSED in 90ms trace=895d7a1b-cfd1-1995-c66e-4d14b1e742a9
2026-02-21T02:40:02.120Z [svc-billing-0] gc pause 60ms, heap 753MB
2026-02-21T02:40:02.121Z [svc-gateway-2] cache hit rate 90%
2026-02-21T02:40:02.122Z [svc-billing-2] gc pause 112ms, heap 711MB
2026-02-21T02:40:02.122Z [svc-search-2] retrying connection to kafka (attempt 2/3)
2026-02-21T02:40:02.123Z [svc-sched-4] closed idle connection after 107s
2026-02-21T02:40:02.125Z [svc-billing-0] cache hit rate 85%
2026-02-21T02:40:02.126Z [svc-search-0] gc pause 64ms, heap 624MB
2026-02-21T02:40:02.127Z [svc-media-3] closed idle connection after 34s
2026-02-21T02:40:02.128Z [svc-notify-2] closed idle connection after 74s
2026-02-21T02:40:02.132Z [svc-auth-0] retrying connection to elasticsearch (attempt 1/3)
2026-02-21T02:40:02.132Z [svc-queue-0] processed batch of 142 items
2026-02-21T02:40:02.133Z [svc-auth-3] cache hit rate 88%
2026-02-21T02:40:02.133Z [svc-cache-0] retrying connection to vault (attempt 3/3)
2026-02-21T02:40:02.133Z [svc-queue-4] closed idle connection after 169s
2026-02-21T02:40:02.134Z [svc-gateway-1] closed idle connection after 65s
2026-02-21T02:40:02.136Z [svc-cache-3] closed idle connection after 141s
2026-02-21T02:40:02.137Z [pytest-xdist] gw5 test_payments.py::test_create_token PASSED in 69ms trace=dcfbdbbe-f2a3-3691-ee86-4daf51cfd2c7
2026-02-21T02:40:02.137Z [svc-billing-1] connected to upstream in 68ms
2026-02-21T02:40:02.139Z [svc-sched-1] warning: slow query took 1476ms
2026-02-21T02:40:02.140Z [svc-queue-2] warning: slow query took 1432ms
2026-02-21T02:40:02.145Z [svc-search-3] processed batch of 397 items
2026-02-21T02:40:02.146Z [svc-auth-0] health check ok
2026-02-21T02:40:02.149Z [svc-db-4] gc pause 49ms, heap 130MB
2026-02-21T02:40:02.149Z [svc-media-3] retrying connection to kafka (attempt 1/3)
2026-02-21T02:40:02.150Z [svc-sched-4] health check ok
2026-02-21T02:40:02.153Z [svc-media-0] retrying connection to vault (attempt 3/3)
2026-02-21T02:40:02.155Z [svc-notify-1] retrying connection to redis (attempt 1/3)
2026-02-21T02:40:02.157Z [svc-db-4] connected to upstream in 73ms
2026-02-21T02:40:02.158Z [pytest-xdist] gw3 test_notify.py::test_sync_shipment PASSED in 37ms trace=4db485da-7d8b-f956-40b0-56740f1077eb
2026-02-21T02:40:02.158Z [svc-search-2] warning: slow query took 898ms
2026-02-21T02:40:02.158Z [svc-search-3] processed batch of 183 items
2026-02-21T02:40:02.158Z [svc-notify-4] processed batch of 492 items
2026-02-21T02:40:02.159Z [svc-cache-3] retrying connection to kafka (attempt 2/3)
2026-02-21T02:40:02.159Z [svc-db-4] warning: slow query took 1682ms
2026-02-21T02:40:02.159Z [svc-notify-0] processed batch of 415 items
2026-02-21T02:40:02.160Z [svc-sched-3] gc pause 11ms, heap 220MB
2026-02-21T02:40:02.161Z [svc-auth-0] gc pause 93ms, heap 360MB
2026-02-21T02:40:02.161Z [svc-db-2] closed idle connection after 132s
2026-02-21T02:40:02.161Z [svc-gateway-0] closed idle connection after 328s
2026-02-21T02:40:02.164Z [svc-auth-3] warning: slow query took 1568ms
2026-02-21T02:40:02.165Z [svc-auth-2] health check ok
2026-02-21T02:40:02.168Z [svc-cache-2] warning: slow query took 1070ms
2026-02-21T02:40:02.168Z [svc-notify-1] connected to upstream in 17ms
2026-02-21T02:40:02.169Z [svc-queue-3] health check ok
2026-02-21T02:40:02.170Z [svc-cache-3] closed idle connection after 147s
2026-02-21T02:40:02.170Z [svc-queue-3] connected to upstream in 58ms
2026-02-21T02:40:02.172Z [pytest-xdist] gw0 test_gateway.py::test_paginate_invoice PASSED in 248ms trace=018f4616-b9ed-5e6b-2d39-556579c1a944
2026-02-21T02:40:02.172Z [svc-notify-2] gc pause 76ms, heap 753MB
2026-02-21T02:40:02.173Z [svc-auth-2] processed batch of 256 items
2026-02-21T02:40:02.173Z [svc-notify-4] retrying connection to elasticsearch (attempt 3/3)
2026-02-21T02:40:02.174Z [svc-gateway-1] closed idle connection after 214s
2026-02-21T02:40:02.175Z [svc-db-0] gc pause 58ms, heap 762MB
2026-02-21T02:40:02.175Z [svc-db-1] cache hit rate 95%
2026-02-21T02:40:02.177Z [svc-search-1] closed idle connection after 31s
2026-02-21T02:40:02.178Z [svc-sched-1] health check ok
2026-02-21T02:40:02.179Z [svc-auth-1] connected to upstream in 84ms
2026-02-21T02:40:02.179Z [svc-billing-2] closed idle connection after 46s
2026-02-21T02:40:02.179Z [svc-search-1] cache hit rate 95%
2026-02-21T02:40:02.182Z [pytest-xdist] gw5 test_import.py::test_paginate_webhook PASSED in 245ms trace=994d6ea8-43a1-96db-7db6-753c7ff57505
2026-02-21T02:40:02.182Z [svc-cache-1] connected to upstream in 29ms
2026-02-21T02:40:02.185Z [pytest-xdist] gw0 test_orders.py::test_create_region PASSED in 68ms trace=0579f44f-1f3c-6cb0-ba8b-97ddad33ec8f
2026-02-21T02:40:02.186Z [svc-queue-0] warning: slow query took 408ms
2026-02-21T02:40:02.190Z [svc-queue-2] closed idle connection after 319s
2026-02-21T02:40:02.190Z [svc-queue-2] gc pause 5ms, heap 547MB
2026-02-21T02:40:02.191Z [svc-queue-4] cache hit rate 92%
2026-02-21T02:40:02.192Z [svc-db-3] health check ok
2026-02-21T02:40:02.192Z [svc-billing-3] gc pause 83ms, heap 427MB
2026-02-21T02:40:02.195Z [svc-db-0] retrying connection to kafka (attempt 1/3)
2026-02-21T02:40:02.195Z [svc-billing-0] closed idle connection after 46s
2026-02-21T02:40:02.195Z [svc-gateway-4] processed batch of 127 items
2026-02-21T02:40:02.196Z [svc-media-2] connected to upstream in 11ms
2026-02-21T02:40:02.199Z [svc-billing-2] retrying connection to s3 (attempt 3/3)
2026-02-21T02:40:02.203Z [svc-media-0] gc pause 87ms, heap 888MB
2026-02-21T02:40:02.204Z [svc-billing-1] gc pause 69ms, heap 640MB
2026-02-21T02:40:02.206Z [svc-search-3] processed batch of 147 items
2026-02-21T02:40:02.207Z [pytest-xdist] gw1 test_search.py::test_reconcile_query PASSED in 220ms trace=517ce8d6-757e-28cb-50b8-32e70e09e97b
2026-02-21T02:40:02.210Z [pytest-xdist] gw2 test_gateway.py::test_cache_subscription PASSED in 170ms trace=60653bdc-10ec-9b30-c74e-4e200d113f9e
2026-02-21T02:40:02.212Z [svc-cache-2] gc pause 51ms, heap 538MB
2026-02-21T02:40:02.212Z [svc-search-4] cache hit rate 85%
2026-02-21T02:40:02.212Z [svc-queue-2] processed batch of 190 items
2026-02-21T02:40:02.217Z [svc-cache-3] connected to upstream in 53ms
2026-02-21T02:40:02.218Z [pytest-xdist] gw0 test_notify.py::test_reconcile_user PASSED in 227ms trace=6d7a51b1-ada5-c5df-126d-49b2808a377c
2026-02-21T02:40:02.218Z [svc-cache-1] connected to upstream in 70ms
2026-02-21T02:40:02.218Z [svc-search-2] processed batch of 110 items
2026-02-21T02:40:02.221Z [svc-notify-0] cache hit rate 90%
2026-02-21T02:40:02.222Z [svc-queue-1] cache hit rate 85%
2026-02-21T02:40:02.225Z [svc-media-1] cache hit rate 90%
2026-02-21T02:40:02.228Z [svc-sched-3] connected to upstream in 21ms
2026-02-21T02:40:02.229Z [svc-sched-3] retrying connection to kafka (attempt 3/3)
2026-02-21T02:40:02.231Z [svc-gateway-1] cache hit rate 92%
2026-02-21T02:40:02.232Z [svc-sched-3] cache hit rate 95%
2026-02-21T02:40:02.233Z [svc-gateway-4] processed batch of 473 items
2026-02-21T02:40:02.233Z [svc-queue-4] cache hit rate 90%
2026-02-21T02:40:02.234Z [svc-billing-1] health check ok
2026-02-21T02:40:02.235Z [svc-billing-0] processed batch of 21 items
2026-02-21T02:40:02.236Z [svc-auth-0] health check ok
2026-02-21T02:40:02.237Z [svc-billing-0] warning: slow query took 503ms
2026-02-21T02:40:02.239Z [svc-auth-4] warning: slow query took 752ms
2026-02-21T02:40:02.240Z [pytest-xdist] gw3 test_billing.py::test_update_user PASSED in 202ms trace=2d259444-9f03-4bd3-c11c-fb0d18bd1f62
2026-02-21T02:40:02.241Z [svc-auth-2] gc pause 40ms, heap 766MB
2026-02-21T02:40:02.241Z [svc-billing-4] connected to upstream in 80ms
2026-02-21T02:40:02.241Z [svc-media-3] warning: slow query took 1067ms
2026-02-21T02:40:02.242Z [svc-billing-3] retrying connection to elasticsearch (attempt 1/3)
2026-02-21T02:40:02.244Z [svc-notify-4] connected to upstream in 37ms
2026-02-21T02:40:02.245Z [svc-search-1] warning: slow query took 1917ms
2026-02-21T02:40:02.246Z [svc-media-0] gc pause 84ms, heap 843MB
2026-02-21T02:40:02.247Z [svc-notify-2] warning: slow query took 979ms
2026-02-21T02:40:02.250Z [pytest-xdist] gw4 test_queue.py::test_notify_subscription PASSED in 166ms trace=4ce98e98-deb9-92ac-8719-b8897430d4d5
2026-02-21T02:40:02.252Z [svc-auth-3] connected to upstream in 67ms
2026-02-21T02:40:02.253Z [pytest-xdist] gw4 test_queue.py::test_cache_subscription PASSED in 103ms trace=e8991146-e53a-aada-ed88-bccf0b492df1
2026-02-21T02:40:02.253Z [svc-queue-0] gc pause 48ms, heap 580MB
2026-02-21T02:40:02.257Z [svc-cache-4] health check ok
2026-02-21T02:40:02.258Z [svc-db-3] retrying connection to vault (attempt 1/3)
2026-02-21T02:40:02.261Z [svc-auth-2] closed idle connection after 171s
2026-02-21T02:40:02.262Z [svc-gateway-1] health check ok
2026-02-21T02:40:02.262Z [svc-media-0] gc pause 32ms, heap 298MB
2026-02-21T02:40:02.263Z [svc-notify-1] processed batch of 382 items
2026-02-21T02:40:02.265Z [svc-db-2] retrying connection to elasticsearch (attempt 3/3)
2026-02-21T02:40:02.267Z [svc-auth-0] processed batch of 328 items
2026-02-21T02:40:02.269Z [pytest-xdist] gw1 test_users.py::test_create_subscription PASSED in 45ms trace=3fba9c08-93c1-79c3-97c4-795ec1926dbc
2026-02-21T02:40:02.269Z [svc-cache-1] gc pause 105ms, heap 330MB
2026-02-21T02:40:02.269Z [svc-search-2] closed idle connection after 78s
2026-02-21T02:40:02.274Z [svc-media-4] closed idle connection after 241s
2026-02-21T02:40:02.275Z [svc-auth-3] gc pause 54ms, heap 966MB
2026-02-21T02:40:02.277Z [svc-auth-3] closed idle connection after 175s
2026-02-21T02:40:02.277Z [svc-queue-3] warning: slow query took 552ms
2026-02-21T02:40:02.278Z [svc-media-1] cache hit rate 92%
2026-02-21T02:40:02.279Z [svc-db-4] cache hit rate 92%
2026-02-21T02:40:02.279Z [svc-billing-2] closed idle connection after 196s
2026-02-21T02:40:02.281Z [pytest-xdist] gw4 test_sched.py::test_cache_region PASSED in 17ms trace=f2ae7818-671a-9c58-91db-76818d2b3f88
2026-02-21T02:40:02.281Z [svc-auth-0] gc pause 49ms, heap 963MB
2026-02-21T02:40:02.283Z [svc-billing-2] warning: slow query took 1896ms
2026-02-21T02:40:02.283Z [svc-notify-1] gc pause 24ms, heap 931MB
2026-02-21T02:40:02.283Z [svc-gateway-3] health check ok
2026-02-21T02:40:02.283Z [svc-sched-2] cache hit rate 88%
2026-02-21T02:40:02.284Z [svc-search-2] health check ok
2026-02-21T02:40:02.285Z [svc-search-3] closed idle connection after 113s
2026-02-21T02:40:02.286Z [svc-media-4] processed batch of 109 items
2026-02-21T02:40:02.287Z [svc-search-4] gc pause 117ms, heap 542MB
2026-02-21T02:40:02.287Z [svc-gateway-0] retrying connection to redis (attempt 1/3)
2026-02-21T02:40:02.287Z [svc-sched-2] gc pause 112ms, heap 542MB
2026-02-21T02:40:02.290Z [svc-db-1] closed idle connection after 129s
2026-02-21T02:40:02.291Z [svc-search-1] cache hit rate 85%
2026-02-21T02:40:02.293Z [svc-cache-4] connected to upstream in 5ms
2026-02-21T02:40:02.293Z [svc-notify-0] warning: slow query took 1232ms
2026-02-21T02:40:02.295Z [svc-notify-2] cache hit rate 85%
2026-02-21T02:40:02.295Z [svc-sched-1] processed batch of 201 items
2026-02-21T02:40:02.296Z [pytest-xdist] gw2 test_search.py::test_delete_index PASSED in 169ms trace=377268cb-2df2-5ace-1294-5f253dcb42b4
2026-02-21T02:40:02.296Z [svc-auth-2] health check ok
2026-02-21T02:40:02.299Z [svc-search-3] retrying connection to s3 (attempt 3/3)
2026-02-21T02:40:02.300Z [svc-cache-4] connected to upstream in 40ms
2026-02-21T02:40:02.300Z [svc-sched-1] closed idle connection after 138s
2026-02-21T02:40:02.301Z [svc-search-1] closed idle connection after 83s
2026-02-21T02:40:02.304Z [pytest-xdist] gw3 test_notify.py::test_notify_query PASSED in 208ms trace=6d1ff6b3-7b48-ee0e-2659-2dd30866d1d3
2026-02-21T02:40:02.308Z [svc-queue-3] closed idle connection after 179s
2026-02-21T02:40:02.308Z [svc-sched-0] connected to upstream in 20ms
2026-02-21T02:40:02.312Z [svc-sched-3] processed batch of 83 items
2026-02-21T02:40:02.315Z [svc-media-4] gc pause 117ms, heap 822MB
2026-02-21T02:40:02.317Z [svc-cache-1] connected to upstream in 59ms
2026-02-21T02:40:02.318Z [svc-search-1] closed idle connection after 89s
2026-02-21T02:40:02.321Z [svc-billing-1] health check ok
2026-02-21T02:40:02.321Z [svc-gateway-2] health check ok
2026-02-21T02:40:02.322Z [pytest-xdist] gw5 test_media.py::test_cache_subscription PASSED in 244ms trace=479fac71-63ca-6096-6194-b808fdefe7a8
2026-02-21T02:40:02.323Z [svc-db-2] health check ok
2026-02-21T02:40:02.323Z [svc-billing-0] closed idle connection after 124s
2026-02-21T02:40:02.324Z [svc-gateway-3] gc pause 27ms, heap 621MB
2026-02-21T02:40:02.325Z [svc-queue-1] closed idle connection after 159s
2026-02-21T02:40:02.331Z [svc-cache-4] closed idle connection after 197s
2026-02-21T02:40:02.332Z [pytest-xdist] gw1 test_queue.py::test_sync_quota PASSED in 128ms trace=ec7ae77b-9628-a871-c372-574d94eecc2f
2026-02-21T02:40:02.332Z [svc-queue-1] warning: slow query took 531ms
2026-02-21T02:40:02.333Z [svc-cache-0] warning: slow query took 2091ms
2026-02-21T02:40:02.334Z [svc-cache-1] gc pause 29ms, heap 143MB
2026-02-21T02:40:02.335Z [svc-sched-2] warning: slow query took 1586ms
2026-02-21T02:40:02.336Z [svc-notify-0] health check ok
2026-02-21T02:40:02.338Z [svc-gateway-3] connected to upstream in 37ms
2026-02-21T02:40:02.340Z [svc-search-2] retrying connection to kafka (attempt 1/3)
2026-02-21T02:40:02.341Z [svc-media-4] closed idle connection after 292s
2026-02-21T02:40:02.345Z [svc-db-0] connected to upstream in 53ms
2026-02-21T02:40:02.345Z [svc-media-0] processed batch of 16 items
2026-02-21T02:40:02.346Z [svc-media-1] warning: slow query took 1668ms
2026-02-21T02:40:02.347Z [svc-sched-1] retrying connection to postgres (attempt 3/3)
2026-02-21T02:40:02.348Z [svc-billing-1] closed idle connection after 149s
2026-02-21T02:40:02.349Z [pytest-xdist] gw3 test_notify.py::test_cache_region PASSED in 16ms trace=70c030ef-eb81-ec6a-7f45-f8f42e738e69
2026-02-21T02:40:02.350Z [svc-db-4] cache hit rate 85%
2026-02-21T02:40:02.351Z [svc-auth-3] health check ok
2026-02-21T02:40:02.357Z [svc-sched-1] health check ok
2026-02-21T02:40:02.358Z [pytest-xdist] gw4 test_import.py::test_paginate_attachment PASSED in 54ms trace=0ec1cd2e-61dd-5350-7ca2-8680171f3d2c
2026-02-21T02:40:02.358Z [svc-billing-3] gc pause 6ms, heap 120MB
2026-02-21T02:40:02.363Z [svc-db-0] health check ok
2026-02-21T02:40:02.364Z [svc-queue-2] connected to upstream in 82ms
2026-02-21T02:40:02.369Z [svc-billing-4] closed idle connection after 278s
2026-02-21T02:40:02.369Z [svc-notify-1] closed idle connection after 278s
2026-02-21T02:40:02.369Z [svc-media-2] retrying connection to redis (attempt 1/3)
2026-02-21T02:40:02.370Z [svc-queue-3] connected to upstream in 23ms
2026-02-21T02:40:02.372Z [pytest-xdist] gw2 test_notify.py::test_parse_template PASSED in 225ms trace=dd8f0689-a14a-bf7b-e3f4-eec57a990452
2026-02-21T02:40:02.372Z [svc-search-2] retrying connection to kafka (attempt 3/3)
2026-02-21T02:40:02.372Z [svc-notify-3] gc pause 10ms, heap 603MB
2026-02-21T02:40:02.372Z [svc-gateway-2] connected to upstream in 5ms
2026-02-21T02:40:02.372Z [svc-media-0] warning: slow query took 1142ms
2026-02-21T02:40:02.372Z [svc-queue-2] processed batch of 475 items
2026-02-21T02:40:02.375Z [svc-notify-1] processed batch of 414 items
2026-02-21T02:40:02.375Z [svc-gateway-0] health check ok
2026-02-21T02:40:02.380Z [svc-notify-0] connected to upstream in 37ms
2026-02-21T02:40:02.381Z [svc-billing-1] gc pause 113ms, heap 956MB
2026-02-21T02:40:02.381Z [svc-search-2] processed batch of 316 items
2026-02-21T02:40:02.382Z [pytest-xdist] gw5 test_search.py::test_delete_shipment PASSED in 21ms trace=84e16a56-8d4d-c6c4-481e-5f1e770ccf96
2026-02-21T02:40:02.383Z [svc-db-0] retrying connection to kafka (attempt 1/3)
2026-02-21T02:40:02.383Z [svc-media-4] warning: slow query took 1111ms
2026-02-21T02:40:02.384Z [svc-db-4] closed idle connection after 81s
2026-02-21T02:40:02.386Z [svc-db-0] gc pause 24ms, heap 637MB
2026-02-21T02:40:02.386Z [svc-sched-4] closed idle connection after 297s
2026-02-21T02:40:02.387Z [svc-db-2] connected to upstream in 26ms
2026-02-21T02:40:02.387Z [svc-search-3] cache hit rate 90%
2026-02-21T02:40:02.387Z [svc-queue-0] retrying connection to vault (attempt 1/3)
2026-02-21T02:40:02.388Z [svc-cache-2] closed idle connection after 259s
2026-02-21T02:40:02.388Z [svc-queue-3] closed idle connection after 211s
2026-02-21T02:40:02.388Z [svc-sched-3] warning: slow query took 596ms
2026-02-21T02:40:02.391Z [svc-auth-1] processed batch of 279 items
2026-02-21T02:40:02.395Z [svc-notify-2] retrying connection to kafka (attempt 2/3)
2026-02-21T02:40:02.396Z [svc-db-2] health check ok
2026-02-21T02:40:02.396Z [svc-gateway-0] cache hit rate 95%
2026-02-21T02:40:02.397Z [svc-cache-2] warning: slow query took 1823ms
2026-02-21T02:40:02.398Z [svc-sched-3] health check ok
2026-02-21T02:40:02.401Z [svc-billing-2] connected to upstream in 73ms
2026-02-21T02:40:02.401Z [svc-search-0] retrying connection to postgres (attempt 1/3)
2026-02-21T02:40:02.402Z [svc-cache-3] gc pause 70ms, heap 359MB
2026-02-21T02:40:02.404Z [pytest-xdist] gw4 test_auth.py::test_update_shipment PASSED in 134ms trace=c88afb20-1371-f6ec-964e-906713ee8391
2026-02-21T02:40:02.404Z [svc-search-0] processed batch of 407 items
2026-02-21T02:40:02.404Z [svc-search-2] closed idle connection after 125s
2026-02-21T02:40:02.406Z [svc-search-3] closed idle connection after 76s
2026-02-21T02:40:02.409Z [svc-billing-3] cache hit rate 88%
2026-02-21T02:40:02.409Z [svc-sched-4] gc pause 29ms, heap 278MB
2026-02-21T02:40:02.410Z [svc-auth-1] retrying connection to vault (attempt 2/3)
2026-02-21T02:40:02.410Z [svc-media-2] connected to upstream in 67ms
2026-02-21T02:40:02.410Z [svc-sched-0] warning: slow query took 1327ms
2026-02-21T02:40:02.413Z [svc-queue-1] retrying connection to postgres (attempt 2/3)
2026-02-21T02:40:02.416Z [svc-media-1] health check ok
2026-02-21T02:40:02.420Z [svc-queue-3] health check ok
2026-02-21T02:40:02.421Z [svc-media-2] gc pause 44ms, heap 487MB
2026-02-21T02:40:02.422Z [svc-gateway-1] processed batch of 137 items
2026-02-21T02:40:02.423Z [svc-auth-0] connected to upstream in 17ms
2026-02-21T02:40:02.424Z [pytest-xdist] gw3 test_webhooks.py::test_parse_index PASSED in 28ms trace=9237c1fa-b918-5772-bb4a-463fbd8b49d3
2026-02-21T02:40:02.426Z [svc-media-4] closed idle connection after 246s
2026-02-21T02:40:02.427Z [svc-cache-1] health check ok
2026-02-21T02:40:02.429Z [svc-cache-2] cache hit rate 88%
2026-02-21T02:40:02.430Z [svc-queue-1] retrying connection to postgres (attempt 2/3)
2026-02-21T02:40:02.431Z [svc-db-1] health check ok
2026-02-21T02:40:02.434Z [svc-sched-2] gc pause 117ms, heap 528MB
2026-02-21T02:40:02.435Z [svc-media-3] health check ok
2026-02-21T02:40:02.436Z [svc-queue-0] connected to upstream in 21ms
2026-02-21T02:40:02.437Z [svc-db-3] gc pause 5ms, heap 974MB
2026-02-21T02:40:02.438Z [svc-cache-1] processed batch of 41 items
2026-02-21T02:40:02.441Z [svc-sched-3] gc pause 70ms, heap 652MB
2026-02-21T02:40:02.442Z [svc-sched-1] closed idle connection after 160s
2026-02-21T02:40:02.443Z [svc-cache-0] connected to upstream in 28ms
2026-02-21T02:40:02.444Z [pytest-xdist] gw1 test_export.py::test_sync_shipment PASSED in 45ms trace=ca09eebf-80ae-089e-c8ae-0fdba9a9af4d
2026-02-21T02:40:02.444Z [svc-queue-0] closed idle connection after 321s
2026-02-21T02:40:02.445Z [svc-db-1] warning: slow query took 1236ms
2026-02-21T02:40:02.448Z [svc-cache-0] connected to upstream in 5ms
2026-02-21T02:40:02.448Z [svc-media-0] connected to upstream in 84ms
2026-02-21T02:40:02.449Z [svc-search-0] retrying connection to postgres (attempt 3/3)
2026-02-21T02:40:02.449Z [svc-media-2] warning: slow query took 1347ms
2026-02-21T02:40:02.450Z [pytest-xdist] gw5 test_auth.py::test_validate_user PASSED in 126ms trace=5a5cfbe8-8bc8-1693-0609-04a61c35ec25
2026-02-21T02:40:02.453Z [svc-search-1] warning: slow query took 2182ms
2026-02-21T02:40:02.455Z [svc-gateway-2] processed batch of 175 items
2026-02-21T02:40:02.456Z [svc-auth-1] cache hit rate 92%
2026-02-21T02:40:02.457Z [svc-auth-3] closed idle connection after 190s
2026-02-21T02:40:02.457Z [svc-db-4] gc pause 60ms, heap 262MB
2026-02-21T02:40:02.458Z [svc-auth-0] processed batch of 506 items
2026-02-21T02:40:02.458Z [svc-gateway-4] gc pause 22ms, heap 129MB
2026-02-21T02:40:02.459Z [svc-sched-3] retrying connection to kafka (attempt 2/3)
2026-02-21T02:40:02.461Z [pytest-xdist] gw5 test_orders.py::test_cache_region PASSED in 187ms trace=45f299b4-333b-11ad-f4f9-9fea2ca929ff
2026-02-21T02:40:02.461Z [svc-db-0] closed idle connection after 37s
2026-02-21T02:40:02.461Z [svc-db-1] gc pause 77ms, heap 748MB
2026-02-21T02:40:02.461Z [svc-queue-0] cache hit rate 88%
2026-02-21T02:40:02.462Z [svc-sched-2] warning: slow query took 1053ms
2026-02-21T02:40:02.463Z [svc-auth-3] processed batch of 246 items
2026-02-21T02:40:02.464Z [svc-sched-2] gc pause 120ms, heap 133MB
2026-02-21T02:40:02.465Z [svc-gateway-3] cache hit rate 92%
2026-02-21T02:40:02.465Z [svc-gateway-4] processed batch of 457 items
2026-02-21T02:40:02.473Z [svc-gateway-1] circuit breaker opened for downstream payments-api
2026-02-21T02:40:02.476Z [svc-auth-0] processed batch of 311 items
2026-02-21T02:40:02.477Z [svc-gateway-0] retrying connection to redis (attempt 3/3)
2026-02-21T02:40:02.479Z [pytest-xdist] gw5 test_queue.py::test_create_query PASSED in 87ms trace=3252a653-849e-ad93-588b-a2aa1e49b724
2026-02-21T02:40:02.481Z [svc-gateway-3] connected to upstream in 12ms
2026-02-21T02:40:02.483Z [svc-auth-1] retrying connection to vault (attempt 3/3)
2026-02-21T02:40:02.486Z [svc-cache-3] processed batch of 21 items
2026-02-21T02:40:02.486Z [svc-media-1] closed idle connection after 30s
2026-02-21T02:40:02.488Z [svc-billing-3] closed idle connection after 131s
2026-02-21T02:40:02.488Z [svc-search-3] cache hit rate 88%
2026-02-21T02:40:02.492Z [pytest-xdist] gw2 test_queue.py::test_retry_query PASSED in 115ms trace=a28b61c2-bea6-4814-adef-e2fff2105c59
2026-02-21T02:40:02.493Z [svc-billing-2] warning: slow query took 329ms
2026-02-21T02:40:02.493Z [svc-notify-4] health check ok
2026-02-21T02:40:02.495Z [svc-notify-0] processed batch of 25 items
2026-02-21T02:40:02.496Z [svc-media-1] processed batch of 473 items
2026-02-21T02:40:02.496Z [svc-media-1] warning: slow query took 1705ms
2026-02-21T02:40:02.497Z [svc-db-4] retrying connection to postgres (attempt 1/3)
2026-02-21T02:40:02.499Z [pytest-xdist] gw2 test_sched.py::test_paginate_token PASSED in 144ms trace=40d54452-b8eb-e020-a726-2d3258d7e17f
2026-02-21T02:40:02.499Z [svc-gateway-3] cache hit rate 85%
2026-02-21T02:40:02.500Z [svc-queue-1] closed idle connection after 301s
2026-02-21T02:40:02.501Z [svc-cache-4] cache hit rate 95%
2026-02-21T02:40:02.502Z [svc-db-4] gc pause 72ms, heap 359MB
2026-02-21T02:40:02.505Z [svc-auth-2] warning: slow query took 503ms
2026-02-21T02:40:02.505Z [svc-queue-4] connected to upstream in 42ms
2026-02-21T02:40:02.507Z [svc-queue-3] health check ok
2026-02-21T02:40:02.510Z [svc-gateway-2] warning: slow query took 1636ms
2026-02-21T02:40:02.511Z [svc-auth-1] gc pause 117ms, heap 338MB
2026-02-21T02:40:02.511Z [svc-cache-3] warning: slow query took 2025ms
2026-02-21T02:40:02.512Z [svc-auth-4] connected to upstream in 7ms
2026-02-21T02:40:02.512Z [svc-sched-2] warning: slow query took 1193ms
2026-02-21T02:40:02.513Z [pytest-xdist] gw5 test_webhooks.py::test_delete_shipment PASSED in 142ms trace=9b4e0ed6-113a-7510-0fb4-a984e8d6ee8d
2026-02-21T02:40:02.516Z [svc-queue-3] warning: slow query took 1033ms
2026-02-21T02:40:02.518Z [svc-db-2] warning: slow query took 392ms
2026-02-21T02:40:02.521Z [svc-db-4] warning: slow query took 1226ms
2026-02-21T02:40:02.522Z [svc-media-3] connected to upstream in 29ms
2026-02-21T02:40:02.524Z [svc-media-4] cache hit rate 95%
2026-02-21T02:40:02.525Z [svc-db-3] warning: slow query took 2066ms
2026-02-21T02:40:02.526Z [pytest-xdist] gw2 test_queue.py::test_sync_index PASSED in 8ms trace=d1f9e0a4-fb7b-2a98-64cb-c4751056ffe1
2026-02-21T02:40:02.527Z [svc-gateway-3] health check ok
2026-02-21T02:40:02.527Z [svc-queue-0] closed idle connection after 203s
2026-02-21T02:40:02.528Z [svc-search-2] gc pause 108ms, heap 784MB
2026-02-21T02:40:02.532Z [svc-billing-2] gc pause 77ms, heap 965MB
2026-02-21T02:40:02.533Z [svc-queue-0] cache hit rate 88%
2026-02-21T02:40:02.535Z [svc-billing-4] processed batch of 378 items
2026-02-21T02:40:02.535Z [svc-search-3] processed batch of 470 items
2026-02-21T02:40:02.535Z [svc-gateway-4] warning: slow query took 1263ms
2026-02-21T02:40:02.536Z [svc-notify-0] closed idle connection after 310s
2026-02-21T02:40:02.537Z [svc-sched-0] processed batch of 66 items
2026-02-21T02:40:02.538Z [svc-db-2] warning: slow query took 854ms
2026-02-21T02:40:02.541Z [svc-notify-4] health check ok
2026-02-21T02:40:02.542Z [svc-cache-3] closed idle connection after 58s
2026-02-21T02:40:02.542Z [svc-search-2] gc pause 109ms, heap 445MB
2026-02-21T02:40:02.544Z [svc-cache-4] gc pause 22ms, heap 696MB
2026-02-21T02:40:02.545Z [pytest-xdist] gw4 test_notify.py::test_parse_subscription PASSED in 10ms trace=0b221e48-2aba-26f7-956c-3131d2d63b79
2026-02-21T02:40:02.546Z [svc-db-0] closed idle connection after 52s
2026-02-21T02:40:02.547Z [svc-billing-1] retrying connection to kafka (attempt 1/3)
2026-02-21T02:40:02.549Z [pytest-xdist] gw1 test_media.py::test_render_region PASSED in 218ms trace=e86a6614-95d0-8481-e6d1-77d486107c66
2026-02-21T02:40:02.551Z [svc-media-2] warning: slow query took 1125ms
2026-02-21T02:40:02.552Z [svc-media-3] closed idle connection after 32s
2026-02-21T02:40:02.555Z [svc-auth-3] warning: slow query took 696ms
2026-02-21T02:40:02.556Z [svc-auth-3] gc pause 92ms, heap 119MB
2026-02-21T02:40:02.557Z [svc-auth-4] processed batch of 211 items
2026-02-21T02:40:02.557Z [svc-gateway-4] cache hit rate 95%
2026-02-21T02:40:02.562Z [svc-queue-1] health check ok
2026-02-21T02:40:02.565Z [svc-media-4] warning: slow query took 240ms
2026-02-21T02:40:02.566Z [svc-billing-2] processed batch of 358 items
2026-02-21T02:40:02.567Z [pytest-xdist] gw4 test_search.py::test_parse_region PASSED in 14ms trace=04669639-9480-1843-934f-8847e084a92a
2026-02-21T02:40:02.569Z [svc-notify-3] warning: slow query took 946ms
2026-02-21T02:40:02.573Z [svc-media-0] health check ok
2026-02-21T02:40:02.575Z [pytest-xdist] gw3 test_search.py::test_parse_webhook PASSED in 221ms trace=f5b8b30c-ba2b-5244-9f9a-c298a9a8aa32
2026-02-21T02:40:02.581Z [pytest-xdist] gw5 test_import.py::test_cache_quota PASSED in 191ms trace=be049aa4-7bee-71e5-cd6e-65f3cbc994cb
2026-02-21T02:40:02.582Z [svc-cache-0] gc pause 23ms, heap 300MB
2026-02-21T02:40:02.582Z [svc-db-3] health check ok
2026-02-21T02:40:02.584Z [svc-billing-3] health check ok
2026-02-21T02:40:02.587Z [pytest-xdist] gw0 test_sched.py::test_expire_coupon PASSED in 169ms trace=1569ed57-8f99-818f-d013-20e8a75414b3
2026-02-21T02:40:02.588Z [svc-sched-3] connected to upstream in 58ms
2026-02-21T02:40:02.589Z [svc-auth-2] cache hit rate 85%
2026-02-21T02:40:02.589Z [svc-search-3] gc pause 53ms, heap 231MB
2026-02-21T02:40:02.592Z [pytest-xdist] gw5 test_billing.py::test_cache_shipment PASSED in 9ms trace=dfa5ab04-4791-2d88-9cc2-6d2a15a2b726
2026-02-21T02:40:02.593Z [svc-auth-2] closed idle connection after 186s
2026-02-21T02:40:02.594Z [svc-search-4] closed idle connection after 218s
2026-02-21T02:40:02.595Z [svc-billing-1] warning: slow query took 1367ms
2026-02-21T02:40:02.596Z [pytest-xdist] gw2 test_billing.py::test_notify_query PASSED in 82ms trace=7429685e-c907-725d-f0d5-65efb9322c2f
2026-02-21T02:40:02.596Z [svc-db-4] processed batch of 345 items
2026-02-21T02:40:02.598Z [svc-auth-3] processed batch of 286 items
2026-02-21T02:40:02.599Z [svc-billing-2] gc pause 74ms, heap 320MB
2026-02-21T02:40:02.600Z [svc-db-4] gc pause 14ms, heap 439MB
2026-02-21T02:40:02.600Z [svc-sched-2] connected to upstream in 26ms
2026-02-21T02:40:02.603Z [pytest-xdist] gw5 test_media.py::test_create_session PASSED in 110ms trace=ecb1a850-6540-9846-f8bd-cb8272979fed
2026-02-21T02:40:02.603Z [svc-billing-2] health check ok
2026-02-21T02:40:02.605Z [svc-cache-1] warning: slow query took 923ms
2026-02-21T02:40:02.607Z [svc-queue-3] cache hit rate 88%
2026-02-21T02:40:02.608Z [svc-gateway-2] warning: slow query took 2090ms
2026-02-21T02:40:02.610Z [svc-cache-0] gc pause 86ms, heap 950MB
2026-02-21T02:40:02.610Z [svc-cache-2] connected to upstream in 62ms
2026-02-21T02:40:02.610Z [svc-media-1] connected to upstream in 72ms
2026-02-21T02:40:02.612Z [svc-queue-0] cache hit rate 90%
2026-02-21T02:40:02.614Z [svc-cache-0] warning: slow query took 1032ms
2026-02-21T02:40:02.614Z [svc-cache-0] closed idle connection after 266s
2026-02-21T02:40:02.616Z [svc-auth-1] processed batch of 382 items
2026-02-21T02:40:02.616Z [svc-cache-3] cache hit rate 95%
2026-02-21T02:40:02.616Z [svc-db-2] warning: slow query took 1206ms
2026-02-21T02:40:02.616Z [svc-queue-4] cache hit rate 95%
2026-02-21T02:40:02.618Z [svc-billing-2] warning: slow query took 660ms
2026-02-21T02:40:02.619Z [pytest-xdist] gw4 test_orders.py::test_authorize_webhook PASSED in 94ms trace=86a5aa44-68a8-adfb-1bd0-2b714441dda5
2026-02-21T02:40:02.619Z [svc-billing-1] processed batch of 311 items
2026-02-21T02:40:02.620Z [svc-auth-4] warning: slow query took 1222ms
2026-02-21T02:40:02.620Z [svc-sched-0] gc pause 52ms, heap 153MB
2026-02-21T02:40:02.622Z [svc-db-2] connected to upstream in 30ms
2026-02-21T02:40:02.624Z [svc-billing-2] warning: slow query took 1749ms
2026-02-21T02:40:02.626Z [svc-billing-1] gc pause 67ms, heap 433MB
2026-02-21T02:40:02.626Z [svc-billing-3] connected to upstream in 36ms
2026-02-21T02:40:02.629Z [svc-db-1] gc pause 100ms, heap 382MB
2026-02-21T02:40:02.631Z [svc-sched-1] warning: slow query took 915ms
2026-02-21T02:40:02.632Z [svc-queue-2] warning: slow query took 414ms
2026-02-21T02:40:02.632Z [svc-sched-4] health check ok
2026-02-21T02:40:02.636Z [svc-cache-2] connected to upstream in 49ms
2026-02-21T02:40:02.639Z [pytest-xdist] gw3 test_export.py::test_cache_quota PASSED in 103ms trace=9e7f107c-d739-66a0-0860-624ef7f64231
2026-02-21T02:40:02.639Z [svc-auth-1] warning: slow query took 1607ms
2026-02-21T02:40:02.640Z [svc-db-1] warning: slow query took 949ms
2026-02-21T02:40:02.640Z [svc-queue-0] gc pause 115ms, heap 696MB
2026-02-21T02:40:02.642Z [svc-cache-4] retrying connection to s3 (attempt 1/3)
2026-02-21T02:40:02.642Z [svc-media-4] gc pause 80ms, heap 722MB
2026-02-21T02:40:02.645Z [svc-notify-2] health check ok
2026-02-21T02:40:02.645Z [svc-gateway-0] warning: slow query took 2019ms
2026-02-21T02:40:02.647Z [svc-db-3] cache hit rate 95%
2026-02-21T02:40:02.648Z [svc-sched-4] warning: slow query took 1561ms
2026-02-21T02:40:02.653Z [pytest-xdist] gw2 test_webhooks.py::test_list_token PASSED in 20ms trace=f3b0316a-8107-1a1e-5a48-44995d84b708
2026-02-21T02:40:02.656Z [svc-cache-4] warning: slow query took 527ms
2026-02-21T02:40:02.656Z [svc-db-1] connected to upstream in 28ms
2026-02-21T02:40:02.656Z [svc-media-1] gc pause 78ms, heap 858MB
2026-02-21T02:40:02.658Z [svc-cache-4] gc pause 79ms, heap 754MB
2026-02-21T02:40:02.658Z [svc-sched-2] connected to upstream in 68ms
2026-02-21T02:40:02.661Z [svc-auth-1] connected to upstream in 23ms
2026-02-21T02:40:02.663Z [svc-cache-0] warning: slow query took 2059ms
2026-02-21T02:40:02.663Z [svc-notify-1] closed idle connection after 223s
2026-02-21T02:40:02.665Z [pytest-xdist] gw4 test_billing.py::test_expire_coupon PASSED in 56ms trace=2404b077-c631-d375-887d-1bfbb75c6981
2026-02-21T02:40:02.668Z [svc-media-0] closed idle connection after 197s
2026-02-21T02:40:02.669Z [pytest-xdist] gw4 test_queue.py::test_parse_attachment PASSED in 40ms trace=4ce00c8a-c714-3620-5147-3f842f3a6b77
2026-02-21T02:40:02.669Z [svc-notify-0] processed batch of 256 items
2026-02-21T02:40:02.670Z [svc-gateway-1] closed idle connection after 221s
2026-02-21T02:40:02.677Z [svc-cache-3] connected to upstream in 79ms
2026-02-21T02:40:02.677Z [svc-media-4] warning: slow query took 913ms
2026-02-21T02:40:02.678Z [pytest-xdist] gw1 test_import.py::test_delete_region PASSED in 201ms trace=d895cb2b-3398-6bd9-cc62-8c27f78bfc57
2026-02-21T02:40:02.679Z [svc-media-3] processed batch of 318 items
2026-02-21T02:40:02.679Z [svc-queue-2] closed idle connection after 323s
2026-02-21T02:40:02.680Z [svc-billing-3] warning: slow query took 390ms
2026-02-21T02:40:02.681Z [svc-auth-4] closed idle connection after 135s
2026-02-21T02:40:02.682Z [pytest-xdist] gw0 test_orders.py::test_render_subscription PASSED in 145ms trace=1c656924-b93a-fd4f-40cd-5f9c15fd385d
2026-02-21T02:40:02.682Z [svc-auth-0] closed idle connection after 105s
2026-02-21T02:40:02.683Z [svc-cache-2] cache hit rate 90%
2026-02-21T02:40:02.683Z [svc-sched-2] retrying connection to redis (attempt 3/3)
2026-02-21T02:40:02.684Z [svc-notify-0] gc pause 19ms, heap 192MB
2026-02-21T02:40:02.685Z [pytest-xdist] gw4 test_import.py::test_expire_refund PASSED in 195ms trace=d5a16820-7116-4f2b-a9d5-e0e83491dbbd
2026-02-21T02:40:02.686Z [svc-notify-2] cache hit rate 85%
2026-02-21T02:40:02.688Z [svc-billing-2] warning: slow query took 385ms
2026-02-21T02:40:02.688Z [svc-queue-0] connected to upstream in 49ms
2026-02-21T02:40:02.690Z [svc-notify-4] connected to upstream in 36ms
2026-02-21T02:40:02.692Z [svc-cache-0] processed batch of 485 items
2026-02-21T02:40:02.694Z [svc-sched-1] warning: slow query took 1471ms
2026-02-21T02:40:02.695Z [svc-auth-0] retrying connection to elasticsearch (attempt 2/3)
2026-02-21T02:40:02.695Z [svc-auth-4] warning: slow query took 2098ms
2026-02-21T02:40:02.697Z [pytest-xdist] gw0 test_notify.py::test_paginate_refund PASSED in 242ms trace=45396e1c-7dac-1719-ecdb-74290ef4f9c5
2026-02-21T02:40:02.699Z [svc-cache-0] connected to upstream in 22ms
2026-02-21T02:40:02.699Z [svc-cache-0] gc pause 45ms, heap 817MB
2026-02-21T02:40:02.701Z [svc-cache-4] gc pause 118ms, heap 887MB
2026-02-21T02:40:02.702Z [svc-search-0] retrying connection to postgres (attempt 3/3)
2026-02-21T02:40:02.702Z [svc-notify-3] processed batch of 315 items
2026-02-21T02:40:02.703Z [svc-gateway-4] warning: slow query took 768ms
2026-02-21T02:40:02.705Z [svc-auth-0] cache hit rate 92%
2026-02-21T02:40:02.705Z [svc-queue-4] cache hit rate 95%
2026-02-21T02:40:02.706Z [pytest-xdist] gw3 test_sched.py::test_delete_webhook PASSED in 10ms trace=a4722e38-b7cf-98bf-ce57-c4554a08b090
2026-02-21T02:40:02.707Z [svc-search-3] processed batch of 122 items
2026-02-21T02:40:02.709Z [pytest-xdist] gw2 test_sched.py::test_expire_index PASSED in 38ms trace=7342b515-abbd-2811-2c75-d66cf478c196
2026-02-21T02:40:02.709Z [svc-billing-3] health check ok
2026-02-21T02:40:02.710Z [svc-notify-1] gc pause 28ms, heap 824MB
2026-02-21T02:40:02.715Z [svc-billing-0] closed idle connection after 206s
2026-02-21T02:40:02.716Z [svc-billing-0] retrying connection to redis (attempt 1/3)
2026-02-21T02:40:02.716Z [svc-search-0] health check ok
2026-02-21T02:40:02.718Z [pytest-xdist] gw0 test_reports.py::test_authorize_subscription PASSED in 232ms trace=9a431723-8fa7-f87c-ea15-ebc1957127a8
2026-02-21T02:40:02.718Z [svc-gateway-3] closed idle connection after 159s
2026-02-21T02:40:02.719Z [svc-auth-2] closed idle connection after 254s
2026-02-21T02:40:02.721Z [svc-gateway-4] health check ok
2026-02-21T02:40:02.721Z [svc-media-1] cache hit rate 95%
2026-02-21T02:40:02.723Z [svc-db-1] retrying connection to s3 (attempt 2/3)
2026-02-21T02:40:02.723Z [svc-search-2] health check ok
2026-02-21T02:40:02.725Z [svc-gateway-2] retrying connection to s3 (attempt 3/3)
2026-02-21T02:40:02.726Z [svc-db-4] warning: slow query took 1397ms
2026-02-21T02:40:02.726Z [svc-search-4] health check ok
2026-02-21T02:40:02.727Z [svc-search-4] processed batch of 210 items
2026-02-21T02:40:02.728Z [svc-sched-0] closed idle connection after 173s
2026-02-21T02:40:02.730Z [pytest-xdist] gw5 test_gateway.py::test_sync_coupon PASSED in 114ms trace=c14de083-a516-fadb-9056-519107364477
2026-02-21T02:40:02.730Z [svc-auth-1] connected to upstream in 43ms
2026-02-21T02:40:02.730Z [svc-billing-4] cache hit rate 92%
2026-02-21T02:40:02.730Z [svc-queue-0] health check ok
2026-02-21T02:40:02.731Z [svc-auth-3] retrying connection to redis (attempt 2/3)
2026-02-21T02:40:02.733Z [svc-db-1] closed idle connection after 132s
2026-02-21T02:40:02.734Z [svc-notify-3] cache hit rate 88%
2026-02-21T02:40:02.735Z [svc-auth-2] closed idle connection after 302s
2026-02-21T02:40:02.735Z [svc-notify-1] health check ok
2026-02-21T02:40:02.736Z [svc-sched-2] cache hit rate 92%
2026-02-21T02:40:02.738Z [svc-notify-3] processed batch of 204 items
2026-02-21T02:40:02.740Z [svc-auth-0] retrying connection to elasticsearch (attempt 1/3)
2026-02-21T02:40:02.740Z [svc-auth-2] retrying connection to postgres (attempt 1/3)
2026-02-21T02:40:02.740Z [svc-media-1] retrying connection to postgres (attempt 1/3)
2026-02-21T02:40:02.741Z [svc-db-4] gc pause 37ms, heap 505MB
2026-02-21T02:40:02.741Z [svc-sched-0] connected to upstream in 24ms
2026-02-21T02:40:02.742Z [svc-db-0] retrying connection to kafka (attempt 1/3)
2026-02-21T02:40:02.747Z [svc-auth-3] processed batch of 39 items
2026-02-21T02:40:02.750Z [pytest-xdist] gw1 test_users.py::test_notify_coupon PASSED in 5ms trace=2ee2b652-64f6-6493-9d06-55d887a248d3
2026-02-21T02:40:02.750Z [svc-db-1] connected to upstream in 21ms
2026-02-21T02:40:02.753Z [pytest-xdist] gw3 test_export.py::test_update_subscription PASSED in 226ms trace=1b2328ad-2385-0afa-16e6-8d7d06e22a3d
2026-02-21T02:40:02.753Z [svc-queue-3] health check ok
2026-02-21T02:40:02.755Z [svc-notify-2] health check ok
2026-02-21T02:40:02.756Z [svc-notify-0] processed batch of 78 items
2026-02-21T02:40:02.756Z [svc-queue-4] gc pause 108ms, heap 612MB
2026-02-21T02:40:02.758Z [svc-sched-0] health check ok
2026-02-21T02:40:02.760Z [svc-billing-3] cache hit rate 85%
2026-02-21T02:40:02.762Z [svc-db-1] health check ok
2026-02-21T02:40:02.762Z [svc-billing-4] health check ok
2026-02-21T02:40:02.763Z [pytest-xdist] gw5 test_reports.py::test_update_invoice PASSED in 14ms trace=52c0e653-96f8-60ef-7912-df9199dcefee
2026-02-21T02:40:02.764Z [svc-gateway-0] closed idle connection after 57s
2026-02-21T02:40:02.764Z [svc-queue-1] health check ok
2026-02-21T02:40:02.766Z [svc-sched-1] closed idle connection after 148s
2026-02-21T02:40:02.769Z [svc-cache-4] closed idle connection after 77s
2026-02-21T02:40:02.773Z [pytest-xdist] gw4 test_auth.py::test_paginate_token PASSED in 16ms trace=b2ba31c3-ed0d-596b-b8ea-5515ae3cee53
2026-02-21T02:40:02.776Z [svc-queue-0] gc pause 62ms, heap 455MB
2026-02-21T02:40:02.778Z [svc-search-0] gc pause 19ms, heap 376MB
2026-02-21T02:40:02.779Z [svc-billing-3] cache hit rate 85%
2026-02-21T02:40:02.785Z [svc-queue-4] warning: slow query took 2055ms
2026-02-21T02:40:02.785Z [svc-sched-0] health check ok
2026-02-21T02:40:02.786Z [pytest-xdist] gw2 test_queue.py::test_sync_refund PASSED in 192ms trace=12afb18b-4395-fe9a-b138-c8876ed76d5b
2026-02-21T02:40:02.786Z [svc-sched-2] warning: slow query took 1586ms
2026-02-21T02:40:02.788Z [svc-search-0] cache hit rate 95%
2026-02-21T02:40:02.790Z [pytest-xdist] gw0 test_orders.py::test_notify_attachment PASSED in 125ms trace=c5960a49-d54b-4fe6-fff4-03386e5fa15c
2026-02-21T02:40:02.790Z [svc-notify-4] processed batch of 508 items
2026-02-21T02:40:02.791Z [svc-gateway-1] warning: slow query took 1203ms
2026-02-21T02:40:02.794Z [svc-sched-3] health check ok
2026-02-21T02:40:02.796Z [svc-auth-3] processed batch of 28 items
2026-02-21T02:40:02.796Z [svc-db-4] closed idle connection after 136s
2026-02-21T02:40:02.798Z [pytest-xdist] gw4 test_reports.py::test_parse_shipment PASSED in 93ms trace=2740c230-5a58-d6c7-8ffd-bf1f8607bc13
2026-02-21T02:40:02.798Z [svc-auth-0] processed batch of 75 items
2026-02-21T02:40:02.800Z [svc-search-0] cache hit rate 92%
2026-02-21T02:40:02.803Z [svc-gateway-2] closed idle connection after 62s
2026-02-21T02:40:02.803Z [svc-queue-3] warning: slow query took 1172ms
2026-02-21T02:40:02.804Z [svc-gateway-1] health check ok
2026-02-21T02:40:02.808Z [svc-billing-4] closed idle connection after 265s
2026-02-21T02:40:02.812Z [svc-media-4] gc pause 19ms, heap 613MB
2026-02-21T02:40:02.813Z [svc-billing-1] closed idle connection after 79s
2026-02-21T02:40:02.814Z [pytest-xdist] gw4 test_orders.py::test_update_template PASSED in 121ms trace=0f8beb28-8435-4867-6689-e9400171c02f
2026-02-21T02:40:02.815Z [svc-media-0] retrying connection to vault (attempt 2/3)
2026-02-21T02:40:02.815Z [svc-media-2] gc pause 108ms, heap 255MB
2026-02-21T02:40:02.816Z [svc-queue-4] processed batch of 504 items
2026-02-21T02:40:02.818Z [svc-notify-0] closed idle connection after 154s
2026-02-21T02:40:02.822Z [svc-db-4] processed batch of 19 items
2026-02-21T02:40:02.825Z [svc-search-2] health check ok
2026-02-21T02:40:02.826Z [pytest-xdist] gw2 test_billing.py::test_sync_refund PASSED in 178ms trace=82ad9a64-b184-c3cf-d927-472a8d4e385e
2026-02-21T02:40:02.826Z [svc-gateway-2] cache hit rate 92%
2026-02-21T02:40:02.827Z [svc-search-1] warning: slow query took 865ms
2026-02-21T02:40:02.827Z [svc-sched-3] retrying connection to kafka (attempt 3/3)
2026-02-21T02:40:02.829Z [pytest-xdist] gw0 test_reports.py::test_update_subscription PASSED in 127ms trace=e6f177b5-4b60-37d6-0a1d-9ea0eb24da6d
2026-02-21T02:40:02.829Z [svc-media-4] processed batch of 423 items
2026-02-21T02:40:02.833Z [svc-media-1] connected to upstream in 10ms
2026-02-21T02:40:02.835Z [svc-queue-0] health check ok
2026-02-21T02:40:02.837Z [svc-search-2] connected to upstream in 77ms
2026-02-21T02:40:02.837Z [svc-gateway-0] processed batch of 450 items
2026-02-21T02:40:02.837Z [svc-queue-4] closed idle connection after 77s
2026-02-21T02:40:02.837Z [svc-sched-1] connected to upstream in 50ms
2026-02-21T02:40:02.838Z [svc-db-3] health check ok
2026-02-21T02:40:02.838Z [svc-search-0] retrying connection to postgres (attempt 1/3)
2026-02-21T02:40:02.839Z [pytest-xdist] gw5 test_queue.py::test_delete_session PASSED in 71ms trace=903cf4f1-1b62-6e84-4e9e-730bd58aadb3
2026-02-21T02:40:02.839Z [svc-db-2] connected to upstream in 79ms
2026-02-21T02:40:02.840Z [svc-db-0] cache hit rate 95%
2026-02-21T02:40:02.842Z [svc-search-0] closed idle connection after 70s
2026-02-21T02:40:02.843Z [svc-billing-4] cache hit rate 95%
2026-02-21T02:40:02.844Z [svc-search-0] closed idle connection after 247s
2026-02-21T02:40:02.845Z [svc-media-3] cache hit rate 85%
2026-02-21T02:40:02.846Z [svc-cache-2] closed idle connection after 83s
2026-02-21T02:40:02.848Z [svc-gateway-4] closed idle connection after 80s
2026-02-21T02:40:02.849Z [svc-db-4] processed batch of 95 items
2026-02-21T02:40:02.849Z [svc-gateway-4] connected to upstream in 63ms
2026-02-21T02:40:02.852Z [svc-sched-0] retrying connection to vault (attempt 1/3)
2026-02-21T02:40:02.857Z [pytest-xdist] gw2 test_billing.py::test_cache_user PASSED in 141ms trace=ca7ba564-2d32-1580-0a79-387a460140a5
2026-02-21T02:40:02.860Z [svc-media-1] health check ok
2026-02-21T02:40:02.865Z [svc-db-0] connected to upstream in 72ms
2026-02-21T02:40:02.866Z [svc-cache-4] warning: slow query took 1963ms
2026-02-21T02:40:02.866Z [svc-queue-0] connected to upstream in 46ms
2026-02-21T02:40:02.867Z [svc-cache-2] warning: slow query took 1522ms
2026-02-21T02:40:02.869Z [svc-sched-2] retrying connection to redis (attempt 2/3)
2026-02-21T02:40:02.870Z [svc-auth-2] cache hit rate 88%
2026-02-21T02:40:02.870Z [svc-db-4] closed idle connection after 36s
2026-02-21T02:40:02.870Z [svc-billing-4] gc pause 10ms, heap 361MB
2026-02-21T02:40:02.870Z [svc-search-4] cache hit rate 92%
2026-02-21T02:40:02.871Z [svc-queue-1] gc pause 116ms, heap 877MB
2026-02-21T02:40:02.873Z [svc-notify-1] processed batch of 278 items
2026-02-21T02:40:02.874Z [svc-auth-4] connected to upstream in 37ms
2026-02-21T02:40:02.875Z [svc-gateway-1] cache hit rate 95%
2026-02-21T02:40:02.876Z [pytest-xdist] gw0 test_reports.py::test_paginate_template PASSED in 155ms trace=cfe55a94-4a5d-14cc-b425-e4968d4ea031
2026-02-21T02:40:02.876Z [svc-auth-3] gc pause 82ms, heap 561MB
2026-02-21T02:40:02.879Z [svc-cache-0] warning: slow query took 1103ms
2026-02-21T02:40:02.882Z [svc-auth-3] health check ok
2026-02-21T02:40:02.883Z [svc-gateway-0] processed batch of 247 items
2026-02-21T02:40:02.886Z [svc-media-1] retrying connection to postgres (attempt 1/3)
2026-02-21T02:40:02.886Z [svc-media-4] gc pause 111ms, heap 152MB
2026-02-21T02:40:02.887Z [svc-auth-0] processed batch of 123 items
2026-02-21T02:40:02.887Z [svc-notify-2] warning: slow query took 1268ms
2026-02-21T02:40:02.889Z [pytest-xdist] gw4 test_webhooks.py::test_authorize_session PASSED in 155ms trace=afe2d14b-bd8d-8c70-1a07-896bdba2af06
2026-02-21T02:40:02.889Z [svc-cache-4] connected to upstream in 24ms
2026-02-21T02:40:02.892Z [svc-search-2] closed idle connection after 307s
2026-02-21T02:40:02.893Z [svc-sched-0] processed batch of 334 items
2026-02-21T02:40:02.894Z [svc-gateway-0] cache hit rate 85%
2026-02-21T02:40:02.896Z [svc-sched-3] warning: slow query took 598ms
2026-02-21T02:40:02.898Z [svc-billing-0] connected to upstream in 53ms
2026-02-21T02:40:02.899Z [svc-billing-0] warning: slow query took 421ms
2026-02-21T02:40:02.899Z [svc-sched-4] gc pause 73ms, heap 981MB
2026-02-21T02:40:02.901Z [svc-search-2] gc pause 6ms, heap 966MB
2026-02-21T02:40:02.904Z [svc-auth-0] warning: slow query took 1274ms
2026-02-21T02:40:02.904Z [svc-db-0] closed idle connection after 191s
2026-02-21T02:40:02.904Z [svc-queue-2] health check ok
2026-02-21T02:40:02.905Z [svc-media-4] closed idle connection after 147s
2026-02-21T02:40:02.907Z [svc-db-1] connected to upstream in 8ms
2026-02-21T02:40:02.909Z [pytest-xdist] gw4 test_webhooks.py::test_delete_index PASSED in 232ms trace=10587390-3119-716c-fcd2-33f77dd666a1
2026-02-21T02:40:02.909Z [svc-billing-0] cache hit rate 95%
2026-02-21T02:40:02.912Z [svc-queue-1] gc pause 73ms, heap 659MB
2026-02-21T02:40:02.914Z [svc-cache-4] processed batch of 71 items
2026-02-21T02:40:02.915Z [svc-cache-4] health check ok
2026-02-21T02:40:02.917Z [svc-auth-0] connected to upstream in 45ms
2026-02-21T02:40:02.917Z [svc-notify-4] cache hit rate 85%
2026-02-21T02:40:02.918Z [svc-auth-4] cache hit rate 92%
2026-02-21T02:40:02.921Z [svc-gateway-2] health check ok
2026-02-21T02:40:02.925Z [svc-media-4] processed batch of 408 items
2026-02-21T02:40:02.926Z [pytest-xdist] gw1 test_import.py::test_list_token PASSED in 11ms trace=11e8d408-5fb4-a92d-3b8c-89795a793c19
2026-02-21T02:40:02.927Z [svc-notify-1] health check ok
2026-02-21T02:40:02.929Z [svc-search-2] gc pause 26ms, heap 871MB
2026-02-21T02:40:02.931Z [svc-sched-3] connected to upstream in 26ms
2026-02-21T02:40:02.933Z [svc-search-4] processed batch of 185 items
2026-02-21T02:40:02.934Z [svc-cache-4] cache hit rate 92%
2026-02-21T02:40:02.937Z [svc-db-3] cache hit rate 90%
2026-02-21T02:40:02.938Z [svc-search-3] connected to upstream in 25ms
2026-02-21T02:40:02.940Z [svc-cache-2] connected to upstream in 73ms
2026-02-21T02:40:02.942Z [svc-auth-3] closed idle connection after 58s
2026-02-21T02:40:02.942Z [svc-db-4] connected to upstream in 40ms
2026-02-21T02:40:02.942Z [svc-db-4] health check ok
2026-02-21T02:40:02.942Z [svc-gateway-0] gc pause 122ms, heap 355MB
2026-02-21T02:40:02.943Z [svc-auth-0] health check ok
2026-02-21T02:40:02.943Z [svc-media-2] processed batch of 154 items
2026-02-21T02:40:02.944Z [svc-search-4] health check ok
2026-02-21T02:40:02.947Z [pytest-xdist] gw2 test_gateway.py::test_list_coupon PASSED in 121ms trace=1a574306-91b1-8a17-7b0f-a02828725d66
2026-02-21T02:40:02.948Z [svc-db-3] processed batch of 208 items
2026-02-21T02:40:02.950Z [svc-media-3] gc pause 103ms, heap 476MB
2026-02-21T02:40:02.952Z [svc-notify-2] health check ok
2026-02-21T02:40:02.952Z [svc-sched-1] connected to upstream in 24ms
2026-02-21T02:40:02.956Z [svc-db-1] warning: slow query took 879ms
2026-02-21T02:40:02.956Z [svc-billing-1] connected to upstream in 18ms
2026-02-21T02:40:02.956Z [svc-media-2] health check ok
2026-02-21T02:40:02.957Z [svc-search-2] processed batch of 182 items
2026-02-21T02:40:02.960Z [svc-notify-0] health check ok
2026-02-21T02:40:02.960Z [svc-media-2] warning: slow query took 293ms
2026-02-21T02:40:02.962Z [svc-auth-3] warning: slow query took 833ms
2026-02-21T02:40:02.963Z [pytest-xdist] gw1 test_users.py::test_list_coupon PASSED in 41ms trace=45ac5b6c-1ae8-4247-a9d0-6f479d102118
2026-02-21T02:40:02.963Z [svc-queue-2] connected to upstream in 76ms
2026-02-21T02:40:02.966Z [svc-auth-3] closed idle connection after 282s
2026-02-21T02:40:02.966Z [svc-media-4] retrying connection to s3 (attempt 1/3)
2026-02-21T02:40:02.968Z [svc-auth-0] gc pause 118ms, heap 941MB
2026-02-21T02:40:02.968Z [svc-search-0] warning: slow query took 282ms
2026-02-21T02:40:02.970Z [svc-auth-0] closed idle connection after 76s
2026-02-21T02:40:02.973Z [svc-cache-0] closed idle connection after 200s
2026-02-21T02:40:02.973Z [svc-cache-1] closed idle connection after 244s
2026-02-21T02:40:02.974Z [svc-queue-0] closed idle connection after 31s
2026-02-21T02:40:02.975Z [pytest-xdist] gw1 test_media.py::test_update_shipment PASSED in 83ms trace=12b5f434-6685-27e7-9c89-ad86778c5395
2026-02-21T02:40:02.975Z [svc-db-4] health check ok
2026-02-21T02:40:02.975Z [svc-search-1] health check ok
2026-02-21T02:40:02.975Z [svc-media-1] health check ok
2026-02-21T02:40:02.976Z [svc-auth-1] processed batch of 456 items
2026-02-21T02:40:02.976Z [svc-sched-4] retrying connection to s3 (attempt 2/3)
2026-02-21T02:40:02.977Z [svc-auth-4] processed batch of 423 items
2026-02-21T02:40:02.977Z [svc-notify-4] warning: slow query took 2028ms
2026-02-21T02:40:02.977Z [svc-queue-4] gc pause 52ms, heap 168MB
2026-02-21T02:40:02.980Z [svc-search-0] health check ok
2026-02-21T02:40:02.980Z [svc-gateway-1] health check ok
2026-02-21T02:40:02.980Z [svc-media-0] connected to upstream in 38ms
2026-02-21T02:40:02.981Z [svc-cache-0] cache hit rate 88%
2026-02-21T02:40:02.981Z [svc-search-3] closed idle connection after 204s
2026-02-21T02:40:02.982Z [svc-queue-4] warning: slow query took 1910ms
2026-02-21T02:40:02.983Z [svc-billing-3] retrying connection to elasticsearch (attempt 1/3)
2026-02-21T02:40:02.984Z [svc-media-4] gc pause 101ms, heap 142MB
2026-02-21T02:40:02.985Z [svc-billing-2] gc pause 25ms, heap 561MB
2026-02-21T02:40:02.986Z [svc-billing-2] cache hit rate 95%
2026-02-21T02:40:02.987Z [svc-auth-4] processed batch of 367 items
2026-02-21T02:40:02.987Z [svc-cache-1] retrying connection to postgres (attempt 2/3)
2026-02-21T02:40:02.990Z [svc-sched-4] cache hit rate 88%
2026-02-21T02:40:02.991Z [svc-gateway-3] connected to upstream in 20ms
2026-02-21T02:40:02.991Z [svc-media-4] retrying connection to s3 (attempt 2/3)
2026-02-21T02:40:02.994Z [svc-billing-1] health check ok
2026-02-21T02:40:02.994Z [svc-gateway-4] cache hit rate 92%
2026-02-21T02:40:02.994Z [svc-sched-1] health check ok
2026-02-21T02:40:02.995Z [svc-notify-4] health check ok
2026-02-21T02:40:02.997Z [pytest-xdist] gw2 test_import.py::test_sync_query PASSED in 104ms trace=7d258649-78a7-d8ea-3b37-3c9c6566de45
2026-02-21T02:40:02.997Z [svc-sched-0] connected to upstream in 25ms
2026-02-21T02:40:03.002Z [svc-media-4] processed batch of 114 items
2026-02-21T02:40:03.003Z [svc-media-1] cache hit rate 95%
2026-02-21T02:40:03.006Z [svc-cache-3] closed idle connection after 77s
2026-02-21T02:40:03.006Z [svc-billing-2] retrying connection to s3 (attempt 1/3)
2026-02-21T02:40:03.007Z [svc-cache-3] gc pause 34ms, heap 625MB
2026-02-21T02:40:03.009Z [pytest-xdist] gw2 test_export.py::test_sync_query PASSED in 169ms trace=74ac3d86-8d80-05fe-24dc-edc2e9fd3ee1
2026-02-21T02:40:03.009Z [svc-notify-1] processed batch of 63 items
2026-02-21T02:40:03.010Z [svc-gateway-4] health check ok
2026-02-21T02:40:03.015Z [svc-db-1] processed batch of 98 items
2026-02-21T02:40:03.016Z [svc-notify-2] cache hit rate 95%
2026-02-21T02:40:03.017Z [svc-media-4] processed batch of 451 items
2026-02-21T02:40:03.018Z [svc-queue-0] closed idle connection after 175s
2026-02-21T02:40:03.019Z [svc-auth-3] retrying connection to redis (attempt 2/3)
2026-02-21T02:40:03.019Z [svc-media-3] connected to upstream in 47ms
2026-02-21T02:40:03.020Z [svc-cache-1] health check ok
2026-02-21T02:40:03.021Z [svc-media-3] processed batch of 450 items
2026-02-21T02:40:03.023Z [svc-gateway-2] connected to upstream in 37ms
2026-02-21T02:40:03.023Z [svc-queue-0] health check ok
2026-02-21T02:40:03.024Z [svc-sched-2] closed idle connection after 225s
2026-02-21T02:40:03.025Z [svc-gateway-2] gc pause 35ms, heap 159MB
2026-02-21T02:40:03.026Z [svc-notify-2] health check ok
2026-02-21T02:40:03.028Z [pytest-xdist] gw3 test_queue.py::test_retry_attachment PASSED in 64ms trace=a6c67a25-a804-4149-2b6d-cbb2541fe1aa
2026-02-21T02:40:03.031Z [svc-billing-1] warning: slow query took 1056ms
2026-02-21T02:40:03.031Z [svc-media-4] connected to upstream in 25ms
2026-02-21T02:40:03.034Z [svc-media-3] connected to upstream in 32ms
2026-02-21T02:40:03.037Z [svc-sched-0] processed batch of 310 items
2026-02-21T02:40:03.038Z [svc-auth-4] processed batch of 19 items
2026-02-21T02:40:03.038Z [svc-notify-3] gc pause 65ms, heap 599MB
2026-02-21T02:40:03.041Z [svc-queue-3] cache hit rate 90%
2026-02-21T02:40:03.043Z [svc-queue-4] connected to upstream in 12ms
2026-02-21T02:40:03.048Z [svc-db-3] connected to upstream in 67ms
2026-02-21T02:40:03.049Z [svc-auth-3] gc pause 25ms, heap 484MB
2026-02-21T02:40:03.049Z [svc-cache-0] processed batch of 265 items
2026-02-21T02:40:03.050Z [pytest-xdist] gw4 test_export.py::test_expire_coupon PASSED in 206ms trace=dd81ec2d-d8da-a256-cd06-acd61b67204c
2026-02-21T02:40:03.050Z [svc-cache-4] processed batch of 234 items
2026-02-21T02:40:03.051Z [svc-sched-2] connected to upstream in 76ms
2026-02-21T02:40:03.054Z [svc-queue-4] processed batch of 393 items
2026-02-21T02:40:03.056Z [svc-media-2] closed idle connection after 43s
2026-02-21T02:40:03.057Z [svc-billing-1] cache hit rate 95%
2026-02-21T02:40:03.058Z [svc-cache-1] closed idle connection after 201s
2026-02-21T02:40:03.058Z [svc-cache-2] processed batch of 284 items
2026-02-21T02:40:03.063Z [svc-cache-4] retrying connection to s3 (attempt 2/3)
2026-02-21T02:40:03.064Z [pytest-xdist] gw1 test_media.py::test_parse_subscription PASSED in 128ms trace=e7586886-def8-5829-ce40-3dfa94b29626
2026-02-21T02:40:03.065Z [svc-notify-1] gc pause 13ms, heap 411MB
2026-02-21T02:40:03.066Z [svc-db-2] warning: slow query took 2186ms
2026-02-21T02:40:03.067Z [svc-db-0] warning: slow query took 1228ms
2026-02-21T02:40:03.069Z [svc-auth-4] retrying connection to kafka (attempt 3/3)
2026-02-21T02:40:03.070Z [svc-search-4] gc pause 111ms, heap 206MB
2026-02-21T02:40:03.073Z [svc-db-0] closed idle connection after 202s
2026-02-21T02:40:03.074Z [svc-gateway-1] gc pause 39ms, heap 642MB
2026-02-21T02:40:03.076Z [pytest-xdist] gw3 test_import.py::test_create_subscription PASSED in 171ms trace=957f7ed4-b1bf-45c8-6484-834e4775b3f8
2026-02-21T02:40:03.077Z [svc-billing-0] closed idle connection after 326s
2026-02-21T02:40:03.079Z [svc-db-1] warning: slow query took 1604ms
2026-02-21T02:40:03.079Z [svc-billing-2] connected to upstream in 45ms
2026-02-21T02:40:03.080Z [svc-db-4] connected to upstream in 14ms
2026-02-21T02:40:03.080Z [svc-sched-1] health check ok
2026-02-21T02:40:03.082Z [pytest-xdist] gw1 test_reports.py::test_retry_token PASSED in 57ms trace=c5e9881a-85e6-f56f-d13b-a5320bbc32ad
2026-02-21T02:40:03.082Z [svc-db-2] gc pause 39ms, heap 648MB
2026-02-21T02:40:03.082Z [svc-billing-1] gc pause 10ms, heap 685MB
2026-02-21T02:40:03.082Z [svc-billing-2] closed idle connection after 116s
2026-02-21T02:40:03.083Z [svc-queue-4] processed batch of 296 items
2026-02-21T02:40:03.085Z [svc-gateway-3] warning: slow query took 894ms
2026-02-21T02:40:03.085Z [svc-queue-2] retrying connection to redis (attempt 1/3)
2026-02-21T02:40:03.087Z [svc-notify-4] retrying connection to elasticsearch (attempt 2/3)
2026-02-21T02:40:03.087Z [svc-sched-0] health check ok
2026-02-21T02:40:03.088Z [svc-media-0] gc pause 124ms, heap 116MB
2026-02-21T02:40:03.089Z [pytest-xdist] gw4 test_billing.py::test_authorize_token PASSED in 239ms trace=42428e22-4af9-ae37-8f09-248590215a23
2026-02-21T02:40:03.089Z [svc-cache-0] health check ok
2026-02-21T02:40:03.089Z [svc-gateway-0] connected to upstream in 35ms
2026-02-21T02:40:03.091Z [svc-media-4] closed idle connection after 172s
2026-02-21T02:40:03.092Z [svc-notify-1] health check ok
2026-02-21T02:40:03.093Z [svc-queue-1] processed batch of 44 items
2026-02-21T02:40:03.094Z [svc-queue-0] processed batch of 128 items
2026-02-21T02:40:03.097Z [svc-auth-0] retrying connection to elasticsearch (attempt 3/3)
2026-02-21T02:40:03.098Z [svc-billing-2] closed idle connection after 261s
2026-02-21T02:40:03.101Z [svc-queue-0] retrying connection to vault (attempt 2/3)
2026-02-21T02:40:03.102Z [svc-queue-2] warning: slow query took 338ms
2026-02-21T02:40:03.108Z [svc-auth-0] health check ok
2026-02-21T02:40:03.109Z [svc-billing-3] processed batch of 240 items
2026-02-21T02:40:03.111Z [pytest-xdist] gw4 test_sched.py::test_sync_user PASSED in 250ms trace=e3ef6362-61ec-4c2f-2cf6-5b32ef4215a9
2026-02-21T02:40:03.113Z [svc-auth-3] processed batch of 63 items
2026-02-21T02:40:03.115Z [svc-notify-1] retrying connection to redis (attempt 2/3)
2026-02-21T02:40:03.116Z [svc-sched-1] processed batch of 201 items
2026-02-21T02:40:03.117Z [svc-gateway-2] health check ok
2026-02-21T02:40:03.119Z [pytest-xdist] gw2 test_orders.py::test_delete_region PASSED in 123ms trace=ef5e7b79-1e5c-c511-ac09-c251eed83e53
2026-02-21T02:40:03.120Z [svc-search-2] connected to upstream in 74ms
2026-02-21T02:40:03.122Z [pytest-xdist] gw0 test_sched.py::test_cache_session PASSED in 67ms trace=3b5f5b4e-bb8a-1c6f-8e47-ada7885b3e2c
2026-02-21T02:40:03.122Z [svc-gateway-4] health check ok
2026-02-21T02:40:03.122Z [svc-media-0] retrying connection to vault (attempt 3/3)
2026-02-21T02:40:03.123Z [svc-sched-3] closed idle connection after 170s
2026-02-21T02:40:03.124Z [svc-notify-2] warning: slow query took 263ms
2026-02-21T02:40:03.126Z [svc-media-2] processed batch of 359 items
2026-02-21T02:40:03.127Z [svc-db-2] closed idle connection after 78s
2026-02-21T02:40:03.130Z [svc-db-0] closed idle connection after 277s
2026-02-21T02:40:03.132Z [svc-sched-4] processed batch of 18 items
2026-02-21T02:40:03.133Z [pytest-xdist] gw1 test_billing.py::test_cache_token PASSED in 107ms trace=009dbe8e-9f55-486e-0a89-6da3ed26f63a
2026-02-21T02:40:03.134Z [svc-db-0] health check ok
2026-02-21T02:40:03.134Z [svc-queue-4] health check ok
2026-02-21T02:40:03.134Z [svc-sched-2] connected to upstream in 29ms
2026-02-21T02:40:03.136Z [svc-media-4] connected to upstream in 14ms
2026-02-21T02:40:03.138Z [svc-db-0] gc pause 91ms, heap 577MB
2026-02-21T02:40:03.139Z [svc-queue-4] health check ok
2026-02-21T02:40:03.140Z [svc-gateway-4] health check ok
2026-02-21T02:40:03.141Z [svc-media-2] closed idle connection after 222s
2026-02-21T02:40:03.142Z [svc-db-0] cache hit rate 85%
2026-02-21T02:40:03.143Z [svc-search-2] warning: slow query took 1804ms
2026-02-21T02:40:03.143Z [svc-search-4] warning: slow query took 1603ms
2026-02-21T02:40:03.145Z [pytest-xdist] gw5 test_payments.py::test_cache_attachment PASSED in 238ms trace=56d1cd30-73ab-2c19-1454-9aa9c816caae
2026-02-21T02:40:03.152Z [svc-sched-1] health check ok
2026-02-21T02:40:03.153Z [svc-db-2] warning: slow query took 1423ms
2026-02-21T02:40:03.155Z [svc-cache-0] closed idle connection after 288s
2026-02-21T02:40:03.155Z [svc-queue-2] connected to upstream in 47ms
2026-02-21T02:40:03.159Z [svc-cache-0] cache hit rate 95%
2026-02-21T02:40:03.162Z [svc-notify-1] closed idle connection after 207s
2026-02-21T02:40:03.163Z [pytest-xdist] gw2 test_reports.py::test_cache_coupon PASSED in 226ms trace=67700bd3-3481-e907-fe68-533ef849d6c9
2026-02-21T02:40:03.163Z [svc-search-4] closed idle connection after 284s
2026-02-21T02:40:03.163Z [svc-gateway-4] gc pause 72ms, heap 452MB
2026-02-21T02:40:03.165Z [svc-sched-1] cache hit rate 90%
2026-02-21T02:40:03.166Z [pytest-xdist] gw4 test_orders.py::test_create_template PASSED in 247ms trace=b7f35402-0806-777a-4287-de919fb58031
2026-02-21T02:40:03.172Z [svc-auth-4] retrying connection to kafka (attempt 3/3)
2026-02-21T02:40:03.172Z [svc-media-0] warning: slow query took 1579ms
2026-02-21T02:40:03.173Z [svc-auth-2] connected to upstream in 22ms
2026-02-21T02:40:03.174Z [svc-cache-3] retrying connection to kafka (attempt 1/3)
2026-02-21T02:40:03.175Z [svc-search-3] processed batch of 120 items
2026-02-21T02:40:03.178Z [svc-queue-1] connected to upstream in 83ms
2026-02-21T02:40:03.182Z [svc-sched-2] connected to upstream in 48ms
2026-02-21T02:40:03.182Z [svc-sched-2] health check ok
2026-02-21T02:40:03.183Z [svc-search-0] closed idle connection after 74s
2026-02-21T02:40:03.184Z [pytest-xdist] gw5 test_reports.py::test_delete_template PASSED in 249ms trace=0b9c210b-d052-6cb4-8c66-79601894ea72
2026-02-21T02:40:03.186Z [svc-sched-3] connected to upstream in 57ms
2026-02-21T02:40:03.188Z [svc-search-2] cache hit rate 88%
2026-02-21T02:40:03.191Z [svc-auth-0] closed idle connection after 104s
2026-02-21T02:40:03.192Z [svc-gateway-0] closed idle connection after 76s
2026-02-21T02:40:03.192Z [svc-gateway-1] connected to upstream in 40ms
2026-02-21T02:40:03.194Z [svc-gateway-2] health check ok
2026-02-21T02:40:03.195Z [svc-gateway-3] processed batch of 395 items
2026-02-21T02:40:03.202Z [pytest-xdist] gw0 test_export.py::test_render_quota PASSED in 31ms trace=6464d943-c8b7-8913-f534-c9bc98af8178
2026-02-21T02:40:03.204Z [svc-sched-1] closed idle connection after 148s
2026-02-21T02:40:03.205Z [svc-cache-1] connected to upstream in 39ms
2026-02-21T02:40:03.205Z [svc-cache-2] cache hit rate 85%
2026-02-21T02:40:03.206Z [svc-billing-0] processed batch of 394 items
2026-02-21T02:40:03.206Z [svc-billing-3] processed batch of 242 items
2026-02-21T02:40:03.207Z [svc-billing-4] closed idle connection after 76s
2026-02-21T02:40:03.207Z [svc-gateway-3] processed batch of 419 items
2026-02-21T02:40:03.208Z [svc-cache-1] connected to upstream in 5ms
2026-02-21T02:40:03.209Z [svc-search-0] warning: slow query took 2105ms
2026-02-21T02:40:03.209Z [svc-search-1] cache hit rate 95%
2026-02-21T02:40:03.209Z [svc-gateway-3] health check ok
2026-02-21T02:40:03.210Z [pytest-xdist] gw0 test_notify.py::test_list_coupon PASSED in 76ms trace=e36422f1-9ba4-2d62-e897-a2a74e9a00e8
2026-02-21T02:40:03.210Z [svc-search-0] cache hit rate 88%
2026-02-21T02:40:03.211Z [svc-auth-0] connected to upstream in 30ms
2026-02-21T02:40:03.211Z [svc-auth-4] closed idle connection after 48s
2026-02-21T02:40:03.212Z [svc-search-0] closed idle connection after 303s
2026-02-21T02:40:03.213Z [svc-db-1] closed idle connection after 282s
2026-02-21T02:40:03.213Z [svc-media-2] processed batch of 482 items
2026-02-21T02:40:03.215Z [pytest-xdist] gw4 test_webhooks.py::test_list_quota PASSED in 66ms trace=1fffbeee-435d-670d-692d-ed9de1c5010c
2026-02-21T02:40:03.215Z [svc-queue-2] health check ok
2026-02-21T02:40:03.218Z [pytest-xdist] gw4 test_import.py::test_paginate_invoice PASSED in 173ms trace=e4af32c5-bee2-6eee-bada-9776268ab6ed
2026-02-21T02:40:03.219Z [svc-auth-1] connected to upstream in 33ms
2026-02-21T02:40:03.220Z [svc-cache-1] processed batch of 137 items
2026-02-21T02:40:03.222Z [svc-notify-3] connected to upstream in 76ms
2026-02-21T02:40:03.223Z [svc-search-4] cache hit rate 95%
2026-02-21T02:40:03.226Z [svc-auth-1] retrying connection to vault (attempt 1/3)
2026-02-21T02:40:03.227Z [svc-notify-4] closed idle connection after 299s
2026-02-21T02:40:03.228Z [pytest-xdist] gw4 test_webhooks.py::test_sync_user PASSED in 89ms trace=b7f343c8-2d5d-3bc8-c645-66a1ddc8082f
2026-02-21T02:40:03.229Z [svc-billing-4] connected to upstream in 61ms
2026-02-21T02:40:03.234Z [svc-cache-4] cache hit rate 92%
2026-02-21T02:40:03.237Z [svc-media-4] connected to upstream in 5ms
2026-02-21T02:40:03.238Z [svc-search-3] gc pause 107ms, heap 918MB
2026-02-21T02:40:03.240Z [svc-cache-2] processed batch of 475 items
2026-02-21T02:40:03.241Z [pytest-xdist] gw4 test_queue.py::test_authorize_attachment PASSED in 113ms trace=7510ccca-a716-6d6c-fe95-64dcfa6cde5a
2026-02-21T02:40:03.241Z [svc-search-3] connected to upstream in 51ms
2026-02-21T02:40:03.242Z [svc-media-3] cache hit rate 95%
2026-02-21T02:40:03.243Z [svc-notify-0] retrying connection to postgres (attempt 2/3)
2026-02-21T02:40:03.244Z [svc-cache-3] connected to upstream in 22ms
2026-02-21T02:40:03.244Z [svc-search-3] connected to upstream in 43ms
2026-02-21T02:40:03.246Z [pytest-xdist] gw0 test_auth.py::test_create_quota PASSED in 200ms trace=067cb584-49d4-4c31-6149-27c3073b5faa
2026-02-21T02:40:03.246Z [svc-media-4] cache hit rate 88%
2026-02-21T02:40:03.246Z [svc-sched-0] processed batch of 362 items
2026-02-21T02:40:03.248Z [svc-notify-1] connected to upstream in 60ms
2026-02-21T02:40:03.249Z [svc-billing-4] warning: slow query took 799ms
2026-02-21T02:40:03.249Z [svc-sched-2] health check ok
2026-02-21T02:40:03.251Z [svc-media-4] cache hit rate 90%
2026-02-21T02:40:03.252Z [svc-auth-3] warning: slow query took 478ms
2026-02-21T02:40:03.252Z [svc-auth-3] warning: slow query took 1820ms
2026-02-21T02:40:03.252Z [svc-db-4] closed idle connection after 292s
2026-02-21T02:40:03.252Z [svc-billing-3] closed idle connection after 324s
2026-02-21T02:40:03.253Z [svc-search-2] connected to upstream in 45ms
2026-02-21T02:40:03.254Z [svc-db-2] retrying connection to elasticsearch (attempt 2/3)
2026-02-21T02:40:03.255Z [svc-sched-1] cache hit rate 88%
2026-02-21T02:40:03.258Z [svc-queue-4] retrying connection to s3 (attempt 2/3)
2026-02-21T02:40:03.260Z [svc-sched-1] health check ok
2026-02-21T02:40:03.261Z [svc-queue-4] cache hit rate 90%
2026-02-21T02:40:03.262Z [svc-auth-0] processed batch of 214 items
2026-02-21T02:40:03.264Z [pytest-xdist] gw1 test_export.py::test_notify_subscription PASSED in 133ms trace=b29127bd-30f6-6d7c-ab22-53b47a7fb5d0
2026-02-21T02:40:03.265Z [svc-queue-1] gc pause 37ms, heap 200MB
2026-02-21T02:40:03.267Z [svc-billing-2] processed batch of 356 items
2026-02-21T02:40:03.268Z [svc-auth-2] gc pause 9ms, heap 603MB
2026-02-21T02:40:03.268Z [svc-cache-4] health check ok
2026-02-21T02:40:03.271Z [svc-auth-1] processed batch of 204 items
2026-02-21T02:40:03.272Z [svc-media-2] warning: slow query took 1037ms
2026-02-21T02:40:03.275Z [pytest-xdist] gw0 test_gateway.py::test_create_shipment PASSED in 237ms trace=c99757a2-b6ec-86e1-547f-1de4829bac52
2026-02-21T02:40:03.275Z [svc-auth-2] closed idle connection after 58s
2026-02-21T02:40:03.275Z [svc-db-0] warning: slow query took 1099ms
2026-02-21T02:40:03.276Z [svc-billing-4] warning: slow query took 2039ms
2026-02-21T02:40:03.279Z [svc-billing-2] warning: slow query took 1388ms
2026-02-21T02:40:03.279Z [svc-search-2] cache hit rate 88%
2026-02-21T02:40:03.279Z [svc-queue-2] processed batch of 276 items
2026-02-21T02:40:03.280Z [svc-auth-0] processed batch of 229 items
2026-02-21T02:40:03.281Z [svc-db-4] retrying connection to postgres (attempt 3/3)
2026-02-21T02:40:03.281Z [svc-gateway-1] gc pause 111ms, heap 670MB
2026-02-21T02:40:03.282Z [pytest-xdist] gw1 test_reports.py::test_reconcile_template PASSED in 177ms trace=b8887277-25ae-3b9a-e44a-42d383d455ff
2026-02-21T02:40:03.283Z [svc-gateway-0] health check ok
2026-02-21T02:40:03.287Z [svc-billing-1] gc pause 101ms, heap 779MB
2026-02-21T02:40:03.291Z [svc-billing-3] connected to upstream in 72ms
2026-02-21T02:40:03.291Z [svc-gateway-2] gc pause 109ms, heap 242MB
2026-02-21T02:40:03.292Z [svc-cache-2] closed idle connection after 92s
2026-02-21T02:40:03.295Z [svc-db-3] processed batch of 171 items
2026-02-21T02:40:03.296Z [svc-notify-0] connected to upstream in 12ms
2026-02-21T02:40:03.298Z [pytest-xdist] gw1 test_auth.py::test_create_token PASSED in 229ms trace=8fe2e26a-60be-e96f-648e-aba734f1163b
2026-02-21T02:40:03.301Z [svc-gateway-2] closed idle connection after 101s
2026-02-21T02:40:03.301Z [svc-gateway-3] closed idle connection after 164s
2026-02-21T02:40:03.302Z [svc-notify-3] retrying connection to s3 (attempt 2/3)
2026-02-21T02:40:03.305Z [svc-auth-2] connected to upstream in 61ms
2026-02-21T02:40:03.306Z [svc-queue-1] cache hit rate 90%
2026-02-21T02:40:03.307Z [svc-billing-0] health check ok
2026-02-21T02:40:03.308Z [svc-auth-1] cache hit rate 90%
2026-02-21T02:40:03.311Z [svc-billing-4] processed batch of 356 items
2026-02-21T02:40:03.311Z [svc-notify-3] warning: slow query took 1358ms
2026-02-21T02:40:03.312Z [svc-gateway-4] cache hit rate 92%
2026-02-21T02:40:03.314Z [svc-cache-0] closed idle connection after 271s
2026-02-21T02:40:03.314Z [svc-search-2] retrying connection to kafka (attempt 3/3)
2026-02-21T02:40:03.315Z [pytest-xdist] gw0 test_webhooks.py::test_authorize_token PASSED in 3ms trace=89510ae3-7030-aa3c-e49a-c762f243cb7c
2026-02-21T02:40:03.316Z [svc-gateway-3] retrying connection to elasticsearch (attempt 2/3)
2026-02-21T02:40:03.322Z [svc-gateway-1] retrying connection to kafka (attempt 3/3)
2026-02-21T02:40:03.322Z [svc-queue-0] gc pause 11ms, heap 820MB
2026-02-21T02:40:03.323Z [svc-notify-3] connected to upstream in 7ms
2026-02-21T02:40:03.324Z [svc-billing-4] gc pause 7ms, heap 101MB
2026-02-21T02:40:03.325Z [svc-notify-4] health check ok
2026-02-21T02:40:03.330Z [svc-notify-0] warning: slow query took 359ms
2026-02-21T02:40:03.331Z [svc-db-4] cache hit rate 88%
2026-02-21T02:40:03.331Z [svc-billing-1] warning: slow query took 723ms
2026-02-21T02:40:03.334Z [svc-media-1] health check ok
2026-02-21T02:40:03.335Z [pytest-xdist] gw4 test_payments.py::test_notify_shipment PASSED in 205ms trace=db6586a7-95a5-b42f-3024-df76a145f48b
2026-02-21T02:40:03.336Z [svc-auth-4] processed batch of 503 items
2026-02-21T02:40:03.336Z [svc-queue-3] gc pause 9ms, heap 755MB
2026-02-21T02:40:03.338Z [svc-gateway-4] cache hit rate 92%
2026-02-21T02:40:03.339Z [svc-search-0] cache hit rate 95%
2026-02-21T02:40:03.341Z [svc-db-4] cache hit rate 88%
2026-02-21T02:40:03.342Z [svc-queue-4] health check ok
2026-02-21T02:40:03.343Z [svc-db-0] connected to upstream in 54ms
2026-02-21T02:40:03.343Z [svc-notify-4] cache hit rate 85%
2026-02-21T02:40:03.345Z [svc-queue-0] processed batch of 368 items
2026-02-21T02:40:03.347Z [pytest-xdist] gw0 test_sched.py::test_validate_refund PASSED in 83ms trace=2a5c7f45-fda7-730c-78d1-8695f478068f
2026-02-21T02:40:03.348Z [svc-billing-0] health check ok
2026-02-21T02:40:03.350Z [svc-sched-2] connected to upstream in 82ms
2026-02-21T02:40:03.352Z [svc-queue-1] warning: slow query took 782ms
2026-02-21T02:40:03.353Z [svc-notify-2] connected to upstream in 15ms
2026-02-21T02:40:03.356Z [svc-search-1] cache hit rate 85%
2026-02-21T02:40:03.356Z [svc-notify-1] cache hit rate 85%
2026-02-21T02:40:03.357Z [svc-gateway-2] processed batch of 91 items
2026-02-21T02:40:03.358Z [svc-db-4] closed idle connection after 113s
2026-02-21T02:40:03.360Z [svc-cache-4] processed batch of 27 items
2026-02-21T02:40:03.360Z [svc-notify-0] warning: slow query took 1383ms
2026-02-21T02:40:03.362Z [pytest-xdist] gw4 test_export.py::test_parse_invoice PASSED in 29ms trace=61db449e-4259-7ab4-03ae-38cf35d78597
2026-02-21T02:40:03.364Z [svc-notify-2] cache hit rate 90%
2026-02-21T02:40:03.367Z [svc-sched-2] warning: slow query took 1397ms
2026-02-21T02:40:03.368Z [svc-sched-2] connected to upstream in 40ms
2026-02-21T02:40:03.371Z [svc-billing-3] cache hit rate 92%
2026-02-21T02:40:03.371Z [svc-search-4] connected to upstream in 15ms
2026-02-21T02:40:03.373Z [pytest-xdist] gw4 test_auth.py::test_authorize_template PASSED in 45ms trace=52b90207-5c4e-29eb-2347-251006f946cd
2026-02-21T02:40:03.374Z [svc-cache-4] connected to upstream in 38ms
2026-02-21T02:40:03.374Z [svc-gateway-4] warning: slow query took 1979ms
2026-02-21T02:40:03.378Z [svc-billing-0] health check ok
2026-02-21T02:40:03.378Z [svc-queue-1] gc pause 106ms, heap 393MB
2026-02-21T02:40:03.379Z [svc-queue-1] processed batch of 350 items
2026-02-21T02:40:03.380Z [svc-billing-1] connected to upstream in 66ms
2026-02-21T02:40:03.382Z [svc-cache-0] cache hit rate 88%
2026-02-21T02:40:03.382Z [svc-billing-4] retrying connection to vault (attempt 3/3)
2026-02-21T02:40:03.382Z [svc-queue-1] cache hit rate 88%
2026-02-21T02:40:03.384Z [svc-cache-0] closed idle connection after 193s
2026-02-21T02:40:03.384Z [svc-cache-2] closed idle connection after 153s
2026-02-21T02:40:03.384Z [svc-search-2] health check ok
2026-02-21T02:40:03.386Z [pytest-xdist] gw3 test_notify.py::test_notify_refund PASSED in 119ms trace=786c51ad-2c41-0f00-3da7-ecbc5c4e1f31
2026-02-21T02:40:03.386Z [svc-billing-1] closed idle connection after 73s
2026-02-21T02:40:03.387Z [svc-queue-2] health check ok
2026-02-21T02:40:03.387Z [svc-queue-4] processed batch of 370 items
2026-02-21T02:40:03.388Z [svc-queue-3] retrying connection to kafka (attempt 1/3)
2026-02-21T02:40:03.388Z [svc-sched-0] cache hit rate 88%
2026-02-21T02:40:03.389Z [svc-db-4] warning: slow query took 1339ms
2026-02-21T02:40:03.390Z [svc-queue-2] health check ok
2026-02-21T02:40:03.391Z [svc-cache-3] health check ok
2026-02-21T02:40:03.391Z [svc-sched-1] retrying connection to postgres (attempt 2/3)
2026-02-21T02:40:03.393Z [svc-sched-0] warning: slow query took 1486ms
2026-02-21T02:40:03.394Z [svc-search-2] connected to upstream in 37ms
2026-02-21T02:40:03.394Z [svc-media-3] closed idle connection after 305s
2026-02-21T02:40:03.394Z [svc-sched-3] cache hit rate 92%
2026-02-21T02:40:03.397Z [svc-auth-4] gc pause 110ms, heap 283MB
2026-02-21T02:40:03.397Z [svc-notify-4] processed batch of 28 items
2026-02-21T02:40:03.398Z [svc-media-3] gc pause 51ms, heap 585MB
2026-02-21T02:40:03.399Z [svc-search-4] cache hit rate 95%
2026-02-21T02:40:03.400Z [svc-cache-1] retrying connection to postgres (attempt 1/3)
2026-02-21T02:40:03.400Z [svc-sched-4] closed idle connection after 193s
2026-02-21T02:40:03.401Z [svc-notify-2] processed batch of 267 items
2026-02-21T02:40:03.402Z [svc-billing-3] processed batch of 151 items
2026-02-21T02:40:03.402Z [svc-sched-2] closed idle connection after 60s
2026-02-21T02:40:03.403Z [pytest-xdist] gw4 test_media.py::test_create_coupon PASSED in 86ms trace=d7e508a7-970c-35fc-edf7-5b8c47224fd4
2026-02-21T02:40:03.403Z [svc-media-1] warning: slow query took 673ms
2026-02-21T02:40:03.406Z [svc-billing-0] processed batch of 326 items
2026-02-21T02:40:03.407Z [svc-auth-3] processed batch of 99 items
2026-02-21T02:40:03.408Z [svc-db-0] health check ok
2026-02-21T02:40:03.410Z [svc-db-1] processed batch of 255 items
2026-02-21T02:40:03.410Z [svc-db-2] gc pause 28ms, heap 700MB
2026-02-21T02:40:03.413Z [svc-sched-1] closed idle connection after 215s
2026-02-21T02:40:03.414Z [svc-search-1] connected to upstream in 37ms
2026-02-21T02:40:03.416Z [svc-notify-0] retrying connection to postgres (attempt 3/3)
2026-02-21T02:40:03.416Z [svc-gateway-2] warning: slow query took 1300ms
2026-02-21T02:40:03.418Z [svc-db-1] closed idle connection after 36s
2026-02-21T02:40:03.418Z [svc-notify-0] gc pause 120ms, heap 649MB
2026-02-21T02:40:03.419Z [svc-notify-1] health check ok
2026-02-21T02:40:03.421Z [svc-auth-4] closed idle connection after 79s
2026-02-21T02:40:03.422Z [svc-billing-2] health check ok
2026-02-21T02:40:03.424Z [pytest-xdist] gw0 test_gateway.py::test_create_index PASSED in 7ms trace=3d1d36e0-a9d3-458a-de96-dbfc726c2ac9
2026-02-21T02:40:03.424Z [svc-queue-4] retrying connection to s3 (attempt 1/3)
2026-02-21T02:40:03.425Z [svc-auth-0] closed idle connection after 241s
2026-02-21T02:40:03.425Z [svc-auth-4] health check ok
2026-02-21T02:40:03.425Z [svc-cache-1] closed idle connection after 244s
2026-02-21T02:40:03.426Z [svc-billing-0] processed batch of 387 items
2026-02-21T02:40:03.429Z [svc-gateway-3] processed batch of 32 items
2026-02-21T02:40:03.430Z [svc-billing-4] cache hit rate 88%
2026-02-21T02:40:03.430Z [svc-search-4] warning: slow query took 423ms
2026-02-21T02:40:03.431Z [svc-auth-0] cache hit rate 90%
2026-02-21T02:40:03.431Z [svc-gateway-2] connected to upstream in 6ms
2026-02-21T02:40:03.433Z [svc-media-1] health check ok
2026-02-21T02:40:03.435Z [svc-notify-0] processed batch of 481 items
2026-02-21T02:40:03.435Z [svc-queue-1] health check ok
2026-02-21T02:40:03.437Z [svc-billing-0] connected to upstream in 11ms
2026-02-21T02:40:03.438Z [pytest-xdist] gw3 test_auth.py::test_create_refund PASSED in 136ms trace=22494dcf-0f12-9eb4-bd33-6d4169991c6c
2026-02-21T02:40:03.438Z [svc-db-0] health check ok
2026-02-21T02:40:03.441Z [pytest-xdist] gw1 test_notify.py::test_create_template PASSED in 48ms trace=40967f27-7981-732c-5f0b-15ccfbe49808
2026-02-21T02:40:03.441Z [svc-auth-2] retrying connection to postgres (attempt 3/3)
2026-02-21T02:40:03.441Z [svc-db-2] gc pause 50ms, heap 594MB
2026-02-21T02:40:03.441Z [svc-notify-3] cache hit rate 92%
2026-02-21T02:40:03.441Z [svc-sched-0] cache hit rate 95%
2026-02-21T02:40:03.442Z [svc-notify-2] retrying connection to kafka (attempt 1/3)
2026-02-21T02:40:03.446Z [svc-auth-1] retrying connection to vault (attempt 1/3)
2026-02-21T02:40:03.447Z [svc-gateway-2] retrying connection to s3 (attempt 3/3)
2026-02-21T02:40:03.451Z [svc-media-0] connected to upstream in 19ms
2026-02-21T02:40:03.452Z [svc-queue-3] health check ok
2026-02-21T02:40:03.453Z [svc-search-4] gc pause 52ms, heap 440MB
2026-02-21T02:40:03.453Z [svc-queue-4] cache hit rate 95%
2026-02-21T02:40:03.454Z [svc-search-4] connected to upstream in 6ms
2026-02-21T02:40:03.455Z [svc-media-0] gc pause 109ms, heap 470MB
2026-02-21T02:40:03.455Z [svc-queue-0] gc pause 9ms, heap 960MB
2026-02-21T02:40:03.456Z [svc-billing-1] cache hit rate 92%
2026-02-21T02:40:03.456Z [svc-billing-4] connected to upstream in 26ms
2026-02-21T02:40:03.457Z [svc-db-0] cache hit rate 88%
2026-02-21T02:40:03.458Z [pytest-xdist] gw1 test_orders.py::test_expire_query PASSED in 133ms trace=20d7ed73-17c2-d29e-a6c2-c65e21fd981b
2026-02-21T02:40:03.458Z [svc-sched-0] closed idle connection after 174s
2026-02-21T02:40:03.460Z [svc-db-0] health check ok
2026-02-21T02:40:03.461Z [svc-auth-3] health check ok
2026-02-21T02:40:03.462Z [pytest-xdist] gw0 test_sched.py::test_render_session PASSED in 149ms trace=d7c14fa5-59bb-dc46-9c04-65b279577d63
2026-02-21T02:40:03.462Z [svc-cache-0] health check ok
2026-02-21T02:40:03.465Z [svc-billing-2] warning: slow query took 827ms
2026-02-21T02:40:03.467Z [svc-sched-2] processed batch of 438 items
2026-02-21T02:40:03.470Z [svc-billing-0] connected to upstream in 54ms
2026-02-21T02:40:03.471Z [svc-queue-2] closed idle connection after 216s
2026-02-21T02:40:03.472Z [svc-db-0] health check ok
2026-02-21T02:40:03.474Z [pytest-xdist] gw3 test_reports.py::test_parse_subscription PASSED in 197ms trace=1bf53e56-a515-0163-93ac-c9d7fe8d4b80
2026-02-21T02:40:03.475Z [svc-media-4] processed batch of 74 items
2026-02-21T02:40:03.478Z [svc-search-4] gc pause 67ms, heap 413MB
2026-02-21T02:40:03.478Z [svc-media-3] processed batch of 123 items
2026-02-21T02:40:03.480Z [svc-notify-0] cache hit rate 92%
2026-02-21T02:40:03.480Z [svc-queue-2] connected to upstream in 71ms
2026-02-21T02:40:03.480Z [svc-sched-3] health check ok
2026-02-21T02:40:03.481Z [svc-billing-0] cache hit rate 90%
2026-02-21T02:40:03.482Z [svc-search-3] warning: slow query took 1011ms
2026-02-21T02:40:03.482Z [svc-search-4] retrying connection to elasticsearch (attempt 2/3)
2026-02-21T02:40:03.482Z [svc-notify-4] connected to upstream in 16ms
2026-02-21T02:40:03.483Z [svc-billing-0] retrying connection to redis (attempt 1/3)
2026-02-21T02:40:03.484Z [svc-db-1] connected to upstream in 44ms
2026-02-21T02:40:03.485Z [svc-queue-4] warning: slow query took 1368ms
2026-02-21T02:40:03.487Z [svc-db-1] processed batch of 415 items
2026-02-21T02:40:03.487Z [svc-search-4] cache hit rate 92%
2026-02-21T02:40:03.487Z [svc-media-3] retrying connection to kafka (attempt 1/3)
2026-02-21T02:40:03.490Z [svc-sched-4] warning: slow query took 1727ms
2026-02-21T02:40:03.493Z [svc-billing-4] processed batch of 176 items
2026-02-21T02:40:03.494Z [svc-auth-3] closed idle connection after 127s
2026-02-21T02:40:03.495Z [svc-sched-0] gc pause 113ms, heap 610MB
2026-02-21T02:40:03.496Z [pytest-xdist] gw3 test_reports.py::test_update_token PASSED in 156ms trace=673a4ded-06a8-771c-6369-683d84019bc5
2026-02-21T02:40:03.496Z [svc-gateway-1] connected to upstream in 37ms
2026-02-21T02:40:03.501Z [svc-search-4] health check ok
2026-02-21T02:40:03.503Z [svc-notify-3] health check ok
2026-02-21T02:40:03.505Z [svc-media-4] health check ok
2026-02-21T02:40:03.505Z [svc-sched-1] health check ok
2026-02-21T02:40:03.506Z [svc-search-2] cache hit rate 88%
2026-02-21T02:40:03.506Z [svc-media-1] processed batch of 310 items
2026-02-21T02:40:03.506Z [svc-sched-2] processed batch of 502 items
2026-02-21T02:40:03.509Z [svc-cache-3] retrying connection to kafka (attempt 1/3)
2026-02-21T02:40:03.512Z [pytest-xdist] gw3 test_auth.py::test_update_query PASSED in 139ms trace=5524b9fb-1943-360e-4367-4d0033be947f
2026-02-21T02:40:03.514Z [svc-db-0] processed batch of 279 items
2026-02-21T02:40:03.514Z [svc-billing-2] connected to upstream in 74ms
2026-02-21T02:40:03.516Z [svc-auth-0] cache hit rate 88%
2026-02-21T02:40:03.518Z [svc-cache-2] warning: slow query took 305ms
2026-02-21T02:40:03.520Z [svc-search-1] processed batch of 214 items
2026-02-21T02:40:03.521Z [svc-db-2] connected to upstream in 79ms
2026-02-21T02:40:03.521Z [svc-db-2] health check ok
2026-02-21T02:40:03.522Z [pytest-xdist] gw0 test_import.py::test_create_user PASSED in 238ms trace=a0d952f4-2341-29e6-d44a-047b3f4ac5c2
2026-02-21T02:40:03.522Z [svc-auth-1] warning: slow query took 2120ms
2026-02-21T02:40:03.522Z [svc-notify-4] warning: slow query took 300ms
2026-02-21T02:40:03.522Z [svc-media-4] processed batch of 485 items
2026-02-21T02:40:03.526Z [svc-auth-4] retrying connection to kafka (attempt 2/3)
2026-02-21T02:40:03.528Z [svc-db-3] connected to upstream in 53ms
2026-02-21T02:40:03.528Z [svc-media-2] cache hit rate 85%
2026-02-21T02:40:03.529Z [svc-notify-0] retrying connection to postgres (attempt 3/3)
2026-02-21T02:40:03.531Z [svc-gateway-2] closed idle connection after 308s
2026-02-21T02:40:03.532Z [svc-queue-2] cache hit rate 92%
2026-02-21T02:40:03.534Z [svc-sched-2] warning: slow query took 1489ms
2026-02-21T02:40:03.537Z [svc-cache-1] connected to upstream in 30ms
2026-02-21T02:40:03.538Z [pytest-xdist] gw3 test_sched.py::test_render_index PASSED in 182ms trace=19a1dec4-c812-c7aa-dcc9-2adc724f6413
2026-02-21T02:40:03.539Z [svc-notify-1] health check ok
2026-02-21T02:40:03.540Z [svc-db-4] closed idle connection after 113s
2026-02-21T02:40:03.542Z [svc-search-2] processed batch of 140 items
2026-02-21T02:40:03.542Z [svc-gateway-2] cache hit rate 85%
2026-02-21T02:40:03.543Z [svc-db-0] processed batch of 385 items
2026-02-21T02:40:03.543Z [svc-db-0] health check ok
2026-02-21T02:40:03.544Z [svc-billing-0] cache hit rate 95%
2026-02-21T02:40:03.544Z [svc-search-0] cache hit rate 85%
2026-02-21T02:40:03.545Z [svc-queue-0] warning: slow query took 664ms
2026-02-21T02:40:03.547Z [svc-billing-0] retrying connection to redis (attempt 3/3)
2026-02-21T02:40:03.549Z [pytest-xdist] gw5 test_orders.py::test_cache_refund PASSED in 121ms trace=b2af5a61-1a8a-8bac-08b3-a21acf44ad7b
2026-02-21T02:40:03.549Z [svc-billing-2] closed idle connection after 188s
2026-02-21T02:40:03.551Z [svc-notify-1] cache hit rate 95%
2026-02-21T02:40:03.551Z [svc-sched-0] gc pause 73ms, heap 376MB
2026-02-21T02:40:03.553Z [svc-sched-4] closed idle connection after 145s
2026-02-21T02:40:03.555Z [svc-auth-3] processed batch of 453 items
2026-02-21T02:40:03.556Z [svc-auth-1] connected to upstream in 11ms
2026-02-21T02:40:03.556Z [svc-media-0] gc pause 97ms, heap 701MB
2026-02-21T02:40:03.557Z [svc-cache-4] closed idle connection after 289s
2026-02-21T02:40:03.557Z [svc-search-4] connected to upstream in 66ms
2026-02-21T02:40:03.558Z [svc-auth-2] cache hit rate 92%
2026-02-21T02:40:03.560Z [svc-queue-4] cache hit rate 95%
2026-02-21T02:40:03.561Z [svc-gateway-3] health check ok
2026-02-21T02:40:03.563Z [svc-cache-1] warning: slow query took 470ms
2026-02-21T02:40:03.564Z [pytest-xdist] gw0 test_billing.py::test_delete_attachment PASSED in 193ms trace=b6eb2710-91a8-0422-1c8d-0287cb442686
2026-02-21T02:40:03.565Z [svc-db-0] warning: slow query took 1896ms
2026-02-21T02:40:03.565Z [svc-notify-2] processed batch of 320 items
2026-02-21T02:40:03.567Z [pytest-xdist] gw4 test_reports.py::test_list_query PASSED in 118ms trace=84f029e6-bec6-3a21-1579-27156c2d65a6
2026-02-21T02:40:03.567Z [svc-cache-0] gc pause 52ms, heap 691MB
2026-02-21T02:40:03.571Z [svc-cache-0] cache hit rate 90%
2026-02-21T02:40:03.572Z [svc-gateway-0] connected to upstream in 82ms
2026-02-21T02:40:03.574Z [svc-notify-0] warning: slow query took 1682ms
2026-02-21T02:40:03.576Z [svc-auth-4] cache hit rate 90%
2026-02-21T02:40:03.578Z [pytest-xdist] gw5 test_notify.py::test_retry_subscription PASSED in 180ms trace=a0a4cf41-8348-1dc2-f2f6-7bae2a984148
2026-02-21T02:40:03.578Z [svc-search-3] gc pause 26ms, heap 371MB
2026-02-21T02:40:03.578Z [svc-sched-4] closed idle connection after 120s
2026-02-21T02:40:03.580Z [svc-billing-4] warning: slow query took 1348ms
2026-02-21T02:40:03.580Z [svc-media-0] processed batch of 69 items
2026-02-21T02:40:03.581Z [svc-billing-3] warning: slow query took 2182ms
2026-02-21T02:40:03.582Z [svc-auth-3] closed idle connection after 111s
2026-02-21T02:40:03.582Z [svc-sched-0] closed idle connection after 187s
2026-02-21T02:40:03.583Z [pytest-xdist] gw2 test_import.py::test_retry_token PASSED in 66ms trace=f2dc3c31-ebc2-f6e4-2735-ef21c5fc6d83
2026-02-21T02:40:03.583Z [svc-auth-2] processed batch of 492 items
2026-02-21T02:40:03.585Z [svc-auth-0] warning: slow query took 223ms
2026-02-21T02:40:03.585Z [svc-auth-1] cache hit rate 88%
2026-02-21T02:40:03.585Z [svc-media-0] connected to upstream in 40ms
2026-02-21T02:40:03.585Z [svc-sched-3] processed batch of 51 items
2026-02-21T02:40:03.586Z [svc-db-3] connected to upstream in 12ms
2026-02-21T02:40:03.587Z [svc-sched-1] cache hit rate 92%
2026-02-21T02:40:03.588Z [svc-notify-4] retrying connection to elasticsearch (attempt 2/3)
2026-02-21T02:40:03.588Z [svc-queue-0] retrying connection to vault (attempt 1/3)
2026-02-21T02:40:03.590Z [pytest-xdist] gw0 test_auth.py::test_cache_subscription PASSED in 55ms trace=e9dea07d-80f3-6345-c02e-53907c474137
2026-02-21T02:40:03.591Z [svc-queue-0] health check ok
2026-02-21T02:40:03.593Z [svc-queue-2] warning: slow query took 1867ms
2026-02-21T02:40:03.594Z [svc-media-1] processed batch of 113 items
2026-02-21T02:40:03.594Z [svc-sched-1] connected to upstream in 26ms
2026-02-21T02:40:03.595Z [svc-queue-0] closed idle connection after 178s
2026-02-21T02:40:03.596Z [pytest-xdist] gw2 test_export.py::test_paginate_token PASSED in 142ms trace=d47c1b52-7633-2638-0236-ba792961d2f8
2026-02-21T02:40:03.596Z [svc-sched-1] health check ok
2026-02-21T02:40:03.597Z [svc-sched-1] retrying connection to postgres (attempt 1/3)
2026-02-21T02:40:03.599Z [svc-db-2] processed batch of 86 items
2026-02-21T02:40:03.599Z [svc-media-2] cache hit rate 95%
2026-02-21T02:40:03.599Z [svc-media-3] connected to upstream in 77ms
2026-02-21T02:40:03.600Z [svc-gateway-0] closed idle connection after 94s
2026-02-21T02:40:03.601Z [svc-search-0] cache hit rate 85%
2026-02-21T02:40:03.601Z [svc-notify-3] connected to upstream in 50ms
2026-02-21T02:40:03.603Z [svc-auth-4] warning: slow query took 263ms
2026-02-21T02:40:03.603Z [svc-db-4] closed idle connection after 288s
2026-02-21T02:40:03.603Z [svc-notify-0] processed batch of 280 items
2026-02-21T02:40:03.607Z [svc-cache-4] connected to upstream in 17ms
2026-02-21T02:40:03.607Z [svc-sched-4] connected to upstream in 55ms
2026-02-21T02:40:03.612Z [svc-billing-1] gc pause 84ms, heap 263MB
2026-02-21T02:40:03.613Z [svc-db-2] processed batch of 457 items
2026-02-21T02:40:03.614Z [svc-search-0] connected to upstream in 80ms
2026-02-21T02:40:03.615Z [svc-notify-2] gc pause 50ms, heap 535MB
2026-02-21T02:40:03.616Z [svc-db-4] health check ok
2026-02-21T02:40:03.617Z [pytest-xdist] gw2 test_queue.py::test_expire_coupon PASSED in 217ms trace=5bc8ae83-1e42-a2c5-c354-bbca4f9858f4
2026-02-21T02:40:03.620Z [svc-search-3] closed idle connection after 323s
2026-02-21T02:40:03.621Z [svc-billing-0] connected to upstream in 42ms
2026-02-21T02:40:03.621Z [svc-billing-3] connected to upstream in 81ms
2026-02-21T02:40:03.621Z [svc-queue-2] warning: slow query took 1379ms
2026-02-21T02:40:03.622Z [svc-sched-0] retrying connection to vault (attempt 1/3)
2026-02-21T02:40:03.624Z [svc-auth-3] health check ok
2026-02-21T02:40:03.625Z [svc-gateway-3] gc pause 93ms, heap 349MB
2026-02-21T02:40:03.626Z [svc-auth-1] retrying connection to vault (attempt 2/3)
2026-02-21T02:40:03.626Z [svc-auth-3] closed idle connection after 326s
2026-02-21T02:40:03.629Z [svc-search-0] health check ok
2026-02-21T02:40:03.630Z [svc-notify-2] cache hit rate 85%
2026-02-21T02:40:03.631Z [svc-sched-0] warning: slow query took 362ms
2026-02-21T02:40:03.633Z [svc-queue-2] warning: slow query took 956ms
2026-02-21T02:40:03.634Z [pytest-xdist] gw5 test_import.py::test_authorize_query PASSED in 193ms trace=3decf984-7fe1-263e-2cd6-9b300f6ed326
2026-02-21T02:40:03.637Z [svc-search-3] retrying connection to s3 (attempt 1/3)
2026-02-21T02:40:03.637Z [svc-notify-2] closed idle connection after 300s
2026-02-21T02:40:03.639Z [svc-notify-1] cache hit rate 85%
2026-02-21T02:40:03.643Z [pytest-xdist] gw4 test_sched.py::test_authorize_refund PASSED in 147ms trace=109ddf22-6034-8f58-87d8-89681bf9d1b3
2026-02-21T02:40:03.644Z [svc-auth-4] warning: slow query took 394ms
2026-02-21T02:40:03.645Z [svc-notify-4] closed idle connection after 326s
2026-02-21T02:40:03.649Z [svc-queue-3] cache hit rate 90%
2026-02-21T02:40:03.649Z [svc-queue-3] health check ok
2026-02-21T02:40:03.649Z [svc-sched-3] health check ok
2026-02-21T02:40:03.650Z [svc-auth-1] processed batch of 297 items
2026-02-21T02:40:03.650Z [svc-billing-0] gc pause 88ms, heap 731MB
2026-02-21T02:40:03.651Z [svc-cache-2] gc pause 107ms, heap 699MB
2026-02-21T02:40:03.653Z [svc-db-0] health check ok
2026-02-21T02:40:03.655Z [svc-notify-2] gc pause 124ms, heap 249MB
2026-02-21T02:40:03.658Z [svc-gateway-3] warning: slow query took 1953ms
2026-02-21T02:40:03.660Z [svc-search-1] gc pause 110ms, heap 799MB
2026-02-21T02:40:03.661Z [svc-cache-1] connected to upstream in 18ms
2026-02-21T02:40:03.661Z [svc-queue-3] connected to upstream in 38ms
2026-02-21T02:40:03.662Z [svc-cache-0] cache hit rate 88%
2026-02-21T02:40:03.663Z [pytest-xdist] gw4 test_gateway.py::test_render_attachment PASSED in 200ms trace=2949351d-9864-9702-8d54-ff862f69d968
2026-02-21T02:40:03.663Z [svc-auth-1] gc pause 33ms, heap 520MB
2026-02-21T02:40:03.663Z [svc-cache-1] processed batch of 373 items
2026-02-21T02:40:03.664Z [svc-sched-4] health check ok
2026-02-21T02:40:03.665Z [svc-sched-4] gc pause 89ms, heap 416MB
2026-02-21T02:40:03.666Z [svc-gateway-4] cache hit rate 90%
2026-02-21T02:40:03.668Z [svc-media-0] cache hit rate 85%
2026-02-21T02:40:03.669Z [svc-auth-4] retrying connection to kafka (attempt 1/3)
2026-02-21T02:40:03.679Z [svc-queue-1] gc pause 117ms, heap 293MB
2026-02-21T02:40:03.680Z [svc-billing-3] gc pause 16ms, heap 308MB
2026-02-21T02:40:03.681Z [pytest-xdist] gw4 test_payments.py::test_retry_token PASSED in 81ms trace=f677f2f6-61bc-45d0-0be7-d6b0d7296805
2026-02-21T02:40:03.681Z [svc-media-2] closed idle connection after 59s
2026-02-21T02:40:03.683Z [svc-search-0] connected to upstream in 6ms
2026-02-21T02:40:03.685Z [svc-db-2] connected to upstream in 41ms
2026-02-21T02:40:03.685Z [svc-search-0] closed idle connection after 327s
2026-02-21T02:40:03.686Z [svc-notify-3] health check ok
2026-02-21T02:40:03.688Z [svc-queue-4] retrying connection to s3 (attempt 2/3)
2026-02-21T02:40:03.691Z [svc-cache-3] connected to upstream in 62ms
2026-02-21T02:40:03.691Z [svc-media-3] retrying connection to kafka (attempt 3/3)
2026-02-21T02:40:03.692Z [svc-notify-3] gc pause 80ms, heap 985MB
2026-02-21T02:40:03.694Z [svc-gateway-0] gc pause 24ms, heap 818MB
2026-02-21T02:40:03.694Z [svc-queue-0] closed idle connection after 322s
2026-02-21T02:40:03.695Z [svc-cache-3] closed idle connection after 327s
2026-02-21T02:40:03.695Z [svc-queue-2] health check ok
2026-02-21T02:40:03.696Z [pytest-xdist] gw4 test_media.py::test_cache_region PASSED in 66ms trace=b867dada-4662-2eb4-5a43-9e36c0d4be00
2026-02-21T02:40:03.698Z [svc-cache-1] health check ok
2026-02-21T02:40:03.698Z [svc-notify-1] cache hit rate 95%
2026-02-21T02:40:03.698Z [svc-queue-4] health check ok
2026-02-21T02:40:03.700Z [svc-db-1] retrying connection to s3 (attempt 1/3)
2026-02-21T02:40:03.700Z [svc-queue-1] health check ok
2026-02-21T02:40:03.702Z [pytest-xdist] gw1 test_notify.py::test_update_webhook PASSED in 179ms trace=eb0dc93e-e66c-7b69-5a1b-9d284b526476
2026-02-21T02:40:03.702Z [svc-auth-1] closed idle connection after 95s
2026-02-21T02:40:03.704Z [svc-media-0] closed idle connection after 89s
2026-02-21T02:40:03.704Z [svc-media-2] health check ok
2026-02-21T02:40:03.707Z [pytest-xdist] gw1 test_sched.py::test_expire_user PASSED in 240ms trace=49bc122b-2d68-26ab-bed7-8343c736228f
2026-02-21T02:40:03.708Z [svc-gateway-4] processed batch of 280 items
2026-02-21T02:40:03.709Z [svc-gateway-1] cache hit rate 95%
2026-02-21T02:40:03.709Z [svc-billing-2] {"level":"error","msg":"refund settlement webhook timed out","refund_id":"93417ad7-7824-7aaf-22ab-ea25499e5203","attempts":3}
2026-02-21T02:40:03.711Z [svc-gateway-1] processed batch of 328 items
2026-02-21T02:40:03.713Z [svc-search-4] warning: slow query took 518ms
2026-02-21T02:40:03.716Z [svc-notify-0] closed idle connection after 167s
2026-02-21T02:40:03.718Z [svc-billing-1] connected to upstream in 13ms
2026-02-21T02:40:03.719Z [pytest-xdist] gw1 test_notify.py::test_create_coupon PASSED in 63ms trace=2ada4083-0fb4-d1f0-1abc-c4270f096661
2026-02-21T02:40:03.719Z [svc-billing-1] gc pause 122ms, heap 214MB
2026-02-21T02:40:03.720Z [svc-queue-2] gc pause 52ms, heap 988MB
2026-02-21T02:40:03.721Z [svc-auth-3] warning: slow query took 1036ms
2026-02-21T02:40:03.723Z [svc-queue-2] processed batch of 359 items
2026-02-21T02:40:03.724Z [svc-auth-4] connected to upstream in 63ms
2026-02-21T02:40:03.726Z [svc-cache-3] retrying connection to kafka (attempt 1/3)
2026-02-21T02:40:03.726Z [svc-billing-3] connected to upstream in 61ms
2026-02-21T02:40:03.727Z [svc-billing-2] processed batch of 265 items
2026-02-21T02:40:03.727Z [svc-notify-4] health check ok
2026-02-21T02:40:03.728Z [svc-auth-1] closed idle connection after 323s
2026-02-21T02:40:03.729Z [svc-notify-4] cache hit rate 95%
2026-02-21T02:40:03.729Z [svc-sched-2] processed batch of 119 items
2026-02-21T02:40:03.729Z [svc-sched-3] processed batch of 412 items
2026-02-21T02:40:03.730Z [svc-auth-2] connected to upstream in 52ms
2026-02-21T02:40:03.730Z [svc-sched-2] closed idle connection after 268s
2026-02-21T02:40:03.734Z [pytest-xdist] gw2 test_notify.py::test_notify_region PASSED in 149ms trace=9346a95a-0948-11fd-3025-dbbe0f8a190b
2026-02-21T02:40:03.735Z [svc-search-2] processed batch of 496 items
2026-02-21T02:40:03.736Z [svc-billing-3] warning: slow query took 757ms
2026-02-21T02:40:03.736Z [svc-notify-0] health check ok
2026-02-21T02:40:03.738Z [svc-db-2] cache hit rate 92%
2026-02-21T02:40:03.739Z [svc-notify-0] cache hit rate 88%
2026-02-21T02:40:03.740Z [svc-media-3] warning: slow query took 1808ms
2026-02-21T02:40:03.740Z [svc-sched-3] processed batch of 309 items
2026-02-21T02:40:03.742Z [svc-search-1] connected to upstream in 51ms
2026-02-21T02:40:03.749Z [svc-sched-2] processed batch of 93 items
2026-02-21T02:40:03.749Z [svc-sched-3] closed idle connection after 302s
2026-02-21T02:40:03.751Z [svc-notify-3] cache hit rate 95%
2026-02-21T02:40:03.753Z [svc-sched-0] gc pause 24ms, heap 846MB
2026-02-21T02:40:03.753Z [svc-sched-3] processed batch of 247 items
2026-02-21T02:40:03.755Z [svc-cache-3] health check ok
2026-02-21T02:40:03.755Z [svc-cache-4] processed batch of 101 items
2026-02-21T02:40:03.755Z [svc-billing-0] cache hit rate 85%
2026-02-21T02:40:03.756Z [pytest-xdist] gw0 test_media.py::test_list_index PASSED in 23ms trace=d16feaf5-081f-d173-5d7c-3d0ce1c579a3
2026-02-21T02:40:03.756Z [svc-notify-3] closed idle connection after 279s
2026-02-21T02:40:03.759Z [svc-auth-3] connected to upstream in 72ms
2026-02-21T02:40:03.759Z [svc-media-2] gc pause 58ms, heap 486MB
2026-02-21T02:40:03.761Z [svc-db-1] cache hit rate 88%
2026-02-21T02:40:03.761Z [svc-queue-4] gc pause 73ms, heap 594MB
2026-02-21T02:40:03.761Z [svc-sched-0] gc pause 37ms, heap 190MB
2026-02-21T02:40:03.762Z [svc-media-2] closed idle connection after 168s
2026-02-21T02:40:03.762Z [svc-sched-1] closed idle connection after 230s
2026-02-21T02:40:03.764Z [svc-gateway-3] gc pause 60ms, heap 526MB
2026-02-21T02:40:03.765Z [svc-gateway-1] cache hit rate 92%
2026-02-21T02:40:03.765Z [svc-media-0] processed batch of 454 items
2026-02-21T02:40:03.766Z [svc-gateway-4] closed idle connection after 103s
2026-02-21T02:40:03.766Z [svc-media-4] health check ok
2026-02-21T02:40:03.767Z [svc-queue-1] health check ok
2026-02-21T02:40:03.768Z [svc-gateway-3] gc pause 69ms, heap 736MB
2026-02-21T02:40:03.768Z [svc-sched-2] gc pause 21ms, heap 204MB
2026-02-21T02:40:03.770Z [pytest-xdist] gw2 test_gateway.py::test_sync_user PASSED in 161ms trace=58109742-391f-ce37-fab4-85c2e6951785
2026-02-21T02:40:03.772Z [svc-db-4] cache hit rate 90%
2026-02-21T02:40:03.772Z [svc-billing-2] cache hit rate 88%
2026-02-21T02:40:03.772Z [svc-search-0] connected to upstream in 62ms
2026-02-21T02:40:03.777Z [svc-search-1] connected to upstream in 58ms
2026-02-21T02:40:03.778Z [svc-cache-3] warning: slow query took 2131ms
2026-02-21T02:40:03.780Z [svc-queue-1] cache hit rate 90%
2026-02-21T02:40:03.780Z [svc-queue-4] health check ok
2026-02-21T02:40:03.782Z [svc-auth-0] retrying connection to elasticsearch (attempt 1/3)
2026-02-21T02:40:03.783Z [svc-billing-4] connected to upstream in 70ms
2026-02-21T02:40:03.784Z [pytest-xdist] gw4 test_auth.py::test_paginate_index PASSED in 88ms trace=08d67e1d-19a3-7c18-3e59-abaa11a8b984
2026-02-21T02:40:03.786Z [svc-search-2] gc pause 84ms, heap 184MB
2026-02-21T02:40:03.786Z [svc-sched-1] warning: slow query took 1555ms
2026-02-21T02:40:03.789Z [svc-search-3] closed idle connection after 271s
2026-02-21T02:40:03.791Z [svc-db-1] connected to upstream in 74ms
2026-02-21T02:40:03.792Z [svc-db-1] processed batch of 28 items
2026-02-21T02:40:03.795Z [svc-notify-0] retrying connection to postgres (attempt 2/3)
2026-02-21T02:40:03.796Z [svc-cache-3] closed idle connection after 250s
2026-02-21T02:40:03.797Z [svc-cache-1] processed batch of 323 items
2026-02-21T02:40:03.797Z [svc-media-2] retrying connection to redis (attempt 1/3)
2026-02-21T02:40:03.801Z [svc-auth-3] gc pause 24ms, heap 203MB
2026-02-21T02:40:03.802Z [svc-auth-2] closed idle connection after 292s
2026-02-21T02:40:03.803Z [svc-db-3] closed idle connection after 78s
2026-02-21T02:40:03.803Z [svc-search-4] warning: slow query took 1501ms
2026-02-21T02:40:03.804Z [svc-search-3] gc pause 90ms, heap 572MB
2026-02-21T02:40:03.804Z [svc-sched-3] processed batch of 299 items
2026-02-21T02:40:03.805Z [pytest-xdist] gw0 test_webhooks.py::test_parse_refund PASSED in 52ms trace=ba799b91-86ed-5415-ea2d-2cfdbf11edcd
2026-02-21T02:40:03.805Z [svc-auth-1] closed idle connection after 83s
2026-02-21T02:40:03.807Z [svc-billing-2] connected to upstream in 31ms
2026-02-21T02:40:03.808Z [svc-auth-1] cache hit rate 88%
2026-02-21T02:40:03.808Z [svc-search-0] health check ok
2026-02-21T02:40:03.808Z [svc-gateway-1] cache hit rate 90%
2026-02-21T02:40:03.811Z [svc-search-3] cache hit rate 90%
2026-02-21T02:40:03.812Z [svc-gateway-2] retrying connection to s3 (attempt 2/3)
2026-02-21T02:40:03.816Z [svc-sched-0] retrying connection to vault (attempt 3/3)
2026-02-21T02:40:03.817Z [svc-billing-0] retrying connection to redis (attempt 3/3)
2026-02-21T02:40:03.818Z [svc-cache-4] cache hit rate 88%
2026-02-21T02:40:03.819Z [svc-queue-0] warning: slow query took 815ms
2026-02-21T02:40:03.820Z [pytest-xdist] gw5 test_reports.py::test_update_query PASSED in 18ms trace=02b13b87-beb0-1441-cc91-06f00424cf39
2026-02-21T02:40:03.821Z [svc-billing-0] closed idle connection after 232s
2026-02-21T02:40:03.822Z [svc-db-1] connected to upstream in 29ms
2026-02-21T02:40:03.822Z [svc-billing-3] health check ok
2026-02-21T02:40:03.822Z [svc-gateway-1] processed batch of 302 items
2026-02-21T02:40:03.823Z [svc-auth-1] cache hit rate 88%
2026-02-21T02:40:03.826Z [svc-auth-4] warning: slow query took 1462ms
2026-02-21T02:40:03.829Z [pytest-xdist] gw4 test_queue.py::test_delete_token PASSED in 143ms trace=7f54981d-3b26-e640-7a9f-d702c2217bc3
2026-02-21T02:40:03.829Z [svc-gateway-1] connected to upstream in 19ms
2026-02-21T02:40:03.830Z [svc-auth-3] cache hit rate 95%
2026-02-21T02:40:03.831Z [svc-auth-1] warning: slow query took 2175ms
2026-02-21T02:40:03.834Z [pytest-xdist] gw5 test_payments.py::test_retry_webhook PASSED in 152ms trace=996a5c60-32f0-e2a2-76ca-fcbb99b5ec63
2026-02-21T02:40:03.834Z [svc-sched-3] warning: slow query took 482ms
2026-02-21T02:40:03.836Z [svc-notify-1] cache hit rate 85%
2026-02-21T02:40:03.836Z [svc-notify-2] processed batch of 500 items
2026-02-21T02:40:03.837Z [svc-sched-1] processed batch of 380 items
2026-02-21T02:40:03.841Z [pytest-xdist] gw4 test_export.py::test_paginate_user PASSED in 62ms trace=682cc6be-5c17-7269-6cf8-8b623bf01896
2026-02-21T02:40:03.841Z [svc-sched-1] processed batch of 463 items
2026-02-21T02:40:03.843Z [svc-billing-3] processed batch of 154 items
2026-02-21T02:40:03.850Z [pytest-xdist] gw0 test_webhooks.py::test_create_subscription PASSED in 49ms trace=40fc0151-34a7-1bc3-864f-b3aa27a2703d
2026-02-21T02:40:03.850Z [svc-auth-1] cache hit rate 88%
2026-02-21T02:40:03.852Z [svc-billing-0] processed batch of 110 items
2026-02-21T02:40:03.854Z [svc-billing-0] connected to upstream in 61ms
2026-02-21T02:40:03.854Z [svc-billing-4] health check ok
2026-02-21T02:40:03.855Z [svc-search-2] closed idle connection after 301s
2026-02-21T02:40:03.855Z [svc-media-0] connected to upstream in 80ms
2026-02-21T02:40:03.857Z [svc-gateway-0] warning: slow query took 404ms
2026-02-21T02:40:03.859Z [svc-cache-2] warning: slow query took 1543ms
2026-02-21T02:40:03.859Z [svc-gateway-3] warning: slow query took 1216ms
2026-02-21T02:40:03.859Z [svc-sched-1] gc pause 106ms, heap 513MB
2026-02-21T02:40:03.861Z [svc-cache-3] health check ok
2026-02-21T02:40:03.863Z [svc-db-0] closed idle connection after 187s
2026-02-21T02:40:03.864Z [svc-sched-4] health check ok
2026-02-21T02:40:03.865Z [svc-auth-4] cache hit rate 85%
2026-02-21T02:40:03.866Z [svc-media-4] health check ok
2026-02-21T02:40:03.868Z [svc-billing-0] processed batch of 288 items
2026-02-21T02:40:03.868Z [svc-notify-4] retrying connection to elasticsearch (attempt 3/3)
2026-02-21T02:40:03.869Z [pytest-xdist] gw2 test_webhooks.py::test_reconcile_session PASSED in 33ms trace=7d9e5334-f170-a075-7200-8915b20c1ba7
2026-02-21T02:40:03.869Z [svc-media-2] processed batch of 353 items
2026-02-21T02:40:03.870Z [svc-db-2] processed batch of 223 items
2026-02-21T02:40:03.870Z [svc-db-3] warning: slow query took 473ms
2026-02-21T02:40:03.873Z [svc-auth-1] health check ok
2026-02-21T02:40:03.874Z [svc-billing-1] cache hit rate 95%
2026-02-21T02:40:03.874Z [svc-notify-3] warning: slow query took 373ms
2026-02-21T02:40:03.875Z [svc-billing-0] health check ok
2026-02-21T02:40:03.875Z [svc-media-0] cache hit rate 90%
2026-02-21T02:40:03.876Z [svc-auth-2] connected to upstream in 42ms
2026-02-21T02:40:03.876Z [svc-cache-0] closed idle connection after 185s
2026-02-21T02:40:03.876Z [svc-gateway-0] health check ok
2026-02-21T02:40:03.878Z [svc-cache-2] processed batch of 366 items
2026-02-21T02:40:03.880Z [svc-gateway-2] connected to upstream in 51ms
2026-02-21T02:40:03.880Z [svc-queue-2] cache hit rate 90%
2026-02-21T02:40:03.881Z [pytest-xdist] gw3 test_media.py::test_authorize_subscription PASSED in 84ms trace=83ec62f4-212e-7b80-9561-ff54cdc40369
2026-02-21T02:40:03.881Z [svc-billing-3] retrying connection to elasticsearch (attempt 2/3)
2026-02-21T02:40:03.882Z [svc-db-3] connected to upstream in 21ms
2026-02-21T02:40:03.882Z [svc-media-0] gc pause 95ms, heap 286MB
2026-02-21T02:40:03.883Z [svc-search-2] warning: slow query took 1086ms
2026-02-21T02:40:03.883Z [svc-gateway-1] health check ok
2026-02-21T02:40:03.885Z [svc-notify-1] processed batch of 170 items
2026-02-21T02:40:03.885Z [svc-gateway-3] closed idle connection after 159s
2026-02-21T02:40:03.886Z [svc-auth-3] gc pause 113ms, heap 746MB
2026-02-21T02:40:03.887Z [svc-auth-3] warning: slow query took 1071ms
2026-02-21T02:40:03.887Z [svc-auth-4] health check ok
2026-02-21T02:40:03.888Z [svc-billing-3] warning: slow query took 1483ms
2026-02-21T02:40:03.888Z [svc-notify-3] health check ok
2026-02-21T02:40:03.890Z [svc-notify-1] closed idle connection after 144s
2026-02-21T02:40:03.891Z [svc-sched-4] retrying connection to s3 (attempt 1/3)
2026-02-21T02:40:03.892Z [svc-db-4] warning: slow query took 1388ms
2026-02-21T02:40:03.893Z [svc-media-3] gc pause 69ms, heap 785MB
2026-02-21T02:40:03.894Z [svc-search-0] connected to upstream in 47ms
2026-02-21T02:40:03.895Z [svc-billing-1] closed idle connection after 276s
2026-02-21T02:40:03.895Z [svc-gateway-1] retrying connection to kafka (attempt 3/3)
2026-02-21T02:40:03.896Z [svc-auth-1] warning: slow query took 1986ms
2026-02-21T02:40:03.896Z [svc-db-3] processed batch of 217 items
2026-02-21T02:40:03.896Z [svc-queue-4] warning: slow query took 741ms
2026-02-21T02:40:03.898Z [pytest-xdist] gw3 test_sched.py::test_create_token PASSED in 184ms trace=5ec991fa-f059-f4e6-76be-733167b91bc7
2026-02-21T02:40:03.898Z [svc-search-2] warning: slow query took 2089ms
2026-02-21T02:40:03.900Z [svc-queue-2] connected to upstream in 80ms
2026-02-21T02:40:03.903Z [svc-notify-3] closed idle connection after 306s
2026-02-21T02:40:03.905Z [svc-db-1] processed batch of 222 items
2026-02-21T02:40:03.905Z [svc-gateway-1] retrying connection to kafka (attempt 2/3)
2026-02-21T02:40:03.905Z [svc-queue-4] health check ok
2026-02-21T02:40:03.906Z [svc-notify-4] warning: slow query took 1099ms
2026-02-21T02:40:03.908Z [svc-gateway-0] retrying connection to redis (attempt 3/3)
2026-02-21T02:40:03.911Z [svc-media-4] cache hit rate 90%
2026-02-21T02:40:03.913Z [svc-media-1] retrying connection to postgres (attempt 3/3)
2026-02-21T02:40:03.916Z [svc-sched-4] retrying connection to s3 (attempt 1/3)
2026-02-21T02:40:03.917Z [pytest-xdist] gw5 test_webhooks.py::test_render_query PASSED in 1ms trace=ffac4d41-6ff2-9fc2-efb1-f8a1dde6d9a0
2026-02-21T02:40:03.920Z [svc-cache-2] connected to upstream in 18ms
2026-02-21T02:40:03.923Z [svc-media-0] warning: slow query took 1325ms
2026-02-21T02:40:03.926Z [svc-search-2] closed idle connection after 223s
2026-02-21T02:40:03.926Z [svc-media-4] cache hit rate 90%
2026-02-21T02:40:03.930Z [pytest-xdist] gw2 test_payments.py::test_notify_refund PASSED in 207ms trace=041d269f-8b20-78f7-270f-07622e8ac431
2026-02-21T02:40:03.932Z [svc-notify-3] connected to upstream in 27ms
2026-02-21T02:40:03.934Z [svc-cache-0] gc pause 106ms, heap 121MB
2026-02-21T02:40:03.934Z [svc-media-1] retrying connection to postgres (attempt 1/3)
2026-02-21T02:40:03.935Z [svc-cache-4] processed batch of 89 items
2026-02-21T02:40:03.936Z [svc-search-2] gc pause 34ms, heap 464MB
2026-02-21T02:40:03.936Z [svc-sched-2] health check ok
2026-02-21T02:40:03.938Z [svc-search-0] closed idle connection after 205s
2026-02-21T02:40:03.939Z [svc-search-0] retrying connection to postgres (attempt 2/3)
2026-02-21T02:40:03.939Z [svc-queue-0] connected to upstream in 41ms
2026-02-21T02:40:03.940Z [svc-sched-4] warning: slow query took 1656ms
2026-02-21T02:40:03.941Z [pytest-xdist] gw5 test_media.py::test_authorize_shipment PASSED in 145ms trace=d4ce11c3-d2c9-9693-72d3-87c1f57ef8c9
2026-02-21T02:40:03.943Z [svc-gateway-4] warning: slow query took 1550ms
2026-02-21T02:40:03.944Z [svc-cache-3] warning: slow query took 305ms
2026-02-21T02:40:03.945Z [svc-sched-1] connected to upstream in 19ms
2026-02-21T02:40:03.952Z [svc-auth-0] health check ok
2026-02-21T02:40:03.953Z [svc-notify-2] retrying connection to kafka (attempt 1/3)
2026-02-21T02:40:03.954Z [svc-notify-3] health check ok
2026-02-21T02:40:03.954Z [svc-notify-3] retrying connection to s3 (attempt 1/3)
2026-02-21T02:40:03.957Z [svc-search-1] gc pause 6ms, heap 163MB
2026-02-21T02:40:03.957Z [svc-media-3] closed idle connection after 40s
2026-02-21T02:40:03.958Z [svc-db-3] cache hit rate 95%
2026-02-21T02:40:03.958Z [svc-gateway-3] connected to upstream in 52ms
2026-02-21T02:40:03.961Z [pytest-xdist] gw1 test_export.py::test_update_query PASSED in 139ms trace=2827cbec-8d93-8ddb-2338-d561d9aeb520
2026-02-21T02:40:03.962Z [svc-media-1] gc pause 73ms, heap 800MB
2026-02-21T02:40:03.963Z [svc-auth-1] warning: slow query took 684ms
2026-02-21T02:40:03.963Z [svc-media-3] gc pause 27ms, heap 875MB
2026-02-21T02:40:03.964Z [svc-notify-0] closed idle connection after 79s
2026-02-21T02:40:03.964Z [svc-queue-2] retrying connection to redis (attempt 3/3)
2026-02-21T02:40:03.965Z [pytest-xdist] gw0 test_queue.py::test_notify_attachment PASSED in 189ms trace=6e6d9111-15b9-c01b-65f8-13b413270572
2026-02-21T02:40:03.965Z [svc-media-3] closed idle connection after 218s
2026-02-21T02:40:03.967Z [svc-media-3] warning: slow query took 1130ms
2026-02-21T02:40:03.969Z [svc-queue-3] gc pause 45ms, heap 991MB
2026-02-21T02:40:03.970Z [svc-auth-4] processed batch of 409 items
2026-02-21T02:40:03.970Z [svc-gateway-4] cache hit rate 85%
2026-02-21T02:40:03.971Z [svc-auth-3] retrying connection to redis (attempt 2/3)
2026-02-21T02:40:03.976Z [svc-media-3] health check ok
2026-02-21T02:40:03.978Z [svc-sched-4] warning: slow query took 647ms
2026-02-21T02:40:03.980Z [svc-billing-2] connected to upstream in 72ms
2026-02-21T02:40:03.980Z [svc-notify-1] gc pause 27ms, heap 149MB
2026-02-21T02:40:03.981Z [pytest-xdist] gw2 test_media.py::test_create_refund PASSED in 146ms trace=edc6f975-e08b-b002-bfbd-1ebdd327b34a
2026-02-21T02:40:03.981Z [svc-cache-0] health check ok
2026-02-21T02:40:03.981Z [svc-db-1] connected to upstream in 57ms
2026-02-21T02:40:03.982Z [svc-cache-1] processed batch of 334 items
2026-02-21T02:40:03.982Z [svc-billing-1] cache hit rate 95%
2026-02-21T02:40:03.982Z [svc-billing-4] connected to upstream in 70ms
2026-02-21T02:40:03.982Z [svc-search-2] connected to upstream in 12ms
2026-02-21T02:40:03.984Z [svc-cache-3] connected to upstream in 18ms
2026-02-21T02:40:03.984Z [svc-db-1] gc pause 65ms, heap 767MB
2026-02-21T02:40:03.985Z [svc-search-3] cache hit rate 90%
2026-02-21T02:40:03.991Z [svc-auth-0] warning: slow query took 1021ms
2026-02-21T02:40:03.991Z [svc-db-3] closed idle connection after 204s
2026-02-21T02:40:03.991Z [svc-media-2] gc pause 90ms, heap 215MB
2026-02-21T02:40:03.991Z [svc-sched-4] connected to upstream in 25ms
2026-02-21T02:40:03.994Z [svc-billing-3] gc pause 42ms, heap 907MB
2026-02-21T02:40:03.994Z [svc-queue-2] connected to upstream in 78ms
2026-02-21T02:40:03.995Z [svc-billing-3] processed batch of 216 items
2026-02-21T02:40:03.999Z [pytest-xdist] gw5 test_reports.py::test_delete_coupon PASSED in 127ms trace=68d03cc0-05b9-6ef1-b048-3115011aa7e9
2026-02-21T02:40:04.002Z [svc-search-4] warning: slow query took 1184ms
2026-02-21T02:40:04.004Z [svc-search-3] warning: slow query took 362ms
2026-02-21T02:40:04.005Z [svc-auth-1] connected to upstream in 40ms
2026-02-21T02:40:04.005Z [svc-gateway-1] processed batch of 32 items
2026-02-21T02:40:04.005Z [svc-queue-1] connected to upstream in 26ms
2026-02-21T02:40:04.007Z [svc-media-0] health check ok
2026-02-21T02:40:04.009Z [svc-notify-0] gc pause 104ms, heap 677MB
2026-02-21T02:40:04.011Z [svc-gateway-3] health check ok
2026-02-21T02:40:04.012Z [svc-gateway-3] retrying connection to elasticsearch (attempt 2/3)
2026-02-21T02:40:04.013Z [pytest-xdist] gw5 test_orders.py::test_render_coupon PASSED in 81ms trace=37f114cf-a005-7250-1cff-fc3f913a2108
2026-02-21T02:40:04.015Z [svc-sched-1] warning: slow query took 2018ms
2026-02-21T02:40:04.017Z [svc-auth-2] cache hit rate 88%
2026-02-21T02:40:04.017Z [svc-media-2] closed idle connection after 147s
2026-02-21T02:40:04.019Z [svc-notify-2] closed idle connection after 156s
2026-02-21T02:40:04.020Z [pytest-xdist] gw3 test_import.py::test_reconcile_subscription PASSED in 9ms trace=59104dee-3b5e-c25c-caa3-8a8097dff9a1
2026-02-21T02:40:04.020Z [svc-gateway-3] gc pause 35ms, heap 797MB
2026-02-21T02:40:04.021Z [svc-notify-2] connected to upstream in 25ms
2026-02-21T02:40:04.022Z [svc-cache-2] cache hit rate 88%
2026-02-21T02:40:04.025Z [svc-gateway-2] health check ok
2026-02-21T02:40:04.026Z [svc-gateway-0] closed idle connection after 183s
2026-02-21T02:40:04.029Z [pytest-xdist] gw3 test_orders.py::test_render_token PASSED in 102ms trace=ea9f3687-cf3c-bb99-90ef-6c61f01021d1
2026-02-21T02:40:04.029Z [svc-gateway-0] cache hit rate 95%
2026-02-21T02:40:04.030Z [svc-billing-3] retrying connection to elasticsearch (attempt 1/3)
2026-02-21T02:40:04.030Z [svc-notify-1] warning: slow query took 2044ms
2026-02-21T02:40:04.030Z [svc-notify-2] retrying connection to kafka (attempt 1/3)
2026-02-21T02:40:04.031Z [svc-notify-1] retrying connection to redis (attempt 2/3)
2026-02-21T02:40:04.031Z [svc-queue-3] gc pause 98ms, heap 222MB
2026-02-21T02:40:04.033Z [svc-gateway-3] processed batch of 343 items
2026-02-21T02:40:04.034Z [svc-gateway-0] cache hit rate 92%
2026-02-21T02:40:04.034Z [svc-gateway-2] retrying connection to s3 (attempt 2/3)
2026-02-21T02:40:04.034Z [svc-queue-3] connected to upstream in 26ms
2026-02-21T02:40:04.034Z [svc-sched-3] cache hit rate 90%
2026-02-21T02:40:04.038Z [svc-sched-3] closed idle connection after 57s
2026-02-21T02:40:04.039Z [svc-sched-0] retrying connection to vault (attempt 1/3)
2026-02-21T02:40:04.040Z [svc-search-4] health check ok
2026-02-21T02:40:04.040Z [svc-notify-3] connected to upstream in 55ms
2026-02-21T02:40:04.042Z [svc-notify-2] warning: slow query took 2165ms
2026-02-21T02:40:04.043Z [pytest-xdist] gw4 test_payments.py::test_reconcile_webhook PASSED in 55ms trace=522736ff-e885-88f4-5121-e8935c843dff
2026-02-21T02:40:04.044Z [svc-media-3] warning: slow query took 2106ms
2026-02-21T02:40:04.046Z [svc-cache-4] health check ok
2026-02-21T02:40:04.047Z [svc-queue-3] gc pause 58ms, heap 647MB
2026-02-21T02:40:04.048Z [svc-auth-4] processed batch of 213 items
2026-02-21T02:40:04.048Z [svc-gateway-4] connected to upstream in 72ms
2026-02-21T02:40:04.052Z [svc-search-2] processed batch of 87 items
2026-02-21T02:40:04.052Z [svc-gateway-4] gc pause 29ms, heap 463MB
2026-02-21T02:40:04.054Z [svc-search-2] gc pause 109ms, heap 322MB
2026-02-21T02:40:04.055Z [svc-gateway-4] processed batch of 236 items
2026-02-21T02:40:04.055Z [svc-sched-3] health check ok
2026-02-21T02:40:04.056Z [svc-billing-3] processed batch of 480 items
2026-02-21T02:40:04.056Z [svc-sched-2] closed idle connection after 299s
2026-02-21T02:40:04.058Z [svc-search-3] cache hit rate 95%
2026-02-21T02:40:04.058Z [svc-sched-3] connected to upstream in 62ms
2026-02-21T02:40:04.060Z [svc-db-0] cache hit rate 85%
2026-02-21T02:40:04.060Z [svc-db-1] closed idle connection after 187s
2026-02-21T02:40:04.061Z [svc-search-0] warning: slow query took 1349ms
2026-02-21T02:40:04.062Z [svc-cache-1] closed idle connection after 94s
2026-02-21T02:40:04.063Z [svc-search-2] cache hit rate 90%
2026-02-21T02:40:04.064Z [pytest-xdist] gw0 test_notify.py::test_parse_coupon PASSED in 94ms trace=b97a98e6-d126-825a-e1ec-73b73362b740
2026-02-21T02:40:04.065Z [svc-media-1] connected to upstream in 56ms
2026-02-21T02:40:04.065Z [svc-media-4] closed idle connection after 272s
2026-02-21T02:40:04.066Z [svc-billing-4] connected to upstream in 30ms
2026-02-21T02:40:04.068Z [svc-db-1] warning: slow query took 1113ms
2026-02-21T02:40:04.069Z [svc-search-0] processed batch of 13 items
2026-02-21T02:40:04.071Z [svc-notify-3] warning: slow query took 853ms
2026-02-21T02:40:04.075Z [svc-billing-2] gc pause 48ms, heap 250MB
2026-02-21T02:40:04.075Z [svc-search-4] cache hit rate 88%
2026-02-21T02:40:04.075Z [svc-queue-3] processed batch of 115 items
2026-02-21T02:40:04.076Z [pytest-xdist] gw3 test_reports.py::test_parse_token PASSED in 233ms trace=df1342ef-a51b-ef30-f9a0-2aff9cd8d299
2026-02-21T02:40:04.076Z [svc-auth-4] cache hit rate 95%
2026-02-21T02:40:04.076Z [svc-billing-0] gc pause 49ms, heap 353MB
2026-02-21T02:40:04.076Z [svc-media-2] processed batch of 181 items
2026-02-21T02:40:04.078Z [svc-search-1] processed batch of 112 items
2026-02-21T02:40:04.078Z [svc-gateway-0] gc pause 91ms, heap 187MB
2026-02-21T02:40:04.079Z [pytest-xdist] gw2 test_search.py::test_render_user PASSED in 145ms trace=c12a81ad-bfda-3cca-4f0e-2260f4d5751f
2026-02-21T02:40:04.082Z [svc-notify-4] closed idle connection after 126s
2026-02-21T02:40:04.083Z [svc-gateway-4] health check ok
2026-02-21T02:40:04.083Z [svc-sched-2] health check ok
2026-02-21T02:40:04.084Z [svc-sched-0] health check ok
2026-02-21T02:40:04.085Z [svc-cache-0] gc pause 40ms, heap 883MB
2026-02-21T02:40:04.086Z [pytest-xdist] gw0 test_users.py::test_delete_user PASSED in 187ms trace=d6188b4d-50a0-c411-a13a-826d895c671b
2026-02-21T02:40:04.090Z [svc-db-3] health check ok
2026-02-21T02:40:04.092Z [svc-sched-4] processed batch of 456 items
2026-02-21T02:40:04.093Z [svc-media-0] cache hit rate 88%
2026-02-21T02:40:04.094Z [svc-search-1] connected to upstream in 34ms
2026-02-21T02:40:04.094Z [svc-queue-1] connected to upstream in 30ms
2026-02-21T02:40:04.095Z [svc-media-1] closed idle connection after 145s
2026-02-21T02:40:04.096Z [svc-sched-0] cache hit rate 95%
2026-02-21T02:40:04.099Z [svc-cache-4] processed batch of 186 items
2026-02-21T02:40:04.099Z [svc-notify-3] retrying connection to s3 (attempt 2/3)
2026-02-21T02:40:04.100Z [svc-db-2] processed batch of 482 items
2026-02-21T02:40:04.100Z [svc-db-3] closed idle connection after 225s
2026-02-21T02:40:04.100Z [svc-search-4] health check ok
2026-02-21T02:40:04.101Z [svc-billing-2] retrying connection to s3 (attempt 2/3)
2026-02-21T02:40:04.106Z [pytest-xdist] gw1 test_reports.py::test_delete_query PASSED in 86ms trace=dec405b8-f5da-c5b9-5c37-2405044cc57b
2026-02-21T02:40:04.107Z [svc-cache-4] closed idle connection after 194s
2026-02-21T02:40:04.108Z [svc-media-0] connected to upstream in 60ms
2026-02-21T02:40:04.110Z [svc-gateway-1] health check ok
2026-02-21T02:40:04.114Z [svc-media-0] gc pause 45ms, heap 168MB
2026-02-21T02:40:04.114Z [svc-queue-2] retrying connection to redis (attempt 2/3)
2026-02-21T02:40:04.117Z [svc-sched-3] closed idle connection after 303s
2026-02-21T02:40:04.120Z [svc-media-0] connected to upstream in 65ms
2026-02-21T02:40:04.121Z [svc-cache-4] gc pause 82ms, heap 728MB
2026-02-21T02:40:04.121Z [svc-search-0] gc pause 11ms, heap 996MB
2026-02-21T02:40:04.121Z [svc-gateway-3] connected to upstream in 52ms
2026-02-21T02:40:04.122Z [pytest-xdist] gw1 test_auth.py::test_list_index PASSED in 52ms trace=dceff7bb-ea7e-4391-9bbe-b55142596f87
2026-02-21T02:40:04.123Z [svc-search-3] processed batch of 235 items
2026-02-21T02:40:04.124Z [svc-auth-1] health check ok
2026-02-21T02:40:04.126Z [svc-db-0] closed idle connection after 160s
2026-02-21T02:40:04.126Z [svc-db-3] health check ok
2026-02-21T02:40:04.129Z [svc-search-1] connected to upstream in 20ms
2026-02-21T02:40:04.130Z [svc-db-0] retrying connection to kafka (attempt 1/3)
2026-02-21T02:40:04.130Z [svc-notify-3] health check ok
2026-02-21T02:40:04.135Z [svc-cache-1] processed batch of 215 items
2026-02-21T02:40:04.136Z [svc-billing-1] closed idle connection after 218s
2026-02-21T02:40:04.138Z [pytest-xdist] gw1 test_billing.py::test_update_session PASSED in 178ms trace=6405b133-4e54-0869-1c2d-ccfad3dfa1b0
2026-02-21T02:40:04.138Z [svc-cache-1] retrying connection to postgres (attempt 3/3)
2026-02-21T02:40:04.138Z [svc-notify-1] warning: slow query took 1275ms
2026-02-21T02:40:04.138Z [svc-sched-2] retrying connection to redis (attempt 2/3)
2026-02-21T02:40:04.139Z [svc-billing-3] closed idle connection after 242s
2026-02-21T02:40:04.139Z [svc-queue-3] health check ok
2026-02-21T02:40:04.140Z [svc-auth-3] health check ok
2026-02-21T02:40:04.140Z [svc-queue-3] closed idle connection after 291s
2026-02-21T02:40:04.141Z [svc-billing-0] closed idle connection after 136s
2026-02-21T02:40:04.144Z [svc-cache-3] processed batch of 404 items
2026-02-21T02:40:04.145Z [svc-db-2] processed batch of 316 items
2026-02-21T02:40:04.147Z [svc-db-2] connected to upstream in 18ms
2026-02-21T02:40:04.147Z [svc-db-2] cache hit rate 95%
2026-02-21T02:40:04.147Z [svc-db-3] health check ok
2026-02-21T02:40:04.148Z [svc-notify-3] gc pause 58ms, heap 295MB
2026-02-21T02:40:04.149Z [svc-db-0] cache hit rate 90%
2026-02-21T02:40:04.150Z [svc-cache-2] processed batch of 300 items
2026-02-21T02:40:04.150Z [svc-notify-4] cache hit rate 95%
2026-02-21T02:40:04.151Z [svc-cache-2] connected to upstream in 63ms
2026-02-21T02:40:04.153Z [pytest-xdist] gw3 test_reports.py::test_create_user PASSED in 163ms trace=721b2436-aa9f-e5a2-0138-b8f423f594f5
2026-02-21T02:40:04.153Z [svc-sched-3] gc pause 97ms, heap 846MB
2026-02-21T02:40:04.154Z [svc-auth-3] closed idle connection after 288s
2026-02-21T02:40:04.155Z [svc-sched-0] closed idle connection after 284s
2026-02-21T02:40:04.156Z [svc-media-1] gc pause 11ms, heap 410MB
2026-02-21T02:40:04.157Z [svc-media-3] health check ok
2026-02-21T02:40:04.159Z [svc-cache-1] closed idle connection after 313s
2026-02-21T02:40:04.159Z [svc-billing-3] connected to upstream in 12ms
2026-02-21T02:40:04.161Z [svc-cache-1] gc pause 114ms, heap 469MB
2026-02-21T02:40:04.161Z [svc-notify-2] processed batch of 283 items
2026-02-21T02:40:04.164Z [svc-sched-4] processed batch of 501 items
2026-02-21T02:40:04.166Z [pytest-xdist] gw0 test_webhooks.py::test_delete_webhook PASSED in 218ms trace=0fedb9e8-5afc-eba8-7c5a-81d9600f1852
2026-02-21T02:40:04.167Z [svc-gateway-4] warning: slow query took 625ms
2026-02-21T02:40:04.169Z [svc-sched-1] gc pause 10ms, heap 546MB
2026-02-21T02:40:04.169Z [svc-sched-4] connected to upstream in 11ms
2026-02-21T02:40:04.173Z [svc-billing-1] connected to upstream in 57ms
2026-02-21T02:40:04.173Z [svc-gateway-2] connected to upstream in 62ms
2026-02-21T02:40:04.176Z [svc-db-2] gc pause 40ms, heap 749MB
2026-02-21T02:40:04.177Z [svc-cache-3] warning: slow query took 762ms
2026-02-21T02:40:04.177Z [svc-billing-2] warning: slow query took 1413ms
2026-02-21T02:40:04.177Z [svc-notify-2] connected to upstream in 30ms
2026-02-21T02:40:04.179Z [svc-notify-1] warning: slow query took 1958ms
2026-02-21T02:40:04.181Z [svc-billing-0] closed idle connection after 106s
2026-02-21T02:40:04.181Z [svc-notify-3] connected to upstream in 35ms
2026-02-21T02:40:04.181Z [svc-sched-3] gc pause 113ms, heap 695MB
2026-02-21T02:40:04.184Z [svc-media-4] gc pause 78ms, heap 758MB
2026-02-21T02:40:04.185Z [pytest-xdist] gw5 test_export.py::test_list_user PASSED in 231ms trace=c9301201-7d01-4393-5bdd-5c2c4e79592c
2026-02-21T02:40:04.189Z [svc-billing-2] cache hit rate 92%
2026-02-21T02:40:04.189Z [svc-sched-4] gc pause 64ms, heap 166MB
2026-02-21T02:40:04.191Z [pytest-xdist] gw5 test_export.py::test_sync_refund PASSED in 45ms trace=23df8f64-c49e-25e4-5621-624eac714fbb
2026-02-21T02:40:04.191Z [svc-notify-0] warning: slow query took 1319ms
2026-02-21T02:40:04.192Z [svc-queue-2] cache hit rate 92%
2026-02-21T02:40:04.194Z [pytest-xdist] gw3 test_queue.py::test_cache_index PASSED in 53ms trace=718d5b43-e501-7b37-a41a-5faf7185d052
2026-02-21T02:40:04.195Z [svc-media-2] health check ok
2026-02-21T02:40:04.197Z [svc-media-1] processed batch of 169 items
2026-02-21T02:40:04.197Z [svc-queue-0] gc pause 78ms, heap 890MB
2026-02-21T02:40:04.201Z [svc-queue-4] processed batch of 341 items
2026-02-21T02:40:04.204Z [svc-queue-0] closed idle connection after 322s
2026-02-21T02:40:04.206Z [svc-search-0] gc pause 63ms, heap 915MB
2026-02-21T02:40:04.207Z [svc-sched-4] retrying connection to s3 (attempt 2/3)
2026-02-21T02:40:04.210Z [pytest-xdist] gw4 test_sched.py::test_retry_template PASSED in 198ms trace=daf77686-6ccb-d7c9-076a-0d31659a5d98
2026-02-21T02:40:04.210Z [svc-sched-2] cache hit rate 85%
2026-02-21T02:40:04.213Z [svc-search-4] connected to upstream in 50ms
2026-02-21T02:40:04.214Z [svc-notify-4] connected to upstream in 21ms
2026-02-21T02:40:04.214Z [svc-media-2] retrying connection to redis (attempt 2/3)
2026-02-21T02:40:04.219Z [svc-sched-3] closed idle connection after 203s
2026-02-21T02:40:04.221Z [svc-cache-0] warning: slow query took 2094ms
2026-02-21T02:40:04.222Z [svc-search-0] connected to upstream in 35ms
2026-02-21T02:40:04.224Z [svc-notify-2] warning: slow query took 1198ms
2026-02-21T02:40:04.227Z [svc-notify-2] gc pause 28ms, heap 324MB
2026-02-21T02:40:04.227Z [svc-sched-2] closed idle connection after 295s
2026-02-21T02:40:04.228Z [pytest-xdist] gw5 test_queue.py::test_notify_user PASSED in 120ms trace=8cb1c935-3503-4791-9ef5-7127e39d8f4c
2026-02-21T02:40:04.230Z [svc-billing-0] gc pause 92ms, heap 718MB
2026-02-21T02:40:04.230Z [svc-media-1] connected to upstream in 68ms
2026-02-21T02:40:04.231Z [svc-cache-2] connected to upstream in 6ms
2026-02-21T02:40:04.233Z [svc-auth-4] cache hit rate 85%
2026-02-21T02:40:04.233Z [svc-search-3] gc pause 106ms, heap 606MB
2026-02-21T02:40:04.233Z [svc-gateway-2] warning: slow query took 1439ms
2026-02-21T02:40:04.235Z [pytest-xdist] gw1 test_sched.py::test_parse_query PASSED in 49ms trace=ad112049-7237-cc7c-35e5-466709d5d566
2026-02-21T02:40:04.235Z [svc-notify-2] health check ok
2026-02-21T02:40:04.235Z [svc-sched-2] retrying connection to redis (attempt 1/3)
2026-02-21T02:40:04.238Z [svc-db-2] health check ok
2026-02-21T02:40:04.238Z [svc-gateway-3] connected to upstream in 42ms
2026-02-21T02:40:04.240Z [pytest-xdist] gw2 test_users.py::test_reconcile_attachment PASSED in 168ms trace=a8aaaae3-df32-25d6-28f9-828feaab7497
2026-02-21T02:40:04.240Z [svc-auth-0] closed idle connection after 120s
2026-02-21T02:40:04.240Z [svc-db-4] closed idle connection after 183s
2026-02-21T02:40:04.241Z [svc-notify-2] gc pause 80ms, heap 340MB
2026-02-21T02:40:04.241Z [svc-sched-0] warning: slow query took 1150ms
2026-02-21T02:40:04.243Z [svc-queue-2] gc pause 85ms, heap 895MB
2026-02-21T02:40:04.246Z [svc-auth-0] closed idle connection after 255s
2026-02-21T02:40:04.247Z [pytest-xdist] gw3 test_webhooks.py::test_expire_template PASSED in 202ms trace=aafd03ec-d581-1ef6-cd08-6d978d2b4282
2026-02-21T02:40:04.247Z [svc-db-0] closed idle connection after 314s
2026-02-21T02:40:04.249Z [svc-media-0] processed batch of 317 items
2026-02-21T02:40:04.250Z [svc-gateway-3] health check ok
2026-02-21T02:40:04.253Z [svc-billing-4] health check ok
2026-02-21T02:40:04.253Z [svc-sched-2] gc pause 55ms, heap 310MB
2026-02-21T02:40:04.254Z [svc-auth-3] processed batch of 91 items
2026-02-21T02:40:04.255Z [svc-notify-2] cache hit rate 88%
2026-02-21T02:40:04.256Z [svc-auth-1] warning: slow query took 1551ms
2026-02-21T02:40:04.256Z [svc-cache-0] closed idle connection after 128s
2026-02-21T02:40:04.257Z [pytest-xdist] gw0 test_notify.py::test_list_refund PASSED in 149ms trace=a58e1a6f-33a7-e35b-8da6-849c1a520c14
2026-02-21T02:40:04.258Z [svc-search-0] processed batch of 441 items
2026-02-21T02:40:04.258Z [svc-search-1] health check ok
2026-02-21T02:40:04.258Z [svc-sched-0] processed batch of 79 items
2026-02-21T02:40:04.261Z [svc-queue-2] warning: slow query took 1251ms
2026-02-21T02:40:04.261Z [svc-queue-3] cache hit rate 90%
2026-02-21T02:40:04.262Z [svc-sched-0] cache hit rate 90%
2026-02-21T02:40:04.263Z [svc-auth-2] processed batch of 367 items
2026-02-21T02:40:04.264Z [svc-cache-3] health check ok
2026-02-21T02:40:04.264Z [svc-gateway-3] gc pause 25ms, heap 824MB
2026-02-21T02:40:04.264Z [svc-media-3] closed idle connection after 296s
2026-02-21T02:40:04.265Z [svc-auth-4] cache hit rate 92%
2026-02-21T02:40:04.265Z [svc-queue-1] retrying connection to postgres (attempt 3/3)
2026-02-21T02:40:04.271Z [svc-auth-2] gc pause 29ms, heap 883MB
2026-02-21T02:40:04.271Z [svc-sched-2] processed batch of 19 items
2026-02-21T02:40:04.273Z [pytest-xdist] gw1 test_gateway.py::test_retry_refund PASSED in 167ms trace=e31474cb-10e8-6000-d15c-25720313ac0c
2026-02-21T02:40:04.273Z [svc-cache-0] closed idle connection after 81s
2026-02-21T02:40:04.273Z [svc-cache-4] cache hit rate 88%
2026-02-21T02:40:04.275Z [svc-db-0] connected to upstream in 58ms
2026-02-21T02:40:04.275Z [svc-gateway-4] closed idle connection after 101s
2026-02-21T02:40:04.276Z [svc-cache-0] processed batch of 52 items
2026-02-21T02:40:04.279Z [svc-gateway-1] gc pause 65ms, heap 849MB
2026-02-21T02:40:04.281Z [svc-notify-4] processed batch of 242 items
2026-02-21T02:40:04.281Z [svc-gateway-3] cache hit rate 95%
2026-02-21T02:40:04.282Z [svc-auth-2] health check ok
2026-02-21T02:40:04.282Z [svc-cache-3] retrying connection to kafka (attempt 2/3)
2026-02-21T02:40:04.283Z [svc-auth-2] warning: slow query took 422ms
2026-02-21T02:40:04.283Z [svc-media-3] processed batch of 64 items
2026-02-21T02:40:04.284Z [svc-billing-3] closed idle connection after 132s
2026-02-21T02:40:04.284Z [svc-queue-0] cache hit rate 88%
2026-02-21T02:40:04.286Z [svc-db-3] retrying connection to vault (attempt 2/3)
2026-02-21T02:40:04.286Z [svc-gateway-3] processed batch of 363 items
2026-02-21T02:40:04.287Z [svc-db-3] retrying connection to vault (attempt 1/3)
2026-02-21T02:40:04.287Z [svc-billing-4] connected to upstream in 43ms
2026-02-21T02:40:04.288Z [svc-cache-0] processed batch of 131 items
2026-02-21T02:40:04.289Z [svc-cache-4] processed batch of 209 items
2026-02-21T02:40:04.291Z [svc-gateway-3] retrying connection to elasticsearch (attempt 1/3)
2026-02-21T02:40:04.292Z [pytest-xdist] gw1 test_sched.py::test_parse_refund PASSED in 131ms trace=204895c0-23c0-7975-a48c-accc505804b7
2026-02-21T02:40:04.292Z [svc-search-2] gc pause 115ms, heap 211MB
2026-02-21T02:40:04.293Z [svc-auth-2] health check ok
2026-02-21T02:40:04.293Z [svc-auth-4] processed batch of 120 items
2026-02-21T02:40:04.293Z [svc-sched-4] closed idle connection after 271s
2026-02-21T02:40:04.295Z [svc-db-0] connected to upstream in 5ms
2026-02-21T02:40:04.296Z [svc-notify-1] gc pause 105ms, heap 250MB
2026-02-21T02:40:04.297Z [svc-cache-0] retrying connection to vault (attempt 1/3)
2026-02-21T02:40:04.297Z [svc-queue-4] warning: slow query took 1461ms
2026-02-21T02:40:04.299Z [svc-notify-3] warning: slow query took 699ms
2026-02-21T02:40:04.299Z [svc-queue-1] connected to upstream in 68ms
2026-02-21T02:40:04.300Z [svc-search-4] cache hit rate 92%
2026-02-21T02:40:04.301Z [svc-sched-0] closed idle connection after 183s
2026-02-21T02:40:04.302Z [svc-db-1] cache hit rate 95%
2026-02-21T02:40:04.304Z [svc-queue-2] processed batch of 98 items
2026-02-21T02:40:04.305Z [svc-db-0] health check ok
2026-02-21T02:40:04.305Z [svc-media-4] gc pause 119ms, heap 291MB
2026-02-21T02:40:04.305Z [svc-sched-4] warning: slow query took 808ms
2026-02-21T02:40:04.307Z [svc-cache-1] closed idle connection after 87s
2026-02-21T02:40:04.311Z [pytest-xdist] gw0 test_search.py::test_list_webhook PASSED in 42ms trace=0b86215d-a3ae-6321-f5ca-aaf229188111
2026-02-21T02:40:04.312Z [svc-cache-2] closed idle connection after 194s
2026-02-21T02:40:04.315Z [svc-search-2] warning: slow query took 1610ms
2026-02-21T02:40:04.316Z [svc-notify-0] retrying connection to postgres (attempt 1/3)
2026-02-21T02:40:04.316Z [svc-media-2] retrying connection to redis (attempt 2/3)
2026-02-21T02:40:04.317Z [svc-sched-1] warning: slow query took 631ms
2026-02-21T02:40:04.318Z [svc-cache-4] warning: slow query took 1530ms
2026-02-21T02:40:04.318Z [svc-billing-2] processed batch of 481 items
2026-02-21T02:40:04.318Z [svc-search-3] closed idle connection after 213s
2026-02-21T02:40:04.319Z [svc-queue-3] connected to upstream in 79ms
2026-02-21T02:40:04.323Z [svc-sched-2] closed idle connection after 105s
2026-02-21T02:40:04.324Z [svc-search-1] closed idle connection after 137s
2026-02-21T02:40:04.325Z [pytest-xdist] gw4 test_sched.py::test_paginate_shipment PASSED in 196ms trace=879eeb70-b0c8-8bea-6be5-c3fcca0c1822
2026-02-21T02:40:04.325Z [svc-queue-1] processed batch of 408 items
2026-02-21T02:40:04.326Z [svc-billing-4] health check ok
2026-02-21T02:40:04.328Z [svc-gateway-2] connected to upstream in 8ms
2026-02-21T02:40:04.328Z [svc-queue-1] health check ok
2026-02-21T02:40:04.329Z [svc-gateway-4] connected to upstream in 54ms
2026-02-21T02:40:04.331Z [svc-media-0] closed idle connection after 214s
2026-02-21T02:40:04.334Z [svc-search-0] warning: slow query took 1261ms
2026-02-21T02:40:04.335Z [svc-auth-2] cache hit rate 95%
2026-02-21T02:40:04.336Z [svc-cache-1] processed batch of 427 items
2026-02-21T02:40:04.337Z [svc-sched-0] cache hit rate 90%
2026-02-21T02:40:04.338Z [pytest-xdist] gw5 test_search.py::test_reconcile_invoice PASSED in 96ms trace=373095fd-3b2c-9605-f0e7-c945c59493d2
2026-02-21T02:40:04.338Z [svc-notify-3] connected to upstream in 5ms
2026-02-21T02:40:04.339Z [svc-billing-4] connected to upstream in 76ms
2026-02-21T02:40:04.341Z [svc-auth-3] cache hit rate 88%
2026-02-21T02:40:04.342Z [svc-billing-3] retrying connection to elasticsearch (attempt 2/3)
2026-02-21T02:40:04.346Z [svc-auth-1] cache hit rate 90%
2026-02-21T02:40:04.346Z [svc-search-2] connected to upstream in 35ms
2026-02-21T02:40:04.347Z [svc-db-3] closed idle connection after 271s
2026-02-21T02:40:04.348Z [svc-billing-1] connected to upstream in 70ms
2026-02-21T02:40:04.348Z [svc-billing-2] gc pause 61ms, heap 517MB
2026-02-21T02:40:04.348Z [svc-sched-4] connected to upstream in 82ms
2026-02-21T02:40:04.349Z [svc-cache-3] health check ok
2026-02-21T02:40:04.349Z [svc-cache-4] warning: slow query took 814ms
2026-02-21T02:40:04.350Z [svc-cache-4] gc pause 46ms, heap 158MB
2026-02-21T02:40:04.350Z [svc-billing-2] cache hit rate 85%
2026-02-21T02:40:04.354Z [pytest-xdist] gw2 test_notify.py::test_sync_index PASSED in 207ms trace=6d74683c-a212-847a-04b3-37ef0eb0d36c
2026-02-21T02:40:04.357Z [svc-auth-2] warning: slow query took 1547ms
2026-02-21T02:40:04.358Z [svc-notify-4] cache hit rate 92%
2026-02-21T02:40:04.360Z [svc-gateway-2] warning: slow query took 1161ms
2026-02-21T02:40:04.360Z [svc-gateway-2] warning: slow query took 683ms
2026-02-21T02:40:04.362Z [svc-gateway-2] health check ok
2026-02-21T02:40:04.364Z [pytest-xdist] gw4 test_billing.py::test_reconcile_token PASSED in 159ms trace=fca5ae1f-fd32-cb52-b41c-d0be8f3fc251
2026-02-21T02:40:04.365Z [svc-sched-0] warning: slow query took 1584ms
2026-02-21T02:40:04.371Z [svc-cache-0] processed batch of 475 items
2026-02-21T02:40:04.371Z [svc-cache-3] warning: slow query took 420ms
2026-02-21T02:40:04.372Z [svc-db-4] processed batch of 43 items
2026-02-21T02:40:04.375Z [svc-queue-0] processed batch of 175 items
2026-02-21T02:40:04.376Z [svc-sched-1] cache hit rate 92%
2026-02-21T02:40:04.377Z [svc-gateway-2] cache hit rate 90%
2026-02-21T02:40:04.381Z [svc-gateway-1] retrying connection to kafka (attempt 1/3)
2026-02-21T02:40:04.382Z [pytest-xdist] gw2 test_search.py::test_expire_template PASSED in 169ms trace=eef43d76-1cff-9c43-2cd0-d8f562e6c64b
2026-02-21T02:40:04.385Z [svc-auth-2] connected to upstream in 28ms
2026-02-21T02:40:04.385Z [svc-billing-0] warning: slow query took 1344ms
2026-02-21T02:40:04.389Z [pytest-xdist] gw4 test_search.py::test_authorize_refund PASSED in 177ms trace=a2e3aa78-d989-5364-7cc7-77895a0e11b7
2026-02-21T02:40:04.390Z [svc-auth-1] gc pause 65ms, heap 419MB
2026-02-21T02:40:04.391Z [svc-queue-1] health check ok
2026-02-21T02:40:04.393Z [pytest-xdist] gw0 test_queue.py::test_retry_refund PASSED in 210ms trace=cffcda52-38b3-b723-162f-f46225a0b67d
2026-02-21T02:40:04.393Z [svc-auth-1] connected to upstream in 38ms
2026-02-21T02:40:04.393Z [svc-search-0] retrying connection to postgres (attempt 1/3)
2026-02-21T02:40:04.393Z [svc-notify-1] processed batch of 404 items
2026-02-21T02:40:04.395Z [svc-db-3] gc pause 118ms, heap 735MB
2026-02-21T02:40:04.395Z [svc-billing-1] processed batch of 80 items
2026-02-21T02:40:04.397Z [svc-db-1] processed batch of 340 items
2026-02-21T02:40:04.398Z [svc-search-2] connected to upstream in 52ms
2026-02-21T02:40:04.398Z [svc-search-4] retrying connection to elasticsearch (attempt 1/3)
2026-02-21T02:40:04.400Z [svc-db-1] cache hit rate 92%
2026-02-21T02:40:04.400Z [svc-media-4] warning: slow query took 1329ms
2026-02-21T02:40:04.400Z [svc-sched-3] warning: slow query took 427ms
2026-02-21T02:40:04.401Z [pytest-xdist] gw4 test_gateway.py::test_notify_shipment PASSED in 119ms trace=dda1a20b-7abf-2cac-cf18-75f315d3d698
2026-02-21T02:40:04.401Z [svc-cache-0] warning: slow query took 341ms
2026-02-21T02:40:04.401Z [svc-notify-0] cache hit rate 90%
2026-02-21T02:40:04.405Z [svc-billing-1] health check ok
2026-02-21T02:40:04.405Z [svc-queue-0] health check ok
2026-02-21T02:40:04.408Z [svc-cache-4] connected to upstream in 74ms
2026-02-21T02:40:04.410Z [svc-auth-1] connected to upstream in 65ms
2026-02-21T02:40:04.410Z [svc-search-4] connected to upstream in 78ms
2026-02-21T02:40:04.412Z [svc-auth-3] health check ok
2026-02-21T02:40:04.412Z [svc-db-4] cache hit rate 95%
2026-02-21T02:40:04.412Z [svc-media-0] processed batch of 238 items
2026-02-21T02:40:04.413Z [svc-billing-4] gc pause 64ms, heap 461MB
2026-02-21T02:40:04.413Z [svc-notify-3] gc pause 20ms, heap 461MB
2026-02-21T02:40:04.415Z [svc-search-0] gc pause 31ms, heap 750MB
2026-02-21T02:40:04.417Z [svc-queue-3] connected to upstream in 58ms
2026-02-21T02:40:04.419Z [svc-sched-3] health check ok
2026-02-21T02:40:04.420Z [pytest-xdist] gw1 test_gateway.py::test_create_refund PASSED in 201ms trace=73c5bd6f-2de8-9a21-076f-c557236fef04
2026-02-21T02:40:04.422Z [svc-gateway-1] retrying connection to kafka (attempt 3/3)
2026-02-21T02:40:04.423Z [svc-queue-2] cache hit rate 88%
2026-02-21T02:40:04.424Z [svc-media-3] cache hit rate 95%
2026-02-21T02:40:04.425Z [svc-billing-2] health check ok
2026-02-21T02:40:04.425Z [svc-queue-3] connected to upstream in 13ms
2026-02-21T02:40:04.432Z [svc-notify-2] closed idle connection after 321s
2026-02-21T02:40:04.432Z [svc-sched-4] retrying connection to s3 (attempt 2/3)
2026-02-21T02:40:04.434Z [svc-auth-2] cache hit rate 85%
2026-02-21T02:40:04.437Z [svc-auth-0] health check ok
2026-02-21T02:40:04.437Z [svc-gateway-0] retrying connection to redis (attempt 3/3)
2026-02-21T02:40:04.441Z [svc-db-0] connected to upstream in 64ms
2026-02-21T02:40:04.442Z [pytest-xdist] gw4 test_payments.py::test_notify_subscription PASSED in 31ms trace=017b0a57-8ff1-54a6-b673-dc97dc0e174d
2026-02-21T02:40:04.443Z [svc-notify-3] closed idle connection after 172s
2026-02-21T02:40:04.443Z [svc-gateway-2] warning: slow query took 544ms
2026-02-21T02:40:04.444Z [svc-search-2] connected to upstream in 25ms
2026-02-21T02:40:04.446Z [svc-search-0] connected to upstream in 7ms
2026-02-21T02:40:04.448Z [svc-search-2] connected to upstream in 50ms
2026-02-21T02:40:04.450Z [svc-billing-2] gc pause 104ms, heap 473MB
2026-02-21T02:40:04.450Z [svc-notify-2] gc pause 114ms, heap 228MB
2026-02-21T02:40:04.450Z [svc-media-1] connected to upstream in 73ms
2026-02-21T02:40:04.451Z [svc-billing-4] warning: slow query took 1358ms
2026-02-21T02:40:04.453Z [pytest-xdist] gw4 test_billing.py::test_sync_subscription PASSED in 219ms trace=857a6ff0-950f-3bde-f07c-e67689ac8e8a
2026-02-21T02:40:04.453Z [svc-search-1] cache hit rate 88%
2026-02-21T02:40:04.457Z [svc-billing-3] health check ok
2026-02-21T02:40:04.457Z [svc-sched-4] health check ok
2026-02-21T02:40:04.458Z [svc-cache-1] retrying connection to postgres (attempt 3/3)
2026-02-21T02:40:04.458Z [svc-queue-3] processed batch of 94 items
2026-02-21T02:40:04.459Z [svc-gateway-0] warning: slow query took 1433ms
2026-02-21T02:40:04.460Z [svc-billing-0] warning: slow query took 580ms
2026-02-21T02:40:04.460Z [svc-queue-1] warning: slow query took 1129ms
2026-02-21T02:40:04.465Z [svc-db-4] warning: slow query took 383ms
2026-02-21T02:40:04.465Z [svc-gateway-1] closed idle connection after 294s
2026-02-21T02:40:04.466Z [svc-gateway-4] processed batch of 121 items
2026-02-21T02:40:04.467Z [svc-notify-4] connected to upstream in 40ms
2026-02-21T02:40:04.467Z [svc-gateway-3] retrying connection to elasticsearch (attempt 2/3)
2026-02-21T02:40:04.467Z [svc-sched-2] health check ok
2026-02-21T02:40:04.468Z [svc-gateway-4] processed batch of 78 items
2026-02-21T02:40:04.470Z [svc-search-0] warning: slow query took 1420ms
2026-02-21T02:40:04.472Z [svc-queue-1] closed idle connection after 296s
2026-02-21T02:40:04.472Z [svc-queue-2] warning: slow query took 1294ms
2026-02-21T02:40:04.473Z [svc-search-1] retrying connection to redis (attempt 3/3)
2026-02-21T02:40:04.473Z [svc-gateway-4] gc pause 75ms, heap 653MB
2026-02-21T02:40:04.474Z [svc-queue-4] health check ok
2026-02-21T02:40:04.475Z [pytest-xdist] gw3 test_search.py::test_parse_user PASSED in 106ms trace=e707ae09-d246-3e38-e6df-4cfd5e76373d
2026-02-21T02:40:04.477Z [svc-sched-0] warning: slow query took 470ms
2026-02-21T02:40:04.478Z [svc-queue-0] retrying connection to vault (attempt 3/3)
2026-02-21T02:40:04.479Z [svc-sched-0] cache hit rate 90%
2026-02-21T02:40:04.480Z [svc-notify-2] retrying connection to kafka (attempt 3/3)
2026-02-21T02:40:04.481Z [svc-auth-3] processed batch of 276 items
2026-02-21T02:40:04.484Z [svc-db-4] connected to upstream in 17ms
2026-02-21T02:40:04.484Z [svc-queue-3] closed idle connection after 109s
2026-02-21T02:40:04.486Z [svc-sched-0] warning: slow query took 1835ms
2026-02-21T02:40:04.489Z [svc-auth-4] retrying connection to kafka (attempt 3/3)
2026-02-21T02:40:04.489Z [svc-queue-0] connected to upstream in 30ms
2026-02-21T02:40:04.490Z [svc-auth-1] retrying connection to vault (attempt 2/3)
2026-02-21T02:40:04.490Z [svc-sched-0] gc pause 103ms, heap 709MB
2026-02-21T02:40:04.493Z [svc-queue-0] connected to upstream in 29ms
2026-02-21T02:40:04.494Z [svc-notify-2] health check ok
2026-02-21T02:40:04.495Z [svc-gateway-0] connected to upstream in 16ms
2026-02-21T02:40:04.495Z [svc-queue-4] processed batch of 117 items
2026-02-21T02:40:04.496Z [svc-media-2] processed batch of 33 items
2026-02-21T02:40:04.497Z [pytest-xdist] gw4 test_export.py::test_expire_subscription PASSED in 250ms trace=1aede177-f508-6aaa-2915-4e9e40b4eca6
2026-02-21T02:40:04.499Z [svc-auth-4] gc pause 69ms, heap 654MB
2026-02-21T02:40:04.501Z [svc-media-2] cache hit rate 90%
2026-02-21T02:40:04.503Z [svc-cache-4] health check ok
2026-02-21T02:40:04.505Z [svc-cache-2] health check ok
2026-02-21T02:40:04.505Z [svc-search-1] processed batch of 161 items
2026-02-21T02:40:04.506Z [svc-db-1] connected to upstream in 32ms
2026-02-21T02:40:04.506Z [svc-db-2] health check ok
2026-02-21T02:40:04.506Z [svc-media-1] gc pause 27ms, heap 562MB
2026-02-21T02:40:04.509Z [svc-gateway-1] health check ok
2026-02-21T02:40:04.509Z [svc-media-0] gc pause 15ms, heap 713MB
2026-02-21T02:40:04.511Z [pytest-xdist] gw5 test_orders.py::test_sync_attachment PASSED in 83ms trace=b5f753b8-b7af-377c-477f-62aa62aff005
2026-02-21T02:40:04.512Z [svc-gateway-2] cache hit rate 90%
2026-02-21T02:40:04.513Z [svc-auth-3] processed batch of 428 items
2026-02-21T02:40:04.514Z [svc-cache-2] processed batch of 250 items
2026-02-21T02:40:04.517Z [pytest-xdist] gw1 test_import.py::test_parse_user PASSED in 114ms trace=3d3939fc-2798-a388-0039-cd3fe64f39ba
2026-02-21T02:40:04.517Z [svc-cache-1] connected to upstream in 49ms
2026-02-21T02:40:04.519Z [svc-search-3] gc pause 47ms, heap 808MB
2026-02-21T02:40:04.519Z [svc-gateway-2] retrying connection to s3 (attempt 1/3)
2026-02-21T02:40:04.521Z [svc-queue-1] cache hit rate 88%
2026-02-21T02:40:04.522Z [svc-sched-3] retrying connection to kafka (attempt 1/3)
2026-02-21T02:40:04.522Z [svc-sched-3] gc pause 12ms, heap 889MB
2026-02-21T02:40:04.523Z [svc-db-4] connected to upstream in 14ms
2026-02-21T02:40:04.525Z [svc-db-1] health check ok
2026-02-21T02:40:04.525Z [svc-billing-4] health check ok
2026-02-21T02:40:04.528Z [svc-search-4] retrying connection to elasticsearch (attempt 2/3)
2026-02-21T02:40:04.532Z [svc-sched-4] warning: slow query took 455ms
2026-02-21T02:40:04.535Z [pytest-xdist] gw4 test_users.py::test_paginate_user PASSED in 84ms trace=9dadbed8-5bae-c366-5d63-6ba7562a4809
2026-02-21T02:40:04.536Z [svc-billing-1] closed idle connection after 227s
2026-02-21T02:40:04.537Z [svc-media-0] warning: slow query took 1084ms
2026-02-21T02:40:04.539Z [svc-search-0] gc pause 60ms, heap 396MB
2026-02-21T02:40:04.539Z [svc-queue-4] connected to upstream in 34ms
2026-02-21T02:40:04.544Z [svc-notify-2] connected to upstream in 42ms
2026-02-21T02:40:04.546Z [svc-gateway-3] connected to upstream in 59ms
2026-02-21T02:40:04.547Z [pytest-xdist] gw4 test_users.py::test_retry_invoice PASSED in 178ms trace=bd203803-cfe5-a646-1c5a-c9d513d3aacb
2026-02-21T02:40:04.547Z [svc-search-0] closed idle connection after 199s
2026-02-21T02:40:04.548Z [svc-cache-3] gc pause 7ms, heap 148MB
2026-02-21T02:40:04.553Z [svc-auth-1] cache hit rate 92%
2026-02-21T02:40:04.553Z [svc-search-4] processed batch of 412 items
2026-02-21T02:40:04.553Z [svc-gateway-2] health check ok
2026-02-21T02:40:04.554Z [svc-search-3] cache hit rate 92%
2026-02-21T02:40:04.556Z [svc-queue-1] gc pause 97ms, heap 487MB
2026-02-21T02:40:04.558Z [svc-search-1] health check ok
2026-02-21T02:40:04.558Z [svc-sched-0] connected to upstream in 26ms
2026-02-21T02:40:04.559Z [svc-queue-3] cache hit rate 85%
2026-02-21T02:40:04.562Z [svc-queue-2] gc pause 85ms, heap 459MB
2026-02-21T02:40:04.563Z [svc-db-3] health check ok
2026-02-21T02:40:04.564Z [svc-cache-1] connected to upstream in 17ms
2026-02-21T02:40:04.564Z [svc-db-4] processed batch of 27 items
2026-02-21T02:40:04.565Z [pytest-xdist] gw5 test_sched.py::test_sync_coupon PASSED in 142ms trace=c7473f31-bc3d-4d70-d5a7-177cc4911388
2026-02-21T02:40:04.566Z [svc-cache-1] retrying connection to postgres (attempt 1/3)
2026-02-21T02:40:04.566Z [svc-search-1] processed batch of 81 items
2026-02-21T02:40:04.567Z [svc-cache-3] processed batch of 92 items
2026-02-21T02:40:04.567Z [svc-search-2] processed batch of 491 items
2026-02-21T02:40:04.569Z [svc-auth-3] health check ok
2026-02-21T02:40:04.569Z [svc-media-0] processed batch of 136 items
2026-02-21T02:40:04.570Z [svc-queue-2] cache hit rate 90%
2026-02-21T02:40:04.572Z [svc-cache-3] processed batch of 66 items
2026-02-21T02:40:04.572Z [svc-queue-4] cache hit rate 88%
2026-02-21T02:40:04.574Z [pytest-xdist] gw4 test_webhooks.py::test_update_region PASSED in 152ms trace=b2e7fc34-3f73-c234-a9c1-7387c5f76a4f
2026-02-21T02:40:04.574Z [svc-sched-4] connected to upstream in 50ms
2026-02-21T02:40:04.575Z [svc-auth-3] cache hit rate 95%
2026-02-21T02:40:04.576Z [svc-db-0] closed idle connection after 50s
2026-02-21T02:40:04.577Z [svc-db-2] cache hit rate 90%
2026-02-21T02:40:04.578Z [svc-notify-3] closed idle connection after 40s
2026-02-21T02:40:04.580Z [svc-search-3] warning: slow query took 1249ms
2026-02-21T02:40:04.580Z [svc-notify-3] warning: slow query took 1338ms
2026-02-21T02:40:04.580Z [svc-gateway-3] cache hit rate 85%
2026-02-21T02:40:04.581Z [svc-sched-1] health check ok
2026-02-21T02:40:04.582Z [svc-media-3] processed batch of 131 items
2026-02-21T02:40:04.582Z [svc-media-4] connected to upstream in 39ms
2026-02-21T02:40:04.585Z [svc-auth-2] connected to upstream in 30ms
2026-02-21T02:40:04.587Z [svc-db-2] health check ok
2026-02-21T02:40:04.588Z [svc-db-3] processed batch of 465 items
2026-02-21T02:40:04.588Z [svc-notify-3] health check ok
2026-02-21T02:40:04.588Z [svc-sched-3] cache hit rate 88%
2026-02-21T02:40:04.590Z [pytest-xdist] gw4 test_import.py::test_create_region PASSED in 88ms trace=cfb6e71e-f031-e747-b394-efa426a80466
2026-02-21T02:40:04.593Z [svc-gateway-4] warning: slow query took 1431ms
2026-02-21T02:40:04.595Z [svc-sched-4] connected to upstream in 55ms
2026-02-21T02:40:04.596Z [pytest-xdist] gw0 test_auth.py::test_list_query PASSED in 143ms trace=fcd09e0e-3f25-795c-e8b0-cee1acd5cc07
2026-02-21T02:40:04.596Z [svc-billing-4] closed idle connection after 160s
2026-02-21T02:40:04.597Z [svc-billing-0] processed batch of 362 items
2026-02-21T02:40:04.597Z [svc-media-1] cache hit rate 90%
2026-02-21T02:40:04.598Z [svc-sched-4] processed batch of 146 items
2026-02-21T02:40:04.600Z [pytest-xdist] gw2 test_billing.py::test_create_coupon PASSED in 2ms trace=326cb7fe-4e85-11f9-4b80-913af0bb258b
2026-02-21T02:40:04.602Z [svc-cache-0] health check ok
2026-02-21T02:40:04.603Z [svc-sched-1] connected to upstream in 58ms
2026-02-21T02:40:04.604Z [svc-billing-3] retrying connection to elasticsearch (attempt 2/3)
2026-02-21T02:40:04.604Z [svc-queue-0] connected to upstream in 34ms
2026-02-21T02:40:04.607Z [svc-queue-3] gc pause 118ms, heap 996MB
2026-02-21T02:40:04.608Z [svc-db-4] processed batch of 136 items
2026-02-21T02:40:04.611Z [svc-media-3] gc pause 43ms, heap 411MB
2026-02-21T02:40:04.612Z [svc-notify-3] processed batch of 53 items
2026-02-21T02:40:04.613Z [svc-cache-4] gc pause 101ms, heap 825MB
2026-02-21T02:40:04.615Z [svc-auth-4] cache hit rate 95%
2026-02-21T02:40:04.618Z [svc-queue-4] closed idle connection after 273s
2026-02-21T02:40:04.619Z [svc-db-0] connected to upstream in 39ms
2026-02-21T02:40:04.620Z [svc-sched-3] health check ok
2026-02-21T02:40:04.621Z [pytest-xdist] gw5 test_billing.py::test_notify_shipment PASSED in 4ms trace=2fcd93ad-95ae-2382-e0eb-d09d63a69ba6
2026-02-21T02:40:04.621Z [svc-cache-1] gc pause 36ms, heap 152MB
2026-02-21T02:40:04.621Z [svc-gateway-2] connected to upstream in 83ms
2026-02-21T02:40:04.621Z [svc-queue-1] connected to upstream in 41ms
2026-02-21T02:40:04.622Z [svc-gateway-0] gc pause 43ms, heap 939MB
2026-02-21T02:40:04.624Z [svc-notify-4] cache hit rate 90%
2026-02-21T02:40:04.625Z [pytest-xdist] gw2 test_search.py::test_render_template PASSED in 121ms trace=28a7918c-4ba1-0619-d1ff-d8b11e7137af
2026-02-21T02:40:04.626Z [svc-auth-2] connected to upstream in 66ms
2026-02-21T02:40:04.626Z [svc-db-1] closed idle connection after 265s
2026-02-21T02:40:04.626Z [svc-billing-2] retrying connection to s3 (attempt 2/3)
2026-02-21T02:40:04.626Z [svc-gateway-1] processed batch of 248 items
2026-02-21T02:40:04.626Z [svc-media-2] closed idle connection after 206s
2026-02-21T02:40:04.626Z [svc-sched-4] cache hit rate 95%
2026-02-21T02:40:04.628Z [pytest-xdist] gw4 test_users.py::test_render_subscription PASSED in 145ms trace=1c27695a-147f-bc11-cf22-347a7fb7579d
2026-02-21T02:40:04.630Z [svc-db-2] retrying connection to elasticsearch (attempt 3/3)
2026-02-21T02:40:04.630Z [svc-notify-3] processed batch of 385 items
2026-02-21T02:40:04.630Z [svc-queue-3] processed batch of 290 items
2026-02-21T02:40:04.633Z [svc-queue-3] processed batch of 284 items
2026-02-21T02:40:04.633Z [svc-sched-1] processed batch of 121 items
2026-02-21T02:40:04.634Z [svc-media-0] health check ok
2026-02-21T02:40:04.635Z [svc-auth-2] warning: slow query took 266ms
2026-02-21T02:40:04.635Z [svc-cache-4] cache hit rate 88%
2026-02-21T02:40:04.636Z [svc-auth-3] cache hit rate 88%
2026-02-21T02:40:04.636Z [svc-billing-0] connected to upstream in 58ms
2026-02-21T02:40:04.636Z [svc-queue-0] warning: slow query took 2110ms
2026-02-21T02:40:04.638Z [svc-queue-3] gc pause 97ms, heap 264MB
2026-02-21T02:40:04.639Z [svc-queue-0] health check ok
2026-02-21T02:40:04.640Z [svc-gateway-4] retrying connection to vault (attempt 1/3)
2026-02-21T02:40:04.640Z [svc-sched-0] health check ok
2026-02-21T02:40:04.641Z [svc-cache-4] gc pause 47ms, heap 842MB
2026-02-21T02:40:04.644Z [svc-cache-1] health check ok
2026-02-21T02:40:04.644Z [svc-billing-0] closed idle connection after 64s
2026-02-21T02:40:04.644Z [svc-billing-2] cache hit rate 95%
2026-02-21T02:40:04.644Z [svc-search-4] connected to upstream in 14ms
2026-02-21T02:40:04.645Z [svc-billing-4] processed batch of 364 items
2026-02-21T02:40:04.645Z [svc-notify-1] warning: slow query took 1293ms
2026-02-21T02:40:04.645Z [svc-gateway-1] processed batch of 269 items
2026-02-21T02:40:04.645Z [svc-sched-2] closed idle connection after 140s
2026-02-21T02:40:04.647Z [pytest-xdist] gw2 test_media.py::test_list_attachment PASSED in 186ms trace=aacd8263-a151-3591-f226-a9555cbcbc03
2026-02-21T02:40:04.647Z [svc-sched-4] retrying connection to s3 (attempt 1/3)
2026-02-21T02:40:04.648Z [svc-db-2] processed batch of 10 items
2026-02-21T02:40:04.650Z [svc-queue-4] health check ok
2026-02-21T02:40:04.654Z [svc-media-2] processed batch of 364 items
2026-02-21T02:40:04.657Z [svc-media-2] retrying connection to redis (attempt 1/3)
2026-02-21T02:40:04.659Z [svc-cache-3] processed batch of 380 items
2026-02-21T02:40:04.659Z [svc-gateway-3] gc pause 83ms, heap 365MB
2026-02-21T02:40:04.662Z [svc-gateway-0] closed idle connection after 47s
2026-02-21T02:40:04.663Z [pytest-xdist] gw1 test_users.py::test_sync_webhook PASSED in 163ms trace=f8e77615-da57-5b6a-9c8f-422d4534c87f
2026-02-21T02:40:04.664Z [svc-billing-0] gc pause 56ms, heap 540MB
2026-02-21T02:40:04.665Z [svc-notify-1] gc pause 116ms, heap 631MB
2026-02-21T02:40:04.666Z [svc-search-2] gc pause 62ms, heap 530MB
2026-02-21T02:40:04.666Z [svc-queue-0] processed batch of 120 items
2026-02-21T02:40:04.667Z [svc-media-3] health check ok
2026-02-21T02:40:04.672Z [svc-notify-1] retrying connection to redis (attempt 1/3)
2026-02-21T02:40:04.673Z [pytest-xdist] gw0 test_sched.py::test_parse_invoice PASSED in 85ms trace=2575da4b-15ee-2394-2681-a4456fe1c541
2026-02-21T02:40:04.673Z [svc-queue-2] warning: slow query took 1466ms
2026-02-21T02:40:04.676Z [svc-media-0] closed idle connection after 278s
2026-02-21T02:40:04.680Z [svc-queue-3] processed batch of 85 items
2026-02-21T02:40:04.683Z [svc-sched-3] gc pause 76ms, heap 293MB
2026-02-21T02:40:04.684Z [svc-cache-1] cache hit rate 95%
2026-02-21T02:40:04.686Z [svc-auth-2] health check ok
2026-02-21T02:40:04.686Z [svc-notify-4] closed idle connection after 239s
2026-02-21T02:40:04.687Z [svc-search-0] retrying connection to postgres (attempt 1/3)
2026-02-21T02:40:04.689Z [svc-search-1] cache hit rate 88%
2026-02-21T02:40:04.689Z [svc-notify-3] health check ok
2026-02-21T02:40:04.690Z [svc-db-0] gc pause 70ms, heap 735MB
2026-02-21T02:40:04.691Z [pytest-xdist] gw5 test_search.py::test_reconcile_webhook PASSED in 64ms trace=c431e7b3-a51d-ab73-1af9-b6c903405e0b
2026-02-21T02:40:04.694Z [svc-sched-0] connected to upstream in 11ms
2026-02-21T02:40:04.695Z [svc-cache-2] cache hit rate 95%
2026-02-21T02:40:04.695Z [svc-cache-2] closed idle connection after 86s
2026-02-21T02:40:04.695Z [svc-notify-2] processed batch of 220 items
2026-02-21T02:40:04.696Z [pytest-xdist] gw5 test_queue.py::test_expire_query PASSED in 163ms trace=0f0060f6-cbc6-5695-5671-9a5a284b24ab
2026-02-21T02:40:04.696Z [svc-media-2] closed idle connection after 263s
2026-02-21T02:40:04.696Z [svc-sched-0] health check ok
2026-02-21T02:40:04.698Z [svc-media-2] gc pause 70ms, heap 148MB
2026-02-21T02:40:04.699Z [svc-auth-2] gc pause 80ms, heap 573MB
2026-02-21T02:40:04.699Z [svc-billing-0] warning: slow query took 1679ms
2026-02-21T02:40:04.699Z [svc-billing-0] gc pause 31ms, heap 452MB
2026-02-21T02:40:04.702Z [svc-search-4] warning: slow query took 1971ms
2026-02-21T02:40:04.702Z [svc-sched-0] processed batch of 279 items
2026-02-21T02:40:04.703Z [svc-db-1] cache hit rate 85%
2026-02-21T02:40:04.703Z [svc-billing-1] closed idle connection after 281s
2026-02-21T02:40:04.704Z [svc-search-4] gc pause 67ms, heap 627MB
2026-02-21T02:40:04.706Z [svc-gateway-0] processed batch of 291 items
2026-02-21T02:40:04.710Z [svc-cache-2] processed batch of 200 items
2026-02-21T02:40:04.710Z [svc-notify-2] closed idle connection after 224s
2026-02-21T02:40:04.711Z [svc-db-3] closed idle connection after 35s
2026-02-21T02:40:04.711Z [svc-db-4] health check ok
2026-02-21T02:40:04.711Z [svc-search-1] retrying connection to redis (attempt 2/3)
2026-02-21T02:40:04.714Z [svc-search-4] connected to upstream in 36ms
2026-02-21T02:40:04.715Z [svc-sched-4] processed batch of 278 items
2026-02-21T02:40:04.716Z [pytest-xdist] gw2 test_import.py::test_parse_region PASSED in 100ms trace=5e8b88c4-14a5-dc45-d9b3-6d02b46dc214
2026-02-21T02:40:04.716Z [svc-cache-4] warning: slow query took 2023ms
2026-02-21T02:40:04.719Z [svc-cache-0] processed batch of 167 items
2026-02-21T02:40:04.719Z [svc-sched-3] retrying connection to kafka (attempt 1/3)
2026-02-21T02:40:04.720Z [svc-cache-0] health check ok
2026-02-21T02:40:04.720Z [svc-gateway-3] cache hit rate 95%
2026-02-21T02:40:04.721Z [svc-media-4] connected to upstream in 25ms
2026-02-21T02:40:04.722Z [svc-media-3] health check ok
2026-02-21T02:40:04.722Z [svc-sched-4] connected to upstream in 9ms
2026-02-21T02:40:04.723Z [svc-gateway-2] gc pause 91ms, heap 898MB
2026-02-21T02:40:04.737Z [pytest-xdist] gw3 test_auth.py::test_list_session PASSED in 146ms trace=6549108c-7303-661f-f70d-a0e10139f3ca
2026-02-21T02:40:04.738Z [svc-billing-2] closed idle connection after 147s
2026-02-21T02:40:04.739Z [svc-search-2] connected to upstream in 38ms
2026-02-21T02:40:04.740Z [svc-notify-2] processed batch of 448 items
2026-02-21T02:40:04.741Z [svc-media-4] closed idle connection after 314s
2026-02-21T02:40:04.741Z [svc-sched-0] connected to upstream in 64ms
2026-02-21T02:40:04.744Z [svc-billing-1] processed batch of 327 items
2026-02-21T02:40:04.746Z [svc-search-2] warning: slow query took 829ms
2026-02-21T02:40:04.748Z [svc-sched-1] cache hit rate 90%
2026-02-21T02:40:04.749Z [svc-gateway-3] processed batch of 66 items
2026-02-21T02:40:04.749Z [svc-queue-4] warning: slow query took 226ms
2026-02-21T02:40:04.752Z [svc-notify-2] cache hit rate 90%
2026-02-21T02:40:04.753Z [svc-media-1] processed batch of 253 items
2026-02-21T02:40:04.755Z [svc-cache-0] gc pause 70ms, heap 604MB
2026-02-21T02:40:04.755Z [svc-queue-4] retrying connection to s3 (attempt 1/3)
2026-02-21T02:40:04.758Z [pytest-xdist] gw1 test_export.py::test_reconcile_shipment PASSED in 116ms trace=afe9f090-1bf1-86ba-6588-b1c89f745e21
2026-02-21T02:40:04.758Z [svc-media-2] processed batch of 276 items
2026-02-21T02:40:04.761Z [svc-billing-1] closed idle connection after 252s
2026-02-21T02:40:04.762Z [svc-media-2] cache hit rate 90%
2026-02-21T02:40:04.764Z [svc-db-4] gc pause 77ms, heap 460MB
2026-02-21T02:40:04.764Z [svc-media-2] health check ok
2026-02-21T02:40:04.766Z [svc-queue-2] closed idle connection after 123s
2026-02-21T02:40:04.770Z [svc-queue-1] warning: slow query took 422ms
2026-02-21T02:40:04.770Z [svc-sched-1] gc pause 100ms, heap 216MB
2026-02-21T02:40:04.772Z [svc-cache-2] gc pause 84ms, heap 111MB
2026-02-21T02:40:04.773Z [svc-search-1] health check ok
2026-02-21T02:40:04.774Z [svc-gateway-1] health check ok
2026-02-21T02:40:04.775Z [svc-sched-0] closed idle connection after 111s
2026-02-21T02:40:04.775Z [svc-sched-3] warning: slow query took 478ms
2026-02-21T02:40:04.776Z [pytest-xdist] gw4 test_queue.py::test_authorize_query PASSED in 107ms trace=d5e2695c-c3a8-fbb6-468d-2b0bfbe2854e
2026-02-21T02:40:04.778Z [svc-billing-2] closed idle connection after 237s
2026-02-21T02:40:04.778Z [svc-billing-3] processed batch of 259 items
2026-02-21T02:40:04.779Z [svc-billing-1] retrying connection to kafka (attempt 1/3)
2026-02-21T02:40:04.782Z [svc-billing-1] retrying connection to kafka (attempt 3/3)
2026-02-21T02:40:04.782Z [svc-search-3] connected to upstream in 50ms
2026-02-21T02:40:04.783Z [svc-notify-0] closed idle connection after 191s
2026-02-21T02:40:04.784Z [svc-gateway-3] processed batch of 399 items
2026-02-21T02:40:04.784Z [svc-media-3] processed batch of 30 items
2026-02-21T02:40:04.787Z [pytest-xdist] gw5 test_media.py::test_authorize_invoice PASSED in 68ms trace=a8ba50f2-b1ff-fa8b-5ea9-15190859eb8e
2026-02-21T02:40:04.787Z [svc-notify-2] health check ok
2026-02-21T02:40:04.788Z [svc-cache-3] warning: slow query took 712ms
2026-02-21T02:40:04.788Z [svc-billing-4] connected to upstream in 34ms
2026-02-21T02:40:04.789Z [svc-media-1] connected to upstream in 55ms
2026-02-21T02:40:04.792Z [svc-queue-3] processed batch of 500 items
2026-02-21T02:40:04.794Z [svc-notify-2] closed idle connection after 197s
2026-02-21T02:40:04.796Z [svc-db-3] connected to upstream in 53ms
2026-02-21T02:40:04.797Z [svc-sched-4] closed idle connection after 105s
2026-02-21T02:40:04.798Z [svc-auth-0] connected to upstream in 64ms
2026-02-21T02:40:04.798Z [svc-cache-2] health check ok
2026-02-21T02:40:04.800Z [svc-queue-1] health check ok
2026-02-21T02:40:04.801Z [svc-gateway-3] closed idle connection after 48s
2026-02-21T02:40:04.802Z [svc-search-0] warning: slow query took 1404ms
2026-02-21T02:40:04.803Z [svc-auth-4] retrying connection to kafka (attempt 1/3)
2026-02-21T02:40:04.805Z [pytest-xdist] gw0 test_search.py::test_update_shipment PASSED in 96ms trace=7ad94243-2e8a-af73-ffd4-ff7ced89ffcb
2026-02-21T02:40:04.807Z [svc-queue-4] health check ok
2026-02-21T02:40:04.808Z [svc-billing-1] gc pause 57ms, heap 667MB
2026-02-21T02:40:04.810Z [svc-db-1] cache hit rate 88%
2026-02-21T02:40:04.810Z [svc-gateway-3] warning: slow query took 1133ms
2026-02-21T02:40:04.811Z [svc-notify-4] retrying connection to elasticsearch (attempt 2/3)
2026-02-21T02:40:04.811Z [svc-media-2] retrying connection to redis (attempt 2/3)
2026-02-21T02:40:04.812Z [svc-cache-2] gc pause 124ms, heap 789MB
2026-02-21T02:40:04.813Z [svc-search-3] closed idle connection after 180s
2026-02-21T02:40:04.814Z [svc-cache-4] closed idle connection after 105s
2026-02-21T02:40:04.815Z [svc-queue-1] cache hit rate 88%
2026-02-21T02:40:04.817Z [svc-cache-0] retrying connection to vault (attempt 3/3)
2026-02-21T02:40:04.817Z [svc-queue-2] closed idle connection after 158s
2026-02-21T02:40:04.818Z [svc-billing-0] connected to upstream in 8ms
2026-02-21T02:40:04.818Z [svc-sched-0] retrying connection to vault (attempt 3/3)
2026-02-21T02:40:04.819Z [svc-queue-4] gc pause 101ms, heap 516MB
2026-02-21T02:40:04.820Z [svc-auth-3] cache hit rate 92%
2026-02-21T02:40:04.820Z [svc-queue-1] closed idle connection after 177s
2026-02-21T02:40:04.820Z [svc-sched-2] cache hit rate 95%
2026-02-21T02:40:04.822Z [svc-auth-0] health check ok
2026-02-21T02:40:04.822Z [svc-db-3] warning: slow query took 629ms
2026-02-21T02:40:04.822Z [svc-db-4] health check ok
2026-02-21T02:40:04.823Z [svc-media-4] gc pause 16ms, heap 603MB
2026-02-21T02:40:04.824Z [pytest-xdist] gw4 test_orders.py::test_validate_invoice PASSED in 19ms trace=c980874a-965b-09bc-20bb-23675356266e
2026-02-21T02:40:04.824Z [svc-auth-1] closed idle connection after 162s
2026-02-21T02:40:04.825Z [svc-gateway-3] cache hit rate 92%
2026-02-21T02:40:04.825Z [svc-queue-3] health check ok
2026-02-21T02:40:04.826Z [svc-sched-0] warning: slow query took 1347ms
2026-02-21T02:40:04.827Z [svc-billing-3] processed batch of 299 items
2026-02-21T02:40:04.832Z [pytest-xdist] gw5 test_notify.py::test_create_refund PASSED in 86ms trace=814713ae-234a-ab99-939f-62e550d64180
2026-02-21T02:40:04.834Z [svc-db-0] gc pause 120ms, heap 255MB
2026-02-21T02:40:04.835Z [svc-auth-1] health check ok
2026-02-21T02:40:04.835Z [svc-billing-4] retrying connection to vault (attempt 2/3)
2026-02-21T02:40:04.838Z [svc-search-0] processed batch of 110 items
2026-02-21T02:40:04.838Z [svc-media-2] connected to upstream in 75ms
2026-02-21T02:40:04.841Z [svc-billing-4] connected to upstream in 80ms
2026-02-21T02:40:04.841Z [svc-notify-2] processed batch of 393 items
2026-02-21T02:40:04.842Z [svc-billing-2] warning: slow query took 1173ms
2026-02-21T02:40:04.844Z [svc-media-1] warning: slow query took 2026ms
2026-02-21T02:40:04.845Z [svc-search-0] processed batch of 256 items
2026-02-21T02:40:04.846Z [svc-search-1] closed idle connection after 94s
2026-02-21T02:40:04.847Z [svc-auth-0] health check ok
2026-02-21T02:40:04.847Z [svc-queue-3] cache hit rate 95%
2026-02-21T02:40:04.848Z [pytest-xdist] gw3 test_payments.py::test_paginate_attachment PASSED in 67ms trace=8335ea0e-7dbc-23d5-538f-5897499a7b12
2026-02-21T02:40:04.848Z [svc-billing-1] cache hit rate 90%
2026-02-21T02:40:04.852Z [svc-gateway-1] gc pause 83ms, heap 424MB
2026-02-21T02:40:04.854Z [svc-billing-1] retrying connection to kafka (attempt 3/3)
2026-02-21T02:40:04.856Z [svc-search-3] cache hit rate 88%
2026-02-21T02:40:04.857Z [svc-billing-0] gc pause 26ms, heap 695MB
2026-02-21T02:40:04.858Z [pytest-xdist] gw5 test_sched.py::test_authorize_shipment PASSED in 15ms trace=cb30e7fe-b1e2-aada-bb1a-f9c4b13ed340
2026-02-21T02:40:04.858Z [svc-media-4] closed idle connection after 242s
2026-02-21T02:40:04.865Z [pytest-xdist] gw2 test_orders.py::test_expire_token PASSED in 2ms trace=2f4701a1-e5dc-aa3b-1b32-6eb0e59bbae8
2026-02-21T02:40:04.865Z [svc-cache-3] health check ok
2026-02-21T02:40:04.865Z [svc-search-4] connected to upstream in 25ms
2026-02-21T02:40:04.867Z [svc-search-2] health check ok
2026-02-21T02:40:04.868Z [svc-sched-3] cache hit rate 92%
2026-02-21T02:40:04.869Z [svc-queue-1] retrying connection to postgres (attempt 3/3)
2026-02-21T02:40:04.871Z [svc-media-1] retrying connection to postgres (attempt 1/3)
2026-02-21T02:40:04.871Z [svc-media-2] processed batch of 459 items
2026-02-21T02:40:04.873Z [svc-notify-3] health check ok
2026-02-21T02:40:04.876Z [svc-sched-2] cache hit rate 88%
2026-02-21T02:40:04.878Z [pytest-xdist] gw5 test_media.py::test_update_quota PASSED in 24ms trace=4746097d-02c9-b625-0687-e1001493ffab
2026-02-21T02:40:04.879Z [svc-search-4] retrying connection to elasticsearch (attempt 2/3)
2026-02-21T02:40:04.881Z [svc-db-3] health check ok
2026-02-21T02:40:04.881Z [svc-search-4] retrying connection to elasticsearch (attempt 2/3)
2026-02-21T02:40:04.881Z [svc-notify-1] gc pause 57ms, heap 242MB
2026-02-21T02:40:04.881Z [svc-queue-1] health check ok
2026-02-21T02:40:04.882Z [svc-auth-3] closed idle connection after 275s
2026-02-21T02:40:04.882Z [svc-billing-3] closed idle connection after 176s
2026-02-21T02:40:04.885Z [svc-billing-0] retrying connection to redis (attempt 1/3)
2026-02-21T02:40:04.887Z [svc-notify-3] connected to upstream in 56ms
2026-02-21T02:40:04.888Z [svc-cache-2] gc pause 19ms, heap 152MB
2026-02-21T02:40:04.888Z [svc-queue-0] connected to upstream in 67ms
2026-02-21T02:40:04.891Z [svc-notify-3] warning: slow query took 2188ms
2026-02-21T02:40:04.891Z [svc-queue-4] health check ok
2026-02-21T02:40:04.892Z [pytest-xdist] gw3 test_webhooks.py::test_notify_session PASSED in 238ms trace=aac6c719-b812-d6cc-1d74-18506c2a147c
2026-02-21T02:40:04.896Z [svc-gateway-0] retrying connection to redis (attempt 1/3)
2026-02-21T02:40:04.896Z [svc-gateway-1] gc pause 69ms, heap 431MB
2026-02-21T02:40:04.899Z [svc-search-0] closed idle connection after 50s
2026-02-21T02:40:04.900Z [svc-media-3] cache hit rate 90%
2026-02-21T02:40:04.901Z [svc-db-2] gc pause 31ms, heap 529MB
2026-02-21T02:40:04.904Z [svc-billing-2] closed idle connection after 264s
2026-02-21T02:40:04.904Z [svc-search-4] closed idle connection after 128s
2026-02-21T02:40:04.905Z [svc-cache-1] cache hit rate 95%
2026-02-21T02:40:04.905Z [svc-media-2] gc pause 55ms, heap 580MB
2026-02-21T02:40:04.907Z [pytest-xdist] gw1 test_sched.py::test_delete_quota PASSED in 194ms trace=940ee1cf-207c-922d-6094-4cccdc1382e0
2026-02-21T02:40:04.907Z [svc-billing-3] closed idle connection after 94s
2026-02-21T02:40:04.908Z [svc-notify-0] warning: slow query took 794ms
2026-02-21T02:40:04.910Z [svc-notify-0] gc pause 76ms, heap 292MB
2026-02-21T02:40:04.914Z [svc-db-0] processed batch of 444 items
2026-02-21T02:40:04.915Z [svc-cache-2] warning: slow query took 697ms
2026-02-21T02:40:04.917Z [svc-media-1] cache hit rate 90%
2026-02-21T02:40:04.917Z [svc-queue-3] warning: slow query took 1383ms
2026-02-21T02:40:04.918Z [svc-cache-0] connected to upstream in 76ms
2026-02-21T02:40:04.919Z [svc-media-4] gc pause 9ms, heap 429MB
2026-02-21T02:40:04.922Z [svc-search-2] closed idle connection after 258s
2026-02-21T02:40:04.925Z [svc-queue-0] connected to upstream in 32ms
2026-02-21T02:40:04.927Z [pytest-xdist] gw3 test_users.py::test_notify_shipment PASSED in 248ms trace=e18bdbe4-c74b-1f46-9d0c-4b6a4b166023
2026-02-21T02:40:04.927Z [svc-billing-3] retrying connection to elasticsearch (attempt 3/3)
2026-02-21T02:40:04.927Z [svc-notify-1] cache hit rate 85%
2026-02-21T02:40:04.928Z [svc-billing-1] warning: slow query took 999ms
2026-02-21T02:40:04.928Z [svc-search-1] gc pause 9ms, heap 325MB
2026-02-21T02:40:04.928Z [svc-queue-4] warning: slow query took 1589ms
2026-02-21T02:40:04.937Z [svc-sched-2] processed batch of 293 items
2026-02-21T02:40:04.939Z [svc-db-3] health check ok
2026-02-21T02:40:04.943Z [pytest-xdist] gw5 test_users.py::test_cache_session PASSED in 107ms trace=7b3f15f2-d80a-810f-c5da-45007e22cf38
2026-02-21T02:40:04.944Z [svc-billing-3] warning: slow query took 1900ms
2026-02-21T02:40:04.944Z [svc-search-0] warning: slow query took 1487ms
2026-02-21T02:40:04.945Z [svc-auth-1] processed batch of 403 items
2026-02-21T02:40:04.948Z [svc-search-3] retrying connection to s3 (attempt 2/3)
2026-02-21T02:40:04.951Z [svc-auth-0] health check ok
2026-02-21T02:40:04.951Z [svc-sched-4] connected to upstream in 41ms
2026-02-21T02:40:04.952Z [svc-notify-4] cache hit rate 85%
2026-02-21T02:40:04.953Z [svc-billing-2] retrying connection to s3 (attempt 3/3)
2026-02-21T02:40:04.954Z [svc-notify-0] retrying connection to postgres (attempt 3/3)
2026-02-21T02:40:04.954Z [svc-queue-3] warning: slow query took 460ms
2026-02-21T02:40:04.955Z [pytest-xdist] gw4 test_reports.py::test_parse_session PASSED in 97ms trace=d031819e-ec71-7b65-8a4d-a6aad6d75537
2026-02-21T02:40:04.956Z [svc-notify-0] gc pause 29ms, heap 655MB
2026-02-21T02:40:04.957Z [svc-notify-0] gc pause 89ms, heap 629MB
2026-02-21T02:40:04.962Z [svc-media-4] warning: slow query took 1736ms
2026-02-21T02:40:04.963Z [svc-auth-0] processed batch of 354 items
2026-02-21T02:40:04.965Z [svc-search-2] gc pause 102ms, heap 432MB
2026-02-21T02:40:04.968Z [pytest-xdist] gw1 test_import.py::test_reconcile_query PASSED in 178ms trace=825da609-8435-ec46-dfe3-b8113842e7dc
2026-02-21T02:40:04.968Z [svc-billing-4] warning: slow query took 1281ms
2026-02-21T02:40:04.969Z [svc-auth-0] processed batch of 111 items
2026-02-21T02:40:04.969Z [svc-cache-1] gc pause 20ms, heap 131MB
2026-02-21T02:40:04.969Z [svc-db-3] warning: slow query took 1461ms
2026-02-21T02:40:04.970Z [svc-gateway-4] cache hit rate 88%
2026-02-21T02:40:04.971Z [svc-notify-4] closed idle connection after 259s
2026-02-21T02:40:04.971Z [svc-sched-2] cache hit rate 90%
2026-02-21T02:40:04.974Z [svc-notify-3] closed idle connection after 240s
2026-02-21T02:40:04.976Z [svc-cache-4] connected to upstream in 46ms
2026-02-21T02:40:04.976Z [svc-billing-3] gc pause 100ms, heap 253MB
2026-02-21T02:40:04.978Z [svc-billing-2] warning: slow query took 815ms
2026-02-21T02:40:04.979Z [svc-queue-1] closed idle connection after 153s
2026-02-21T02:40:04.981Z [svc-billing-0] connected to upstream in 21ms
2026-02-21T02:40:04.984Z [svc-gateway-0] retrying connection to redis (attempt 2/3)
2026-02-21T02:40:04.984Z [svc-queue-4] cache hit rate 85%
2026-02-21T02:40:04.986Z [pytest-xdist] gw0 test_notify.py::test_render_attachment PASSED in 60ms trace=a9ceaf65-fb9a-b168-e7f3-42add4752799
2026-02-21T02:40:04.988Z [svc-db-2] health check ok
2026-02-21T02:40:04.990Z [svc-notify-3] warning: slow query took 1430ms
2026-02-21T02:40:04.991Z [svc-cache-1] closed idle connection after 206s
2026-02-21T02:40:04.995Z [svc-auth-2] gc pause 83ms, heap 602MB
2026-02-21T02:40:04.995Z [svc-billing-1] processed batch of 42 items
2026-02-21T02:40:04.995Z [svc-billing-2] processed batch of 494 items
2026-02-21T02:40:04.996Z [svc-db-0] retrying connection to kafka (attempt 2/3)
2026-02-21T02:40:04.997Z [svc-gateway-4] gc pause 48ms, heap 138MB
2026-02-21T02:40:04.997Z [svc-queue-4] closed idle connection after 46s
2026-02-21T02:40:04.999Z [svc-queue-2] cache hit rate 90%
2026-02-21T02:40:04.999Z [svc-queue-3] warning: slow query took 1747ms
2026-02-21T02:40:05.000Z [svc-db-3] connected to upstream in 46ms
2026-02-21T02:40:05.000Z [svc-search-1] cache hit rate 95%
2026-02-21T02:40:05.001Z [svc-notify-0] connected to upstream in 41ms
2026-02-21T02:40:05.001Z [svc-notify-3] processed batch of 101 items
2026-02-21T02:40:05.003Z [svc-notify-0] gc pause 104ms, heap 335MB
2026-02-21T02:40:05.005Z [svc-auth-4] connected to upstream in 48ms
2026-02-21T02:40:05.005Z [svc-cache-1] processed batch of 171 items
2026-02-21T02:40:05.008Z [pytest-xdist] gw1 test_notify.py::test_sync_user PASSED in 11ms trace=93587c94-f2b7-4c48-aec5-8bf25f37776e
2026-02-21T02:40:05.013Z [svc-billing-1] cache hit rate 88%
2026-02-21T02:40:05.014Z [svc-auth-3] gc pause 19ms, heap 292MB
2026-02-21T02:40:05.016Z [svc-billing-2] cache hit rate 88%
2026-02-21T02:40:05.017Z [svc-cache-0] gc pause 114ms, heap 351MB
2026-02-21T02:40:05.018Z [svc-auth-1] health check ok
2026-02-21T02:40:05.018Z [svc-sched-4] health check ok
2026-02-21T02:40:05.019Z [svc-billing-3] gc pause 76ms, heap 486MB
2026-02-21T02:40:05.020Z [svc-auth-1] gc pause 20ms, heap 621MB
2026-02-21T02:40:05.023Z [pytest-xdist] gw3 test_auth.py::test_render_user PASSED in 52ms trace=013296e8-00f5-0c43-21a2-393cbee7e80f
2026-02-21T02:40:05.023Z [svc-cache-2] retrying connection to redis (attempt 2/3)
2026-02-21T02:40:05.024Z [svc-media-0] health check ok
2026-02-21T02:40:05.025Z [svc-media-2] processed batch of 416 items
2026-02-21T02:40:05.026Z [svc-db-3] cache hit rate 95%
2026-02-21T02:40:05.026Z [svc-gateway-0] gc pause 43ms, heap 111MB
2026-02-21T02:40:05.026Z [svc-queue-1] cache hit rate 92%
2026-02-21T02:40:05.026Z [svc-sched-1] retrying connection to postgres (attempt 3/3)
2026-02-21T02:40:05.028Z [svc-search-4] processed batch of 472 items
2026-02-21T02:40:05.029Z [svc-sched-2] connected to upstream in 76ms
2026-02-21T02:40:05.030Z [svc-queue-0] cache hit rate 95%
2026-02-21T02:40:05.031Z [pytest-xdist] gw4 test_webhooks.py::test_validate_invoice PASSED in 55ms trace=bcb0a415-359a-07ad-b357-f49b33ee924c
2026-02-21T02:40:05.032Z [svc-auth-3] processed batch of 23 items
2026-02-21T02:40:05.033Z [svc-notify-4] warning: slow query took 1477ms
2026-02-21T02:40:05.033Z [svc-gateway-2] gc pause 14ms, heap 893MB
2026-02-21T02:40:05.033Z [svc-sched-3] closed idle connection after 97s
2026-02-21T02:40:05.035Z [svc-cache-4] gc pause 101ms, heap 804MB
2026-02-21T02:40:05.035Z [svc-queue-2] cache hit rate 92%
2026-02-21T02:40:05.038Z [svc-search-0] health check ok
2026-02-21T02:40:05.038Z [svc-media-4] health check ok
2026-02-21T02:40:05.040Z [svc-auth-0] gc pause 95ms, heap 717MB
2026-02-21T02:40:05.041Z [svc-billing-0] warning: slow query took 2180ms
2026-02-21T02:40:05.041Z [svc-billing-1] warning: slow query took 654ms
2026-02-21T02:40:05.044Z [svc-db-4] cache hit rate 88%
2026-02-21T02:40:05.044Z [svc-search-1] connected to upstream in 38ms
2026-02-21T02:40:05.045Z [svc-gateway-0] warning: slow query took 988ms
2026-02-21T02:40:05.047Z [svc-notify-3] closed idle connection after 45s
2026-02-21T02:40:05.049Z [svc-auth-2] health check ok
2026-02-21T02:40:05.049Z [svc-db-2] connected to upstream in 83ms
2026-02-21T02:40:05.051Z [pytest-xdist] gw5 test_reports.py::test_delete_token PASSED in 102ms trace=1ef51e08-e952-c46d-5c2e-df079b13b14d
2026-02-21T02:40:05.052Z [svc-db-0] retrying connection to kafka (attempt 2/3)
2026-02-21T02:40:05.052Z [svc-media-2] connected to upstream in 62ms
2026-02-21T02:40:05.056Z [pytest-xdist] gw3 test_billing.py::test_authorize_invoice PASSED in 127ms trace=b548fcd7-01cf-7922-60a2-7a1611dc99e7
2026-02-21T02:40:05.057Z [svc-db-0] health check ok
2026-02-21T02:40:05.058Z [svc-search-4] gc pause 82ms, heap 847MB
2026-02-21T02:40:05.059Z [svc-db-0] warning: slow query took 772ms
2026-02-21T02:40:05.059Z [svc-billing-4] retrying connection to vault (attempt 3/3)
2026-02-21T02:40:05.059Z [svc-notify-1] connected to upstream in 54ms
2026-02-21T02:40:05.059Z [svc-media-2] health check ok
2026-02-21T02:40:05.061Z [svc-media-1] retrying connection to postgres (attempt 3/3)
2026-02-21T02:40:05.062Z [svc-auth-0] gc pause 77ms, heap 585MB
2026-02-21T02:40:05.063Z [svc-auth-3] retrying connection to redis (attempt 2/3)
2026-02-21T02:40:05.063Z [svc-search-1] gc pause 66ms, heap 765MB
2026-02-21T02:40:05.063Z [svc-notify-2] connected to upstream in 65ms
2026-02-21T02:40:05.063Z [svc-media-4] connected to upstream in 5ms
2026-02-21T02:40:05.065Z [svc-db-1] processed batch of 419 items
2026-02-21T02:40:05.069Z [svc-notify-4] health check ok
2026-02-21T02:40:05.071Z [svc-auth-4] retrying connection to kafka (attempt 1/3)
2026-02-21T02:40:05.071Z [svc-media-3] warning: slow query took 652ms
2026-02-21T02:40:05.071Z [svc-queue-4] connected to upstream in 28ms
2026-02-21T02:40:05.073Z [svc-auth-3] health check ok
2026-02-21T02:40:05.074Z [pytest-xdist] gw4 test_import.py::test_validate_session PASSED in 231ms trace=45af386a-1d83-1432-737e-cc59c4d307da
2026-02-21T02:40:05.078Z [svc-notify-2] retrying connection to kafka (attempt 3/3)
2026-02-21T02:40:05.080Z [svc-search-1] gc pause 78ms, heap 455MB
2026-02-21T02:40:05.080Z [svc-gateway-2] health check ok
2026-02-21T02:40:05.081Z [svc-auth-4] gc pause 94ms, heap 271MB
2026-02-21T02:40:05.083Z [svc-media-2] connected to upstream in 16ms
2026-02-21T02:40:05.084Z [svc-search-3] processed batch of 368 items
2026-02-21T02:40:05.085Z [svc-notify-0] gc pause 51ms, heap 582MB
2026-02-21T02:40:05.087Z [svc-sched-3] gc pause 104ms, heap 110MB
2026-02-21T02:40:05.089Z [svc-media-1] warning: slow query took 303ms
2026-02-21T02:40:05.095Z [pytest-xdist] gw3 test_queue.py::test_paginate_webhook PASSED in 234ms trace=f74a3cf2-ef15-004d-9794-a8d8074f907c
2026-02-21T02:40:05.096Z [svc-cache-2] connected to upstream in 78ms
2026-02-21T02:40:05.097Z [svc-queue-4] gc pause 62ms, heap 783MB
2026-02-21T02:40:05.100Z [svc-gateway-4] connected to upstream in 23ms
2026-02-21T02:40:05.101Z [svc-cache-1] closed idle connection after 251s
2026-02-21T02:40:05.103Z [svc-search-0] cache hit rate 90%
2026-02-21T02:40:05.103Z [svc-notify-0] connected to upstream in 26ms
2026-02-21T02:40:05.104Z [svc-media-0] cache hit rate 95%
2026-02-21T02:40:05.105Z [svc-queue-2] cache hit rate 85%
2026-02-21T02:40:05.105Z [svc-sched-2] warning: slow query took 1549ms
2026-02-21T02:40:05.106Z [svc-db-2] warning: slow query took 2116ms
2026-02-21T02:40:05.106Z [svc-media-0] closed idle connection after 159s
2026-02-21T02:40:05.107Z [svc-cache-2] gc pause 74ms, heap 304MB
2026-02-21T02:40:05.111Z [pytest-xdist] gw3 test_reports.py::test_reconcile_shipment PASSED in 198ms trace=dbf3c585-75c3-f3ef-a26e-81f7dc49d5b8
2026-02-21T02:40:05.114Z [pytest-xdist] gw1 test_auth.py::test_sync_shipment PASSED in 211ms trace=0d9f0109-ca67-33c1-7c7a-9bce97373a5e
2026-02-21T02:40:05.114Z [svc-auth-2] gc pause 93ms, heap 412MB
2026-02-21T02:40:05.115Z [svc-db-0] retrying connection to kafka (attempt 2/3)
2026-02-21T02:40:05.117Z [svc-gateway-0] gc pause 87ms, heap 799MB
2026-02-21T02:40:05.118Z [svc-cache-0] warning: slow query took 742ms
2026-02-21T02:40:05.120Z [svc-sched-4] processed batch of 262 items
2026-02-21T02:40:05.121Z [svc-cache-4] gc pause 85ms, heap 259MB
2026-02-21T02:40:05.124Z [svc-gateway-2] gc pause 23ms, heap 202MB
2026-02-21T02:40:05.125Z [svc-queue-1] retrying connection to postgres (attempt 3/3)
2026-02-21T02:40:05.129Z [svc-db-3] closed idle connection after 66s
2026-02-21T02:40:05.130Z [pytest-xdist] gw1 test_notify.py::test_render_token PASSED in 155ms trace=a3600ef0-e4d2-29a4-7ce5-6ec2408a2fd1
2026-02-21T02:40:05.131Z [svc-cache-1] cache hit rate 92%
2026-02-21T02:40:05.133Z [svc-media-1] connected to upstream in 8ms
2026-02-21T02:40:05.135Z [svc-cache-0] processed batch of 284 items
2026-02-21T02:40:05.142Z [svc-search-2] warning: slow query took 1440ms
2026-02-21T02:40:05.142Z [svc-sched-4] connected to upstream in 76ms
2026-02-21T02:40:05.145Z [pytest-xdist] gw5 test_media.py::test_render_subscription PASSED in 145ms trace=5e41be08-ca9b-24cc-d010-b381749e8e32
2026-02-21T02:40:05.145Z [svc-db-2] closed idle connection after 92s
2026-02-21T02:40:05.145Z [svc-search-4] warning: slow query took 766ms
2026-02-21T02:40:05.146Z [svc-cache-1] cache hit rate 88%
2026-02-21T02:40:05.146Z [svc-db-1] warning: slow query took 950ms
2026-02-21T02:40:05.147Z [svc-auth-2] cache hit rate 90%
2026-02-21T02:40:05.149Z [svc-cache-1] retrying connection to postgres (attempt 3/3)
2026-02-21T02:40:05.150Z [svc-queue-1] cache hit rate 92%
2026-02-21T02:40:05.151Z [svc-auth-3] connected to upstream in 21ms
2026-02-21T02:40:05.152Z [svc-gateway-2] gc pause 73ms, heap 779MB
2026-02-21T02:40:05.153Z [svc-sched-3] closed idle connection after 228s
2026-02-21T02:40:05.155Z [svc-billing-4] health check ok
2026-02-21T02:40:05.156Z [svc-notify-2] processed batch of 288 items
2026-02-21T02:40:05.165Z [pytest-xdist] gw4 test_search.py::test_expire_invoice PASSED in 129ms trace=3d9364fd-152a-4f62-a89a-34e72e8193cf
2026-02-21T02:40:05.165Z [svc-auth-2] gc pause 55ms, heap 279MB
2026-02-21T02:40:05.166Z [svc-media-3] health check ok
2026-02-21T02:40:05.167Z [svc-cache-0] retrying connection to vault (attempt 1/3)
2026-02-21T02:40:05.169Z [svc-notify-4] connected to upstream in 80ms
2026-02-21T02:40:05.169Z [svc-sched-4] retrying connection to s3 (attempt 2/3)
2026-02-21T02:40:05.171Z [svc-billing-2] health check ok
2026-02-21T02:40:05.171Z [svc-search-3] connected to upstream in 20ms
2026-02-21T02:40:05.171Z [svc-notify-0] warning: slow query took 1358ms
2026-02-21T02:40:05.172Z [pytest-xdist] gw0 test_import.py::test_cache_token PASSED in 94ms trace=5f9a5551-0255-ce54-994c-22a3820a652b
2026-02-21T02:40:05.172Z [svc-auth-2] cache hit rate 88%
2026-02-21T02:40:05.175Z [svc-cache-3] processed batch of 92 items
2026-02-21T02:40:05.175Z [svc-notify-4] cache hit rate 95%
2026-02-21T02:40:05.175Z [svc-media-2] cache hit rate 95%
2026-02-21T02:40:05.177Z [svc-billing-3] connected to upstream in 73ms
2026-02-21T02:40:05.177Z [svc-queue-3] health check ok
2026-02-21T02:40:05.178Z [svc-db-3] cache hit rate 90%
2026-02-21T02:40:05.178Z [svc-gateway-2] gc pause 47ms, heap 545MB
2026-02-21T02:40:05.179Z [svc-search-3] processed batch of 147 items
2026-02-21T02:40:05.179Z [svc-gateway-1] closed idle connection after 124s
2026-02-21T02:40:05.181Z [svc-gateway-4] gc pause 18ms, heap 585MB
2026-02-21T02:40:05.183Z [svc-auth-0] connected to upstream in 37ms
2026-02-21T02:40:05.183Z [svc-auth-3] cache hit rate 88%
2026-02-21T02:40:05.189Z [svc-db-2] connected to upstream in 69ms
2026-02-21T02:40:05.191Z [svc-sched-1] closed idle connection after 328s
2026-02-21T02:40:05.192Z [svc-media-3] processed batch of 255 items
2026-02-21T02:40:05.193Z [svc-cache-4] warning: slow query took 1055ms
2026-02-21T02:40:05.194Z [pytest-xdist] gw2 test_search.py::test_render_shipment PASSED in 94ms trace=dc576787-99ee-6506-a6c5-d44c377afd2b
2026-02-21T02:40:05.195Z [svc-db-3] connected to upstream in 39ms
2026-02-21T02:40:05.195Z [svc-billing-0] processed batch of 296 items
2026-02-21T02:40:05.199Z [svc-billing-3] processed batch of 23 items
2026-02-21T02:40:05.200Z [pytest-xdist] gw5 test_payments.py::test_authorize_template PASSED in 70ms trace=d82b9865-f62f-a277-f8ac-5f60431ec052
2026-02-21T02:40:05.200Z [svc-auth-0] closed idle connection after 219s
2026-02-21T02:40:05.200Z [svc-search-4] cache hit rate 95%
2026-02-21T02:40:05.200Z [svc-notify-4] processed batch of 435 items
2026-02-21T02:40:05.201Z [svc-media-0] retrying connection to vault (attempt 2/3)
2026-02-21T02:40:05.201Z [svc-queue-4] cache hit rate 90%
2026-02-21T02:40:05.203Z [svc-cache-3] health check ok
2026-02-21T02:40:05.204Z [svc-db-3] processed batch of 436 items
2026-02-21T02:40:05.206Z [svc-sched-2] processed batch of 40 items
2026-02-21T02:40:05.207Z [svc-gateway-1] processed batch of 52 items
2026-02-21T02:40:05.208Z [svc-cache-0] connected to upstream in 36ms
2026-02-21T02:40:05.208Z [svc-notify-2] connected to upstream in 74ms
2026-02-21T02:40:05.209Z [svc-media-3] cache hit rate 88%
2026-02-21T02:40:05.215Z [svc-sched-4] cache hit rate 85%
2026-02-21T02:40:05.216Z [pytest-xdist] gw1 test_gateway.py::test_expire_attachment PASSED in 20ms trace=7c9bfe35-919c-d791-a9d3-d4876f8f6eb4
2026-02-21T02:40:05.216Z [svc-billing-4] gc pause 76ms, heap 423MB
2026-02-21T02:40:05.216Z [svc-sched-2] warning: slow query took 1512ms
2026-02-21T02:40:05.220Z [svc-db-1] gc pause 103ms, heap 563MB
2026-02-21T02:40:05.222Z [pytest-xdist] gw4 test_webhooks.py::test_create_refund PASSED in 7ms trace=4b2b7196-6d44-71b2-724a-9cd7213f73d4
2026-02-21T02:40:05.223Z [svc-db-3] cache hit rate 92%
2026-02-21T02:40:05.223Z [svc-media-0] warning: slow query took 1537ms
2026-02-21T02:40:05.226Z [svc-cache-3] cache hit rate 90%
2026-02-21T02:40:05.226Z [svc-gateway-1] cache hit rate 88%
2026-02-21T02:40:05.226Z [svc-queue-2] health check ok
2026-02-21T02:40:05.227Z [svc-media-4] warning: slow query took 2005ms
2026-02-21T02:40:05.228Z [svc-db-3] gc pause 97ms, heap 417MB
2026-02-21T02:40:05.230Z [pytest-xdist] gw1 test_users.py::test_authorize_session PASSED in 3ms trace=7c266a20-c8f7-edaa-7c22-006c8c7ede5f
2026-02-21T02:40:05.230Z [svc-db-1] closed idle connection after 198s
2026-02-21T02:40:05.232Z [svc-billing-0] gc pause 12ms, heap 258MB
2026-02-21T02:40:05.232Z [svc-notify-2] closed idle connection after 311s
2026-02-21T02:40:05.232Z [svc-media-0] gc pause 24ms, heap 774MB
2026-02-21T02:40:05.234Z [pytest-xdist] gw4 test_users.py::test_expire_invoice PASSED in 150ms trace=6413dbcb-4bc0-1c4b-4eb7-db12084727de
2026-02-21T02:40:05.234Z [svc-media-1] warning: slow query took 1180ms
2026-02-21T02:40:05.235Z [svc-media-4] health check ok
2026-02-21T02:40:05.236Z [svc-cache-1] closed idle connection after 288s
2026-02-21T02:40:05.237Z [svc-db-3] processed batch of 226 items
2026-02-21T02:40:05.240Z [svc-gateway-0] health check ok
2026-02-21T02:40:05.242Z [svc-auth-2] health check ok
2026-02-21T02:40:05.245Z [svc-gateway-4] retrying connection to vault (attempt 3/3)
2026-02-21T02:40:05.246Z [svc-queue-0] connected to upstream in 21ms
2026-02-21T02:40:05.249Z [svc-db-1] cache hit rate 92%
2026-02-21T02:40:05.249Z [svc-search-0] processed batch of 444 items
2026-02-21T02:40:05.252Z [pytest-xdist] gw4 test_search.py::test_reconcile_region PASSED in 164ms trace=915bcce2-c0f9-4389-f188-48e43cd5ed17
2026-02-21T02:40:05.253Z [svc-sched-1] connected to upstream in 66ms
2026-02-21T02:40:05.253Z [svc-sched-2] retrying connection to redis (attempt 3/3)
2026-02-21T02:40:05.255Z [svc-cache-2] gc pause 22ms, heap 716MB
2026-02-21T02:40:05.257Z [svc-billing-3] health check ok
2026-02-21T02:40:05.258Z [svc-cache-2] closed idle connection after 226s
2026-02-21T02:40:05.259Z [svc-media-0] retrying connection to vault (attempt 2/3)
2026-02-21T02:40:05.259Z [svc-queue-2] gc pause 63ms, heap 158MB
2026-02-21T02:40:05.261Z [svc-sched-4] closed idle connection after 305s
2026-02-21T02:40:05.262Z [svc-queue-2] closed idle connection after 266s
2026-02-21T02:40:05.263Z [svc-queue-1] retrying connection to postgres (attempt 2/3)
2026-02-21T02:40:05.263Z [svc-queue-2] retrying connection to redis (attempt 1/3)
2026-02-21T02:40:05.265Z [svc-sched-2] gc pause 98ms, heap 838MB
2026-02-21T02:40:05.266Z [svc-media-4] gc pause 65ms, heap 688MB
2026-02-21T02:40:05.267Z [svc-gateway-0] cache hit rate 90%
2026-02-21T02:40:05.270Z [pytest-xdist] gw3 test_import.py::test_retry_region PASSED in 26ms trace=7771192e-6414-92dd-9294-0456b5d119fb
2026-02-21T02:40:05.270Z [svc-notify-0] health check ok
2026-02-21T02:40:05.272Z [svc-media-2] connected to upstream in 9ms
2026-02-21T02:40:05.272Z [svc-sched-2] processed batch of 486 items
2026-02-21T02:40:05.276Z [svc-db-1] gc pause 25ms, heap 535MB
2026-02-21T02:40:05.277Z [svc-gateway-0] retrying connection to redis (attempt 2/3)
2026-02-21T02:40:05.280Z [svc-search-0] processed batch of 477 items
2026-02-21T02:40:05.280Z [svc-queue-1] warning: slow query took 961ms
2026-02-21T02:40:05.281Z [svc-billing-0] health check ok
2026-02-21T02:40:05.283Z [svc-cache-1] cache hit rate 90%
2026-02-21T02:40:05.283Z [svc-notify-3] health check ok
2026-02-21T02:40:05.284Z [pytest-xdist] gw0 test_import.py::test_cache_invoice PASSED in 4ms trace=bf2134d3-ef3c-012f-ec44-d2245d6e0c08
2026-02-21T02:40:05.284Z [svc-media-4] cache hit rate 92%
2026-02-21T02:40:05.285Z [svc-gateway-4] health check ok
2026-02-21T02:40:05.288Z [svc-db-3] connected to upstream in 60ms
2026-02-21T02:40:05.289Z [svc-notify-1] warning: slow query took 764ms
2026-02-21T02:40:05.289Z [svc-sched-1] gc pause 63ms, heap 903MB
2026-02-21T02:40:05.292Z [pytest-xdist] gw4 test_webhooks.py::test_sync_index PASSED in 236ms trace=8d882f95-2227-1679-f8a4-5ef969e0195b
2026-02-21T02:40:05.292Z [svc-notify-2] cache hit rate 92%
2026-02-21T02:40:05.297Z [svc-notify-1] processed batch of 258 items
2026-02-21T02:40:05.300Z [svc-search-1] processed batch of 103 items
2026-02-21T02:40:05.300Z [svc-gateway-4] processed batch of 287 items
2026-02-21T02:40:05.301Z [svc-media-2] warning: slow query took 722ms
2026-02-21T02:40:05.302Z [svc-media-4] connected to upstream in 25ms
2026-02-21T02:40:05.303Z [svc-sched-2] closed idle connection after 193s
2026-02-21T02:40:05.304Z [svc-gateway-0] closed idle connection after 204s
2026-02-21T02:40:05.305Z [pytest-xdist] gw3 test_reports.py::test_render_template PASSED in 24ms trace=221ed827-dd35-eb08-2427-9773d1501ddc
2026-02-21T02:40:05.307Z [svc-auth-4] warning: slow query took 1929ms
2026-02-21T02:40:05.307Z [svc-notify-1] processed batch of 53 items
2026-02-21T02:40:05.308Z [svc-auth-2] warning: slow query took 2188ms
2026-02-21T02:40:05.308Z [svc-billing-3] retrying connection to elasticsearch (attempt 3/3)
2026-02-21T02:40:05.308Z [svc-gateway-1] cache hit rate 90%
2026-02-21T02:40:05.311Z [svc-gateway-3] processed batch of 465 items
2026-02-21T02:40:05.311Z [svc-media-0] cache hit rate 88%
2026-02-21T02:40:05.312Z [svc-auth-3] gc pause 67ms, heap 362MB
2026-02-21T02:40:05.316Z [svc-cache-4] retrying connection to s3 (attempt 3/3)
2026-02-21T02:40:05.316Z [svc-queue-2] gc pause 80ms, heap 889MB
2026-02-21T02:40:05.317Z [svc-billing-3] health check ok
2026-02-21T02:40:05.319Z [svc-cache-2] gc pause 38ms, heap 999MB
2026-02-21T02:40:05.319Z [svc-gateway-0] processed batch of 129 items
2026-02-21T02:40:05.319Z [svc-gateway-4] warning: slow query took 1463ms
2026-02-21T02:40:05.320Z [svc-db-1] processed batch of 504 items
2026-02-21T02:40:05.320Z [svc-media-0] cache hit rate 95%
2026-02-21T02:40:05.321Z [svc-notify-0] cache hit rate 88%
2026-02-21T02:40:05.322Z [svc-cache-2] closed idle connection after 54s
2026-02-21T02:40:05.324Z [svc-search-4] gc pause 70ms, heap 302MB
2026-02-21T02:40:05.324Z [svc-notify-0] processed batch of 302 items
2026-02-21T02:40:05.325Z [pytest-xdist] gw5 test_billing.py::test_create_region PASSED in 155ms trace=a265b7f5-c7cd-8c1a-cb9b-4f0a83ff77e7
2026-02-21T02:40:05.325Z [svc-media-3] cache hit rate 92%
2026-02-21T02:40:05.327Z [svc-auth-0] closed idle connection after 99s
2026-02-21T02:40:05.327Z [svc-auth-3] cache hit rate 95%
2026-02-21T02:40:05.327Z [svc-cache-4] warning: slow query took 1381ms
2026-02-21T02:40:05.328Z [pytest-xdist] gw4 test_media.py::test_authorize_query PASSED in 243ms trace=e4e5cecc-1f09-9a11-7911-026fddc5c9d7
2026-02-21T02:40:05.328Z [svc-auth-2] gc pause 97ms, heap 837MB
2026-02-21T02:40:05.328Z [svc-media-2] connected to upstream in 18ms
2026-02-21T02:40:05.328Z [svc-sched-4] gc pause 91ms, heap 859MB
2026-02-21T02:40:05.329Z [svc-sched-3] retrying connection to kafka (attempt 2/3)
2026-02-21T02:40:05.331Z [svc-db-2] health check ok
2026-02-21T02:40:05.332Z [svc-search-3] cache hit rate 85%
2026-02-21T02:40:05.333Z [svc-notify-0] retrying connection to postgres (attempt 1/3)
2026-02-21T02:40:05.333Z [svc-gateway-0] connected to upstream in 7ms
2026-02-21T02:40:05.335Z [svc-search-1] warning: slow query took 451ms
2026-02-21T02:40:05.337Z [svc-cache-1] gc pause 61ms, heap 389MB
2026-02-21T02:40:05.338Z [svc-billing-3] connected to upstream in 32ms
2026-02-21T02:40:05.339Z [svc-auth-4] connected to upstream in 6ms
2026-02-21T02:40:05.341Z [pytest-xdist] gw3 test_media.py::test_render_attachment PASSED in 74ms trace=f66b1920-5ecc-8866-1303-1bdcbd720d70
2026-02-21T02:40:05.341Z [svc-notify-1] gc pause 124ms, heap 207MB
2026-02-21T02:40:05.343Z [svc-search-4] connected to upstream in 84ms
2026-02-21T02:40:05.343Z [svc-gateway-2] gc pause 115ms, heap 453MB
2026-02-21T02:40:05.345Z [svc-auth-4] closed idle connection after 64s
2026-02-21T02:40:05.346Z [pytest-xdist] gw3 test_queue.py::test_update_index PASSED in 74ms trace=6c8ac81d-ac7e-66a7-c7d9-5d48bfe5c103
2026-02-21T02:40:05.351Z [pytest-xdist] gw5 test_export.py::test_reconcile_session PASSED in 101ms trace=06b978f5-81fc-810a-bbe8-ced2f71c62f6
2026-02-21T02:40:05.352Z [svc-cache-2] processed batch of 230 items
2026-02-21T02:40:05.352Z [svc-sched-0] closed idle connection after 246s
2026-02-21T02:40:05.353Z [svc-db-3] warning: slow query took 611ms
2026-02-21T02:40:05.354Z [svc-billing-2] gc pause 112ms, heap 600MB
2026-02-21T02:40:05.354Z [svc-queue-1] connected to upstream in 18ms
2026-02-21T02:40:05.355Z [svc-notify-4] processed batch of 458 items
2026-02-21T02:40:05.355Z [svc-queue-3] retrying connection to kafka (attempt 3/3)
2026-02-21T02:40:05.357Z [svc-cache-3] processed batch of 293 items
2026-02-21T02:40:05.357Z [svc-search-2] retrying connection to kafka (attempt 3/3)
2026-02-21T02:40:05.359Z [svc-billing-4] cache hit rate 95%
2026-02-21T02:40:05.359Z [svc-notify-0] closed idle connection after 301s
2026-02-21T02:40:05.359Z [svc-gateway-2] cache hit rate 90%
2026-02-21T02:40:05.360Z [svc-billing-2] cache hit rate 90%
2026-02-21T02:40:05.360Z [svc-media-4] processed batch of 58 items
2026-02-21T02:40:05.361Z [svc-db-2] processed batch of 406 items
2026-02-21T02:40:05.362Z [svc-gateway-4] connected to upstream in 71ms
2026-02-21T02:40:05.363Z [svc-db-4] processed batch of 81 items
2026-02-21T02:40:05.363Z [svc-search-3] warning: slow query took 270ms
2026-02-21T02:40:05.364Z [pytest-xdist] gw1 test_billing.py::test_render_template PASSED in 92ms trace=b3b6109e-a890-5c16-f9f9-1381d76f7893
2026-02-21T02:40:05.366Z [svc-billing-0] health check ok
2026-02-21T02:40:05.368Z [svc-cache-4] warning: slow query took 837ms
2026-02-21T02:40:05.373Z [svc-billing-3] retrying connection to elasticsearch (attempt 2/3)
2026-02-21T02:40:05.374Z [svc-cache-3] retrying connection to kafka (attempt 1/3)
2026-02-21T02:40:05.375Z [svc-db-3] retrying connection to vault (attempt 3/3)
2026-02-21T02:40:05.378Z [svc-auth-4] connected to upstream in 60ms
2026-02-21T02:40:05.378Z [svc-db-3] cache hit rate 90%
2026-02-21T02:40:05.381Z [svc-billing-3] gc pause 89ms, heap 675MB
2026-02-21T02:40:05.382Z [svc-cache-4] gc pause 35ms, heap 235MB
2026-02-21T02:40:05.382Z [svc-search-1] warning: slow query took 911ms
2026-02-21T02:40:05.383Z [svc-queue-1] connected to upstream in 72ms
2026-02-21T02:40:05.384Z [pytest-xdist] gw4 test_users.py::test_render_user PASSED in 154ms trace=0250f524-c5d5-7dab-47e3-c104179a7eb8
2026-02-21T02:40:05.384Z [svc-billing-1] cache hit rate 88%
2026-02-21T02:40:05.386Z [svc-db-4] health check ok
2026-02-21T02:40:05.387Z [svc-auth-2] health check ok
2026-02-21T02:40:05.387Z [svc-auth-3] health check ok
2026-02-21T02:40:05.390Z [svc-notify-3] retrying connection to s3 (attempt 1/3)
2026-02-21T02:40:05.391Z [svc-billing-4] cache hit rate 92%
2026-02-21T02:40:05.391Z [svc-sched-3] processed batch of 491 items
2026-02-21T02:40:05.396Z [pytest-xdist] gw5 test_reports.py::test_sync_quota PASSED in 74ms trace=f5b428f4-8e47-2b96-a47a-f2bbb7005bee
2026-02-21T02:40:05.396Z [svc-search-4] retrying connection to elasticsearch (attempt 1/3)
2026-02-21T02:40:05.401Z [svc-media-1] gc pause 7ms, heap 485MB
2026-02-21T02:40:05.401Z [svc-queue-4] gc pause 107ms, heap 754MB
2026-02-21T02:40:05.401Z [svc-sched-4] health check ok
2026-02-21T02:40:05.402Z [svc-queue-0] warning: slow query took 2131ms
2026-02-21T02:40:05.403Z [svc-billing-4] gc pause 12ms, heap 219MB
2026-02-21T02:40:05.404Z [pytest-xdist] gw2 test_notify.py::test_authorize_template PASSED in 40ms trace=d757313c-99a1-4249-89c7-8ce869d682ab
2026-02-21T02:40:05.404Z [svc-auth-4] retrying connection to kafka (attempt 3/3)
2026-02-21T02:40:05.405Z [svc-queue-2] connected to upstream in 63ms
2026-02-21T02:40:05.407Z [svc-auth-2] processed batch of 192 items
2026-02-21T02:40:05.407Z [svc-db-2] closed idle connection after 297s
2026-02-21T02:40:05.409Z [svc-auth-0] closed idle connection after 280s
2026-02-21T02:40:05.410Z [svc-notify-0] closed idle connection after 230s
2026-02-21T02:40:05.410Z [svc-sched-0] closed idle connection after 195s
2026-02-21T02:40:05.415Z [svc-billing-4] processed batch of 28 items
2026-02-21T02:40:05.420Z [pytest-xdist] gw2 test_queue.py::test_sync_invoice PASSED in 87ms trace=2ca7a571-42f1-14f7-74fe-ee047a436e28
2026-02-21T02:40:05.420Z [svc-cache-2] connected to upstream in 44ms
2026-02-21T02:40:05.421Z [svc-sched-1] cache hit rate 95%
2026-02-21T02:40:05.422Z [svc-cache-2] warning: slow query took 1161ms
2026-02-21T02:40:05.422Z [svc-search-1] gc pause 60ms, heap 914MB
2026-02-21T02:40:05.426Z [svc-search-4] cache hit rate 85%
2026-02-21T02:40:05.429Z [svc-cache-2] retrying connection to redis (attempt 2/3)
2026-02-21T02:40:05.431Z [svc-notify-3] warning: slow query took 1685ms
2026-02-21T02:40:05.432Z [svc-auth-3] connected to upstream in 79ms
2026-02-21T02:40:05.432Z [svc-media-2] processed batch of 67 items
2026-02-21T02:40:05.435Z [svc-cache-0] retrying connection to vault (attempt 1/3)
2026-02-21T02:40:05.438Z [pytest-xdist] gw0 test_reports.py::test_delete_index PASSED in 65ms trace=6002bed9-a288-8b1b-fa71-71254973b6b8
2026-02-21T02:40:05.438Z [svc-db-1] warning: slow query took 692ms
2026-02-21T02:40:05.438Z [svc-notify-4] retrying connection to elasticsearch (attempt 1/3)
2026-02-21T02:40:05.440Z [svc-sched-0] retrying connection to vault (attempt 3/3)
2026-02-21T02:40:05.441Z [svc-notify-0] connected to upstream in 35ms
2026-02-21T02:40:05.441Z [svc-media-0] cache hit rate 88%
2026-02-21T02:40:05.442Z [svc-sched-4] processed batch of 13 items
2026-02-21T02:40:05.444Z [svc-auth-0] connected to upstream in 74ms
2026-02-21T02:40:05.444Z [svc-media-2] cache hit rate 85%
2026-02-21T02:40:05.448Z [svc-billing-1] cache hit rate 88%
2026-02-21T02:40:05.448Z [svc-billing-2] health check ok
2026-02-21T02:40:05.449Z [pytest-xdist] gw0 test_search.py::test_parse_attachment PASSED in 1ms trace=9f5b86a4-d621-881f-a11d-c2c086c20e8c
2026-02-21T02:40:05.453Z [svc-db-3] health check ok
2026-02-21T02:40:05.453Z [svc-billing-2] processed batch of 76 items
2026-02-21T02:40:05.454Z [svc-gateway-3] health check ok
2026-02-21T02:40:05.455Z [svc-billing-3] health check ok
2026-02-21T02:40:05.456Z [svc-billing-1] gc pause 111ms, heap 139MB
2026-02-21T02:40:05.459Z [svc-notify-4] warning: slow query took 1308ms
2026-02-21T02:40:05.461Z [svc-cache-0] warning: slow query took 1010ms
2026-02-21T02:40:05.464Z [pytest-xdist] gw2 test_sched.py::test_cache_subscription PASSED in 187ms trace=e9577303-abb3-5d05-1b34-11c5bfcd1f9d
2026-02-21T02:40:05.464Z [svc-media-1] processed batch of 177 items
2026-02-21T02:40:05.467Z [pytest-xdist] gw5 test_search.py::test_reconcile_refund PASSED in 242ms trace=59d7080a-a2ae-6420-02bd-38b29e54d455
2026-02-21T02:40:05.467Z [svc-cache-2] warning: slow query took 1696ms
2026-02-21T02:40:05.467Z [svc-db-4] connected to upstream in 12ms
2026-02-21T02:40:05.467Z [svc-media-1] processed batch of 43 items
2026-02-21T02:40:05.469Z [svc-queue-1] cache hit rate 85%
2026-02-21T02:40:05.474Z [svc-search-1] processed batch of 473 items
2026-02-21T02:40:05.476Z [svc-notify-3] closed idle connection after 92s
2026-02-21T02:40:05.477Z [pytest-xdist] gw4 test_media.py::test_reconcile_region PASSED in 82ms trace=d4dca6dd-f226-fff4-9ec6-2a50a1221db4
2026-02-21T02:40:05.478Z [svc-cache-0] cache hit rate 85%
2026-02-21T02:40:05.479Z [svc-db-4] retrying connection to postgres (attempt 3/3)
2026-02-21T02:40:05.480Z [svc-notify-1] closed idle connection after 144s
2026-02-21T02:40:05.483Z [svc-auth-1] processed batch of 502 items
2026-02-21T02:40:05.487Z [svc-notify-1] warning: slow query took 2142ms
2026-02-21T02:40:05.488Z [svc-notify-2] processed batch of 32 items
2026-02-21T02:40:05.489Z [svc-billing-3] warning: slow query took 1179ms
2026-02-21T02:40:05.490Z [svc-media-4] closed idle connection after 101s
2026-02-21T02:40:05.491Z [svc-notify-4] retrying connection to elasticsearch (attempt 2/3)
2026-02-21T02:40:05.491Z [svc-media-4] warning: slow query took 1521ms
2026-02-21T02:40:05.492Z [pytest-xdist] gw5 test_webhooks.py::test_notify_template PASSED in 150ms trace=33f6afca-46a7-b018-3308-4b0c74b8e302
2026-02-21T02:40:05.492Z [svc-notify-1] processed batch of 486 items
2026-02-21T02:40:05.495Z [svc-cache-4] retrying connection to s3 (attempt 3/3)
2026-02-21T02:40:05.497Z [pytest-xdist] gw2 test_users.py::test_validate_index PASSED in 71ms trace=e6843950-46d4-1043-9100-b8f3a79d893d
2026-02-21T02:40:05.499Z [svc-db-4] processed batch of 33 items
2026-02-21T02:40:05.499Z [svc-search-3] processed batch of 391 items
2026-02-21T02:40:05.501Z [svc-media-1] gc pause 37ms, heap 553MB
2026-02-21T02:40:05.502Z [svc-cache-3] health check ok
2026-02-21T02:40:05.504Z [svc-cache-3] cache hit rate 88%
2026-02-21T02:40:05.504Z [svc-db-4] connected to upstream in 59ms
2026-02-21T02:40:05.504Z [svc-search-3] closed idle connection after 211s
2026-02-21T02:40:05.505Z [svc-auth-4] gc pause 20ms, heap 867MB
2026-02-21T02:40:05.507Z [svc-gateway-4] gc pause 30ms, heap 944MB
2026-02-21T02:40:05.508Z [svc-sched-3] cache hit rate 88%
2026-02-21T02:40:05.509Z [svc-search-3] processed batch of 81 items
2026-02-21T02:40:05.511Z [svc-auth-4] closed idle connection after 223s
2026-02-21T02:40:05.511Z [svc-sched-4] closed idle connection after 247s
2026-02-21T02:40:05.512Z [svc-billing-3] warning: slow query took 513ms
2026-02-21T02:40:05.513Z [svc-gateway-0] warning: slow query took 1609ms
2026-02-21T02:40:05.514Z [pytest-xdist] gw2 test_export.py::test_delete_session PASSED in 167ms trace=666c3659-e08a-ec51-9c9b-c88302e380e7
2026-02-21T02:40:05.515Z [svc-gateway-3] warning: slow query took 265ms
2026-02-21T02:40:05.516Z [svc-search-2] processed batch of 454 items
2026-02-21T02:40:05.517Z [svc-sched-2] gc pause 61ms, heap 617MB
2026-02-21T02:40:05.520Z [svc-search-3] warning: slow query took 1701ms
2026-02-21T02:40:05.521Z [svc-auth-1] health check ok
2026-02-21T02:40:05.522Z [svc-queue-3] cache hit rate 95%
2026-02-21T02:40:05.523Z [svc-auth-4] processed batch of 425 items
2026-02-21T02:40:05.523Z [svc-db-2] cache hit rate 88%
2026-02-21T02:40:05.523Z [svc-sched-1] warning: slow query took 1088ms
2026-02-21T02:40:05.524Z [svc-media-3] closed idle connection after 67s
2026-02-21T02:40:05.525Z [svc-db-4] processed batch of 467 items
2026-02-21T02:40:05.525Z [svc-media-1] closed idle connection after 214s
2026-02-21T02:40:05.525Z [svc-queue-4] connected to upstream in 56ms
2026-02-21T02:40:05.526Z [svc-cache-4] gc pause 91ms, heap 551MB
2026-02-21T02:40:05.526Z [svc-notify-4] processed batch of 58 items
2026-02-21T02:40:05.527Z [svc-search-1] connected to upstream in 20ms
2026-02-21T02:40:05.529Z [pytest-xdist] gw1 test_reports.py::test_update_user PASSED in 83ms trace=0c836ea7-f489-ee53-a858-36fe623545dc
2026-02-21T02:40:05.531Z [svc-notify-1] health check ok
2026-02-21T02:40:05.533Z [svc-billing-2] warning: slow query took 1029ms
2026-02-21T02:40:05.534Z [svc-gateway-2] warning: slow query took 798ms
2026-02-21T02:40:05.535Z [svc-cache-0] closed idle connection after 168s
2026-02-21T02:40:05.535Z [svc-gateway-0] closed idle connection after 161s
2026-02-21T02:40:05.535Z [svc-gateway-1] health check ok
2026-02-21T02:40:05.536Z [svc-search-1] closed idle connection after 299s
2026-02-21T02:40:05.540Z [svc-gateway-1] retrying connection to kafka (attempt 2/3)
2026-02-21T02:40:05.542Z [svc-search-1] closed idle connection after 153s
2026-02-21T02:40:05.542Z [svc-media-2] warning: slow query took 410ms
2026-02-21T02:40:05.544Z [svc-auth-4] cache hit rate 88%
2026-02-21T02:40:05.545Z [pytest-xdist] gw4 test_media.py::test_create_token PASSED in 128ms trace=7541be75-0ac3-b9f0-943f-9be6ad3907c0
2026-02-21T02:40:05.547Z [svc-gateway-1] connected to upstream in 19ms
2026-02-21T02:40:05.548Z [pytest-xdist] gw0 test_export.py::test_cache_template PASSED in 30ms trace=cdde0b4a-f2a9-ac0e-bd55-f5039165f1e3
2026-02-21T02:40:05.558Z [svc-db-0] warning: slow query took 1119ms
2026-02-21T02:40:05.560Z [svc-sched-4] gc pause 31ms, heap 290MB
2026-02-21T02:40:05.564Z [pytest-xdist] gw4 test_payments.py::test_paginate_token PASSED in 146ms trace=86204ff8-6e58-0f84-9051-58ab4babccf7
2026-02-21T02:40:05.564Z [svc-auth-1] health check ok
2026-02-21T02:40:05.564Z [svc-sched-1] warning: slow query took 989ms
2026-02-21T02:40:05.565Z [svc-media-2] gc pause 99ms, heap 811MB
2026-02-21T02:40:05.566Z [svc-queue-4] cache hit rate 85%
2026-02-21T02:40:05.569Z [svc-cache-4] cache hit rate 85%
2026-02-21T02:40:05.569Z [svc-queue-4] closed idle connection after 187s
2026-02-21T02:40:05.570Z [svc-db-3] gc pause 102ms, heap 154MB
2026-02-21T02:40:05.570Z [svc-media-4] processed batch of 40 items
2026-02-21T02:40:05.571Z [svc-media-0] processed batch of 254 items
2026-02-21T02:40:05.572Z [svc-queue-1] connected to upstream in 67ms
2026-02-21T02:40:05.574Z [svc-notify-2] warning: slow query took 1059ms
2026-02-21T02:40:05.574Z [svc-notify-3] retrying connection to s3 (attempt 3/3)
2026-02-21T02:40:05.574Z [svc-queue-1] gc pause 71ms, heap 996MB
2026-02-21T02:40:05.576Z [svc-sched-0] closed idle connection after 227s
2026-02-21T02:40:05.577Z [svc-notify-4] cache hit rate 92%
2026-02-21T02:40:05.577Z [svc-sched-0] retrying connection to vault (attempt 3/3)
2026-02-21T02:40:05.578Z [pytest-xdist] gw3 test_orders.py::test_retry_attachment PASSED in 6ms trace=5d2c3d94-d0e2-b9a1-3915-554fdceb77b6
2026-02-21T02:40:05.579Z [svc-queue-0] gc pause 58ms, heap 479MB
2026-02-21T02:40:05.580Z [svc-gateway-1] health check ok
2026-02-21T02:40:05.581Z [svc-db-3] retrying connection to vault (attempt 2/3)
2026-02-21T02:40:05.581Z [svc-gateway-4] connected to upstream in 21ms
2026-02-21T02:40:05.585Z [svc-notify-1] warning: slow query took 683ms
2026-02-21T02:40:05.587Z [svc-queue-0] warning: slow query took 1311ms
2026-02-21T02:40:05.589Z [svc-cache-4] retrying connection to s3 (attempt 1/3)
2026-02-21T02:40:05.589Z [svc-notify-0] health check ok
2026-02-21T02:40:05.592Z [svc-cache-1] health check ok
2026-02-21T02:40:05.592Z [svc-gateway-1] processed batch of 436 items
2026-02-21T02:40:05.598Z [svc-notify-0] processed batch of 26 items
2026-02-21T02:40:05.598Z [svc-gateway-4] closed idle connection after 40s
2026-02-21T02:40:05.598Z [svc-queue-0] health check ok
2026-02-21T02:40:05.599Z [pytest-xdist] gw4 test_gateway.py::test_render_quota PASSED in 48ms trace=33a7e8bd-6413-5cdb-3807-42df61fba112
2026-02-21T02:40:05.602Z [svc-sched-1] retrying connection to postgres (attempt 1/3)
2026-02-21T02:40:05.603Z [pytest-xdist] gw0 test_export.py::test_validate_invoice PASSED in 177ms trace=526fa718-0681-ef48-190f-171f6e70c6c6
2026-02-21T02:40:05.603Z [svc-notify-3] warning: slow query took 1459ms
2026-02-21T02:40:05.610Z [svc-media-4] processed batch of 483 items
2026-02-21T02:40:05.612Z [svc-sched-2] gc pause 75ms, heap 572MB
2026-02-21T02:40:05.615Z [svc-auth-3] warning: slow query took 1611ms
2026-02-21T02:40:05.615Z [svc-media-0] health check ok
2026-02-21T02:40:05.616Z [svc-db-1] processed batch of 475 items
2026-02-21T02:40:05.618Z [svc-search-1] processed batch of 19 items
2026-02-21T02:40:05.618Z [svc-media-3] connected to upstream in 79ms
2026-02-21T02:40:05.618Z [svc-sched-2] retrying connection to redis (attempt 1/3)
2026-02-21T02:40:05.620Z [svc-cache-2] connected to upstream in 60ms
2026-02-21T02:40:05.620Z [svc-gateway-0] health check ok
2026-02-21T02:40:05.623Z [pytest-xdist] gw3 test_gateway.py::test_authorize_refund PASSED in 124ms trace=55186efa-014a-8f78-aa99-079327ff943e
2026-02-21T02:40:05.623Z [svc-billing-3] connected to upstream in 72ms
2026-02-21T02:40:05.627Z [pytest-xdist] gw0 test_notify.py::test_cache_attachment PASSED in 238ms trace=2af7a6fc-3a65-70fc-ee3e-61836a29eaa0
2026-02-21T02:40:05.627Z [svc-billing-1] health check ok
2026-02-21T02:40:05.628Z [svc-search-2] gc pause 101ms, heap 347MB
2026-02-21T02:40:05.629Z [svc-db-3] warning: slow query took 875ms
2026-02-21T02:40:05.629Z [svc-gateway-4] connected to upstream in 64ms
2026-02-21T02:40:05.631Z [svc-billing-3] processed batch of 361 items
2026-02-21T02:40:05.632Z [pytest-xdist] gw2 test_payments.py::test_retry_region PASSED in 149ms trace=99acc9a0-d1f1-34c0-3205-8e6aa1923b45
2026-02-21T02:40:05.632Z [svc-cache-4] connected to upstream in 34ms
2026-02-21T02:40:05.632Z [svc-billing-4] processed batch of 450 items
2026-02-21T02:40:05.632Z [svc-queue-4] health check ok
2026-02-21T02:40:05.633Z [svc-db-4] gc pause 106ms, heap 847MB
2026-02-21T02:40:05.633Z [svc-notify-3] gc pause 83ms, heap 617MB
2026-02-21T02:40:05.633Z [svc-sched-3] connected to upstream in 21ms
2026-02-21T02:40:05.640Z [svc-cache-2] health check ok
2026-02-21T02:40:05.640Z [svc-billing-0] cache hit rate 92%
2026-02-21T02:40:05.640Z [svc-search-1] warning: slow query took 2173ms
2026-02-21T02:40:05.642Z [svc-notify-0] processed batch of 474 items
2026-02-21T02:40:05.643Z [svc-auth-1] health check ok
2026-02-21T02:40:05.643Z [svc-gateway-0] gc pause 123ms, heap 726MB
2026-02-21T02:40:05.644Z [svc-search-3] retrying connection to s3 (attempt 1/3)
2026-02-21T02:40:05.644Z [svc-gateway-4] processed batch of 253 items
2026-02-21T02:40:05.648Z [svc-queue-2] retrying connection to redis (attempt 1/3)
2026-02-21T02:40:05.648Z [svc-sched-1] warning: slow query took 331ms
2026-02-21T02:40:05.649Z [svc-auth-0] health check ok
2026-02-21T02:40:05.649Z [svc-search-3] warning: slow query took 2187ms
2026-02-21T02:40:05.649Z [svc-notify-2] health check ok
2026-02-21T02:40:05.650Z [svc-search-0] health check ok
2026-02-21T02:40:05.650Z [svc-notify-0] health check ok
2026-02-21T02:40:05.650Z [svc-sched-0] closed idle connection after 247s
2026-02-21T02:40:05.651Z [svc-db-3] health check ok
2026-02-21T02:40:05.651Z [svc-billing-4] retrying connection to vault (attempt 1/3)
2026-02-21T02:40:05.652Z [pytest-xdist] gw4 test_queue.py::test_create_user PASSED in 64ms trace=dedf407f-a433-009f-9830-be736fac5106
2026-02-21T02:40:05.653Z [svc-billing-1] cache hit rate 85%
2026-02-21T02:40:05.653Z [svc-notify-0] health check ok
2026-02-21T02:40:05.653Z [svc-notify-1] retrying connection to redis (attempt 1/3)
2026-02-21T02:40:05.654Z [svc-search-3] connected to upstream in 5ms
2026-02-21T02:40:05.654Z [svc-notify-2] connected to upstream in 38ms
2026-02-21T02:40:05.654Z [svc-queue-3] health check ok
2026-02-21T02:40:05.656Z [svc-gateway-4] cache hit rate 85%
2026-02-21T02:40:05.657Z [pytest-xdist] gw3 test_billing.py::test_sync_user PASSED in 98ms trace=48c783a2-5c60-5fee-ba83-0698622bf9d8
2026-02-21T02:40:05.657Z [svc-db-3] retrying connection to vault (attempt 2/3)
2026-02-21T02:40:05.660Z [svc-billing-1] warning: slow query took 610ms
2026-02-21T02:40:05.660Z [svc-media-0] health check ok
2026-02-21T02:40:05.661Z [svc-gateway-0] gc pause 16ms, heap 658MB
2026-02-21T02:40:05.662Z [svc-media-1] gc pause 36ms, heap 384MB
2026-02-21T02:40:05.665Z [svc-notify-0] health check ok
2026-02-21T02:40:05.666Z [svc-queue-1] connected to upstream in 80ms
2026-02-21T02:40:05.667Z [svc-search-3] closed idle connection after 155s
2026-02-21T02:40:05.667Z [svc-notify-0] connected to upstream in 38ms
2026-02-21T02:40:05.668Z [svc-media-4] cache hit rate 95%
2026-02-21T02:40:05.668Z [svc-sched-2] health check ok
2026-02-21T02:40:05.669Z [svc-sched-1] retrying connection to postgres (attempt 3/3)
2026-02-21T02:40:05.671Z [svc-auth-3] cache hit rate 90%
2026-02-21T02:40:05.671Z [svc-billing-2] connected to upstream in 60ms
2026-02-21T02:40:05.672Z [svc-billing-3] gc pause 35ms, heap 721MB
2026-02-21T02:40:05.673Z [svc-auth-4] connected to upstream in 76ms
2026-02-21T02:40:05.674Z [svc-media-3] retrying connection to kafka (attempt 1/3)
2026-02-21T02:40:05.675Z [pytest-xdist] gw1 test_notify.py::test_validate_user PASSED in 20ms trace=a6e7d75c-5a2a-0a8d-e933-37a0561c4c8a
2026-02-21T02:40:05.676Z [svc-queue-0] gc pause 65ms, heap 827MB
2026-02-21T02:40:05.677Z [svc-search-0] gc pause 10ms, heap 601MB
2026-02-21T02:40:05.679Z [svc-db-0] health check ok
2026-02-21T02:40:05.679Z [svc-billing-3] health check ok
2026-02-21T02:40:05.679Z [svc-gateway-2] health check ok
2026-02-21T02:40:05.682Z [svc-cache-0] retrying connection to vault (attempt 1/3)
2026-02-21T02:40:05.683Z [svc-db-2] health check ok
2026-02-21T02:40:05.684Z [svc-media-3] processed batch of 240 items
2026-02-21T02:40:05.685Z [svc-notify-4] retrying connection to elasticsearch (attempt 1/3)
2026-02-21T02:40:05.687Z [svc-auth-2] warning: slow query took 995ms
2026-02-21T02:40:05.689Z [svc-notify-4] closed idle connection after 313s
2026-02-21T02:40:05.689Z [svc-sched-3] warning: slow query took 1129ms
2026-02-21T02:40:05.690Z [svc-queue-3] processed batch of 328 items
2026-02-21T02:40:05.690Z [svc-sched-1] gc pause 41ms, heap 306MB
2026-02-21T02:40:05.692Z [svc-notify-1] health check ok
2026-02-21T02:40:05.693Z [svc-cache-4] processed batch of 405 items
2026-02-21T02:40:05.694Z [svc-billing-1] health check ok
2026-02-21T02:40:05.694Z [svc-media-0] warning: slow query took 1718ms
2026-02-21T02:40:05.694Z [svc-sched-1] health check ok
2026-02-21T02:40:05.695Z [svc-db-0] processed batch of 445 items
2026-02-21T02:40:05.695Z [svc-media-2] health check ok
2026-02-21T02:40:05.696Z [pytest-xdist] gw4 test_auth.py::test_validate_shipment PASSED in 33ms trace=2f4f421d-fc3e-409e-c7ae-8b560603a895
2026-02-21T02:40:05.697Z [svc-media-1] warning: slow query took 620ms
2026-02-21T02:40:05.699Z [svc-billing-4] retrying connection to vault (attempt 2/3)
2026-02-21T02:40:05.699Z [svc-sched-0] health check ok
2026-02-21T02:40:05.700Z [svc-cache-1] cache hit rate 92%
2026-02-21T02:40:05.700Z [svc-cache-4] retrying connection to s3 (attempt 2/3)
2026-02-21T02:40:05.702Z [svc-notify-1] processed batch of 202 items
2026-02-21T02:40:05.705Z [svc-gateway-2] closed idle connection after 168s
2026-02-21T02:40:05.708Z [svc-auth-3] processed batch of 498 items
2026-02-21T02:40:05.708Z [svc-sched-1] gc pause 121ms, heap 710MB
2026-02-21T02:40:05.709Z [svc-db-2] gc pause 114ms, heap 441MB
2026-02-21T02:40:05.709Z [svc-notify-2] health check ok
2026-02-21T02:40:05.709Z [svc-sched-0] gc pause 56ms, heap 315MB
2026-02-21T02:40:05.710Z [svc-billing-2] retrying connection to s3 (attempt 3/3)
2026-02-21T02:40:05.710Z [svc-queue-0] closed idle connection after 104s
2026-02-21T02:40:05.711Z [pytest-xdist] gw3 test_queue.py::test_create_template PASSED in 174ms trace=e0a590cb-2d42-3047-3a41-0e3379d9c976
2026-02-21T02:40:05.714Z [svc-gateway-4] health check ok
2026-02-21T02:40:05.715Z [svc-auth-2] closed idle connection after 152s
2026-02-21T02:40:05.717Z [svc-media-0] warning: slow query took 1966ms
2026-02-21T02:40:05.719Z [svc-sched-4] cache hit rate 92%
2026-02-21T02:40:05.721Z [svc-notify-4] health check ok
2026-02-21T02:40:05.721Z [svc-media-1] health check ok
2026-02-21T02:40:05.722Z [svc-cache-0] health check ok
2026-02-21T02:40:05.724Z [svc-media-3] cache hit rate 92%
2026-02-21T02:40:05.725Z [svc-gateway-3] connected to upstream in 12ms
2026-02-21T02:40:05.726Z [svc-gateway-0] closed idle connection after 212s
2026-02-21T02:40:05.729Z [svc-auth-2] retrying connection to postgres (attempt 2/3)
2026-02-21T02:40:05.729Z [svc-auth-4] closed idle connection after 68s
2026-02-21T02:40:05.731Z [svc-auth-0] connected to upstream in 26ms
2026-02-21T02:40:05.731Z [svc-queue-2] closed idle connection after 88s
2026-02-21T02:40:05.731Z [svc-sched-1] cache hit rate 88%
2026-02-21T02:40:05.732Z [pytest-xdist] gw1 test_payments.py::test_parse_subscription PASSED in 35ms trace=839d2149-32b4-e647-707c-263ddf6886a1
2026-02-21T02:40:05.732Z [svc-auth-4] gc pause 89ms, heap 706MB
2026-02-21T02:40:05.733Z [svc-notify-2] warning: slow query took 1835ms
2026-02-21T02:40:05.733Z [svc-gateway-4] retrying connection to vault (attempt 2/3)
2026-02-21T02:40:05.733Z [svc-media-4] gc pause 90ms, heap 768MB
2026-02-21T02:40:05.735Z [svc-search-1] processed batch of 315 items
2026-02-21T02:40:05.737Z [svc-search-1] processed batch of 415 items
2026-02-21T02:40:05.737Z [svc-gateway-2] closed idle connection after 246s
2026-02-21T02:40:05.738Z [svc-billing-4] warning: slow query took 648ms
2026-02-21T02:40:05.739Z [pytest-xdist] gw1 test_gateway.py::test_validate_invoice PASSED in 179ms trace=a5b53e07-e5db-a8a7-abb5-0c9d14f4d8ce
2026-02-21T02:40:05.739Z [svc-billing-1] processed batch of 294 items
2026-02-21T02:40:05.744Z [svc-cache-3] warning: slow query took 258ms
2026-02-21T02:40:05.744Z [svc-cache-4] closed idle connection after 228s
2026-02-21T02:40:05.745Z [svc-billing-0] warning: slow query took 1175ms
2026-02-21T02:40:05.745Z [svc-billing-3] processed batch of 75 items
2026-02-21T02:40:05.746Z [svc-sched-0] processed batch of 217 items
2026-02-21T02:40:05.749Z [svc-media-1] connected to upstream in 58ms
2026-02-21T02:40:05.751Z [svc-cache-4] closed idle connection after 40s
2026-02-21T02:40:05.751Z [svc-billing-3] gc pause 77ms, heap 484MB
2026-02-21T02:40:05.751Z [svc-search-4] gc pause 74ms, heap 148MB
2026-02-21T02:40:05.751Z [svc-gateway-3] processed batch of 405 items
2026-02-21T02:40:05.752Z [pytest-xdist] gw0 test_auth.py::test_render_coupon PASSED in 49ms trace=087402b7-7bd7-47b1-874b-38ed820ec8a3
2026-02-21T02:40:05.752Z [svc-db-4] processed batch of 431 items
2026-02-21T02:40:05.752Z [svc-media-1] health check ok
2026-02-21T02:40:05.753Z [svc-db-3] connected to upstream in 44ms
2026-02-21T02:40:05.754Z [svc-notify-2] gc pause 96ms, heap 352MB
2026-02-21T02:40:05.754Z [svc-gateway-1] processed batch of 140 items
2026-02-21T02:40:05.755Z [svc-search-0] processed batch of 453 items
2026-02-21T02:40:05.760Z [svc-gateway-4] processed batch of 60 items
2026-02-21T02:40:05.763Z [svc-gateway-1] closed idle connection after 93s
2026-02-21T02:40:05.763Z [svc-queue-3] closed idle connection after 317s
2026-02-21T02:40:05.768Z [svc-search-0] connected to upstream in 12ms
2026-02-21T02:40:05.768Z [svc-search-0] gc pause 65ms, heap 587MB
2026-02-21T02:40:05.769Z [svc-billing-0] health check ok
2026-02-21T02:40:05.770Z [svc-notify-4] health check ok
2026-02-21T02:40:05.773Z [pytest-xdist] gw5 test_orders.py::test_paginate_index PASSED in 237ms trace=ffe7e922-428d-5894-5854-9d11a09b46e0
2026-02-21T02:40:05.773Z [svc-media-3] processed batch of 434 items
2026-02-21T02:40:05.773Z [svc-sched-3] closed idle connection after 47s
2026-02-21T02:40:05.775Z [svc-db-4] cache hit rate 88%
2026-02-21T02:40:05.775Z [svc-queue-0] retrying connection to vault (attempt 2/3)
2026-02-21T02:40:05.776Z [svc-sched-0] closed idle connection after 158s
2026-02-21T02:40:05.777Z [svc-auth-0] retrying connection to elasticsearch (attempt 2/3)
2026-02-21T02:40:05.778Z [svc-media-2] health check ok
2026-02-21T02:40:05.780Z [svc-cache-1] retrying connection to postgres (attempt 3/3)
2026-02-21T02:40:05.780Z [svc-cache-3] connected to upstream in 84ms
2026-02-21T02:40:05.781Z [pytest-xdist] gw3 test_notify.py::test_list_query PASSED in 236ms trace=2c0326ad-5837-2188-8dc8-e4f034e286d5
2026-02-21T02:40:05.781Z [svc-gateway-0] gc pause 100ms, heap 399MB
2026-02-21T02:40:05.782Z [svc-db-2] cache hit rate 85%
2026-02-21T02:40:05.783Z [svc-search-4] health check ok
2026-02-21T02:40:05.783Z [svc-gateway-0] gc pause 49ms, heap 236MB
2026-02-21T02:40:05.784Z [svc-db-4] processed batch of 231 items
2026-02-21T02:40:05.784Z [svc-billing-2] processed batch of 168 items
2026-02-21T02:40:05.784Z [svc-notify-4] closed idle connection after 317s
2026-02-21T02:40:05.784Z [svc-media-3] gc pause 62ms, heap 132MB
2026-02-21T02:40:05.785Z [svc-queue-4] processed batch of 225 items
2026-02-21T02:40:05.787Z [svc-gateway-2] gc pause 97ms, heap 567MB
2026-02-21T02:40:05.787Z [svc-queue-0] cache hit rate 95%
2026-02-21T02:40:05.788Z [svc-billing-0] retrying connection to redis (attempt 3/3)
2026-02-21T02:40:05.788Z [svc-notify-0] cache hit rate 95%
2026-02-21T02:40:05.789Z [svc-media-4] cache hit rate 88%
2026-02-21T02:40:05.790Z [svc-sched-2] processed batch of 271 items
2026-02-21T02:40:05.791Z [svc-billing-2] gc pause 114ms, heap 775MB
2026-02-21T02:40:05.793Z [pytest-xdist] gw2 test_gateway.py::test_list_webhook PASSED in 57ms trace=92941ed0-a300-34eb-5130-e8cce9801c00
2026-02-21T02:40:05.793Z [svc-auth-1] warning: slow query took 630ms
2026-02-21T02:40:05.793Z [svc-billing-2] cache hit rate 95%
2026-02-21T02:40:05.796Z [svc-notify-3] processed batch of 299 items
2026-02-21T02:40:05.796Z [svc-gateway-1] closed idle connection after 161s
2026-02-21T02:40:05.797Z [svc-cache-2] gc pause 21ms, heap 512MB
2026-02-21T02:40:05.799Z [svc-media-3] health check ok
2026-02-21T02:40:05.801Z [svc-gateway-4] connected to upstream in 71ms
2026-02-21T02:40:05.802Z [svc-cache-2] health check ok
2026-02-21T02:40:05.802Z [svc-billing-1] retrying connection to kafka (attempt 1/3)
2026-02-21T02:40:05.802Z [svc-search-2] cache hit rate 85%
2026-02-21T02:40:05.803Z [svc-auth-1] closed idle connection after 80s
2026-02-21T02:40:05.803Z [svc-sched-0] processed batch of 392 items
2026-02-21T02:40:05.805Z [svc-auth-4] cache hit rate 88%
2026-02-21T02:40:05.805Z [svc-billing-4] processed batch of 57 items
2026-02-21T02:40:05.805Z [svc-gateway-4] warning: slow query took 1451ms
2026-02-21T02:40:05.807Z [pytest-xdist] gw1 test_search.py::test_create_session PASSED in 220ms trace=18328315-63f3-8c24-a745-82e099ff3879
2026-02-21T02:40:05.807Z [svc-sched-4] retrying connection to s3 (attempt 3/3)
2026-02-21T02:40:05.810Z [svc-media-1] gc pause 95ms, heap 326MB
2026-02-21T02:40:05.810Z [svc-queue-3] connected to upstream in 8ms
2026-02-21T02:40:05.812Z [svc-cache-3] cache hit rate 92%
2026-02-21T02:40:05.812Z [svc-cache-3] gc pause 101ms, heap 206MB
2026-02-21T02:40:05.814Z [pytest-xdist] gw2 test_orders.py::test_list_query PASSED in 45ms trace=59bb09dd-b3f4-3db8-4603-674ecf0d6757
2026-02-21T02:40:05.814Z [svc-db-0] cache hit rate 85%
2026-02-21T02:40:05.814Z [svc-sched-0] cache hit rate 95%
2026-02-21T02:40:05.817Z [svc-gateway-3] health check ok
2026-02-21T02:40:05.819Z [svc-sched-0] warning: slow query took 1081ms
2026-02-21T02:40:05.820Z [svc-db-4] cache hit rate 85%
2026-02-21T02:40:05.823Z [svc-gateway-0] processed batch of 329 items
2026-02-21T02:40:05.827Z [pytest-xdist] gw4 test_users.py::test_reconcile_index PASSED in 172ms trace=6feec986-d3db-6d43-8d36-f2f2e28263c1
2026-02-21T02:40:05.827Z [svc-cache-2] cache hit rate 88%
2026-02-21T02:40:05.830Z [svc-billing-2] gc pause 107ms, heap 824MB
2026-02-21T02:40:05.830Z [svc-queue-4] closed idle connection after 155s
2026-02-21T02:40:05.831Z [svc-cache-0] gc pause 7ms, heap 607MB
2026-02-21T02:40:05.831Z [svc-notify-4] gc pause 66ms, heap 935MB
2026-02-21T02:40:05.833Z [pytest-xdist] gw5 test_search.py::test_render_region PASSED in 122ms trace=7e735e48-d72b-527a-870c-e0cd99791d39
2026-02-21T02:40:05.835Z [svc-media-2] warning: slow query took 1917ms
2026-02-21T02:40:05.837Z [svc-search-1] connected to upstream in 42ms
2026-02-21T02:40:05.837Z [svc-notify-2] warning: slow query took 262ms
2026-02-21T02:40:05.837Z [svc-media-4] retrying connection to s3 (attempt 3/3)
2026-02-21T02:40:05.838Z [svc-db-1] health check ok
2026-02-21T02:40:05.839Z [svc-auth-1] warning: slow query took 1216ms
2026-02-21T02:40:05.840Z [svc-db-0] retrying connection to kafka (attempt 3/3)
2026-02-21T02:40:05.840Z [svc-queue-4] connected to upstream in 37ms
2026-02-21T02:40:05.841Z [svc-media-1] retrying connection to postgres (attempt 2/3)
2026-02-21T02:40:05.846Z [svc-queue-0] health check ok
2026-02-21T02:40:05.850Z [svc-auth-4] gc pause 104ms, heap 897MB
2026-02-21T02:40:05.850Z [svc-cache-0] retrying connection to vault (attempt 3/3)
2026-02-21T02:40:05.851Z [svc-auth-1] processed batch of 228 items
2026-02-21T02:40:05.851Z [svc-db-0] retrying connection to kafka (attempt 1/3)
2026-02-21T02:40:05.852Z [svc-cache-2] warning: slow query took 838ms
2026-02-21T02:40:05.854Z [pytest-xdist] gw2 test_auth.py::test_render_webhook PASSED in 96ms trace=310125db-32e7-9b98-2853-9be714aa1030
2026-02-21T02:40:05.855Z [svc-sched-3] health check ok
2026-02-21T02:40:05.857Z [svc-cache-0] gc pause 109ms, heap 214MB
2026-02-21T02:40:05.862Z [svc-billing-4] closed idle connection after 266s
2026-02-21T02:40:05.862Z [svc-gateway-2] connected to upstream in 11ms
2026-02-21T02:40:05.862Z [svc-queue-4] health check ok
2026-02-21T02:40:05.864Z [svc-media-0] retrying connection to vault (attempt 2/3)
2026-02-21T02:40:05.865Z [pytest-xdist] gw2 test_media.py::test_render_template PASSED in 48ms trace=dc159bb7-98d9-4d1b-f71c-c2cc648c2245
2026-02-21T02:40:05.866Z [svc-billing-3] cache hit rate 85%
2026-02-21T02:40:05.871Z [pytest-xdist] gw1 test_billing.py::test_sync_shipment PASSED in 12ms trace=09523f02-594a-73c0-5471-fb269b659a12
2026-02-21T02:40:05.871Z [svc-notify-0] processed batch of 306 items
2026-02-21T02:40:05.873Z [svc-db-3] warning: slow query took 915ms
2026-02-21T02:40:05.873Z [svc-sched-3] gc pause 8ms, heap 885MB
2026-02-21T02:40:05.874Z [svc-media-2] closed idle connection after 308s
2026-02-21T02:40:05.876Z [svc-gateway-4] cache hit rate 90%
2026-02-21T02:40:05.881Z [svc-db-1] retrying connection to s3 (attempt 3/3)
2026-02-21T02:40:05.881Z [svc-notify-3] health check ok
2026-02-21T02:40:05.885Z [svc-auth-1] closed idle connection after 130s
2026-02-21T02:40:05.886Z [svc-sched-2] health check ok
2026-02-21T02:40:05.887Z [svc-gateway-1] health check ok
2026-02-21T02:40:05.888Z [svc-cache-3] gc pause 14ms, heap 397MB
2026-02-21T02:40:05.889Z [svc-db-2] connected to upstream in 21ms
2026-02-21T02:40:05.889Z [svc-queue-1] closed idle connection after 174s
2026-02-21T02:40:05.891Z [svc-db-4] closed idle connection after 92s
2026-02-21T02:40:05.892Z [pytest-xdist] gw5 test_media.py::test_update_webhook PASSED in 144ms trace=0c404655-004d-cc80-98fd-9f9790bb2b58
2026-02-21T02:40:05.892Z [svc-gateway-4] processed batch of 496 items
2026-02-21T02:40:05.893Z [svc-queue-0] cache hit rate 90%
2026-02-21T02:40:05.895Z [svc-cache-2] health check ok
2026-02-21T02:40:05.895Z [svc-search-2] processed batch of 135 items
2026-02-21T02:40:05.895Z [svc-media-0] retrying connection to vault (attempt 2/3)
2026-02-21T02:40:05.897Z [svc-cache-2] warning: slow query took 1856ms
2026-02-21T02:40:05.898Z [svc-billing-1] processed batch of 224 items
2026-02-21T02:40:05.900Z [svc-auth-0] closed idle connection after 80s
2026-02-21T02:40:05.900Z [svc-search-0] processed batch of 136 items
2026-02-21T02:40:05.900Z [svc-media-3] health check ok
2026-02-21T02:40:05.901Z [svc-queue-2] gc pause 73ms, heap 937MB
2026-02-21T02:40:05.903Z [svc-gateway-4] closed idle connection after 284s
2026-02-21T02:40:05.904Z [svc-cache-4] health check ok
2026-02-21T02:40:05.904Z [svc-queue-2] processed batch of 31 items
2026-02-21T02:40:05.906Z [svc-search-4] warning: slow query took 1185ms
2026-02-21T02:40:05.909Z [svc-auth-3] retrying connection to redis (attempt 3/3)
2026-02-21T02:40:05.909Z [svc-billing-4] cache hit rate 95%
2026-02-21T02:40:05.909Z [svc-gateway-0] cache hit rate 95%
2026-02-21T02:40:05.911Z [pytest-xdist] gw5 test_sched.py::test_paginate_index PASSED in 119ms trace=deb62047-1b10-61c6-5579-746ef22d3d35
2026-02-21T02:40:05.912Z [svc-media-0] cache hit rate 88%
2026-02-21T02:40:05.914Z [svc-queue-2] closed idle connection after 106s
2026-02-21T02:40:05.915Z [svc-db-3] gc pause 32ms, heap 358MB
2026-02-21T02:40:05.916Z [svc-billing-0] health check ok
2026-02-21T02:40:05.916Z [svc-sched-2] processed batch of 295 items
2026-02-21T02:40:05.920Z [svc-notify-0] gc pause 18ms, heap 417MB
2026-02-21T02:40:05.922Z [svc-media-4] connected to upstream in 35ms
2026-02-21T02:40:05.925Z [svc-cache-4] gc pause 82ms, heap 850MB
2026-02-21T02:40:05.926Z [pytest-xdist] gw4 test_auth.py::test_reconcile_user PASSED in 154ms trace=b3656472-c2bd-2ecb-31ca-b7e214d2b650
2026-02-21T02:40:05.927Z [svc-db-3] connected to upstream in 78ms
2026-02-21T02:40:05.929Z [svc-gateway-3] gc pause 97ms, heap 732MB
2026-02-21T02:40:05.931Z [svc-db-2] warning: slow query took 286ms
2026-02-21T02:40:05.932Z [pytest-xdist] gw1 test_users.py::test_retry_quota PASSED in 234ms trace=51e03700-2805-c303-76a7-67d20816efd6
2026-02-21T02:40:05.935Z [svc-search-1] retrying connection to redis (attempt 1/3)
2026-02-21T02:40:05.936Z [svc-sched-2] cache hit rate 92%
2026-02-21T02:40:05.937Z [pytest-xdist] gw0 test_webhooks.py::test_reconcile_invoice PASSED in 20ms trace=9aff96af-929b-d9fb-02ec-ae8feb5616fb
2026-02-21T02:40:05.937Z [svc-search-3] connected to upstream in 54ms
2026-02-21T02:40:05.939Z [svc-auth-0] retrying connection to elasticsearch (attempt 1/3)
2026-02-21T02:40:05.939Z [svc-auth-3] retrying connection to redis (attempt 3/3)
2026-02-21T02:40:05.939Z [svc-cache-3] gc pause 95ms, heap 915MB
2026-02-21T02:40:05.939Z [svc-gateway-4] gc pause 13ms, heap 789MB
2026-02-21T02:40:05.940Z [svc-gateway-0] processed batch of 261 items
2026-02-21T02:40:05.943Z [svc-gateway-1] warning: slow query took 1044ms
2026-02-21T02:40:05.944Z [svc-search-0] warning: slow query took 1027ms
2026-02-21T02:40:05.944Z [svc-gateway-1] gc pause 73ms, heap 819MB
2026-02-21T02:40:05.946Z [svc-sched-1] processed batch of 338 items
2026-02-21T02:40:05.947Z [svc-db-0] health check ok
2026-02-21T02:40:05.947Z [svc-search-1] warning: slow query took 1232ms
2026-02-21T02:40:05.947Z [svc-notify-4] connected to upstream in 31ms
2026-02-21T02:40:05.948Z [svc-db-4] closed idle connection after 287s
2026-02-21T02:40:05.949Z [svc-auth-4] retrying connection to kafka (attempt 3/3)
2026-02-21T02:40:05.949Z [svc-billing-3] warning: slow query took 2118ms
2026-02-21T02:40:05.950Z [svc-search-1] gc pause 58ms, heap 393MB
2026-02-21T02:40:05.953Z [svc-cache-3] gc pause 16ms, heap 238MB
2026-02-21T02:40:05.953Z [svc-db-1] closed idle connection after 328s
2026-02-21T02:40:05.954Z [pytest-xdist] gw0 test_gateway.py::test_expire_webhook PASSED in 219ms trace=f44d7f7c-ae3d-e51a-c514-1641d6049d15
2026-02-21T02:40:05.954Z [svc-billing-4] cache hit rate 90%
2026-02-21T02:40:05.955Z [svc-billing-3] connected to upstream in 36ms
2026-02-21T02:40:05.958Z [svc-queue-1] closed idle connection after 227s
2026-02-21T02:40:05.959Z [svc-media-3] health check ok
2026-02-21T02:40:05.960Z [svc-media-0] warning: slow query took 1712ms
2026-02-21T02:40:05.961Z [svc-auth-1] warning: slow query took 975ms
2026-02-21T02:40:05.961Z [svc-auth-4] cache hit rate 90%
2026-02-21T02:40:05.961Z [svc-cache-1] processed batch of 364 items
2026-02-21T02:40:05.961Z [svc-queue-1] warning: slow query took 1977ms
2026-02-21T02:40:05.962Z [svc-media-0] cache hit rate 92%
2026-02-21T02:40:05.966Z [svc-sched-2] warning: slow query took 1345ms
2026-02-21T02:40:05.967Z [svc-auth-4] health check ok
2026-02-21T02:40:05.968Z [svc-search-1] gc pause 66ms, heap 511MB
2026-02-21T02:40:05.968Z [svc-gateway-3] closed idle connection after 156s
2026-02-21T02:40:05.968Z [svc-media-1] gc pause 110ms, heap 169MB
2026-02-21T02:40:05.968Z [svc-queue-2] processed batch of 192 items
2026-02-21T02:40:05.969Z [pytest-xdist] gw3 test_export.py::test_create_subscription PASSED in 190ms trace=a8f48499-e873-fb54-7b4d-6b42bd24ca29
2026-02-21T02:40:05.969Z [svc-db-2] warning: slow query took 971ms
2026-02-21T02:40:05.969Z [svc-queue-2] connected to upstream in 59ms
2026-02-21T02:40:05.973Z [svc-queue-4] closed idle connection after 289s
2026-02-21T02:40:05.974Z [svc-billing-3] gc pause 34ms, heap 650MB
2026-02-21T02:40:05.976Z [svc-db-1] closed idle connection after 137s
2026-02-21T02:40:05.976Z [svc-notify-2] gc pause 10ms, heap 139MB
2026-02-21T02:40:05.977Z [svc-media-3] connected to upstream in 42ms
2026-02-21T02:40:05.978Z [svc-db-1] retrying connection to s3 (attempt 2/3)
2026-02-21T02:40:05.978Z [svc-gateway-0] processed batch of 251 items
2026-02-21T02:40:05.985Z [pytest-xdist] gw4 test_users.py::test_expire_attachment PASSED in 85ms trace=85140cad-5f35-383f-90cb-0155eab464cc
2026-02-21T02:40:05.985Z [svc-auth-2] warning: slow query took 890ms
2026-02-21T02:40:05.986Z [svc-auth-4] gc pause 29ms, heap 884MB
2026-02-21T02:40:05.987Z [svc-notify-3] warning: slow query took 1846ms
2026-02-21T02:40:05.987Z [svc-queue-4] warning: slow query took 214ms
2026-02-21T02:40:05.988Z [svc-cache-1] health check ok
2026-02-21T02:40:05.988Z [svc-billing-1] health check ok
2026-02-21T02:40:05.988Z [svc-gateway-1] closed idle connection after 164s
2026-02-21T02:40:05.988Z [svc-sched-2] gc pause 81ms, heap 877MB
2026-02-21T02:40:05.991Z [svc-cache-2] closed idle connection after 175s
2026-02-21T02:40:05.991Z [svc-sched-3] connected to upstream in 80ms
2026-02-21T02:40:05.992Z [pytest-xdist] gw4 test_users.py::test_retry_index PASSED in 40ms trace=ec2f7dde-6c66-0508-2806-9f0c55422558
2026-02-21T02:40:05.992Z [svc-billing-2] connected to upstream in 75ms
2026-02-21T02:40:05.992Z [svc-gateway-1] connected to upstream in 52ms
2026-02-21T02:40:05.994Z [svc-notify-0] connected to upstream in 69ms
2026-02-21T02:40:05.996Z [svc-cache-2] health check ok
2026-02-21T02:40:05.997Z [svc-media-4] cache hit rate 92%
2026-02-21T02:40:05.999Z [svc-db-4] connected to upstream in 78ms
2026-02-21T02:40:05.999Z [svc-search-2] health check ok
2026-02-21T02:40:06.001Z [svc-search-1] warning: slow query took 1800ms
2026-02-21T02:40:06.002Z [svc-auth-1] closed idle connection after 270s
2026-02-21T02:40:06.006Z [svc-search-3] warning: slow query took 1801ms
2026-02-21T02:40:06.007Z [pytest-xdist] gw0 test_auth.py::test_parse_template PASSED in 214ms trace=fae13856-2d03-308f-0413-fcc7b1b3da8e
2026-02-21T02:40:06.007Z [svc-gateway-3] cache hit rate 95%
2026-02-21T02:40:06.008Z [svc-search-3] gc pause 106ms, heap 360MB
2026-02-21T02:40:06.013Z [svc-cache-2] connected to upstream in 43ms
2026-02-21T02:40:06.013Z [svc-db-1] gc pause 81ms, heap 370MB
2026-02-21T02:40:06.013Z [svc-notify-1] connected to upstream in 19ms
2026-02-21T02:40:06.016Z [svc-search-2] health check ok
2026-02-21T02:40:06.017Z [svc-search-0] gc pause 45ms, heap 569MB
2026-02-21T02:40:06.019Z [svc-notify-0] warning: slow query took 1787ms
2026-02-21T02:40:06.021Z [svc-cache-1] health check ok
2026-02-21T02:40:06.021Z [svc-gateway-3] closed idle connection after 198s
2026-02-21T02:40:06.022Z [pytest-xdist] gw0 test_billing.py::test_validate_shipment PASSED in 29ms trace=a0a46371-45f4-a424-ed1c-5d1981196d9f
2026-02-21T02:40:06.022Z [svc-notify-0] health check ok
2026-02-21T02:40:06.022Z [svc-notify-2] health check ok
2026-02-21T02:40:06.028Z [svc-cache-1] health check ok
2026-02-21T02:40:06.028Z [svc-search-0] processed batch of 318 items
2026-02-21T02:40:06.029Z [pytest-xdist] gw1 test_users.py::test_parse_refund PASSED in 133ms trace=9e13c5be-c5bb-a627-f58f-7d39e96cd9d1
2026-02-21T02:40:06.029Z [svc-auth-2] health check ok
2026-02-21T02:40:06.029Z [svc-gateway-0] retrying connection to redis (attempt 2/3)
2026-02-21T02:40:06.032Z [svc-db-1] health check ok
2026-02-21T02:40:06.033Z [svc-gateway-2] processed batch of 282 items
2026-02-21T02:40:06.033Z [svc-gateway-3] warning: slow query took 301ms
2026-02-21T02:40:06.033Z [svc-queue-4] warning: slow query took 1656ms
2026-02-21T02:40:06.037Z [svc-media-3] retrying connection to kafka (attempt 2/3)
2026-02-21T02:40:06.038Z [pytest-xdist] gw5 test_reports.py::test_retry_template PASSED in 96ms trace=9ce175f9-c9ff-387a-2164-219242e36ff7
2026-02-21T02:40:06.039Z [svc-auth-2] warning: slow query took 922ms
2026-02-21T02:40:06.040Z [svc-gateway-1] closed idle connection after 227s
2026-02-21T02:40:06.041Z [svc-media-1] retrying connection to postgres (attempt 1/3)
2026-02-21T02:40:06.042Z [svc-cache-3] gc pause 37ms, heap 626MB
2026-02-21T02:40:06.042Z [svc-search-4] retrying connection to elasticsearch (attempt 3/3)
2026-02-21T02:40:06.048Z [svc-media-4] warning: slow query took 1479ms
2026-02-21T02:40:06.049Z [pytest-xdist] gw0 test_webhooks.py::test_validate_index PASSED in 249ms trace=2df8ed8d-4f27-7b68-eea8-5aee39abecba
2026-02-21T02:40:06.052Z [svc-cache-2] closed idle connection after 170s
2026-02-21T02:40:06.052Z [svc-media-2] retrying connection to redis (attempt 1/3)
2026-02-21T02:40:06.055Z [svc-auth-1] gc pause 56ms, heap 490MB
2026-02-21T02:40:06.055Z [svc-media-4] processed batch of 331 items
2026-02-21T02:40:06.055Z [svc-sched-3] retrying connection to kafka (attempt 3/3)
2026-02-21T02:40:06.056Z [pytest-xdist] gw4 test_billing.py::test_sync_invoice PASSED in 210ms trace=5c676573-e6e8-d750-b00a-dc1692f93c89
2026-02-21T02:40:06.057Z [svc-cache-2] health check ok
2026-02-21T02:40:06.058Z [svc-db-1] connected to upstream in 81ms
2026-02-21T02:40:06.060Z [svc-queue-1] processed batch of 153 items
2026-02-21T02:40:06.061Z [svc-auth-2] processed batch of 172 items
2026-02-21T02:40:06.064Z [svc-search-0] cache hit rate 88%
2026-02-21T02:40:06.065Z [svc-media-3] warning: slow query took 2035ms
2026-02-21T02:40:06.065Z [svc-queue-2] gc pause 18ms, heap 488MB
2026-02-21T02:40:06.066Z [svc-cache-0] gc pause 8ms, heap 585MB
2026-02-21T02:40:06.067Z [svc-billing-3] health check ok
2026-02-21T02:40:06.068Z [svc-sched-2] gc pause 49ms, heap 111MB
2026-02-21T02:40:06.069Z [svc-cache-3] closed idle connection after 259s
2026-02-21T02:40:06.070Z [svc-cache-1] gc pause 34ms, heap 715MB
2026-02-21T02:40:06.071Z [pytest-xdist] gw2 test_export.py::test_paginate_subscription PASSED in 71ms trace=acd9c93a-b108-bcb2-5ead-95a3442472eb
2026-02-21T02:40:06.071Z [svc-auth-4] health check ok
2026-02-21T02:40:06.071Z [svc-notify-0] cache hit rate 92%
2026-02-21T02:40:06.074Z [svc-media-0] closed idle connection after 320s
2026-02-21T02:40:06.077Z [svc-cache-0] processed batch of 291 items
2026-02-21T02:40:06.077Z [svc-gateway-1] connected to upstream in 46ms
2026-02-21T02:40:06.078Z [svc-queue-1] processed batch of 347 items
2026-02-21T02:40:06.080Z [svc-notify-3] connected to upstream in 81ms
2026-02-21T02:40:06.084Z [svc-gateway-1] gc pause 5ms, heap 454MB
2026-02-21T02:40:06.084Z [svc-sched-4] cache hit rate 95%
2026-02-21T02:40:06.086Z [svc-cache-3] cache hit rate 95%
2026-02-21T02:40:06.086Z [svc-cache-4] connected to upstream in 28ms
2026-02-21T02:40:06.087Z [pytest-xdist] gw3 test_users.py::test_sync_subscription PASSED in 142ms trace=a802e75e-cc26-389c-b859-19b7560fa1ab
2026-02-21T02:40:06.087Z [svc-gateway-3] cache hit rate 85%
2026-02-21T02:40:06.087Z [svc-sched-1] gc pause 52ms, heap 490MB
2026-02-21T02:40:06.090Z [svc-cache-3] gc pause 45ms, heap 432MB
2026-02-21T02:40:06.090Z [svc-queue-1] closed idle connection after 257s
2026-02-21T02:40:06.092Z [svc-queue-3] warning: slow query took 1138ms
2026-02-21T02:40:06.094Z [svc-notify-4] closed idle connection after 109s
2026-02-21T02:40:06.096Z [svc-auth-3] health check ok
2026-02-21T02:40:06.096Z [svc-media-2] health check ok
2026-02-21T02:40:06.100Z [svc-queue-0] processed batch of 462 items
2026-02-21T02:40:06.101Z [svc-notify-3] closed idle connection after 68s
2026-02-21T02:40:06.101Z [svc-gateway-0] warning: slow query took 1484ms
2026-02-21T02:40:06.103Z [pytest-xdist] gw4 test_export.py::test_notify_session PASSED in 248ms trace=d1699ca0-42c2-ba40-c67d-5054e963ddcd
2026-02-21T02:40:06.105Z [svc-notify-2] warning: slow query took 1128ms
2026-02-21T02:40:06.107Z [svc-gateway-4] retrying connection to vault (attempt 2/3)
2026-02-21T02:40:06.108Z [svc-search-3] cache hit rate 95%
2026-02-21T02:40:06.108Z [svc-search-4] processed batch of 453 items
2026-02-21T02:40:06.109Z [svc-media-0] connected to upstream in 34ms
2026-02-21T02:40:06.111Z [svc-search-4] processed batch of 401 items
2026-02-21T02:40:06.116Z [svc-notify-3] cache hit rate 90%
2026-02-21T02:40:06.118Z [svc-db-4] cache hit rate 88%
2026-02-21T02:40:06.118Z [svc-search-4] processed batch of 103 items
2026-02-21T02:40:06.121Z [svc-notify-2] warning: slow query took 1858ms
2026-02-21T02:40:06.122Z [svc-search-2] retrying connection to kafka (attempt 2/3)
2026-02-21T02:40:06.123Z [pytest-xdist] gw0 test_billing.py::test_render_index PASSED in 163ms trace=ee4c1097-3d1d-8d3a-ad68-384e26fcd2eb
2026-02-21T02:40:06.123Z [svc-queue-4] connected to upstream in 13ms
2026-02-21T02:40:06.125Z [svc-gateway-0] cache hit rate 92%
2026-02-21T02:40:06.126Z [svc-cache-2] cache hit rate 90%
2026-02-21T02:40:06.126Z [svc-queue-4] processed batch of 149 items
2026-02-21T02:40:06.127Z [pytest-xdist] gw3 test_billing.py::test_reconcile_refund FAILED in 134ms trace=bcd01d86-aaaf-dd79-ba59-39bdea02a7df
2026-02-21T02:40:06.127Z [svc-sched-2] gc pause 29ms, heap 891MB
2026-02-21T02:40:06.128Z [pytest-xdist] gw3     def test_reconcile_refund():
2026-02-21T02:40:06.128Z [svc-queue-2] cache hit rate 85%
2026-02-21T02:40:06.129Z [pytest-xdist] gw3         result = reconcile(refund_id=refund.id)
2026-02-21T02:40:06.130Z [pytest-xdist] gw3 >       assert result.status == "settled"
2026-02-21T02:40:06.131Z [pytest-xdist] gw3 E       AssertionError: expected 'settled', got 'pending_manual_review'
2026-02-21T02:40:06.131Z [svc-queue-0] health check ok
2026-02-21T02:40:06.134Z [svc-billing-4] processed batch of 469 items
2026-02-21T02:40:06.138Z [svc-db-0] processed batch of 155 items
2026-02-21T02:40:06.142Z [pytest-xdist] gw0 test_import.py::test_create_attachment PASSED in 24ms trace=1e7fd38f-e7a0-663e-cbcd-0961e0783c9d
2026-02-21T02:40:06.143Z [svc-billing-4] connected to upstream in 40ms
2026-02-21T02:40:06.143Z [svc-notify-1] warning: slow query took 224ms
2026-02-21T02:40:06.144Z [svc-queue-4] connected to upstream in 24ms
2026-02-21T02:40:06.149Z [svc-gateway-2] processed batch of 240 items
2026-02-21T02:40:06.151Z [svc-notify-0] warning: slow query took 1211ms
2026-02-21T02:40:06.155Z [svc-auth-3] warning: slow query took 2155ms
2026-02-21T02:40:06.155Z [svc-media-4] closed idle connection after 144s
2026-02-21T02:40:06.156Z [svc-search-2] health check ok
2026-02-21T02:40:06.158Z [svc-cache-2] gc pause 88ms, heap 469MB
2026-02-21T02:40:06.159Z [pytest-xdist] gw5 test_notify.py::test_delete_attachment PASSED in 198ms trace=07bf8112-6d84-382d-4acb-f1122122318c
2026-02-21T02:40:06.160Z [svc-auth-0] processed batch of 491 items
2026-02-21T02:40:06.160Z [svc-media-4] gc pause 103ms, heap 143MB
2026-02-21T02:40:06.165Z [svc-search-1] cache hit rate 95%
2026-02-21T02:40:06.165Z [svc-notify-1] cache hit rate 85%
2026-02-21T02:40:06.167Z [svc-search-1] gc pause 49ms, heap 811MB
2026-02-21T02:40:06.167Z [svc-notify-0] closed idle connection after 73s
2026-02-21T02:40:06.168Z [svc-notify-0] retrying connection to postgres (attempt 3/3)
2026-02-21T02:40:06.169Z [svc-billing-2] warning: slow query took 670ms
2026-02-21T02:40:06.170Z [svc-cache-0] cache hit rate 88%
2026-02-21T02:40:06.170Z [svc-cache-0] closed idle connection after 33s
2026-02-21T02:40:06.170Z [svc-media-4] warning: slow query took 1951ms
2026-02-21T02:40:06.171Z [svc-sched-2] retrying connection to redis (attempt 2/3)
2026-02-21T02:40:06.173Z [svc-cache-3] retrying connection to kafka (attempt 1/3)
2026-02-21T02:40:06.174Z [svc-sched-3] cache hit rate 85%
2026-02-21T02:40:06.176Z [svc-auth-3] cache hit rate 92%
2026-02-21T02:40:06.177Z [svc-search-2] health check ok
2026-02-21T02:40:06.177Z [svc-media-0] warning: slow query took 213ms
2026-02-21T02:40:06.179Z [svc-sched-1] gc pause 96ms, heap 395MB
2026-02-21T02:40:06.180Z [pytest-xdist] gw2 test_export.py::test_render_user PASSED in 192ms trace=fcdd7ded-cbe3-eedf-afc7-5909baadc523
2026-02-21T02:40:06.180Z [svc-media-3] processed batch of 103 items
2026-02-21T02:40:06.180Z [svc-queue-2] closed idle connection after 80s
2026-02-21T02:40:06.181Z [svc-billing-2] health check ok
2026-02-21T02:40:06.181Z [svc-search-2] health check ok
2026-02-21T02:40:06.181Z [svc-gateway-3] warning: slow query took 732ms
2026-02-21T02:40:06.182Z [svc-search-0] health check ok
2026-02-21T02:40:06.183Z [svc-auth-1] warning: slow query took 765ms
2026-02-21T02:40:06.183Z [svc-search-1] processed batch of 289 items
2026-02-21T02:40:06.183Z [svc-gateway-2] warning: slow query took 1847ms
2026-02-21T02:40:06.184Z [pytest-xdist] gw2 test_payments.py::test_render_coupon PASSED in 159ms trace=0fc2c3d4-35e9-4fbc-e811-5cf9a024853c
2026-02-21T02:40:06.187Z [svc-sched-4] cache hit rate 92%
2026-02-21T02:40:06.188Z [svc-cache-2] processed batch of 359 items
2026-02-21T02:40:06.189Z [svc-media-1] gc pause 94ms, heap 630MB
2026-02-21T02:40:06.189Z [svc-media-3] health check ok
2026-02-21T02:40:06.190Z [svc-queue-2] health check ok
2026-02-21T02:40:06.191Z [svc-db-2] gc pause 118ms, heap 195MB
2026-02-21T02:40:06.191Z [svc-db-4] gc pause 90ms, heap 549MB
2026-02-21T02:40:06.192Z [svc-auth-2] warning: slow query took 2059ms
2026-02-21T02:40:06.192Z [svc-sched-2] connected to upstream in 77ms
2026-02-21T02:40:06.194Z [svc-cache-0] health check ok
2026-02-21T02:40:06.194Z [svc-billing-4] processed batch of 124 items
2026-02-21T02:40:06.194Z [svc-queue-0] processed batch of 309 items
2026-02-21T02:40:06.194Z [svc-sched-3] processed batch of 40 items
2026-02-21T02:40:06.195Z [svc-gateway-1] health check ok
2026-02-21T02:40:06.195Z [svc-sched-1] gc pause 98ms, heap 877MB
2026-02-21T02:40:06.196Z [svc-cache-1] gc pause 55ms, heap 295MB
2026-02-21T02:40:06.196Z [svc-queue-0] closed idle connection after 144s
2026-02-21T02:40:06.199Z [svc-gateway-4] health check ok
2026-02-21T02:40:06.200Z [svc-sched-4] health check ok
2026-02-21T02:40:06.201Z [svc-queue-0] processed batch of 509 items
2026-02-21T02:40:06.202Z [svc-queue-4] gc pause 76ms, heap 902MB
2026-02-21T02:40:06.204Z [svc-gateway-4] retrying connection to vault (attempt 2/3)
2026-02-21T02:40:06.206Z [pytest-xdist] gw0 test_search.py::test_validate_refund PASSED in 4ms trace=45de15e8-e30f-0538-d0c0-c58bca4549b5
2026-02-21T02:40:06.207Z [svc-search-1] retrying connection to redis (attempt 2/3)
2026-02-21T02:40:06.208Z [svc-search-4] health check ok
2026-02-21T02:40:06.210Z [svc-notify-4] processed batch of 382 items
2026-02-21T02:40:06.211Z [svc-notify-4] gc pause 45ms, heap 266MB
2026-02-21T02:40:06.213Z [svc-billing-4] processed batch of 244 items
2026-02-21T02:40:06.217Z [svc-queue-4] retrying connection to s3 (attempt 1/3)
2026-02-21T02:40:06.219Z [svc-search-4] health check ok
2026-02-21T02:40:06.220Z [svc-cache-4] warning: slow query took 1172ms
2026-02-21T02:40:06.220Z [svc-search-4] connected to upstream in 76ms
2026-02-21T02:40:06.221Z [svc-media-0] health check ok
2026-02-21T02:40:06.222Z [svc-notify-3] retrying connection to s3 (attempt 3/3)
2026-02-21T02:40:06.223Z [pytest-xdist] gw3 test_webhooks.py::test_cache_subscription PASSED in 212ms trace=75e5e4f3-8924-4c5d-fffd-def14aa53b79
2026-02-21T02:40:06.223Z [svc-queue-3] health check ok
2026-02-21T02:40:06.224Z [svc-queue-2] warning: slow query took 1108ms
2026-02-21T02:40:06.225Z [svc-search-2] cache hit rate 90%
2026-02-21T02:40:06.225Z [svc-queue-4] gc pause 76ms, heap 411MB
2026-02-21T02:40:06.226Z [svc-notify-0] retrying connection to postgres (attempt 1/3)
2026-02-21T02:40:06.227Z [pytest-xdist] gw1 test_search.py::test_cache_session PASSED in 187ms trace=0ead8063-2386-86d6-c019-8f7e7a2161cf
2026-02-21T02:40:06.227Z [svc-db-3] closed idle connection after 168s
2026-02-21T02:40:06.229Z [svc-media-2] connected to upstream in 17ms
2026-02-21T02:40:06.236Z [svc-notify-3] cache hit rate 88%
2026-02-21T02:40:06.238Z [svc-gateway-2] closed idle connection after 305s
2026-02-21T02:40:06.238Z [svc-gateway-3] closed idle connection after 38s
2026-02-21T02:40:06.239Z [svc-cache-1] connected to upstream in 53ms
2026-02-21T02:40:06.240Z [pytest-xdist] gw2 test_billing.py::test_update_subscription PASSED in 131ms trace=9d701d8d-b4ed-7c8e-2269-65b377b91f0e
2026-02-21T02:40:06.242Z [svc-cache-4] warning: slow query took 727ms
2026-02-21T02:40:06.242Z [svc-gateway-4] retrying connection to vault (attempt 1/3)
2026-02-21T02:40:06.243Z [svc-gateway-2] processed batch of 261 items
2026-02-21T02:40:06.243Z [svc-queue-2] gc pause 76ms, heap 821MB
2026-02-21T02:40:06.245Z [svc-cache-1] cache hit rate 95%
2026-02-21T02:40:06.245Z [svc-gateway-0] processed batch of 35 items
2026-02-21T02:40:06.247Z [svc-search-2] health check ok
2026-02-21T02:40:06.248Z [svc-auth-2] closed idle connection after 292s
2026-02-21T02:40:06.249Z [svc-auth-1] connected to upstream in 17ms
2026-02-21T02:40:06.250Z [svc-cache-0] connected to upstream in 82ms
2026-02-21T02:40:06.251Z [svc-auth-1] gc pause 59ms, heap 878MB
2026-02-21T02:40:06.253Z [svc-search-0] gc pause 122ms, heap 807MB
2026-02-21T02:40:06.255Z [svc-cache-2] retrying connection to redis (attempt 1/3)
2026-02-21T02:40:06.256Z [svc-auth-0] warning: slow query took 2109ms
2026-02-21T02:40:06.256Z [svc-auth-3] connected to upstream in 69ms
2026-02-21T02:40:06.256Z [svc-media-4] retrying connection to s3 (attempt 1/3)
2026-02-21T02:40:06.257Z [svc-cache-2] warning: slow query took 1102ms
2026-02-21T02:40:06.257Z [svc-media-1] health check ok
2026-02-21T02:40:06.258Z [pytest-xdist] gw3 test_media.py::test_list_session PASSED in 136ms trace=b43568cd-2201-192d-c96e-9dca1dab6bed
2026-02-21T02:40:06.258Z [svc-cache-2] processed batch of 223 items
2026-02-21T02:40:06.259Z [svc-billing-0] closed idle connection after 131s
2026-02-21T02:40:06.259Z [svc-queue-0] warning: slow query took 1063ms
2026-02-21T02:40:06.260Z [svc-billing-4] retrying connection to vault (attempt 2/3)
2026-02-21T02:40:06.261Z [pytest-xdist] gw5 test_billing.py::test_expire_token PASSED in 242ms trace=94e2ce7f-22bf-e0d3-213a-ab15d36db049
2026-02-21T02:40:06.263Z [svc-cache-2] health check ok
2026-02-21T02:40:06.264Z [svc-cache-4] health check ok
2026-02-21T02:40:06.265Z [svc-notify-3] health check ok
2026-02-21T02:40:06.266Z [pytest-xdist] gw2 test_orders.py::test_create_index PASSED in 145ms trace=d8af028f-3d77-c2f8-599a-1eb15e8d86e8
2026-02-21T02:40:06.268Z [svc-search-2] cache hit rate 95%
2026-02-21T02:40:06.268Z [svc-gateway-1] closed idle connection after 35s
2026-02-21T02:40:06.269Z [svc-auth-3] connected to upstream in 34ms
2026-02-21T02:40:06.270Z [svc-cache-3] closed idle connection after 311s
2026-02-21T02:40:06.271Z [svc-db-4] gc pause 8ms, heap 540MB
2026-02-21T02:40:06.272Z [svc-cache-1] cache hit rate 95%
2026-02-21T02:40:06.272Z [svc-db-1] closed idle connection after 314s
2026-02-21T02:40:06.273Z [svc-billing-4] warning: slow query took 1511ms
2026-02-21T02:40:06.275Z [svc-queue-0] health check ok
2026-02-21T02:40:06.279Z [svc-queue-2] health check ok
2026-02-21T02:40:06.281Z [svc-sched-3] health check ok
2026-02-21T02:40:06.282Z [svc-auth-4] health check ok
2026-02-21T02:40:06.283Z [svc-auth-3] connected to upstream in 71ms
2026-02-21T02:40:06.283Z [svc-db-4] health check ok
2026-02-21T02:40:06.283Z [svc-gateway-1] cache hit rate 95%
2026-02-21T02:40:06.284Z [pytest-xdist] gw5 test_import.py::test_parse_webhook PASSED in 227ms trace=027c5d6e-fd1d-7833-61da-5d123eb6cb56
2026-02-21T02:40:06.285Z [svc-queue-4] retrying connection to s3 (attempt 1/3)
2026-02-21T02:40:06.287Z [svc-gateway-2] processed batch of 76 items
2026-02-21T02:40:06.288Z [svc-cache-1] closed idle connection after 59s
2026-02-21T02:40:06.289Z [svc-db-0] processed batch of 61 items
2026-02-21T02:40:06.290Z [svc-queue-0] retrying connection to vault (attempt 3/3)
2026-02-21T02:40:06.291Z [svc-queue-1] warning: slow query took 979ms
2026-02-21T02:40:06.292Z [svc-gateway-3] retrying connection to elasticsearch (attempt 2/3)
2026-02-21T02:40:06.292Z [svc-media-2] health check ok
2026-02-21T02:40:06.292Z [svc-sched-4] health check ok
2026-02-21T02:40:06.293Z [svc-db-0] warning: slow query took 1147ms
2026-02-21T02:40:06.293Z [svc-sched-4] warning: slow query took 677ms
2026-02-21T02:40:06.294Z [svc-db-0] warning: slow query took 963ms
2026-02-21T02:40:06.294Z [svc-media-2] warning: slow query took 428ms
2026-02-21T02:40:06.296Z [svc-billing-2] warning: slow query took 1987ms
2026-02-21T02:40:06.297Z [svc-db-2] gc pause 42ms, heap 790MB
2026-02-21T02:40:06.297Z [svc-queue-3] closed idle connection after 205s
2026-02-21T02:40:06.298Z [svc-notify-1] retrying connection to redis (attempt 3/3)
2026-02-21T02:40:06.300Z [svc-cache-2] processed batch of 405 items
2026-02-21T02:40:06.300Z [svc-queue-4] cache hit rate 88%
2026-02-21T02:40:06.301Z [svc-auth-0] warning: slow query took 1170ms
2026-02-21T02:40:06.301Z [svc-search-3] gc pause 37ms, heap 296MB
2026-02-21T02:40:06.301Z [svc-search-4] retrying connection to elasticsearch (attempt 2/3)
2026-02-21T02:40:06.302Z [svc-db-4] connected to upstream in 24ms
2026-02-21T02:40:06.302Z [svc-notify-1] warning: slow query took 816ms
2026-02-21T02:40:06.303Z [svc-billing-1] health check ok
2026-02-21T02:40:06.304Z [svc-media-4] retrying connection to s3 (attempt 2/3)
2026-02-21T02:40:06.305Z [svc-search-3] retrying connection to s3 (attempt 2/3)
2026-02-21T02:40:06.306Z [pytest-xdist] gw5 test_orders.py::test_authorize_query PASSED in 202ms trace=404da82c-c234-7238-1cdd-3b8f4e69be53
2026-02-21T02:40:06.306Z [svc-billing-3] warning: slow query took 1332ms
2026-02-21T02:40:06.308Z [svc-db-0] processed batch of 417 items
2026-02-21T02:40:06.308Z [svc-gateway-4] warning: slow query took 390ms
2026-02-21T02:40:06.311Z [svc-gateway-4] gc pause 117ms, heap 973MB
2026-02-21T02:40:06.311Z [svc-media-2] gc pause 51ms, heap 104MB
2026-02-21T02:40:06.311Z [svc-queue-3] processed batch of 427 items
2026-02-21T02:40:06.313Z [svc-cache-2] processed batch of 447 items
2026-02-21T02:40:06.313Z [svc-search-0] retrying connection to postgres (attempt 2/3)
2026-02-21T02:40:06.314Z [svc-queue-0] gc pause 22ms, heap 289MB
2026-02-21T02:40:06.315Z [svc-notify-1] warning: slow query took 688ms
2026-02-21T02:40:06.315Z [svc-gateway-1] connected to upstream in 16ms
2026-02-21T02:40:06.318Z [pytest-xdist] gw4 test_queue.py::test_cache_invoice PASSED in 120ms trace=3f1b3f02-d7a4-10ba-6e75-344ac650f155
2026-02-21T02:40:06.318Z [svc-queue-2] warning: slow query took 433ms
2026-02-21T02:40:06.320Z [svc-gateway-4] closed idle connection after 235s
2026-02-21T02:40:06.323Z [svc-db-2] processed batch of 461 items
2026-02-21T02:40:06.325Z [svc-gateway-2] processed batch of 218 items
2026-02-21T02:40:06.327Z [svc-queue-4] cache hit rate 88%
2026-02-21T02:40:06.328Z [svc-search-1] warning: slow query took 1937ms
2026-02-21T02:40:06.330Z [svc-billing-4] processed batch of 506 items
2026-02-21T02:40:06.330Z [svc-search-3] warning: slow query took 1972ms
2026-02-21T02:40:06.331Z [svc-db-1] gc pause 47ms, heap 584MB
2026-02-21T02:40:06.332Z [svc-queue-3] cache hit rate 92%
2026-02-21T02:40:06.333Z [svc-billing-3] cache hit rate 92%
2026-02-21T02:40:06.333Z [svc-media-1] closed idle connection after 129s
2026-02-21T02:40:06.334Z [svc-auth-0] connected to upstream in 6ms
2026-02-21T02:40:06.335Z [pytest-xdist] gw5 test_import.py::test_create_token PASSED in 246ms trace=9949979a-f01f-a185-d4af-401dfeb69e06
2026-02-21T02:40:06.335Z [svc-db-4] connected to upstream in 75ms
2026-02-21T02:40:06.336Z [svc-auth-2] cache hit rate 95%
2026-02-21T02:40:06.336Z [svc-sched-2] health check ok
2026-02-21T02:40:06.337Z [svc-db-0] gc pause 61ms, heap 993MB
2026-02-21T02:40:06.339Z [svc-billing-3] cache hit rate 88%
2026-02-21T02:40:06.339Z [svc-queue-3] processed batch of 358 items
2026-02-21T02:40:06.343Z [svc-cache-3] connected to upstream in 75ms
2026-02-21T02:40:06.345Z [pytest-xdist] gw4 test_media.py::test_notify_subscription PASSED in 94ms trace=79db93be-f9c6-29b4-4489-e79792378e6c
2026-02-21T02:40:06.346Z [svc-search-1] gc pause 107ms, heap 941MB
2026-02-21T02:40:06.346Z [svc-media-4] connected to upstream in 61ms
2026-02-21T02:40:06.349Z [pytest-xdist] gw0 test_search.py::test_expire_index PASSED in 103ms trace=38843705-744e-60bf-3d76-ae6d7a94b855
2026-02-21T02:40:06.349Z [svc-auth-0] cache hit rate 88%
2026-02-21T02:40:06.349Z [svc-gateway-1] warning: slow query took 843ms
2026-02-21T02:40:06.350Z [svc-media-2] closed idle connection after 130s
2026-02-21T02:40:06.352Z [svc-gateway-1] closed idle connection after 157s
2026-02-21T02:40:06.357Z [svc-sched-1] warning: slow query took 1664ms
2026-02-21T02:40:06.361Z [svc-billing-1] cache hit rate 88%
2026-02-21T02:40:06.361Z [svc-notify-0] connected to upstream in 58ms
2026-02-21T02:40:06.362Z [svc-billing-2] health check ok
2026-02-21T02:40:06.363Z [pytest-xdist] gw2 test_export.py::test_validate_region PASSED in 153ms trace=f5f3a430-f0cc-e472-cb17-c4f451674dbb
2026-02-21T02:40:06.363Z [svc-billing-1] cache hit rate 95%
2026-02-21T02:40:06.365Z [svc-db-4] processed batch of 32 items
2026-02-21T02:40:06.368Z [svc-db-4] warning: slow query took 1854ms
2026-02-21T02:40:06.368Z [svc-gateway-0] gc pause 48ms, heap 144MB
2026-02-21T02:40:06.368Z [svc-sched-1] closed idle connection after 251s
2026-02-21T02:40:06.369Z [svc-auth-1] processed batch of 165 items
2026-02-21T02:40:06.370Z [svc-queue-1] closed idle connection after 66s
2026-02-21T02:40:06.372Z [svc-billing-2] closed idle connection after 50s
2026-02-21T02:40:06.372Z [svc-sched-4] connected to upstream in 21ms
2026-02-21T02:40:06.373Z [svc-billing-3] cache hit rate 85%
2026-02-21T02:40:06.374Z [svc-billing-2] health check ok
2026-02-21T02:40:06.375Z [svc-search-3] cache hit rate 95%
2026-02-21T02:40:06.376Z [svc-db-4] retrying connection to postgres (attempt 1/3)
2026-02-21T02:40:06.377Z [svc-search-0] processed batch of 215 items
2026-02-21T02:40:06.378Z [svc-media-1] connected to upstream in 34ms
2026-02-21T02:40:06.379Z [svc-notify-1] retrying connection to redis (attempt 3/3)
2026-02-21T02:40:06.383Z [svc-cache-1] retrying connection to postgres (attempt 1/3)
2026-02-21T02:40:06.383Z [svc-search-3] gc pause 8ms, heap 680MB
2026-02-21T02:40:06.383Z [svc-gateway-2] warning: slow query took 773ms
2026-02-21T02:40:06.384Z [pytest-xdist] gw0 test_import.py::test_create_session PASSED in 46ms trace=d57e884b-a8e7-07d2-3f1f-105c5a45cef0
2026-02-21T02:40:06.385Z [svc-billing-0] gc pause 41ms, heap 794MB
2026-02-21T02:40:06.385Z [svc-notify-2] gc pause 124ms, heap 444MB
2026-02-21T02:40:06.386Z [svc-media-0] health check ok
2026-02-21T02:40:06.386Z [svc-queue-2] processed batch of 362 items
2026-02-21T02:40:06.387Z [svc-db-1] warning: slow query took 812ms
2026-02-21T02:40:06.387Z [svc-billing-2] connected to upstream in 19ms
2026-02-21T02:40:06.388Z [svc-db-1] cache hit rate 95%
2026-02-21T02:40:06.389Z [svc-auth-4] connected to upstream in 84ms
2026-02-21T02:40:06.389Z [svc-cache-4] connected to upstream in 71ms
2026-02-21T02:40:06.390Z [svc-cache-1] warning: slow query took 1691ms
2026-02-21T02:40:06.393Z [svc-cache-2] health check ok
2026-02-21T02:40:06.393Z [svc-db-2] retrying connection to elasticsearch (attempt 2/3)
2026-02-21T02:40:06.394Z [pytest-xdist] gw1 test_webhooks.py::test_reconcile_token PASSED in 131ms trace=b7bcc5f7-2116-a6f1-f328-4a3cbca6150d
2026-02-21T02:40:06.394Z [svc-media-2] gc pause 13ms, heap 622MB
2026-02-21T02:40:06.395Z [svc-sched-0] health check ok
2026-02-21T02:40:06.400Z [svc-media-2] closed idle connection after 306s
2026-02-21T02:40:06.401Z [svc-notify-4] processed batch of 370 items
2026-02-21T02:40:06.403Z [pytest-xdist] gw3 test_billing.py::test_notify_region PASSED in 227ms trace=a2c331e4-a22c-a3d1-18dc-b714d0b40a70
2026-02-21T02:40:06.403Z [svc-cache-4] cache hit rate 90%
2026-02-21T02:40:06.404Z [svc-queue-2] cache hit rate 88%
2026-02-21T02:40:06.405Z [svc-notify-1] cache hit rate 95%
2026-02-21T02:40:06.406Z [svc-billing-1] warning: slow query took 1698ms
2026-02-21T02:40:06.409Z [svc-cache-2] cache hit rate 88%
2026-02-21T02:40:06.409Z [svc-search-1] gc pause 29ms, heap 526MB
2026-02-21T02:40:06.410Z [svc-billing-0] connected to upstream in 7ms
2026-02-21T02:40:06.410Z [svc-gateway-1] warning: slow query took 1139ms
2026-02-21T02:40:06.410Z [svc-sched-1] health check ok
2026-02-21T02:40:06.411Z [svc-notify-2] health check ok
2026-02-21T02:40:06.411Z [svc-sched-3] cache hit rate 95%
2026-02-21T02:40:06.412Z [svc-auth-3] warning: slow query took 1688ms
2026-02-21T02:40:06.412Z [svc-queue-1] processed batch of 345 items
2026-02-21T02:40:06.413Z [svc-billing-3] processed batch of 331 items
2026-02-21T02:40:06.413Z [svc-sched-3] processed batch of 113 items
2026-02-21T02:40:06.415Z [svc-cache-3] connected to upstream in 71ms
2026-02-21T02:40:06.415Z [svc-db-3] retrying connection to vault (attempt 2/3)
2026-02-21T02:40:06.415Z [svc-billing-1] processed batch of 249 items
2026-02-21T02:40:06.417Z [pytest-xdist] gw1 test_queue.py::test_update_subscription PASSED in 207ms trace=bf62461c-7249-6e64-2cf0-7f77048a959d
2026-02-21T02:40:06.419Z [svc-billing-0] connected to upstream in 16ms
2026-02-21T02:40:06.420Z [svc-gateway-4] processed batch of 86 items
2026-02-21T02:40:06.420Z [svc-sched-3] connected to upstream in 38ms
2026-02-21T02:40:06.421Z [svc-notify-0] connected to upstream in 75ms
2026-02-21T02:40:06.422Z [svc-db-3] gc pause 116ms, heap 234MB
2026-02-21T02:40:06.424Z [svc-db-3] gc pause 78ms, heap 986MB
2026-02-21T02:40:06.425Z [pytest-xdist] gw5 test_billing.py::test_list_template PASSED in 105ms trace=4ae9b1fd-c226-a76a-4335-33784eb7600b
2026-02-21T02:40:06.425Z [svc-queue-4] connected to upstream in 47ms
2026-02-21T02:40:06.427Z [svc-queue-4] gc pause 27ms, heap 829MB
2026-02-21T02:40:06.428Z [svc-search-3] retrying connection to s3 (attempt 1/3)
2026-02-21T02:40:06.429Z [svc-notify-4] processed batch of 99 items
2026-02-21T02:40:06.429Z [svc-gateway-4] warning: slow query took 2045ms
2026-02-21T02:40:06.429Z [svc-sched-2] cache hit rate 85%
2026-02-21T02:40:06.430Z [svc-gateway-4] gc pause 54ms, heap 629MB
2026-02-21T02:40:06.430Z [svc-media-3] gc pause 84ms, heap 765MB
2026-02-21T02:40:06.431Z [svc-media-3] gc pause 58ms, heap 460MB
2026-02-21T02:40:06.431Z [svc-queue-4] processed batch of 15 items
2026-02-21T02:40:06.432Z [svc-search-0] health check ok
2026-02-21T02:40:06.432Z [svc-sched-1] processed batch of 85 items
2026-02-21T02:40:06.433Z [svc-search-0] warning: slow query took 2007ms
2026-02-21T02:40:06.436Z [svc-db-4] warning: slow query took 660ms
2026-02-21T02:40:06.436Z [svc-billing-4] retrying connection to vault (attempt 1/3)
2026-02-21T02:40:06.437Z [svc-gateway-1] cache hit rate 85%
2026-02-21T02:40:06.438Z [svc-gateway-4] connected to upstream in 21ms
2026-02-21T02:40:06.439Z [svc-media-2] health check ok
2026-02-21T02:40:06.441Z [svc-search-1] retrying connection to redis (attempt 1/3)
2026-02-21T02:40:06.441Z [svc-search-2] processed batch of 196 items
2026-02-21T02:40:06.441Z [svc-media-0] health check ok
2026-02-21T02:40:06.442Z [svc-cache-1] retrying connection to postgres (attempt 3/3)
2026-02-21T02:40:06.442Z [svc-queue-1] cache hit rate 90%
2026-02-21T02:40:06.444Z [pytest-xdist] gw5 test_sched.py::test_delete_template PASSED in 131ms trace=f810f508-7824-cb74-2c99-98aa980c028f
2026-02-21T02:40:06.444Z [svc-db-0] cache hit rate 92%
2026-02-21T02:40:06.449Z [svc-notify-4] closed idle connection after 290s
2026-02-21T02:40:06.451Z [svc-notify-3] connected to upstream in 71ms
2026-02-21T02:40:06.451Z [svc-gateway-0] health check ok
2026-02-21T02:40:06.453Z [svc-sched-2] connected to upstream in 39ms
2026-02-21T02:40:06.454Z [pytest-xdist] gw4 test_orders.py::test_cache_shipment PASSED in 65ms trace=b227c467-defc-89c0-c3a6-875205b4186b
2026-02-21T02:40:06.455Z [svc-auth-0] warning: slow query took 1980ms
2026-02-21T02:40:06.455Z [svc-gateway-0] retrying connection to redis (attempt 3/3)
2026-02-21T02:40:06.456Z [svc-search-0] gc pause 9ms, heap 631MB
2026-02-21T02:40:06.460Z [svc-db-4] cache hit rate 95%
2026-02-21T02:40:06.461Z [svc-sched-0] gc pause 55ms, heap 304MB
2026-02-21T02:40:06.462Z [svc-queue-0] cache hit rate 90%
2026-02-21T02:40:06.462Z [svc-sched-4] processed batch of 106 items
2026-02-21T02:40:06.465Z [pytest-xdist] gw2 test_import.py::test_notify_coupon PASSED in 121ms trace=60c048b0-5a9c-08dd-4554-2dde0e52a54f
2026-02-21T02:40:06.466Z [svc-cache-4] warning: slow query took 2136ms
2026-02-21T02:40:06.468Z [svc-auth-0] cache hit rate 90%
2026-02-21T02:40:06.468Z [svc-billing-1] health check ok
2026-02-21T02:40:06.468Z [svc-gateway-1] warning: slow query took 1865ms
2026-02-21T02:40:06.469Z [pytest-xdist] gw4 test_billing.py::test_cache_refund PASSED in 137ms trace=9b23e8e0-cdcc-7ee4-82ce-e914437d74ee
2026-02-21T02:40:06.470Z [svc-queue-1] cache hit rate 85%
2026-02-21T02:40:06.473Z [svc-queue-2] processed batch of 442 items
2026-02-21T02:40:06.475Z [svc-search-3] cache hit rate 88%
2026-02-21T02:40:06.477Z [pytest-xdist] gw1 test_search.py::test_authorize_region PASSED in 87ms trace=fd4d42f6-74d4-7d26-2858-cf400566a8e9
2026-02-21T02:40:06.479Z [svc-notify-4] gc pause 71ms, heap 673MB
2026-02-21T02:40:06.479Z [svc-queue-1] retrying connection to postgres (attempt 1/3)
2026-02-21T02:40:06.480Z [svc-gateway-0] processed batch of 326 items
2026-02-21T02:40:06.482Z [svc-notify-1] connected to upstream in 34ms
2026-02-21T02:40:06.483Z [svc-notify-3] cache hit rate 92%
2026-02-21T02:40:06.486Z [pytest-xdist] gw0 test_queue.py::test_retry_invoice PASSED in 150ms trace=3df8c7f7-621f-e119-8d96-d3cbbed29ded
2026-02-21T02:40:06.486Z [svc-auth-0] warning: slow query took 1968ms
2026-02-21T02:40:06.486Z [svc-db-0] gc pause 41ms, heap 383MB
2026-02-21T02:40:06.486Z [svc-queue-0] cache hit rate 88%
2026-02-21T02:40:06.488Z [svc-db-1] gc pause 64ms, heap 584MB
2026-02-21T02:40:06.490Z [pytest-xdist] gw2 test_notify.py::test_authorize_token PASSED in 147ms trace=cf3f4a41-0258-a015-16ae-f13b2411c8ac
2026-02-21T02:40:06.490Z [svc-notify-4] closed idle connection after 231s
2026-02-21T02:40:06.490Z [svc-media-1] closed idle connection after 85s
2026-02-21T02:40:06.490Z [svc-sched-3] connected to upstream in 26ms
2026-02-21T02:40:06.491Z [svc-search-4] cache hit rate 92%
2026-02-21T02:40:06.491Z [svc-media-0] closed idle connection after 249s
2026-02-21T02:40:06.493Z [svc-gateway-0] connected to upstream in 72ms
2026-02-21T02:40:06.493Z [svc-media-1] closed idle connection after 86s
2026-02-21T02:40:06.495Z [svc-cache-0] cache hit rate 90%
2026-02-21T02:40:06.496Z [svc-db-3] connected to upstream in 45ms
2026-02-21T02:40:06.498Z [pytest-xdist] gw5 test_export.py::test_retry_refund PASSED in 215ms trace=9d576f85-49cb-40cf-e5a5-dd0576b244dc
2026-02-21T02:40:06.498Z [svc-db-0] closed idle connection after 61s
2026-02-21T02:40:06.498Z [svc-db-1] retrying connection to s3 (attempt 1/3)
2026-02-21T02:40:06.498Z [svc-search-2] connected to upstream in 62ms
2026-02-21T02:40:06.498Z [svc-notify-1] gc pause 102ms, heap 798MB
2026-02-21T02:40:06.499Z [svc-cache-3] health check ok
2026-02-21T02:40:06.499Z [svc-search-0] gc pause 13ms, heap 312MB
2026-02-21T02:40:06.500Z [svc-cache-0] gc pause 54ms, heap 172MB
2026-02-21T02:40:06.500Z [svc-sched-0] health check ok
2026-02-21T02:40:06.501Z [svc-gateway-0] cache hit rate 95%
2026-02-21T02:40:06.503Z [svc-notify-3] processed batch of 257 items
2026-02-21T02:40:06.505Z [svc-billing-4] cache hit rate 85%
2026-02-21T02:40:06.507Z [pytest-xdist] gw1 test_export.py::test_retry_region PASSED in 239ms trace=d2a7661b-5f21-48ae-89d2-a1cf086fc1b8
2026-02-21T02:40:06.507Z [svc-search-4] processed batch of 427 items
2026-02-21T02:40:06.508Z [svc-cache-4] cache hit rate 95%
2026-02-21T02:40:06.509Z [svc-search-2] closed idle connection after 124s
2026-02-21T02:40:06.510Z [svc-auth-3] retrying connection to redis (attempt 1/3)
2026-02-21T02:40:06.510Z [svc-queue-2] retrying connection to redis (attempt 2/3)
2026-02-21T02:40:06.512Z [svc-billing-1] connected to upstream in 31ms
2026-02-21T02:40:06.515Z [svc-sched-0] gc pause 69ms, heap 675MB
2026-02-21T02:40:06.516Z [svc-search-0] cache hit rate 90%
2026-02-21T02:40:06.517Z [svc-sched-2] connected to upstream in 44ms
2026-02-21T02:40:06.518Z [pytest-xdist] gw2 test_auth.py::test_reconcile_template PASSED in 169ms trace=b3c6ca65-623a-e2b0-c414-1e9a0354742d
2026-02-21T02:40:06.518Z [svc-queue-4] gc pause 70ms, heap 326MB
2026-02-21T02:40:06.519Z [svc-notify-1] retrying connection to redis (attempt 1/3)
2026-02-21T02:40:06.520Z [svc-auth-0] retrying connection to elasticsearch (attempt 1/3)
2026-02-21T02:40:06.520Z [svc-search-0] closed idle connection after 121s
2026-02-21T02:40:06.521Z [svc-media-3] retrying connection to kafka (attempt 1/3)
2026-02-21T02:40:06.522Z [svc-db-0] health check ok
2026-02-21T02:40:06.522Z [svc-billing-4] cache hit rate 95%
2026-02-21T02:40:06.523Z [svc-billing-3] processed batch of 353 items
2026-02-21T02:40:06.524Z [svc-cache-1] closed idle connection after 69s
2026-02-21T02:40:06.524Z [svc-notify-1] cache hit rate 95%
2026-02-21T02:40:06.527Z [svc-cache-1] health check ok
2026-02-21T02:40:06.528Z [svc-auth-2] processed batch of 395 items
2026-02-21T02:40:06.528Z [svc-auth-4] health check ok
2026-02-21T02:40:06.529Z [pytest-xdist] gw0 test_search.py::test_expire_webhook PASSED in 245ms trace=f8ae539f-3054-9ba0-10ac-638ac293bb5d
2026-02-21T02:40:06.529Z [svc-db-4] connected to upstream in 50ms
2026-02-21T02:40:06.530Z [svc-media-0] processed batch of 16 items
2026-02-21T02:40:06.532Z [svc-search-0] closed idle connection after 113s
2026-02-21T02:40:06.532Z [svc-media-1] gc pause 45ms, heap 235MB
2026-02-21T02:40:06.533Z [svc-media-0] processed batch of 497 items
2026-02-21T02:40:06.536Z [svc-search-2] health check ok
2026-02-21T02:40:06.537Z [svc-media-1] health check ok
2026-02-21T02:40:06.540Z [svc-sched-0] closed idle connection after 162s
2026-02-21T02:40:06.541Z [pytest-xdist] gw2 test_payments.py::test_update_refund PASSED in 16ms trace=847ab40b-6b91-35c8-3006-f56e1a8c0376
2026-02-21T02:40:06.541Z [svc-notify-2] processed batch of 240 items
2026-02-21T02:40:06.541Z [svc-sched-0] connected to upstream in 67ms
2026-02-21T02:40:06.544Z [svc-notify-4] gc pause 122ms, heap 417MB
2026-02-21T02:40:06.544Z [svc-media-1] cache hit rate 85%
2026-02-21T02:40:06.545Z [svc-queue-4] closed idle connection after 298s
2026-02-21T02:40:06.547Z [svc-auth-3] processed batch of 146 items
2026-02-21T02:40:06.547Z [svc-gateway-3] cache hit rate 88%
2026-02-21T02:40:06.547Z [svc-queue-1] connected to upstream in 60ms
2026-02-21T02:40:06.548Z [svc-notify-2] closed idle connection after 60s
2026-02-21T02:40:06.548Z [svc-gateway-4] processed batch of 262 items
2026-02-21T02:40:06.550Z [pytest-xdist] gw0 test_gateway.py::test_parse_subscription PASSED in 30ms trace=8dfd12ca-820c-d5bf-7499-e884af40fedd
2026-02-21T02:40:06.550Z [svc-db-1] cache hit rate 90%
2026-02-21T02:40:06.550Z [svc-search-3] retrying connection to s3 (attempt 1/3)
2026-02-21T02:40:06.551Z [svc-auth-1] health check ok
2026-02-21T02:40:06.554Z [svc-search-4] cache hit rate 88%
2026-02-21T02:40:06.555Z [svc-search-2] closed idle connection after 305s
2026-02-21T02:40:06.563Z [svc-queue-3] connected to upstream in 34ms
2026-02-21T02:40:06.566Z [svc-media-4] warning: slow query took 1958ms
2026-02-21T02:40:06.567Z [pytest-xdist] gw3 test_users.py::test_delete_region PASSED in 144ms trace=8cd7396a-57c6-21f2-6d8a-577bff53d2bb
2026-02-21T02:40:06.567Z [svc-notify-3] connected to upstream in 14ms
2026-02-21T02:40:06.568Z [svc-billing-4] warning: slow query took 1483ms
2026-02-21T02:40:06.569Z [svc-notify-2] cache hit rate 85%
2026-02-21T02:40:06.572Z [svc-media-0] health check ok
2026-02-21T02:40:06.572Z [svc-queue-4] gc pause 103ms, heap 902MB
2026-02-21T02:40:06.573Z [svc-sched-3] retrying connection to kafka (attempt 2/3)
2026-02-21T02:40:06.577Z [svc-cache-3] warning: slow query took 1735ms
2026-02-21T02:40:06.577Z [svc-db-3] retrying connection to vault (attempt 2/3)
2026-02-21T02:40:06.579Z [svc-cache-1] warning: slow query took 1161ms
2026-02-21T02:40:06.581Z [pytest-xdist] gw5 test_orders.py::test_reconcile_query PASSED in 156ms trace=c7d56627-e046-0467-7574-d219abe3b04e
2026-02-21T02:40:06.581Z [svc-gateway-0] connected to upstream in 40ms
2026-02-21T02:40:06.581Z [svc-gateway-1] gc pause 10ms, heap 119MB
2026-02-21T02:40:06.582Z [svc-sched-2] cache hit rate 90%
2026-02-21T02:40:06.584Z [svc-billing-1] processed batch of 221 items
2026-02-21T02:40:06.585Z [svc-media-2] processed batch of 199 items
2026-02-21T02:40:06.586Z [svc-cache-1] warning: slow query took 1107ms
2026-02-21T02:40:06.586Z [svc-queue-1] warning: slow query took 1738ms
2026-02-21T02:40:06.591Z [svc-sched-0] retrying connection to vault (attempt 2/3)
2026-02-21T02:40:06.592Z [svc-search-1] gc pause 18ms, heap 636MB
2026-02-21T02:40:06.594Z [svc-media-4] cache hit rate 85%
2026-02-21T02:40:06.594Z [svc-queue-3] cache hit rate 88%
2026-02-21T02:40:06.596Z [svc-db-2] processed batch of 485 items
2026-02-21T02:40:06.596Z [svc-billing-0] processed batch of 299 items
2026-02-21T02:40:06.598Z [svc-db-1] gc pause 18ms, heap 362MB
2026-02-21T02:40:06.600Z [pytest-xdist] gw2 test_users.py::test_delete_quota PASSED in 6ms trace=463d5e0b-14c9-c4cc-35d3-db9f13d9c99f
2026-02-21T02:40:06.600Z [svc-db-4] gc pause 85ms, heap 495MB
2026-02-21T02:40:06.601Z [svc-search-2] cache hit rate 92%
2026-02-21T02:40:06.602Z [svc-billing-0] warning: slow query took 642ms
2026-02-21T02:40:06.602Z [svc-notify-1] cache hit rate 88%
2026-02-21T02:40:06.603Z [svc-billing-4] cache hit rate 85%
2026-02-21T02:40:06.604Z [svc-auth-1] processed batch of 358 items
2026-02-21T02:40:06.604Z [svc-search-1] processed batch of 130 items
2026-02-21T02:40:06.604Z [svc-queue-4] retrying connection to s3 (attempt 1/3)
2026-02-21T02:40:06.606Z [svc-auth-3] retrying connection to redis (attempt 2/3)
2026-02-21T02:40:06.607Z [svc-billing-0] cache hit rate 85%
2026-02-21T02:40:06.608Z [svc-gateway-0] health check ok
2026-02-21T02:40:06.609Z [svc-auth-2] cache hit rate 85%
2026-02-21T02:40:06.609Z [svc-media-4] health check ok
2026-02-21T02:40:06.615Z [svc-media-4] health check ok
2026-02-21T02:40:06.616Z [svc-billing-2] connected to upstream in 59ms
2026-02-21T02:40:06.616Z [svc-search-3] warning: slow query took 1633ms
2026-02-21T02:40:06.617Z [svc-notify-2] processed batch of 92 items
2026-02-21T02:40:06.617Z [svc-gateway-2] processed batch of 409 items
2026-02-21T02:40:06.618Z [svc-gateway-0] warning: slow query took 1806ms
2026-02-21T02:40:06.619Z [pytest-xdist] gw2 test_queue.py::test_notify_webhook PASSED in 14ms trace=c8041310-86c9-92a2-7dd3-d9be5d2da753
2026-02-21T02:40:06.619Z [svc-notify-4] gc pause 35ms, heap 695MB
2026-02-21T02:40:06.620Z [svc-queue-0] closed idle connection after 280s
2026-02-21T02:40:06.620Z [svc-queue-1] connected to upstream in 55ms
2026-02-21T02:40:06.621Z [svc-media-4] health check ok
2026-02-21T02:40:06.622Z [svc-notify-2] closed idle connection after 82s
2026-02-21T02:40:06.622Z [svc-gateway-2] health check ok
2026-02-21T02:40:06.623Z [svc-billing-3] connected to upstream in 27ms
2026-02-21T02:40:06.623Z [svc-gateway-3] health check ok
2026-02-21T02:40:06.625Z [svc-cache-1] health check ok
2026-02-21T02:40:06.629Z [svc-notify-1] warning: slow query took 1401ms
2026-02-21T02:40:06.631Z [svc-queue-2] cache hit rate 88%
2026-02-21T02:40:06.631Z [svc-sched-3] processed batch of 396 items
2026-02-21T02:40:06.634Z [svc-auth-0] connected to upstream in 34ms
2026-02-21T02:40:06.637Z [svc-cache-3] connected to upstream in 76ms
2026-02-21T02:40:06.637Z [svc-search-3] connected to upstream in 16ms
2026-02-21T02:40:06.639Z [pytest-xdist] gw3 test_gateway.py::test_update_index PASSED in 69ms trace=03e1cc49-8bd1-fe99-2340-d1d93a7301fa
2026-02-21T02:40:06.640Z [svc-db-3] gc pause 17ms, heap 899MB
2026-02-21T02:40:06.640Z [svc-sched-2] warning: slow query took 1285ms
2026-02-21T02:40:06.641Z [svc-db-2] cache hit rate 92%
2026-02-21T02:40:06.641Z [svc-search-0] warning: slow query took 932ms
2026-02-21T02:40:06.642Z [svc-sched-0] health check ok
2026-02-21T02:40:06.645Z [svc-gateway-2] cache hit rate 95%
2026-02-21T02:40:06.646Z [svc-notify-1] health check ok
2026-02-21T02:40:06.646Z [svc-gateway-0] processed batch of 188 items
2026-02-21T02:40:06.648Z [pytest-xdist] gw5 test_reports.py::test_list_session PASSED in 158ms trace=a196dd2f-6bfd-e2b2-7338-f6a0a73e6a3a
2026-02-21T02:40:06.648Z [svc-queue-4] gc pause 44ms, heap 511MB
2026-02-21T02:40:06.649Z [svc-auth-0] gc pause 27ms, heap 269MB
2026-02-21T02:40:06.649Z [svc-search-1] retrying connection to redis (attempt 2/3)
2026-02-21T02:40:06.651Z [svc-gateway-0] gc pause 82ms, heap 442MB
2026-02-21T02:40:06.652Z [svc-notify-3] cache hit rate 85%
2026-02-21T02:40:06.655Z [svc-media-2] connected to upstream in 77ms
2026-02-21T02:40:06.657Z [svc-search-1] connected to upstream in 80ms
2026-02-21T02:40:06.661Z [svc-notify-4] closed idle connection after 150s
2026-02-21T02:40:06.662Z [svc-queue-2] retrying connection to redis (attempt 2/3)
2026-02-21T02:40:06.663Z [svc-auth-3] health check ok
2026-02-21T02:40:06.666Z [svc-sched-0] cache hit rate 85%
2026-02-21T02:40:06.667Z [svc-queue-1] warning: slow query took 1060ms
2026-02-21T02:40:06.668Z [pytest-xdist] gw0 test_orders.py::test_delete_invoice PASSED in 114ms trace=26d00793-ba35-492c-eb76-84a6fc8af5ba
2026-02-21T02:40:06.669Z [svc-notify-3] gc pause 30ms, heap 564MB
2026-02-21T02:40:06.670Z [svc-notify-0] gc pause 55ms, heap 771MB
2026-02-21T02:40:06.673Z [svc-sched-1] cache hit rate 88%
2026-02-21T02:40:06.674Z [pytest-xdist] gw2 test_media.py::test_expire_invoice PASSED in 69ms trace=f020cd2b-262e-30c3-a95f-8966263494df
2026-02-21T02:40:06.675Z [svc-auth-1] retrying connection to vault (attempt 1/3)
2026-02-21T02:40:06.676Z [svc-auth-0] cache hit rate 92%
2026-02-21T02:40:06.681Z [svc-cache-3] connected to upstream in 8ms
2026-02-21T02:40:06.681Z [svc-media-1] processed batch of 221 items
2026-02-21T02:40:06.681Z [svc-queue-0] warning: slow query took 2162ms
2026-02-21T02:40:06.681Z [svc-sched-0] connected to upstream in 53ms
2026-02-21T02:40:06.682Z [svc-media-0] closed idle connection after 271s
2026-02-21T02:40:06.682Z [svc-sched-4] connected to upstream in 37ms
2026-02-21T02:40:06.683Z [svc-gateway-0] processed batch of 374 items
2026-02-21T02:40:06.687Z [svc-queue-2] health check ok
2026-02-21T02:40:06.687Z [svc-sched-3] gc pause 30ms, heap 304MB
2026-02-21T02:40:06.690Z [svc-cache-3] warning: slow query took 2086ms
2026-02-21T02:40:06.692Z [pytest-xdist] gw5 test_notify.py::test_sync_region PASSED in 198ms trace=5c8af878-bc18-96f8-4184-49fcbfd5f06e
2026-02-21T02:40:06.692Z [svc-billing-0] cache hit rate 88%
2026-02-21T02:40:06.695Z [svc-db-2] connected to upstream in 34ms
2026-02-21T02:40:06.696Z [svc-gateway-1] health check ok
2026-02-21T02:40:06.696Z [svc-queue-2] warning: slow query took 834ms
2026-02-21T02:40:06.697Z [svc-media-0] health check ok
2026-02-21T02:40:06.703Z [svc-media-0] cache hit rate 95%
2026-02-21T02:40:06.704Z [svc-auth-3] closed idle connection after 103s
2026-02-21T02:40:06.707Z [svc-media-4] cache hit rate 92%
2026-02-21T02:40:06.707Z [svc-sched-1] closed idle connection after 140s
2026-02-21T02:40:06.709Z [svc-billing-0] connected to upstream in 53ms
2026-02-21T02:40:06.710Z [svc-search-0] retrying connection to postgres (attempt 3/3)
2026-02-21T02:40:06.714Z [pytest-xdist] gw3 test_media.py::test_parse_coupon PASSED in 246ms trace=df79a342-58a4-4634-6c73-96a6d600b883
2026-02-21T02:40:06.714Z [svc-cache-2] warning: slow query took 2045ms
2026-02-21T02:40:06.717Z [svc-auth-4] closed idle connection after 281s
2026-02-21T02:40:06.718Z [svc-db-1] retrying connection to s3 (attempt 1/3)
2026-02-21T02:40:06.720Z [svc-media-4] processed batch of 471 items
2026-02-21T02:40:06.721Z [svc-notify-3] connected to upstream in 40ms
2026-02-21T02:40:06.723Z [svc-auth-3] gc pause 120ms, heap 921MB
2026-02-21T02:40:06.723Z [svc-billing-0] processed batch of 146 items
2026-02-21T02:40:06.724Z [svc-db-3] processed batch of 242 items
2026-02-21T02:40:06.725Z [svc-db-3] processed batch of 158 items
2026-02-21T02:40:06.729Z [svc-db-1] closed idle connection after 316s
2026-02-21T02:40:06.729Z [svc-gateway-0] health check ok
2026-02-21T02:40:06.730Z [svc-sched-3] cache hit rate 90%
2026-02-21T02:40:06.731Z [svc-media-3] retrying connection to kafka (attempt 2/3)
2026-02-21T02:40:06.733Z [svc-auth-2] processed batch of 62 items
2026-02-21T02:40:06.733Z [svc-cache-0] health check ok
2026-02-21T02:40:06.734Z [svc-media-2] connected to upstream in 56ms
2026-02-21T02:40:06.736Z [pytest-xdist] gw4 test_orders.py::test_paginate_coupon PASSED in 38ms trace=8b1d0229-0bab-0eca-2fec-de260691589a
2026-02-21T02:40:06.736Z [svc-cache-4] connected to upstream in 84ms
2026-02-21T02:40:06.737Z [svc-cache-2] gc pause 47ms, heap 837MB
2026-02-21T02:40:06.739Z [svc-notify-4] gc pause 7ms, heap 182MB
2026-02-21T02:40:06.739Z [svc-queue-4] processed batch of 284 items
2026-02-21T02:40:06.740Z [svc-sched-3] processed batch of 290 items
2026-02-21T02:40:06.741Z [svc-sched-1] cache hit rate 92%
2026-02-21T02:40:06.743Z [svc-db-4] gc pause 71ms, heap 666MB
2026-02-21T02:40:06.743Z [svc-media-4] warning: slow query took 1122ms
2026-02-21T02:40:06.744Z [svc-billing-4] closed idle connection after 56s
2026-02-21T02:40:06.744Z [svc-search-3] connected to upstream in 33ms
2026-02-21T02:40:06.746Z [svc-search-4] closed idle connection after 91s
2026-02-21T02:40:06.747Z [svc-notify-2] warning: slow query took 709ms
2026-02-21T02:40:06.748Z [svc-search-2] retrying connection to kafka (attempt 1/3)
2026-02-21T02:40:06.748Z [svc-gateway-4] retrying connection to vault (attempt 2/3)
2026-02-21T02:40:06.749Z [svc-search-0] retrying connection to postgres (attempt 2/3)
2026-02-21T02:40:06.750Z [pytest-xdist] gw1 test_billing.py::test_paginate_region PASSED in 211ms trace=1375ccc0-98a3-5da6-7bbd-fe6ab14b300f
2026-02-21T02:40:06.750Z [svc-db-4] health check ok
2026-02-21T02:40:06.750Z [svc-search-4] gc pause 110ms, heap 253MB
2026-02-21T02:40:06.751Z [svc-db-2] retrying connection to elasticsearch (attempt 3/3)
2026-02-21T02:40:06.753Z [svc-db-0] cache hit rate 88%
2026-02-21T02:40:06.753Z [svc-gateway-1] gc pause 81ms, heap 777MB
2026-02-21T02:40:06.758Z [svc-sched-1] health check ok
2026-02-21T02:40:06.759Z [pytest-xdist] gw2 test_search.py::test_create_subscription PASSED in 244ms trace=930d04b2-3e29-ea38-6208-41315f80999c
2026-02-21T02:40:06.759Z [svc-cache-2] warning: slow query took 1996ms
2026-02-21T02:40:06.760Z [svc-cache-1] closed idle connection after 245s
2026-02-21T02:40:06.760Z [svc-media-3] closed idle connection after 215s
2026-02-21T02:40:06.763Z [svc-cache-0] connected to upstream in 80ms
2026-02-21T02:40:06.764Z [svc-queue-4] closed idle connection after 259s
2026-02-21T02:40:06.765Z [svc-db-3] gc pause 119ms, heap 290MB
2026-02-21T02:40:06.766Z [svc-billing-1] health check ok
2026-02-21T02:40:06.767Z [svc-cache-2] health check ok
2026-02-21T02:40:06.768Z [svc-cache-1] health check ok
2026-02-21T02:40:06.768Z [svc-db-3] closed idle connection after 197s
2026-02-21T02:40:06.769Z [pytest-xdist] gw4 test_reports.py::test_cache_user PASSED in 182ms trace=18738133-08dd-1673-1b3c-f3d842cdc882
2026-02-21T02:40:06.770Z [svc-queue-1] gc pause 28ms, heap 815MB
2026-02-21T02:40:06.772Z [svc-auth-2] health check ok
2026-02-21T02:40:06.772Z [svc-sched-1] processed batch of 389 items
2026-02-21T02:40:06.774Z [svc-cache-4] connected to upstream in 56ms
2026-02-21T02:40:06.777Z [svc-db-0] connected to upstream in 28ms
2026-02-21T02:40:06.778Z [svc-billing-2] health check ok
2026-02-21T02:40:06.779Z [pytest-xdist] gw2 test_reports.py::test_render_user PASSED in 185ms trace=65e3b2c4-a083-7cff-6b35-ccf91cbb05c5
2026-02-21T02:40:06.780Z [svc-sched-1] cache hit rate 85%
2026-02-21T02:40:06.780Z [svc-sched-2] processed batch of 181 items
2026-02-21T02:40:06.781Z [svc-billing-4] retrying connection to vault (attempt 1/3)
2026-02-21T02:40:06.783Z [svc-db-3] cache hit rate 92%
2026-02-21T02:40:06.783Z [svc-billing-0] connected to upstream in 59ms
2026-02-21T02:40:06.787Z [pytest-xdist] gw5 test_search.py::test_reconcile_subscription PASSED in 171ms trace=7ad30794-0c6c-c0d6-d5ad-66e20f5c4905
2026-02-21T02:40:06.787Z [svc-db-4] gc pause 27ms, heap 482MB
2026-02-21T02:40:06.789Z [svc-search-3] warning: slow query took 1710ms
2026-02-21T02:40:06.795Z [svc-search-4] closed idle connection after 265s
2026-02-21T02:40:06.797Z [svc-auth-0] gc pause 112ms, heap 216MB
2026-02-21T02:40:06.799Z [svc-db-2] gc pause 38ms, heap 233MB
2026-02-21T02:40:06.800Z [pytest-xdist] gw0 test_export.py::test_list_query PASSED in 218ms trace=23f9c030-d972-2d42-ffde-90c28b8095a4
2026-02-21T02:40:06.800Z [svc-media-2] warning: slow query took 1513ms
2026-02-21T02:40:06.800Z [svc-queue-4] health check ok
2026-02-21T02:40:06.808Z [pytest-xdist] gw5 test_gateway.py::test_paginate_user PASSED in 87ms trace=c99e5315-0922-8feb-b941-12d2ab312d9d
2026-02-21T02:40:06.808Z [svc-cache-0] health check ok
2026-02-21T02:40:06.811Z [svc-sched-0] warning: slow query took 1322ms
2026-02-21T02:40:06.815Z [svc-search-1] cache hit rate 92%
2026-02-21T02:40:06.816Z [svc-cache-1] connected to upstream in 44ms
2026-02-21T02:40:06.817Z [svc-auth-2] closed idle connection after 110s
2026-02-21T02:40:06.817Z [svc-search-3] cache hit rate 85%
2026-02-21T02:40:06.817Z [svc-gateway-3] retrying connection to elasticsearch (attempt 3/3)
2026-02-21T02:40:06.818Z [svc-cache-1] warning: slow query took 820ms
2026-02-21T02:40:06.821Z [pytest-xdist] gw5 test_queue.py::test_paginate_invoice PASSED in 171ms trace=7409dedd-a176-894b-59e8-9c58cb16db24
2026-02-21T02:40:06.821Z [svc-billing-2] processed batch of 124 items
2026-02-21T02:40:06.821Z [svc-search-0] closed idle connection after 230s
2026-02-21T02:40:06.825Z [svc-gateway-2] warning: slow query took 2188ms
2026-02-21T02:40:06.825Z [svc-sched-3] warning: slow query took 2106ms
2026-02-21T02:40:06.827Z [svc-billing-3] connected to upstream in 55ms
2026-02-21T02:40:06.830Z [pytest-xdist] gw5 test_gateway.py::test_parse_session PASSED in 191ms trace=98782d39-242c-ed68-dfe4-e060630b2d2d
2026-02-21T02:40:06.830Z [svc-gateway-1] gc pause 72ms, heap 743MB
2026-02-21T02:40:06.832Z [svc-auth-4] connected to upstream in 25ms
2026-02-21T02:40:06.834Z [pytest-xdist] gw1 test_reports.py::test_create_invoice PASSED in 29ms trace=be747a73-808b-2f32-4b33-f84dc5a1da37
2026-02-21T02:40:06.835Z [svc-gateway-3] gc pause 74ms, heap 257MB
2026-02-21T02:40:06.836Z [svc-sched-1] processed batch of 277 items
2026-02-21T02:40:06.837Z [svc-search-1] retrying connection to redis (attempt 3/3)
2026-02-21T02:40:06.842Z [svc-db-1] health check ok
2026-02-21T02:40:06.842Z [svc-media-3] cache hit rate 92%
2026-02-21T02:40:06.844Z [pytest-xdist] gw5 test_import.py::test_create_coupon PASSED in 51ms trace=1801fbf4-8fcc-2ab6-47be-6b9f5e5deb61
2026-02-21T02:40:06.846Z [svc-billing-2] closed idle connection after 294s
2026-02-21T02:40:06.848Z [pytest-xdist] gw1 test_payments.py::test_cache_quota PASSED in 103ms trace=94c2d9d3-989c-53ea-2a3c-7b2436fbe4b8
2026-02-21T02:40:06.850Z [svc-billing-3] closed idle connection after 148s
2026-02-21T02:40:06.852Z [svc-cache-1] gc pause 6ms, heap 310MB
2026-02-21T02:40:06.853Z [svc-auth-2] gc pause 7ms, heap 452MB
2026-02-21T02:40:06.854Z [svc-billing-1] processed batch of 406 items
2026-02-21T02:40:06.854Z [svc-search-1] processed batch of 95 items
2026-02-21T02:40:06.855Z [svc-queue-1] processed batch of 190 items
2026-02-21T02:40:06.857Z [svc-queue-3] retrying connection to kafka (attempt 1/3)
2026-02-21T02:40:06.860Z [svc-auth-4] closed idle connection after 204s
2026-02-21T02:40:06.861Z [svc-db-2] gc pause 51ms, heap 830MB
2026-02-21T02:40:06.862Z [svc-cache-3] gc pause 70ms, heap 376MB
2026-02-21T02:40:06.863Z [svc-gateway-3] warning: slow query took 2156ms
2026-02-21T02:40:06.864Z [pytest-xdist] gw4 test_orders.py::test_list_template PASSED in 201ms trace=ac800dbc-fbb7-bff7-38f9-5a67bf6f370b
2026-02-21T02:40:06.865Z [svc-billing-1] connected to upstream in 65ms
2026-02-21T02:40:06.867Z [svc-gateway-3] health check ok
2026-02-21T02:40:06.870Z [svc-auth-2] retrying connection to postgres (attempt 3/3)
2026-02-21T02:40:06.871Z [svc-search-0] warning: slow query took 1753ms
2026-02-21T02:40:06.875Z [svc-billing-1] closed idle connection after 101s
2026-02-21T02:40:06.875Z [svc-gateway-1] warning: slow query took 212ms
2026-02-21T02:40:06.876Z [pytest-xdist] gw3 test_queue.py::test_delete_subscription PASSED in 107ms trace=9d9b244a-4f0a-3a64-1fd1-a697e636f2d8
2026-02-21T02:40:06.878Z [svc-sched-3] warning: slow query took 889ms
2026-02-21T02:40:06.881Z [svc-cache-3] processed batch of 351 items
2026-02-21T02:40:06.884Z [pytest-xdist] gw3 test_sched.py::test_sync_webhook PASSED in 193ms trace=cad34eec-a357-661e-d4b4-c005d006a80b
2026-02-21T02:40:06.886Z [svc-db-4] retrying connection to postgres (attempt 2/3)
2026-02-21T02:40:06.886Z [svc-search-4] closed idle connection after 220s
2026-02-21T02:40:06.891Z [svc-queue-3] warning: slow query took 874ms
2026-02-21T02:40:06.891Z [svc-sched-0] cache hit rate 92%
2026-02-21T02:40:06.892Z [svc-db-3] retrying connection to vault (attempt 1/3)
2026-02-21T02:40:06.892Z [svc-queue-0] processed batch of 402 items
2026-02-21T02:40:06.894Z [svc-notify-1] cache hit rate 92%
2026-02-21T02:40:06.896Z [svc-notify-3] gc pause 80ms, heap 426MB
2026-02-21T02:40:06.898Z [svc-db-4] health check ok
2026-02-21T02:40:06.898Z [svc-media-0] cache hit rate 90%
2026-02-21T02:40:06.900Z [pytest-xdist] gw3 test_export.py::test_cache_subscription PASSED in 69ms trace=0c33e1ae-06ed-4f5a-b50c-b83d2689b917
2026-02-21T02:40:06.900Z [svc-sched-3] closed idle connection after 319s
2026-02-21T02:40:06.901Z [svc-db-3] closed idle connection after 161s
2026-02-21T02:40:06.901Z [svc-media-4] connected to upstream in 72ms
2026-02-21T02:40:06.903Z [svc-media-3] retrying connection to kafka (attempt 2/3)
2026-02-21T02:40:06.904Z [svc-billing-1] warning: slow query took 803ms
2026-02-21T02:40:06.905Z [svc-db-0] connected to upstream in 34ms
2026-02-21T02:40:06.905Z [svc-search-0] connected to upstream in 16ms
2026-02-21T02:40:06.905Z [svc-search-4] warning: slow query took 890ms
2026-02-21T02:40:06.906Z [svc-auth-4] closed idle connection after 112s
2026-02-21T02:40:06.906Z [svc-sched-2] retrying connection to redis (attempt 3/3)
2026-02-21T02:40:06.907Z [svc-gateway-1] cache hit rate 90%
2026-02-21T02:40:06.909Z [pytest-xdist] gw2 test_users.py::test_delete_index PASSED in 23ms trace=3ff4caf4-a898-6304-e39c-36e5fa3e0c8c
2026-02-21T02:40:06.910Z [svc-notify-2] gc pause 83ms, heap 481MB
2026-02-21T02:40:06.910Z [svc-queue-4] connected to upstream in 12ms
2026-02-21T02:40:06.910Z [svc-sched-2] closed idle connection after 274s
2026-02-21T02:40:06.911Z [svc-billing-4] gc pause 109ms, heap 685MB
2026-02-21T02:40:06.912Z [svc-auth-1] health check ok
2026-02-21T02:40:06.914Z [svc-gateway-2] health check ok
2026-02-21T02:40:06.914Z [svc-gateway-2] warning: slow query took 1334ms
2026-02-21T02:40:06.915Z [svc-db-3] retrying connection to vault (attempt 3/3)
2026-02-21T02:40:06.916Z [svc-auth-2] health check ok
2026-02-21T02:40:06.916Z [svc-cache-1] cache hit rate 95%
2026-02-21T02:40:06.916Z [svc-media-1] connected to upstream in 46ms
2026-02-21T02:40:06.917Z [pytest-xdist] gw0 test_sched.py::test_validate_attachment PASSED in 168ms trace=90f10ea4-c325-08d0-049c-e421f94e2d23
2026-02-21T02:40:06.918Z [svc-auth-0] gc pause 86ms, heap 638MB
2026-02-21T02:40:06.920Z [svc-billing-2] gc pause 22ms, heap 860MB
2026-02-21T02:40:06.923Z [svc-media-4] closed idle connection after 169s
2026-02-21T02:40:06.925Z [svc-billing-4] gc pause 79ms, heap 293MB
2026-02-21T02:40:06.925Z [svc-sched-0] gc pause 7ms, heap 440MB
2026-02-21T02:40:06.928Z [svc-billing-3] closed idle connection after 99s
2026-02-21T02:40:06.928Z [svc-billing-4] health check ok
2026-02-21T02:40:06.928Z [svc-sched-3] gc pause 8ms, heap 550MB
2026-02-21T02:40:06.931Z [svc-notify-2] health check ok
2026-02-21T02:40:06.932Z [pytest-xdist] gw1 test_media.py::test_parse_template PASSED in 101ms trace=73fc85d3-be83-88c8-2243-bbf0f016a8cd
2026-02-21T02:40:06.932Z [svc-cache-3] health check ok
2026-02-21T02:40:06.934Z [svc-queue-0] processed batch of 84 items
2026-02-21T02:40:06.938Z [svc-cache-4] closed idle connection after 170s
2026-02-21T02:40:06.938Z [svc-media-4] gc pause 124ms, heap 282MB
2026-02-21T02:40:06.940Z [svc-notify-3] cache hit rate 88%
2026-02-21T02:40:06.940Z [svc-queue-0] closed idle connection after 267s
2026-02-21T02:40:06.941Z [pytest-xdist] gw5 test_queue.py::test_update_refund PASSED in 91ms trace=e87100fa-2857-4099-ff16-196be53a7ad0
2026-02-21T02:40:06.942Z [svc-gateway-1] warning: slow query took 982ms
2026-02-21T02:40:06.943Z [svc-auth-0] gc pause 89ms, heap 283MB
2026-02-21T02:40:06.943Z [svc-sched-4] health check ok
2026-02-21T02:40:06.946Z [svc-sched-0] health check ok
2026-02-21T02:40:06.947Z [svc-sched-4] retrying connection to s3 (attempt 1/3)
2026-02-21T02:40:06.948Z [svc-db-4] health check ok
2026-02-21T02:40:06.949Z [svc-notify-1] health check ok
2026-02-21T02:40:06.952Z [pytest-xdist] gw5 test_gateway.py::test_reconcile_refund PASSED in 118ms trace=aef7ed3b-a8a0-5a65-9429-6bd01b7288f1
2026-02-21T02:40:06.957Z [svc-billing-3] gc pause 21ms, heap 297MB
2026-02-21T02:40:06.957Z [svc-notify-4] warning: slow query took 1705ms
2026-02-21T02:40:06.958Z [pytest-xdist] gw3 test_auth.py::test_paginate_refund PASSED in 195ms trace=47629603-16eb-df2f-dd87-3a8155ffe27f
2026-02-21T02:40:06.958Z [svc-search-3] cache hit rate 95%
2026-02-21T02:40:06.960Z [svc-notify-2] cache hit rate 85%
2026-02-21T02:40:06.962Z [svc-search-4] gc pause 119ms, heap 416MB
2026-02-21T02:40:06.962Z [svc-media-2] gc pause 73ms, heap 203MB
2026-02-21T02:40:06.964Z [svc-cache-0] cache hit rate 85%
2026-02-21T02:40:06.965Z [svc-media-1] health check ok
2026-02-21T02:40:06.965Z [svc-media-2] health check ok
2026-02-21T02:40:06.965Z [svc-queue-4] closed idle connection after 96s
2026-02-21T02:40:06.966Z [pytest-xdist] gw5 test_gateway.py::test_parse_token PASSED in 78ms trace=a243a7d8-b720-0829-3fe6-5e336af577f1
2026-02-21T02:40:06.966Z [svc-search-1] cache hit rate 85%
2026-02-21T02:40:06.967Z [svc-queue-3] retrying connection to kafka (attempt 1/3)
2026-02-21T02:40:06.969Z [svc-sched-0] closed idle connection after 161s
2026-02-21T02:40:06.972Z [svc-auth-4] cache hit rate 88%
2026-02-21T02:40:06.972Z [svc-cache-4] health check ok
2026-02-21T02:40:06.973Z [svc-search-2] connected to upstream in 74ms
2026-02-21T02:40:06.975Z [pytest-xdist] gw3 test_auth.py::test_parse_token PASSED in 32ms trace=9832afb9-f17f-aa12-41ac-7969b6f2419c
2026-02-21T02:40:06.977Z [svc-sched-1] connected to upstream in 62ms
2026-02-21T02:40:06.978Z [svc-auth-1] cache hit rate 95%
2026-02-21T02:40:06.978Z [svc-media-0] processed batch of 91 items
2026-02-21T02:40:06.979Z [svc-gateway-1] cache hit rate 85%
2026-02-21T02:40:06.981Z [pytest-xdist] gw4 test_export.py::test_authorize_template PASSED in 159ms trace=ee489de2-5025-eaa1-055b-4995b4a22035
2026-02-21T02:40:06.981Z [svc-gateway-1] cache hit rate 92%
2026-02-21T02:40:06.983Z [svc-billing-1] retrying connection to kafka (attempt 3/3)
2026-02-21T02:40:06.984Z [svc-auth-4] processed batch of 34 items
2026-02-21T02:40:06.985Z [svc-sched-2] closed idle connection after 113s
2026-02-21T02:40:06.986Z [svc-search-4] connected to upstream in 58ms
2026-02-21T02:40:06.986Z [svc-notify-1] connected to upstream in 52ms
2026-02-21T02:40:06.987Z [svc-media-4] processed batch of 96 items
2026-02-21T02:40:06.988Z [svc-gateway-0] closed idle connection after 47s
2026-02-21T02:40:06.989Z [svc-notify-4] warning: slow query took 1462ms
2026-02-21T02:40:06.992Z [svc-media-3] warning: slow query took 1408ms
2026-02-21T02:40:06.994Z [pytest-xdist] gw5 test_sched.py::test_list_webhook PASSED in 128ms trace=502567d6-8ffb-6103-379b-17ba49f291b1
2026-02-21T02:40:06.996Z [svc-db-3] processed batch of 189 items
2026-02-21T02:40:06.996Z [svc-billing-0] cache hit rate 92%
2026-02-21T02:40:06.996Z [svc-sched-4] gc pause 24ms, heap 327MB
2026-02-21T02:40:06.997Z [svc-search-2] connected to upstream in 15ms
2026-02-21T02:40:06.998Z [svc-notify-2] warning: slow query took 475ms
2026-02-21T02:40:07.001Z [svc-auth-2] processed batch of 181 items
2026-02-21T02:40:07.001Z [svc-cache-1] gc pause 26ms, heap 912MB
2026-02-21T02:40:07.003Z [svc-notify-0] connected to upstream in 68ms
2026-02-21T02:40:07.006Z [svc-queue-2] closed idle connection after 296s
2026-02-21T02:40:07.010Z [svc-queue-1] gc pause 83ms, heap 924MB
2026-02-21T02:40:07.011Z [svc-auth-4] closed idle connection after 136s
2026-02-21T02:40:07.011Z [svc-cache-4] cache hit rate 88%
2026-02-21T02:40:07.011Z [svc-db-2] connected to upstream in 62ms
2026-02-21T02:40:07.011Z [svc-db-2] closed idle connection after 111s
2026-02-21T02:40:07.011Z [svc-search-3] processed batch of 343 items
2026-02-21T02:40:07.014Z [pytest-xdist] gw4 test_export.py::test_cache_query PASSED in 72ms trace=ef99c06a-c995-b412-5b98-63babefd08ee
2026-02-21T02:40:07.014Z [svc-media-1] warning: slow query took 1475ms
2026-02-21T02:40:07.014Z [svc-media-4] health check ok
2026-02-21T02:40:07.016Z [svc-auth-4] closed idle connection after 217s
2026-02-21T02:40:07.016Z [svc-gateway-1] gc pause 77ms, heap 223MB
2026-02-21T02:40:07.017Z [svc-gateway-1] warning: slow query took 1533ms
2026-02-21T02:40:07.018Z [svc-media-3] cache hit rate 95%
2026-02-21T02:40:07.019Z [svc-auth-4] health check ok
2026-02-21T02:40:07.022Z [svc-gateway-2] closed idle connection after 325s
2026-02-21T02:40:07.025Z [svc-notify-0] health check ok
2026-02-21T02:40:07.026Z [svc-media-0] closed idle connection after 175s
2026-02-21T02:40:07.027Z [svc-auth-1] gc pause 47ms, heap 126MB
2026-02-21T02:40:07.027Z [svc-notify-1] connected to upstream in 10ms
2026-02-21T02:40:07.028Z [svc-sched-4] gc pause 30ms, heap 553MB
2026-02-21T02:40:07.029Z [svc-media-0] connected to upstream in 9ms
2026-02-21T02:40:07.030Z [svc-cache-2] processed batch of 497 items
2026-02-21T02:40:07.030Z [svc-gateway-1] warning: slow query took 1851ms
2026-02-21T02:40:07.031Z [pytest-xdist] gw0 test_billing.py::test_retry_token PASSED in 119ms trace=9bd63b32-0ba0-76e7-beb5-ecb2d8aee7c0
2026-02-21T02:40:07.032Z [svc-queue-4] warning: slow query took 210ms
2026-02-21T02:40:07.033Z [svc-notify-1] cache hit rate 90%
2026-02-21T02:40:07.035Z [svc-notify-0] connected to upstream in 83ms
2026-02-21T02:40:07.035Z [svc-media-1] processed batch of 230 items
2026-02-21T02:40:07.036Z [svc-notify-0] closed idle connection after 78s
2026-02-21T02:40:07.038Z [svc-cache-1] processed batch of 89 items
2026-02-21T02:40:07.038Z [svc-gateway-1] warning: slow query took 1072ms
2026-02-21T02:40:07.039Z [svc-db-1] cache hit rate 90%
2026-02-21T02:40:07.040Z [svc-db-4] processed batch of 409 items
2026-02-21T02:40:07.045Z [pytest-xdist] gw2 test_sched.py::test_render_region SKIPPED (reason: flaky-see-issue-482)
2026-02-21T02:40:07.045Z [svc-cache-3] retrying connection to kafka (attempt 2/3)
2026-02-21T02:40:07.045Z [svc-gateway-1] gc pause 122ms, heap 301MB
2026-02-21T02:40:07.047Z [svc-sched-4] connected to upstream in 26ms
2026-02-21T02:40:07.049Z [pytest-xdist] gw5 test_users.py::test_parse_user PASSED in 8ms trace=23a66cd0-a511-0c2f-410f-d2acd061e635
2026-02-21T02:40:07.050Z [svc-billing-3] cache hit rate 92%
2026-02-21T02:40:07.051Z [svc-gateway-3] connected to upstream in 47ms
2026-02-21T02:40:07.052Z [svc-notify-3] warning: slow query took 850ms
2026-02-21T02:40:07.053Z [svc-notify-1] connected to upstream in 12ms
2026-02-21T02:40:07.055Z [svc-gateway-3] connected to upstream in 15ms
2026-02-21T02:40:07.056Z [pytest-xdist] gw1 test_import.py::test_sync_coupon PASSED in 171ms trace=e0af4cbe-3e77-96b9-f0b6-5312bd8376b9
2026-02-21T02:40:07.056Z [svc-db-2] cache hit rate 85%
2026-02-21T02:40:07.057Z [svc-queue-0] health check ok
2026-02-21T02:40:07.059Z [svc-auth-4] gc pause 20ms, heap 901MB
2026-02-21T02:40:07.059Z [svc-gateway-0] connected to upstream in 37ms
2026-02-21T02:40:07.065Z [pytest-xdist] gw2 test_search.py::test_paginate_user PASSED in 85ms trace=800bed5b-155f-a809-f43d-5659bab5b423
2026-02-21T02:40:07.066Z [svc-cache-3] processed batch of 247 items
2026-02-21T02:40:07.068Z [svc-auth-3] closed idle connection after 102s
2026-02-21T02:40:07.068Z [svc-gateway-4] gc pause 104ms, heap 230MB
2026-02-21T02:40:07.069Z [svc-billing-0] closed idle connection after 206s
2026-02-21T02:40:07.069Z [svc-media-3] retrying connection to kafka (attempt 2/3)
2026-02-21T02:40:07.071Z [svc-notify-1] warning: slow query took 1044ms
2026-02-21T02:40:07.076Z [pytest-xdist] gw4 test_billing.py::test_sync_session PASSED in 99ms trace=eaa68ac1-588f-835d-f69e-9dec602e5176
2026-02-21T02:40:07.077Z [svc-billing-2] closed idle connection after 87s
2026-02-21T02:40:07.077Z [svc-queue-3] processed batch of 42 items
2026-02-21T02:40:07.078Z [svc-auth-0] cache hit rate 88%
2026-02-21T02:40:07.078Z [svc-cache-0] connected to upstream in 14ms
2026-02-21T02:40:07.078Z [svc-media-3] connected to upstream in 60ms
2026-02-21T02:40:07.079Z [svc-notify-4] connected to upstream in 19ms
2026-02-21T02:40:07.080Z [svc-billing-1] warning: slow query took 1650ms
2026-02-21T02:40:07.081Z [svc-db-3] connected to upstream in 34ms
2026-02-21T02:40:07.081Z [svc-notify-3] warning: slow query took 1187ms
2026-02-21T02:40:07.082Z [svc-queue-3] gc pause 52ms, heap 646MB
2026-02-21T02:40:07.083Z [svc-notify-0] closed idle connection after 258s
2026-02-21T02:40:07.084Z [pytest-xdist] gw1 test_notify.py::test_retry_quota PASSED in 167ms trace=36ed0607-f67a-bfae-6dd1-0cbf48ccb350
2026-02-21T02:40:07.084Z [svc-media-1] warning: slow query took 1778ms
2026-02-21T02:40:07.084Z [svc-queue-1] warning: slow query took 1148ms
2026-02-21T02:40:07.085Z [svc-search-1] warning: slow query took 1384ms
2026-02-21T02:40:07.086Z [svc-db-2] gc pause 101ms, heap 206MB
2026-02-21T02:40:07.086Z [svc-media-3] connected to upstream in 52ms
2026-02-21T02:40:07.086Z [svc-sched-0] processed batch of 258 items
2026-02-21T02:40:07.087Z [svc-queue-0] gc pause 77ms, heap 321MB
2026-02-21T02:40:07.090Z [svc-notify-0] processed batch of 197 items
2026-02-21T02:40:07.090Z [svc-gateway-0] health check ok
2026-02-21T02:40:07.091Z [svc-sched-0] gc pause 69ms, heap 977MB
2026-02-21T02:40:07.094Z [svc-search-2] warning: slow query took 1491ms
2026-02-21T02:40:07.095Z [svc-sched-4] gc pause 11ms, heap 352MB
2026-02-21T02:40:07.100Z [svc-queue-3] retrying connection to kafka (attempt 2/3)
2026-02-21T02:40:07.101Z [svc-db-0] cache hit rate 88%
2026-02-21T02:40:07.104Z [svc-gateway-4] warning: slow query took 510ms
2026-02-21T02:40:07.105Z [pytest-xdist] gw5 test_media.py::test_update_query PASSED in 171ms trace=98f5077d-7d99-1867-8479-ed35bef79b95
2026-02-21T02:40:07.106Z [svc-billing-2] cache hit rate 95%
2026-02-21T02:40:07.111Z [svc-db-4] connected to upstream in 51ms
2026-02-21T02:40:07.111Z [svc-notify-2] connected to upstream in 69ms
2026-02-21T02:40:07.111Z [svc-gateway-3] closed idle connection after 143s
2026-02-21T02:40:07.113Z [svc-db-3] closed idle connection after 197s
2026-02-21T02:40:07.114Z [pytest-xdist] gw1 test_billing.py::test_retry_user PASSED in 206ms trace=8ecdef7d-a8e8-dd45-1139-31851030415c
2026-02-21T02:40:07.114Z [svc-sched-4] cache hit rate 85%
2026-02-21T02:40:07.116Z [svc-auth-4] gc pause 72ms, heap 623MB
2026-02-21T02:40:07.116Z [svc-db-1] processed batch of 454 items
2026-02-21T02:40:07.116Z [svc-billing-1] connected to upstream in 53ms
2026-02-21T02:40:07.117Z [svc-auth-1] closed idle connection after 98s
2026-02-21T02:40:07.117Z [svc-queue-2] connected to upstream in 84ms
2026-02-21T02:40:07.119Z [pytest-xdist] gw2 test_orders.py::test_notify_region PASSED in 137ms trace=0475ecdf-7204-669f-1ae6-aa486d31cc95
2026-02-21T02:40:07.119Z [svc-search-0] processed batch of 177 items
2026-02-21T02:40:07.120Z [svc-media-3] closed idle connection after 239s
2026-02-21T02:40:07.121Z [svc-search-4] warning: slow query took 381ms
2026-02-21T02:40:07.122Z [svc-queue-0] processed batch of 477 items
2026-02-21T02:40:07.125Z [svc-notify-2] retrying connection to kafka (attempt 2/3)
2026-02-21T02:40:07.126Z [svc-billing-2] connected to upstream in 41ms
2026-02-21T02:40:07.127Z [svc-media-2] closed idle connection after 219s
2026-02-21T02:40:07.128Z [svc-search-1] connected to upstream in 32ms
2026-02-21T02:40:07.128Z [svc-media-0] closed idle connection after 290s
2026-02-21T02:40:07.129Z [svc-db-3] closed idle connection after 299s
2026-02-21T02:40:07.131Z [svc-search-1] retrying connection to redis (attempt 2/3)
2026-02-21T02:40:07.133Z [svc-auth-3] gc pause 104ms, heap 167MB
2026-02-21T02:40:07.134Z [svc-queue-3] closed idle connection after 85s
2026-02-21T02:40:07.137Z [svc-db-2] health check ok
2026-02-21T02:40:07.137Z [svc-billing-0] health check ok
2026-02-21T02:40:07.137Z [svc-search-2] gc pause 33ms, heap 265MB
2026-02-21T02:40:07.138Z [svc-billing-3] cache hit rate 88%
2026-02-21T02:40:07.139Z [svc-billing-2] processed batch of 21 items
2026-02-21T02:40:07.140Z [svc-gateway-3] gc pause 98ms, heap 554MB
2026-02-21T02:40:07.141Z [pytest-xdist] gw5 test_billing.py::test_notify_subscription PASSED in 177ms trace=55d463c3-797c-2f0a-6e6c-372e0b012ccb
2026-02-21T02:40:07.141Z [svc-cache-1] gc pause 66ms, heap 956MB
2026-02-21T02:40:07.142Z [svc-sched-4] processed batch of 240 items
2026-02-21T02:40:07.144Z [pytest-xdist] gw5 test_auth.py::test_reconcile_attachment PASSED in 7ms trace=ebe3c11d-76b1-7508-ed3c-9685a458dab3
2026-02-21T02:40:07.144Z [svc-auth-0] health check ok
2026-02-21T02:40:07.145Z [svc-notify-2] closed idle connection after 224s
2026-02-21T02:40:07.150Z [svc-queue-2] warning: slow query took 231ms
2026-02-21T02:40:07.153Z [pytest-xdist] gw2 test_reports.py::test_list_shipment PASSED in 95ms trace=68de5d29-4061-b0bf-df30-903496f56722
2026-02-21T02:40:07.154Z [svc-cache-0] warning: slow query took 565ms
2026-02-21T02:40:07.154Z [svc-search-0] cache hit rate 85%
2026-02-21T02:40:07.157Z [svc-auth-1] warning: slow query took 757ms
2026-02-21T02:40:07.157Z [svc-search-3] retrying connection to s3 (attempt 2/3)
2026-02-21T02:40:07.158Z [svc-gateway-2] retrying connection to s3 (attempt 2/3)
2026-02-21T02:40:07.159Z [svc-gateway-4] closed idle connection after 121s
2026-02-21T02:40:07.164Z [svc-db-4] retrying connection to postgres (attempt 1/3)
2026-02-21T02:40:07.164Z [svc-sched-1] cache hit rate 92%
2026-02-21T02:40:07.165Z [svc-cache-4] processed batch of 155 items
2026-02-21T02:40:07.165Z [svc-media-3] connected to upstream in 60ms
2026-02-21T02:40:07.167Z [svc-cache-4] health check ok
2026-02-21T02:40:07.169Z [svc-gateway-0] closed idle connection after 99s
2026-02-21T02:40:07.169Z [svc-gateway-4] closed idle connection after 272s
2026-02-21T02:40:07.171Z [svc-queue-4] retrying connection to s3 (attempt 3/3)
2026-02-21T02:40:07.173Z [pytest-xdist] gw1 test_queue.py::test_reconcile_invoice PASSED in 195ms trace=e3f49015-6037-e34b-3552-56b0773b4227
2026-02-21T02:40:07.173Z [svc-sched-4] warning: slow query took 1366ms
2026-02-21T02:40:07.175Z [svc-auth-1] health check ok
2026-02-21T02:40:07.175Z [svc-cache-3] closed idle connection after 49s
2026-02-21T02:40:07.177Z [pytest-xdist] gw5 test_webhooks.py::test_expire_coupon PASSED in 170ms trace=73a38bca-4d32-9a2d-9378-2b859621d7e9
2026-02-21T02:40:07.177Z [svc-media-4] retrying connection to s3 (attempt 2/3)
2026-02-21T02:40:07.179Z [svc-billing-1] gc pause 98ms, heap 670MB
2026-02-21T02:40:07.179Z [svc-search-4] gc pause 41ms, heap 733MB
2026-02-21T02:40:07.180Z [svc-search-4] processed batch of 32 items
2026-02-21T02:40:07.180Z [svc-gateway-0] cache hit rate 88%
2026-02-21T02:40:07.181Z [svc-notify-3] retrying connection to s3 (attempt 1/3)
2026-02-21T02:40:07.182Z [svc-queue-2] connected to upstream in 55ms
2026-02-21T02:40:07.182Z [svc-sched-1] retrying connection to postgres (attempt 3/3)
2026-02-21T02:40:07.183Z [svc-gateway-3] gc pause 15ms, heap 696MB
2026-02-21T02:40:07.185Z [svc-db-1] health check ok
2026-02-21T02:40:07.188Z [svc-cache-0] connected to upstream in 39ms
2026-02-21T02:40:07.188Z [svc-db-2] gc pause 70ms, heap 658MB
2026-02-21T02:40:07.189Z [svc-db-1] warning: slow query took 1051ms
2026-02-21T02:40:07.191Z [pytest-xdist] gw3 test_export.py::test_expire_token PASSED in 197ms trace=8fc0953c-a876-069e-c4f6-63e057a9b3c5
2026-02-21T02:40:07.192Z [svc-db-3] gc pause 16ms, heap 850MB
2026-02-21T02:40:07.192Z [svc-gateway-4] retrying connection to vault (attempt 2/3)
2026-02-21T02:40:07.192Z [svc-queue-1] connected to upstream in 61ms
2026-02-21T02:40:07.195Z [svc-sched-4] processed batch of 423 items
2026-02-21T02:40:07.198Z [pytest-xdist] gw4 test_gateway.py::test_authorize_user PASSED in 198ms trace=ec37aa2d-5499-6dc3-56c3-85cbbd51a071
2026-02-21T02:40:07.198Z [svc-queue-0] connected to upstream in 12ms
2026-02-21T02:40:07.199Z [svc-auth-2] connected to upstream in 51ms
2026-02-21T02:40:07.199Z [svc-db-3] cache hit rate 95%
2026-02-21T02:40:07.201Z [svc-db-0] processed batch of 294 items
2026-02-21T02:40:07.205Z [svc-cache-3] warning: slow query took 683ms
2026-02-21T02:40:07.206Z [svc-gateway-3] cache hit rate 90%
2026-02-21T02:40:07.208Z [svc-auth-1] cache hit rate 88%
2026-02-21T02:40:07.209Z [svc-notify-4] processed batch of 177 items
2026-02-21T02:40:07.212Z [svc-auth-3] connected to upstream in 12ms
2026-02-21T02:40:07.212Z [svc-auth-4] connected to upstream in 76ms
2026-02-21T02:40:07.213Z [svc-billing-1] closed idle connection after 157s
2026-02-21T02:40:07.215Z [pytest-xdist] gw5 test_users.py::test_authorize_query PASSED in 168ms trace=cc502e6e-bf40-9d1f-01f5-6d73dc8ef6bc
2026-02-21T02:40:07.215Z [svc-cache-3] warning: slow query took 348ms
2026-02-21T02:40:07.221Z [svc-billing-0] retrying connection to redis (attempt 1/3)
2026-02-21T02:40:07.224Z [svc-auth-3] warning: slow query took 1805ms
2026-02-21T02:40:07.224Z [svc-queue-2] gc pause 103ms, heap 636MB
2026-02-21T02:40:07.226Z [svc-db-4] retrying connection to postgres (attempt 3/3)
2026-02-21T02:40:07.227Z [svc-queue-3] health check ok
2026-02-21T02:40:07.228Z [svc-media-4] health check ok
2026-02-21T02:40:07.229Z [svc-billing-1] connected to upstream in 81ms
2026-02-21T02:40:07.231Z [svc-auth-2] closed idle connection after 179s
2026-02-21T02:40:07.231Z [svc-search-2] closed idle connection after 231s
2026-02-21T02:40:07.231Z [svc-gateway-0] warning: slow query took 965ms
2026-02-21T02:40:07.231Z [svc-media-2] warning: slow query took 1931ms
2026-02-21T02:40:07.233Z [svc-cache-2] retrying connection to redis (attempt 1/3)
2026-02-21T02:40:07.234Z [pytest-xdist] gw2 test_gateway.py::test_reconcile_user PASSED in 77ms trace=0046840a-54bb-5837-1c60-0307ffc59c62
2026-02-21T02:40:07.235Z [svc-billing-3] warning: slow query took 1363ms
2026-02-21T02:40:07.241Z [svc-notify-1] closed idle connection after 92s
2026-02-21T02:40:07.242Z [pytest-xdist] gw3 test_users.py::test_authorize_user PASSED in 225ms trace=f366cb65-c842-78c4-0997-d93788eaf6c1
2026-02-21T02:40:07.242Z [svc-media-0] warning: slow query took 987ms
2026-02-21T02:40:07.243Z [svc-db-1] connected to upstream in 72ms
2026-02-21T02:40:07.243Z [svc-billing-0] warning: slow query took 227ms
2026-02-21T02:40:07.243Z [svc-billing-4] retrying connection to vault (attempt 1/3)
2026-02-21T02:40:07.243Z [svc-search-4] retrying connection to elasticsearch (attempt 1/3)
2026-02-21T02:40:07.244Z [svc-cache-0] processed batch of 349 items
2026-02-21T02:40:07.245Z [svc-search-2] retrying connection to kafka (attempt 1/3)
2026-02-21T02:40:07.245Z [svc-sched-2] closed idle connection after 48s
2026-02-21T02:40:07.247Z [svc-queue-1] gc pause 90ms, heap 816MB
2026-02-21T02:40:07.248Z [svc-cache-1] processed batch of 477 items
2026-02-21T02:40:07.249Z [svc-auth-3] cache hit rate 92%
2026-02-21T02:40:07.249Z [svc-cache-3] connected to upstream in 41ms
2026-02-21T02:40:07.249Z [svc-sched-0] warning: slow query took 925ms
2026-02-21T02:40:07.250Z [svc-sched-1] processed batch of 292 items
2026-02-21T02:40:07.252Z [svc-notify-3] health check ok
2026-02-21T02:40:07.253Z [svc-cache-2] processed batch of 27 items
2026-02-21T02:40:07.254Z [svc-db-1] retrying connection to s3 (attempt 1/3)
2026-02-21T02:40:07.254Z [svc-notify-3] connected to upstream in 81ms
2026-02-21T02:40:07.255Z [svc-db-2] processed batch of 112 items
2026-02-21T02:40:07.255Z [svc-queue-0] processed batch of 332 items
2026-02-21T02:40:07.256Z [svc-sched-1] health check ok
2026-02-21T02:40:07.257Z [svc-queue-3] processed batch of 153 items
2026-02-21T02:40:07.258Z [svc-media-3] warning: slow query took 915ms
2026-02-21T02:40:07.260Z [pytest-xdist] gw1 test_sched.py::test_retry_index PASSED in 199ms trace=af284399-3a0a-a013-43c7-d96bb193a8a4
2026-02-21T02:40:07.260Z [svc-db-1] health check ok
2026-02-21T02:40:07.261Z [svc-notify-1] processed batch of 159 items
2026-02-21T02:40:07.262Z [svc-db-1] connected to upstream in 32ms
2026-02-21T02:40:07.263Z [svc-billing-0] health check ok
2026-02-21T02:40:07.263Z [svc-billing-4] gc pause 51ms, heap 409MB
2026-02-21T02:40:07.265Z [svc-search-3] gc pause 30ms, heap 365MB
2026-02-21T02:40:07.266Z [svc-gateway-3] warning: slow query took 444ms
2026-02-21T02:40:07.269Z [svc-gateway-2] warning: slow query took 1178ms
2026-02-21T02:40:07.269Z [svc-sched-2] gc pause 91ms, heap 767MB
2026-02-21T02:40:07.272Z [svc-db-2] closed idle connection after 305s
2026-02-21T02:40:07.273Z [pytest-xdist] gw4 test_auth.py::test_create_attachment PASSED in 172ms trace=f8f66049-d79f-3ee0-49b8-69dbc7360ed5
2026-02-21T02:40:07.273Z [svc-cache-2] connected to upstream in 29ms
2026-02-21T02:40:07.275Z [svc-db-0] cache hit rate 85%
2026-02-21T02:40:07.276Z [svc-cache-2] closed idle connection after 131s
2026-02-21T02:40:07.277Z [svc-cache-3] gc pause 46ms, heap 423MB
2026-02-21T02:40:07.278Z [svc-auth-3] closed idle connection after 73s
2026-02-21T02:40:07.279Z [svc-auth-4] gc pause 45ms, heap 698MB
2026-02-21T02:40:07.281Z [svc-notify-3] gc pause 33ms, heap 265MB
2026-02-21T02:40:07.281Z [svc-queue-1] retrying connection to postgres (attempt 2/3)
2026-02-21T02:40:07.283Z [svc-cache-3] connected to upstream in 18ms
2026-02-21T02:40:07.287Z [svc-auth-3] closed idle connection after 150s
2026-02-21T02:40:07.287Z [svc-search-1] retrying connection to redis (attempt 1/3)
2026-02-21T02:40:07.289Z [pytest-xdist] gw2 test_import.py::test_update_region PASSED in 26ms trace=cfa9e1e7-dc4d-81ab-5bb9-52b1da2706ca
2026-02-21T02:40:07.291Z [svc-billing-3] cache hit rate 92%
2026-02-21T02:40:07.291Z [svc-queue-4] closed idle connection after 141s
2026-02-21T02:40:07.295Z [svc-notify-3] processed batch of 281 items
2026-02-21T02:40:07.298Z [svc-queue-1] retrying connection to postgres (attempt 3/3)
2026-02-21T02:40:07.299Z [svc-gateway-1] retrying connection to kafka (attempt 2/3)
2026-02-21T02:40:07.300Z [svc-notify-1] cache hit rate 85%
2026-02-21T02:40:07.300Z [svc-gateway-2] closed idle connection after 71s
2026-02-21T02:40:07.301Z [svc-cache-0] processed batch of 405 items
2026-02-21T02:40:07.301Z [svc-cache-4] processed batch of 330 items
2026-02-21T02:40:07.302Z [pytest-xdist] gw3 test_notify.py::test_notify_invoice PASSED in 87ms trace=bb231016-ee64-5269-f31f-edaa75739cb7
2026-02-21T02:40:07.302Z [svc-search-2] cache hit rate 92%
2026-02-21T02:40:07.303Z [svc-cache-4] cache hit rate 90%
2026-02-21T02:40:07.305Z [svc-notify-1] closed idle connection after 106s
2026-02-21T02:40:07.307Z [pytest-xdist] gw2 test_payments.py::test_sync_region PASSED in 77ms trace=8001dea1-06b8-39a1-f45f-175ef3136d1b
2026-02-21T02:40:07.307Z [svc-cache-3] gc pause 70ms, heap 452MB
2026-02-21T02:40:07.308Z [svc-gateway-2] cache hit rate 95%
2026-02-21T02:40:07.309Z [svc-billing-1] closed idle connection after 315s
2026-02-21T02:40:07.309Z [svc-search-0] health check ok
2026-02-21T02:40:07.311Z [pytest-xdist] gw1 test_payments.py::test_create_session PASSED in 189ms trace=3c0cfe98-9269-c905-4c77-27ecc0f2542f
2026-02-21T02:40:07.311Z [svc-billing-4] health check ok
2026-02-21T02:40:07.313Z [svc-auth-3] cache hit rate 90%
2026-02-21T02:40:07.314Z [svc-gateway-2] processed batch of 425 items
2026-02-21T02:40:07.319Z [svc-media-0] connected to upstream in 70ms
2026-02-21T02:40:07.319Z [svc-queue-3] cache hit rate 95%
2026-02-21T02:40:07.319Z [svc-sched-3] warning: slow query took 1886ms
2026-02-21T02:40:07.319Z [svc-sched-4] retrying connection to s3 (attempt 2/3)
2026-02-21T02:40:07.320Z [svc-auth-1] warning: slow query took 1952ms
2026-02-21T02:40:07.322Z [svc-media-2] cache hit rate 85%
2026-02-21T02:40:07.323Z [svc-notify-4] connected to upstream in 32ms
2026-02-21T02:40:07.325Z [pytest-xdist] gw5 test_export.py::test_validate_subscription PASSED in 234ms trace=72791378-4bd4-5400-6c4b-dba235c71888
2026-02-21T02:40:07.325Z [svc-db-0] connected to upstream in 38ms
2026-02-21T02:40:07.327Z [svc-gateway-1] connected to upstream in 67ms
2026-02-21T02:40:07.328Z [svc-cache-4] retrying connection to s3 (attempt 2/3)
2026-02-21T02:40:07.332Z [svc-media-1] health check ok
2026-02-21T02:40:07.338Z [svc-billing-0] cache hit rate 85%
2026-02-21T02:40:07.342Z [svc-sched-3] warning: slow query took 1736ms
2026-02-21T02:40:07.343Z [pytest-xdist] gw1 test_queue.py::test_cache_query PASSED in 120ms trace=11ab254b-dc85-21d9-a43d-da6e5d2a9290
2026-02-21T02:40:07.345Z [svc-notify-1] connected to upstream in 23ms
2026-02-21T02:40:07.346Z [svc-billing-1] connected to upstream in 43ms
2026-02-21T02:40:07.346Z [svc-media-2] gc pause 88ms, heap 610MB
2026-02-21T02:40:07.348Z [svc-gateway-0] health check ok
2026-02-21T02:40:07.349Z [svc-cache-0] closed idle connection after 259s
2026-02-21T02:40:07.349Z [svc-gateway-0] warning: slow query took 1056ms
2026-02-21T02:40:07.350Z [svc-auth-0] closed idle connection after 93s
2026-02-21T02:40:07.353Z [svc-media-0] warning: slow query took 1062ms
2026-02-21T02:40:07.353Z [svc-media-1] gc pause 44ms, heap 254MB
2026-02-21T02:40:07.356Z [svc-db-0] processed batch of 384 items
2026-02-21T02:40:07.356Z [svc-db-4] cache hit rate 92%
2026-02-21T02:40:07.356Z [svc-queue-0] gc pause 101ms, heap 510MB
2026-02-21T02:40:07.358Z [svc-media-1] warning: slow query took 1778ms
2026-02-21T02:40:07.360Z [svc-billing-3] processed batch of 213 items
2026-02-21T02:40:07.360Z [svc-media-2] gc pause 103ms, heap 742MB
2026-02-21T02:40:07.361Z [svc-media-3] cache hit rate 85%
2026-02-21T02:40:07.362Z [svc-gateway-0] closed idle connection after 131s
2026-02-21T02:40:07.362Z [svc-media-3] closed idle connection after 180s
2026-02-21T02:40:07.363Z [pytest-xdist] gw2 test_reports.py::test_validate_coupon PASSED in 180ms trace=58799f47-3e44-7df3-13bb-da7d47218c81
2026-02-21T02:40:07.364Z [svc-search-2] warning: slow query took 1856ms
2026-02-21T02:40:07.367Z [svc-notify-0] health check ok
2026-02-21T02:40:07.369Z [svc-db-0] cache hit rate 95%
2026-02-21T02:40:07.369Z [svc-queue-1] cache hit rate 85%
2026-02-21T02:40:07.370Z [svc-db-4] cache hit rate 85%
2026-02-21T02:40:07.371Z [svc-billing-1] warning: slow query took 493ms
2026-02-21T02:40:07.371Z [svc-search-1] closed idle connection after 55s
2026-02-21T02:40:07.372Z [svc-db-2] closed idle connection after 115s
2026-02-21T02:40:07.372Z [svc-billing-3] warning: slow query took 566ms
2026-02-21T02:40:07.375Z [svc-billing-0] gc pause 105ms, heap 156MB
2026-02-21T02:40:07.375Z [svc-sched-3] cache hit rate 90%
2026-02-21T02:40:07.377Z [svc-auth-4] retrying connection to kafka (attempt 1/3)
2026-02-21T02:40:07.377Z [svc-cache-1] cache hit rate 85%
2026-02-21T02:40:07.378Z [pytest-xdist] gw2 test_queue.py::test_sync_webhook PASSED in 46ms trace=30a39241-31e3-2c93-7faf-9d0971286fa5
2026-02-21T02:40:07.379Z [svc-db-2] cache hit rate 95%
2026-02-21T02:40:07.380Z [svc-media-3] health check ok
2026-02-21T02:40:07.380Z [svc-queue-1] health check ok
2026-02-21T02:40:07.381Z [svc-auth-4] connected to upstream in 39ms
2026-02-21T02:40:07.384Z [svc-billing-4] closed idle connection after 319s
2026-02-21T02:40:07.385Z [svc-notify-4] gc pause 49ms, heap 751MB
2026-02-21T02:40:07.386Z [svc-billing-4] health check ok
2026-02-21T02:40:07.387Z [svc-notify-2] warning: slow query took 1425ms
2026-02-21T02:40:07.387Z [svc-gateway-0] cache hit rate 95%
2026-02-21T02:40:07.388Z [svc-notify-4] health check ok
2026-02-21T02:40:07.388Z [svc-sched-1] connected to upstream in 22ms
2026-02-21T02:40:07.390Z [svc-queue-1] health check ok
2026-02-21T02:40:07.391Z [svc-db-2] closed idle connection after 31s
2026-02-21T02:40:07.392Z [svc-search-4] health check ok
2026-02-21T02:40:07.395Z [pytest-xdist] gw2 test_export.py::test_notify_attachment PASSED in 154ms trace=f052dfae-14d6-4e75-a5a2-69d8cb9e6779
2026-02-21T02:40:07.396Z [svc-db-0] gc pause 44ms, heap 421MB
2026-02-21T02:40:07.400Z [pytest-xdist] gw5 test_reports.py::test_authorize_token PASSED in 199ms trace=dcb74ef1-b02b-2b75-b452-8170a5799ef2
2026-02-21T02:40:07.400Z [svc-gateway-2] retrying connection to s3 (attempt 3/3)
2026-02-21T02:40:07.400Z [svc-queue-3] gc pause 35ms, heap 660MB
2026-02-21T02:40:07.403Z [svc-notify-3] processed batch of 302 items
2026-02-21T02:40:07.405Z [svc-auth-2] gc pause 90ms, heap 895MB
2026-02-21T02:40:07.408Z [svc-notify-0] closed idle connection after 131s
2026-02-21T02:40:07.409Z [svc-auth-2] gc pause 48ms, heap 947MB
2026-02-21T02:40:07.413Z [svc-media-3] health check ok
2026-02-21T02:40:07.416Z [svc-auth-2] warning: slow query took 1754ms
2026-02-21T02:40:07.418Z [svc-notify-1] connected to upstream in 65ms
2026-02-21T02:40:07.418Z [svc-notify-4] cache hit rate 92%
2026-02-21T02:40:07.419Z [pytest-xdist] gw3 test_sched.py::test_parse_webhook PASSED in 70ms trace=a4b7b15b-b8fb-f890-1838-1bbc8ebd6916
